timestamp,delta_time,middle_error,steering_output,full_error,derivative
52.64,0.031999999999996476,-0.41342834003219486,-1.9977592479582766,-0.14691566759510785,-0.14691566759510785
52.672000000000004,0.03200000000000358,-0.4169639066005796,-2.187582462112187,-0.16935661576513802,-0.022440948170030173
52.704,0.031999999999996476,-0.4040426908015224,-1.956792702109062,-0.15367977978266623,0.0156768359824718
52.736000000000004,0.03200000000000358,0.0002754253868728832,0.0662546465466825,-0.0039994102502361,0.14968036953243014
52.768,0.031999999999996476,0.1267128180510176,0.5386897812111621,0.03938448626009168,0.04338389651032778
52.800000000000004,0.03200000000000358,0.1438288762958478,0.7784846605069996,0.059523568335135425,0.020139082075043745
52.832,0.031999999999996476,0.13266253416013676,0.6241706968406869,0.04933789513044331,-0.010185673204692117
52.864000000000004,0.03200000000000358,0.22007442282737139,1.161464621206469,0.08826260250653528,0.03892470737609197
52.896,0.031999999999996476,0.12820674313095157,0.38183218937538527,0.033175344340565925,-0.055087258165969356
52.928000000000004,0.03200000000000358,0.13811077903462696,0.6522645549420367,0.04988286514556413,0.016707520804998204
52.96,0.031999999999996476,0.13518208088304495,0.31952528812426784,0.02637765386553432,-0.02350521128002981
52.992000000000004,0.03200000000000358,0.4142267924242599,2.1934857148281686,0.16283219393385887,0.13645454006832455
53.024,0.031999999999996476,0.03815932309282864,0.27193478489507755,0.029398298068330397,-0.13343389586552848
53.056000000000004,0.03200000000000358,0.14112844833684932,0.9365283776538315,0.07056964565652822,0.04117134758819782
53.088,0.031999999999996476,0.1319595496819492,0.6464392010850334,0.051613205833608476,-0.018956439822919745
53.120000000000005,0.03200000000000358,0.13574001279570452,0.9025500678412731,0.06935331919551814,0.017740113361909664
53.152,0.031999999999996476,0.10584692697319689,0.7673224668597027,0.060432771174303894,-0.008920548021214246
53.184000000000005,0.03200000000000358,0.02139676157545399,0.4583897438819249,0.03719881374126735,-0.023233957433036544
53.216,0.031999999999996476,0.08485983419532699,0.6083513436913707,0.046885748821758014,0.009686935080490663
53.248000000000005,0.03200000000000358,0.12190360695116184,0.896555010570429,0.06863952959225687,0.02175378077049886
53.28,0.031999999999996476,0.0022810479527192932,0.3843814585623776,0.0322299962709442,-0.03640953332131267
53.312,0.031999999999996476,0.0035361030216574858,0.1757490396923387,0.014785232149215318,-0.017444764121728885
53.344,0.03200000000000358,0.08856403232692531,0.7672240374137115,0.05727536730775448,0.042490135158539166
53.376,0.031999999999996476,0.0041240136952820665,0.49914248339665207,0.04001350542235912,-0.017261861885395365
53.408,0.03200000000000358,0.0042184258616546275,0.1941561119249433,0.016588227215876983,-0.023425278206482134
53.44,0.031999999999996476,0.005874033646873287,0.3873199028404945,0.029441216443959254,0.01285298922808227
53.472,0.03200000000000358,0.050035751502207126,0.7408300417969174,0.056180423349420895,0.02673920690546164
53.504,0.031999999999996476,-0.0026522582241911862,0.35888736955269795,0.029635902476981422,-0.026544520872439473
53.536,0.03200000000000358,0.0011051154085017813,0.4345307389168461,0.03366634228278251,0.004030439805801086
53.568,0.031999999999996476,0.004342428062722938,0.3848758536678518,0.030247384347686136,-0.003418957935096372
53.6,0.03200000000000358,0.0031854552230029614,0.38553098579354655,0.030098189623950593,-0.00014919472373554205
53.632,0.031999999999996476,0.007130065373414063,0.45468278626492714,0.035175015819953546,0.005076826196002953
53.664,0.03200000000000358,0.0026295899921531373,0.4568622138952486,0.0356283719160106,0.0004533560960570532
53.696,0.031999999999996476,0.0007527274948473181,0.33456125144557697,0.02666050326515997,-0.00896786865085063
53.728,0.03200000000000358,-0.0031160897579345535,0.2030332902719338,0.016470200421759403,-0.010190302843400566
53.76,0.031999999999996476,-0.0017880768532283163,0.3928472567198798,0.029840885722235692,0.01337068530047629
53.792,0.03200000000000358,-0.0021273141134985313,0.08391134521226538,0.0078935461468025,-0.02194733957543319
53.824,0.031999999999996476,0.0021646072530455904,0.4204988319434914,0.03137926648541928,0.023485720338616775
53.856,0.03200000000000358,0.0008216753170359732,0.26631691409710706,0.021396502300938463,-0.009982764184480814
53.888,0.031999999999996476,-0.006361247233835919,0.2859955885977804,0.022267380710694003,0.0008708784097555405
53.92,0.03200000000000358,0.003547569634502249,0.4266987256294531,0.03266499628528812,0.010397615574594118
53.952,0.031999999999996476,0.0021050100752147624,0.12543556489833946,0.011110279966339948,-0.021554716318948175
53.984,0.03200000000000358,0.08488439569729962,0.4838601364519031,0.03622457024749816,0.025114290281158212
54.016,0.031999999999996476,0.000726602951861674,0.1379499311719251,0.012236080218871244,-0.023988490028626915
54.048,0.03200000000000358,0.10334365377402814,0.8740196144616647,0.06498197804335039,0.052745897824479145
54.08,0.031999999999996476,0.06012367966883426,0.409235483786182,0.033846619837491695,-0.031135358205858693
54.112,0.03200000000000358,-0.0015036281347072247,0.26789147506799965,0.021654733905017695,-0.012191885932474
54.144,0.031999999999996476,0.12204856243065824,0.5516743580509412,0.04182036506592,0.0201656311609023
54.176,0.03200000000000358,0.11049060333256613,0.6491853115254059,0.050155485961329106,0.00833512089540911
54.208,0.031999999999996476,-0.0035759933220788753,0.09252908070162469,0.009700039504432125,-0.040455446456896985
54.24,0.03200000000000358,-0.00039997986919963757,0.10537620761315562,0.008309364511261571,-0.0013906749931705542
54.272,0.031999999999996476,0.1352942831158863,0.8383796182024821,0.06213431896924712,0.05382495445798555
54.304,0.03200000000000358,0.05104564534216655,0.3384733061270772,0.028478360532279468,-0.033655958436967656
54.336,0.031999999999996476,0.13340121900716084,0.7905242550609631,0.05977936226495091,0.031301001732671446
54.368,0.03200000000000358,0.12808753405214365,1.011876294672345,0.07786461935948899,0.01808525709453808
54.4,0.031999999999996476,-0.0003778113544389473,0.22623109753865497,0.021132138824522268,-0.056732480534966725
54.432,0.03200000000000358,0.0004612182952928333,0.07615482625557879,0.006820382058598968,-0.014311756765923299
54.464,0.031999999999996476,0.09309514859401981,0.4438125738716272,0.033031811574321765,0.026211429515722796
54.496,0.03200000000000358,0.13324987138535752,0.9428279355973801,0.07124267595846615,0.03821086438414438
54.528,0.031999999999996476,0.11027189725770645,0.7883975394975695,0.062091707613249406,-0.00915096834521674
54.56,0.03200000000000358,0.01585782516705961,0.4742430601790903,0.03846043908335719,-0.023631268529892217
54.592,0.031999999999996476,0.12898134027797903,0.901558708286706,0.06852111729424484,0.030060678210887655
54.624,0.03200000000000358,0.0012670319942922515,0.12490544214385256,0.013141235418431737,-0.05537988187581311
54.656,0.031999999999996476,0.11097530343273866,0.87172634936623,0.06486558458374017,0.051724349165308436
54.688,0.03200000000000358,0.09912475001850694,0.5753884906735561,0.04605883031120695,-0.01880675427253322
54.72,0.031999999999996476,0.028563890880343654,0.3965068676014513,0.03181813865243041,-0.01424069165877654
54.752,0.03200000000000358,0.09618979759405878,0.6476465250973207,0.049464903952013424,0.017646765299583013
54.784,0.031999999999996476,0.023380050319864402,0.4822429799855726,0.038319821266943895,-0.01114508268506953
54.816,0.03200000000000358,0.10333027871179046,0.7246927049125075,0.05550623360840259,0.017186412341458693
54.848,0.031999999999996476,-5.47199104810833e-05,0.1968160156638639,0.017678218050188255,-0.03782801555821433
54.88,0.03200000000000358,-0.00046044859358098164,0.28881680123321585,0.022260200206104842,0.004581982155916587
54.912,0.031999999999996476,0.06963244376474662,0.5053723022605239,0.038450254406700704,0.01619005420059586
54.944,0.03200000000000358,0.020316923076982994,0.2577615028062833,0.021175537028647103,-0.0172747173780536
54.976,0.031999999999996476,0.13752897126589347,0.910412492870917,0.06817438516240659,0.046998848133759485
55.008,0.03200000000000358,0.04197687513383709,0.5730189776885356,0.04607558979563353,-0.02209879536677306
55.04,0.031999999999996476,0.0010344819990281877,0.3976541032245986,0.03190347412959045,-0.01417211566604308
55.072,0.03200000000000358,0.002867450239359068,0.21679388020878979,0.017784829195508035,-0.014118644934082415
55.104,0.031999999999996476,-0.0016352173176429005,0.2003963073936565,0.015763891624660267,-0.002020937570847769
55.136,0.03200000000000358,0.0038536060243720355,0.5889417494963064,0.04422094458167853,0.028457052957018263
55.168,0.031999999999996476,0.0005099495462336402,0.3270590573815583,0.02660483151038211,-0.01761611307129642
55.2,0.03200000000000358,0.004109960654251026,0.37193501110005334,0.028888057349294255,0.0022832258389121445
55.232,0.031999999999996476,0.0023255171102507036,0.23140788226681033,0.018685468987057384,-0.010202588362236871
55.264,0.03200000000000358,0.003682107771233156,0.45459727815143014,0.03450988169629873,0.01582441270924135
55.296,0.031999999999996476,0.0025221339543695866,0.3483917097272684,0.027613028890929762,-0.006896852805368971
55.328,0.03200000000000358,0.0040817632628912005,0.2828103915287691,0.0223920149439733,-0.005221013946956461
55.36,0.031999999999996476,0.005543757564356476,0.2792626606006929,0.021829709687579933,-0.0005623052563933674
55.392,0.03200000000000358,-0.00019345322486439802,0.2335953449599203,0.01843886358763572,-0.003390846099944212
55.424,0.031999999999996476,-0.0661201875096341,0.13378614548121331,0.010903122032468552,-0.0075357415551671695
55.456,0.03200000000000358,-0.010525301093809053,0.21066426769510735,0.016121725142711808,0.005218603110243256
55.488,0.031999999999996476,-0.09858765658916323,-0.23603946198175668,-0.01642770317287306,-0.03254942831558487
55.52,0.03200000000000358,0.0027281430763111568,0.10574392849047731,0.006828076297968227,0.023255779470841287
55.552,0.031999999999996476,-0.04676700220876967,0.06459797146328591,0.005144728000970067,-0.0016833482969981599
55.584,0.03200000000000358,-0.023164829814468303,0.07199823093181648,0.005591766613662155,0.00044703861269208747
55.616,0.031999999999996476,-0.058784588254578954,0.017045921863443263,0.0015763684847159916,-0.004015398128946163
55.648,0.03200000000000358,-0.05702233069063143,0.028308013825972145,0.002172780047541859,0.0005964115628258673
55.68,0.031999999999996476,-0.1342058174984122,-0.3695542448844772,-0.02705167028586239,-0.029224450333404248
55.712,0.03200000000000358,-0.08813071905136921,-0.17311751382696663,-0.014292769157329651,0.012758901128532738
55.744,0.031999999999996476,-0.01618365631038804,-0.10588867453093546,-0.008612185491942877,0.005680583665386775
55.776,0.03200000000000358,-0.05691875697013019,-0.02300156858503191,-0.0021887140900284647,0.0064234714019144115
55.808,0.031999999999996476,0.002203306661952933,-0.06029278719713058,-0.00456029767302566,-0.0023715835829971952
55.84,0.03200000000000358,-0.0340915038227739,-0.05770798405503132,-0.0045071199976729264,5.3177675352733544e-05
55.872,0.031999999999996476,-0.13668927563435374,-0.5950851508791649,-0.044022888665784535,-0.03951576866811161
55.904,0.03200000000000358,0.002568921385344763,0.16880051943272367,0.009872227668045505,0.05389511633383004
55.936,0.031999999999996476,-0.1199270595575249,-0.5270720153884159,-0.03819108079636712,-0.048063308464412625
55.968,0.03200000000000358,0.0027768107987556335,0.26666741088224116,0.01740604592271606,0.05559712671908318
56.0,0.031999999999996476,-0.04671329074490544,-0.10952049017286833,-0.0070493266747710115,-0.02445537259748707
56.032000000000004,0.03200000000000358,-0.12848906890083098,-0.698246782709335,-0.051756177684146955,-0.04470685100937594
56.064,0.031999999999996476,-0.014148147905377178,-0.0802260040238994,-0.008887674915866653,0.0428685027682803
56.096000000000004,0.03200000000000358,0.0009734051277729722,0.04963923658752225,0.003137403425398362,0.012025078341265014
56.128,0.031999999999996476,-0.1099120851101405,-0.4908158434520153,-0.03591358889271051,-0.03905099231810887
56.160000000000004,0.03200000000000358,-0.03674160269404465,-0.30760715708896447,-0.024694758374006632,0.011218830518703881
56.192,0.031999999999996476,-0.0005453655261915175,0.01945312944335352,4.9819179113335505e-06,0.024699740291917967
56.224000000000004,0.03200000000000358,-0.11293106935237027,-0.6197575307993768,-0.04557682159095575,-0.045581803508867084
56.256,0.031999999999996476,-0.04872359126063549,-0.18216551681354087,-0.016027601247421763,0.02954922034353399
56.288000000000004,0.03200000000000358,-0.09793779574843056,-0.5545334876698614,-0.041705776926686824,-0.025678175679265062
56.32,0.031999999999996476,-0.0026351281116221274,-0.08312165236175226,-0.008520421183203515,0.03318535574348331
56.352000000000004,0.03200000000000358,-0.014653393537767324,-0.19388028742930166,-0.014749876309612914,-0.006229455126409399
56.384,0.031999999999996476,-0.062385443259500586,-0.4333210985165769,-0.03271802849092683,-0.017968152181313916
56.416000000000004,0.03200000000000358,-0.01597635897470702,-0.1653693809059349,-0.014050083341029007,0.01866794514989782
56.448,0.031999999999996476,-0.0817668541113658,-0.639833539454501,-0.04786460177064339,-0.03381451842961438
56.480000000000004,0.03200000000000358,0.0024234989659865473,-0.17004994959231304,-0.015268691129744676,0.032595910640898715
56.512,0.031999999999996476,-0.0002725219063901542,-0.1196204886786032,-0.00967836529014949,0.005590325839595185
56.544000000000004,0.03200000000000358,-0.023666029699574348,-0.2045910235556975,-0.015604393315815916,-0.005926028025666425
56.576,0.031999999999996476,-0.009311890542295928,-0.08581052352207416,-0.007211352572068661,0.008393040743747256
56.608000000000004,0.03200000000000358,-0.08718925150868805,-0.5178997448042871,-0.03850276927293433,-0.03129141670086567
56.64,0.031999999999996476,-0.03460118907795803,-0.2573025224545108,-0.021144815144415668,0.01735795412851866
56.672000000000004,0.03200000000000358,-0.020316040864936526,-0.34910059904503093,-0.026893607805074073,-0.0057487926606584056
56.704,0.031999999999996476,-0.0024502899286154593,-0.11913522783178332,-0.010313774816794121,0.016579832988279954
56.736000000000004,0.03200000000000358,-0.008203659355322251,-0.32515736067504014,-0.024507550662319716,-0.014193775845525594
56.768,0.031999999999996476,-0.11292284030760302,-0.6146608780525993,-0.0466170984940815,-0.022109547831761785
56.800000000000004,0.03200000000000358,-0.000521947924404521,-0.09703530761268186,-0.009827160606746274,0.03678993788733523
56.832,0.031999999999996476,-0.04840070307617134,-0.4439054991702898,-0.03321222387458344,-0.023385063267837167
56.864000000000004,0.03200000000000358,-0.0008771301994855744,-0.1225219450195714,-0.010927602644588865,0.022284621229994576
56.896,0.031999999999996476,-0.000489490462166582,-0.4889766335137854,-0.036590292807014826,-0.025662690162425963
56.928000000000004,0.03200000000000358,0.0014251941280953942,-0.08124899717530316,-0.008087393515870702,0.028502899291144124
56.96,0.031999999999996476,-0.04662552780243869,-0.30804785555212083,-0.023120786840864785,-0.015033393324994083
56.992000000000004,0.03200000000000358,-0.0043930349410322075,0.019545872857254003,0.00010266621467680164,0.023223453055541587
57.024,0.031999999999996476,-0.13636778529255564,-0.6056367185808457,-0.044532734637617616,-0.044635400852294414
57.056000000000004,0.03200000000000358,-0.04344706626232903,-0.3962249230927863,-0.03170930429352229,0.012823430344095325
57.088,0.031999999999996476,0.0007590541909126004,-0.1860762521941541,-0.015514638628075386,0.016194665665446903
57.120000000000005,0.03200000000000358,0.0038644633081692673,-0.1175925939466293,-0.009543431774501284,0.005971206853574102
57.152,0.031999999999996476,-0.10984080978149001,-0.6149057750682122,-0.04577124349251329,-0.03622781171801201
57.184000000000005,0.03200000000000358,-0.08601567858362322,-0.541229971419514,-0.042444506365725616,0.003326737126787674
57.216,0.031999999999996476,0.0017059929532294278,-0.15389548183491708,-0.013767790802471811,0.028676715563253803
57.248000000000005,0.03200000000000358,-0.08538348268095283,-0.6331193925256884,-0.04735454539679576,-0.03358675459432395
57.28,0.031999999999996476,3.3255809335493134e-05,-0.1234717207736367,-0.011813872548177774,0.03554067284861799
57.312000000000005,0.03200000000000358,-0.0040151807389071465,-0.1321409831769158,-0.010399681800796836,0.0014141907473809376
57.344,0.031999999999996476,-0.11319126350026748,-0.7890367934096828,-0.05862630854708841,-0.04822662674629158
57.376,0.031999999999996476,-0.12609178485117142,-0.6943494653325556,-0.05444705968098396,0.004179248866104449
57.408,0.03200000000000358,-0.08322703688907111,-0.39033116192385614,-0.031848220604017395,0.022598839076966568
57.44,0.031999999999996476,-0.13132077323267674,-0.7886034374681425,-0.05983264381837742,-0.027984423214360024
57.472,0.03200000000000358,-0.004644160049808244,-0.25500398533913166,-0.02220713419153978,0.03762550962683764
57.504,0.031999999999996476,-0.10164311878719012,-0.6608060780059689,-0.0498778260292931,-0.027670691837753322
57.536,0.03200000000000358,0.001702816413637214,-0.06873716956512177,-0.007934347918673102,0.04194347811062
57.568,0.031999999999996476,-0.1323885724000562,-0.7656411540980792,-0.05676346648141179,-0.04882911856273869
57.6,0.03200000000000358,-0.0729351210841561,-0.6797373547988459,-0.05326494160808605,0.003498524873325741
57.632,0.031999999999996476,-0.10484198587837963,-0.6370068475934966,-0.04992056381496132,0.003344377793124728
57.664,0.03200000000000358,-0.12475721318699244,-0.8259639676104156,-0.06362344537469923,-0.013702881559737909
57.696,0.031999999999996476,-0.052422187909006275,-0.2225767162295018,-0.020041264954305093,0.043582180420394134
57.728,0.03200000000000358,-0.13958544173343965,-0.9358827700258139,-0.0699819946326624,-0.049940729678357304
57.76,0.031999999999996476,-0.011535430419198881,-0.20693061368415086,-0.019257720214060216,0.05072427441860218
57.792,0.03200000000000358,-0.13850571047399166,-0.8741454290008027,-0.06539658327466098,-0.04613886306060076
57.824,0.031999999999996476,-0.1358587711569506,-0.69777095190127,-0.05508951829474032,0.010307064979920663
57.856,0.03200000000000358,-0.1005697030748456,-0.7396744779245341,-0.05757609573363033,-0.0024865774388900114
57.888,0.031999999999996476,0.0005433552919586585,-0.1166522574713664,-0.011902448346982366,0.04567364738664796
57.92,0.03200000000000358,-0.08809444128328738,-0.9628038845329827,-0.07149193311408765,-0.05958948476710528
57.952,0.031999999999996476,0.0013655877417386715,-0.30749112484295715,-0.026740130338102363,0.04475180277598528
57.984,0.03200000000000358,-0.0022796171873765638,-0.28260694867637076,-0.022326662082054798,0.004413468256047565
58.016,0.031999999999996476,-0.00926923257264309,-0.3455056766913462,-0.026697463334737402,-0.0043708012526826046
58.048,0.03200000000000358,0.0017036681617517645,-0.2627077592401137,-0.020860808056911498,0.005836655277825904
58.08,0.031999999999996476,-0.09160464375284877,-0.843803502625238,-0.06325777591924646,-0.04239696786233496
58.112,0.03200000000000358,-0.07669420268606654,-0.6116220269714026,-0.04863063546609876,0.014627140453147697
58.144,0.031999999999996476,0.002345380724847892,-0.31981199768427193,-0.026326448486921564,0.022304186979177198
58.176,0.03200000000000358,-0.0657819453758708,-0.7284508504112677,-0.05509024212924703,-0.028763793642325463
58.208,0.031999999999996476,-0.0038548950909313546,-0.28088230094213146,-0.023836456906426707,0.031253785222820324
58.24,0.03200000000000358,-0.09371376581607761,-0.6092068655712334,-0.046177267557198,-0.02234081065077129
58.272,0.031999999999996476,-0.003835106780289024,-0.3762643215416961,-0.030336334503169325,0.015840933054028672
58.304,0.03200000000000358,-0.010993658581011428,-0.24115787207537187,-0.019486093150489762,0.010850241352679563
58.336,0.031999999999996476,-0.13458715474882849,-1.1153454501460942,-0.08314767122144644,-0.06366157807095668
58.368,0.03200000000000358,-0.10523052234742175,-0.8594791778525137,-0.06800633179595154,0.015141339425494893
58.4,0.031999999999996476,-0.0016047526768671275,-0.3477447988533605,-0.029499174092747642,0.0385071577032039
58.432,0.03200000000000358,-0.0003395737779291415,-0.37109199760006784,-0.028993149673692802,0.0005060244190548402
58.464,0.031999999999996476,-0.06007627705862864,-0.5098764454677968,-0.03917017708204483,-0.010177027408352027
58.496,0.03200000000000358,-0.0013621873511417532,-0.5483974712644291,-0.04259053245137771,-0.0034203553693328836
58.528,0.031999999999996476,0.003082940175183156,-0.3352282476043527,-0.027111473420994573,0.01547905903038314
58.56,0.03200000000000358,-0.07529583267948513,-0.8100268273884466,-0.061134676718923905,-0.034023203297929336
58.592,0.031999999999996476,-0.054971468922368455,-0.5857881930675037,-0.04660824491041763,0.014526431808506275
58.624,0.03200000000000358,-0.01669961170139431,-0.42221434485422915,-0.033740389550588834,0.012867855359828796
58.656,0.031999999999996476,-0.04074550289483837,-0.5547397578072615,-0.04274348901341916,-0.009003099462830323
58.688,0.03200000000000358,-0.05577038969449209,-0.5601725546812021,-0.043662758755459344,-0.0009192697420401866
58.72,0.031999999999996476,-0.07457792555579323,-0.6902378698893505,-0.053280860090629954,-0.00961810133517061
58.752,0.03200000000000358,-0.0009373830831121794,-0.19703690481060163,-0.017565993527117674,0.035714866563512276
58.784,0.031999999999996476,-0.10076429810780238,-0.7836877211848863,-0.05864664113131884,-0.04108064760420116
58.816,0.03200000000000358,-0.002928094065028473,-0.3171248749634174,-0.02670705164373457,0.03193958948758427
58.848,0.031999999999996476,-0.019463071517501984,-0.382174968888637,-0.029647007238488645,-0.0029399555947540734
58.88,0.03200000000000358,-0.13207416082484053,-0.883891289873594,-0.06671306004969904,-0.03706605281121039
58.912,0.031999999999996476,0.0024792345720891606,-0.3752607642475176,-0.03144804503504422,0.03526501501465482
58.944,0.03200000000000358,-0.03612281179328261,-0.6151228445662431,-0.04705173995578415,-0.01560369492073993
58.976,0.031999999999996476,-0.07796856597988029,-0.9712383832741817,-0.07414134425205708,-0.027089604296272933
59.008,0.03200000000000358,-0.0014556966022688444,-0.29016178812136967,-0.025618675052157265,0.048522669199899816
59.04,0.031999999999996476,0.0008418110710368094,-0.19909072477753692,-0.016120119480326545,0.00949855557183072
59.072,0.03200000000000358,-0.001456040719165932,-0.22353101161216335,-0.017369120856318553,-0.001249001375992008
59.104,0.031999999999996476,-0.03766850245436166,-0.5660492214372794,-0.04263009128618101,-0.02526097042986246
59.136,0.03200000000000358,-0.09213022071649359,-0.8400328882968282,-0.06423720473279014,-0.02160711344660913
59.168,0.031999999999996476,0.002722584830841779,-0.2303635270970628,-0.020649340550985662,0.04358786418180448
59.2,0.03200000000000358,-0.007313504224373874,-0.3368262655545229,-0.025962347248642933,-0.005313006697657271
59.232,0.031999999999996476,-0.06433531133488175,-0.4957990309902852,-0.037959955403770396,-0.011997608155127463
59.264,0.03200000000000358,0.0004984952331011628,-0.08982000119627534,-0.00879677645155428,0.029163178952216116
59.296,0.031999999999996476,-0.12081662125508952,-0.9722038266475851,-0.07200391941182932,-0.06320714296027505
59.328,0.03200000000000358,-0.0022814607924347354,-0.2493307002223964,-0.02249255603476117,0.04951136337706815
59.36,0.031999999999996476,-0.012764832454664246,-0.3560654011164446,-0.027483604765681135,-0.004991048730919965
59.392,0.03200000000000358,-0.000466895117209859,-0.41664103319860174,-0.03222647911013836,-0.004742874344457224
59.424,0.031999999999996476,-0.005269699763693363,-0.4142850599124038,-0.03232702206308739,-0.00010054295294903426
59.456,0.03200000000000358,-0.028309950829729858,-0.32644306510042825,-0.025872906120014107,0.006454115943073286
59.488,0.031999999999996476,-0.0023919071890700994,-0.34301334880223994,-0.026718898375235403,-0.0008459922552212958
59.52,0.03200000000000358,-0.003519655967518438,-0.1922002933370987,-0.01567691046930861,0.011041987905926792
59.552,0.031999999999996476,-0.08812039904733238,-0.5908324902382609,-0.044354968742217095,-0.028678058272908483
59.584,0.03200000000000358,-0.07651619248999514,-0.4912115146981959,-0.03868437749381058,0.005670591248406513
59.616,0.031999999999996476,-0.0009616546032497475,-0.32346909559373876,-0.026021203995174293,0.012663173498636288
59.648,0.03200000000000358,-0.007376778245288003,-0.29300369623059286,-0.023049738297308768,0.0029714656978655253
59.68,0.031999999999996476,-0.0020790356022111042,-0.38279584277046363,-0.0294815331176534,-0.006431794820344634
59.712,0.03200000000000358,0.003706953433796701,-0.24693987189685526,-0.019861955831314396,0.009619577286339005
59.744,0.031999999999996476,-0.006861301130763556,-0.28460893151800615,-0.022076817682422995,-0.002214861851108599
59.776,0.03200000000000358,-0.013918926338157651,-0.3593311572101464,-0.027699769016829568,-0.005622951334406573
59.808,0.031999999999996476,-0.017046572945638383,-0.3011763576950101,-0.02374765968327852,0.003952109333551047
59.84,0.03200000000000358,0.00013963535098012394,-0.39532829910966666,-0.030443463153481416,-0.006695803470202894
59.872,0.031999999999996476,-0.0037136646281530007,-0.3481195814193014,-0.027358265921075473,0.003085197232405943
59.904,0.03200000000000358,0.0030482510522799686,-0.2846760954203803,-0.022514511999442897,0.004843753921632575
59.936,0.031999999999996476,0.00043920031934597273,-0.2065663589796233,-0.01649067884241697,0.006023833157025926
59.968,0.03200000000000358,0.0006138109746904162,-0.10222035033114496,-0.008469299398620553,0.008021379443796418
60.0,0.031999999999996476,-0.038141954838493905,-0.4528326138708395,-0.0337903378363551,-0.025321038437734547
60.032000000000004,0.03200000000000358,0.00024346401635956118,-0.26536001931694714,-0.021465320967678034,0.012325016868677065
60.064,0.031999999999996476,0.0034411219315479765,-0.33011374791672465,-0.025515812978110893,-0.004050492010432859
60.096000000000004,0.03200000000000358,-0.0014758321341562608,-0.08017813990263481,-0.0073693229217864295,0.018146490056324464
60.128,0.031999999999996476,-0.003854002439423401,-0.2524608487621475,-0.018991452217660673,-0.011622129295874244
60.160000000000004,0.03200000000000358,-0.0019852377153865087,-0.0017017475825855007,-0.001221505925389699,0.017769946292270973
60.192,0.031999999999996476,-0.0018550132146421914,-0.23132523797989096,-0.017082226807715976,-0.015860720882326276
60.224000000000004,0.03200000000000358,-0.005707627004419033,-0.18446312615109078,-0.01455160127924311,0.002530625528472866
60.256,0.031999999999996476,0.00024826489898472514,-0.2822278548632863,-0.021595150894800123,-0.007043549615557013
60.288000000000004,0.03200000000000358,-0.018915278186487885,-0.1948716392882721,-0.015577572638674085,0.006017578256126038
60.32,0.031999999999996476,0.001433650397298265,-0.2715703805921548,-0.020870626203376524,-0.005293053564702438
60.352000000000004,0.03200000000000358,0.00522410592700471,-0.08291449275713363,-0.007302392581760862,0.01356823362161566
60.384,0.031999999999996476,0.0011114234154789967,-0.03834306300702669,-0.0032413179279091753,0.004061074653851687
60.416000000000004,0.03200000000000358,-0.04649238739608454,-0.45757413870921826,-0.033837224097854605,-0.030595906169945432
60.448,0.031999999999996476,-0.0008030992669274677,-0.0859596630028044,-0.008274884830094151,0.025562339267760456
60.480000000000004,0.03200000000000358,-0.0036264497675182875,-0.13277336346749966,-0.010241884693272802,-0.0019669998631786506
60.512,0.031999999999996476,-0.1284695077046459,-0.5147113632049348,-0.03844324479255434,-0.028201360099281543
60.544000000000004,0.03200000000000358,-0.0030752726421013517,0.1330455566733221,0.007564907303365711,0.04600815209592005
60.576,0.031999999999996476,-0.1328001685907646,-0.6410874097176619,-0.04670899819712603,-0.05427390550049174
60.608000000000004,0.03200000000000358,-0.0014683567024511358,-0.16557828398435417,-0.014873131899477724,0.031835866297648306
60.64,0.031999999999996476,-0.019902544629561595,-0.18966520641535756,-0.014806634428331193,6.649747114653194e-05
60.672000000000004,0.03200000000000358,-0.11976488953913943,-0.7523014145099569,-0.05617918977321642,-0.04137255534488522
60.704,0.031999999999996476,-0.0007913299908728497,-0.05757670936899471,-0.007477377065816266,0.04870181270740015
60.736000000000004,0.03200000000000358,0.0007923739047247799,-0.21277994589892055,-0.016079547499307716,-0.00860217043349145
60.768,0.031999999999996476,0.0008032329669851883,-0.11609242996208642,-0.009465721043465434,0.006613826455842282
60.800000000000004,0.03200000000000358,-0.017478342610480337,-0.17680462344269862,-0.013548699401516325,-0.00408297835805089
60.832,0.031999999999996476,-0.05060819815246795,-0.5425008757887216,-0.040677791205979696,-0.027129091804463372
60.864000000000004,0.03200000000000358,-0.0006029526274081636,-0.16669801991728822,-0.014607301515956924,0.02607048969002277
60.896,0.031999999999996476,-0.0023303960373832183,-0.025503750171923648,-0.0027188176100860295,0.011888483905870894
60.928000000000004,0.03200000000000358,-0.009963119573072565,-0.31301587807253384,-0.023176213406122324,-0.020457395796036296
60.96,0.031999999999996476,-0.027321335400460313,-0.5145696816769353,-0.03917951236952061,-0.016003298963398284
60.992000000000004,0.03200000000000358,0.0024484186491874776,-0.0567166862962698,-0.00643275507474213,0.03274675729477848
61.024,0.031999999999996476,-0.0025196312367425718,-0.3195759644829973,-0.023873045831495063,-0.017440290756752932
61.056000000000004,0.03200000000000358,-0.003321217261565415,-0.001274930806427571,-0.0014719276205435502,0.02240111821095151
61.088,0.031999999999996476,-0.0044725995060525105,-0.03203259374992711,-0.002440657224007486,-0.0009687296034639357
61.120000000000005,0.03200000000000358,-0.11702652609411267,-0.8178225391724955,-0.06028375166151944,-0.057843094437511955
61.152,0.031999999999996476,-0.0001358726925743005,-0.1333818462270579,-0.01328905657312477,0.04699469508839467
61.184000000000005,0.03200000000000358,0.0010120229057742041,-0.25643720659831143,-0.019625615238139018,-0.006336558665014248
61.216,0.031999999999996476,-0.0006479369870560945,-0.1453724987884908,-0.0118236951574077,0.007801920080731318
61.248000000000005,0.03200000000000358,-0.04569898405958342,-0.5219393355729163,-0.0390661079770173,-0.027242412819609603
61.28,0.031999999999996476,0.0006046691885799489,-0.15405520276536697,-0.013584504892434589,0.025481603084582714
61.312000000000005,0.03200000000000358,0.0012289991706182157,-0.07912535104079878,-0.006603117177626116,0.006981387714808473
61.344,0.031999999999996476,-0.03072868414049876,-0.3536886764646261,-0.026391537244378777,-0.01978842006675266
61.376000000000005,0.03200000000000358,-0.00868529474535751,-0.26861413041325927,-0.02127750309972765,0.005114034144651128
61.408,0.031999999999996476,0.004037850336235993,-0.10091106348779402,-0.00864935309759378,0.012628150002133869
61.44,0.031999999999996476,-0.07295214810804394,-0.7098922980138151,-0.05270495956724711,-0.044055606469653334
61.472,0.03200000000000358,-0.0017339826388320931,0.1148748215799492,0.005405311686987808,0.05811027125423492
61.504,0.031999999999996476,-0.030475420269499138,-0.32005240503552845,-0.023224682700488525,-0.028629994387476335
61.536,0.03200000000000358,-0.026092363730901857,-0.19180022271994623,-0.015445771336948796,0.007778911363539729
61.568,0.031999999999996476,-0.029347598448073168,-0.3395955225286063,-0.025865601781740778,-0.010419830444791982
61.6,0.03200000000000358,0.003881225122616095,-0.05882558448078949,-0.00581924414468716,0.02004635763705362
61.632,0.031999999999996476,-0.00046069081523655294,-0.41671569815657716,-0.03098130642816271,-0.02516206228347555
61.664,0.03200000000000358,-0.04238772399382693,-0.7106464646570874,-0.05404962422438557,-0.02306831779622286
61.696,0.031999999999996476,-0.002494208634159503,-0.2847832376324379,-0.024063258762213602,0.02998636546217197
61.728,0.03200000000000358,-0.00419698217700323,-0.12419035710725887,-0.010522136728606893,0.013541122033606709
61.76,0.031999999999996476,0.006237880929215909,-0.3045946622397795,-0.023007393702878062,-0.012485256974271169
61.792,0.03200000000000358,0.004054169697328326,-0.18833207863155618,-0.01517817934169109,0.007829214361186972
61.824,0.031999999999996476,-0.0036339993242658947,-0.05811201970014693,-0.005149793387510989,0.0100283859541801
61.856,0.03200000000000358,0.0014764274158865424,-0.16120554806674936,-0.012152385341663883,-0.007002591954152894
61.888,0.031999999999996476,-0.0025643979211754254,-0.14400830468157563,-0.01129194934363743,0.0008604359980264528
61.92,0.03200000000000358,0.0015724780801903123,-0.16276829961924272,-0.012621891443888667,-0.0013299421002512368
61.952,0.031999999999996476,-0.0006980645818208827,-0.24138981099749277,-0.018480511529706232,-0.005858620085817565
61.984,0.03200000000000358,2.6568806022535862e-05,-0.2528562910888547,-0.0196619718075948,-0.0011814602778885686
62.016,0.031999999999996476,-0.0033342012127892274,-0.2882847668488513,-0.022335594551979202,-0.002673622744384402
62.048,0.03200000000000358,-0.0002640471587270381,-0.027419529556825938,-0.0033058516899639365,0.019029742862015267
62.08,0.031999999999996476,0.0003150259003882428,-0.3114137473668522,-0.023092281287209433,-0.019786429597245497
62.112,0.03200000000000358,-0.00023637818377827746,-0.09800203583339016,-0.008540188016167786,0.014552093271041646
62.144,0.031999999999996476,0.0006882769485121377,-0.02477849647779628,-0.002315233421862626,0.00622495459430516
62.176,0.03200000000000358,0.00021749764182441434,-0.0988546868322617,-0.0074034523509651316,-0.005088218929102505
62.208,0.031999999999996476,-0.004083344875853588,-0.34392372418058065,-0.025719623053102533,-0.018316170702137403
62.24,0.03200000000000358,0.005270543335222951,-0.15571485756187492,-0.01293607601548466,0.012783547037617873
62.272,0.031999999999996476,-0.002165418617562736,-0.13809803007146423,-0.010902548149994095,0.002033527865490565
62.304,0.03200000000000358,0.00224975209080931,-0.12416933460351921,-0.009760835042010925,0.00114171310798317
62.336,0.031999999999996476,0.004802475955086767,-0.40853841383917594,-0.030607491494863543,-0.020846656452852618
62.368,0.03200000000000358,-0.0014258700303450675,-0.26432682604786,-0.021205596916555956,0.009401894578307587
62.4,0.031999999999996476,-0.0028363835604306325,0.017048475908181576,2.9569225524720505e-05,0.021235166142080677
62.432,0.03200000000000358,0.0008097497325508544,-0.05191174962602261,-0.0038158948215903593,-0.00384546404711508
62.464,0.031999999999996476,-0.0014319342866233934,-0.13645990503066327,-0.010255580413708757,-0.006439685592118397
62.496,0.03200000000000358,0.0027062240075378316,0.05774576399093598,0.003654591363889881,0.013910171777598637
62.528,0.031999999999996476,-0.0034346007862511687,-0.1552566023650575,-0.011206629514958372,-0.014861220878848252
62.56,0.03200000000000358,0.0011606258792084896,-0.10266825279921514,-0.008197194952820817,0.0030094345621375553
62.592,0.031999999999996476,-0.017151439701936146,-0.21487209388497513,-0.016274958958886563,-0.008077764006065746
62.624,0.03200000000000358,-0.0881323949265807,-0.5465458363449487,-0.04113264297158955,-0.024857684012702986
62.656,0.031999999999996476,0.0007032277588249102,-0.16961089444269833,-0.014847773141299906,0.026284869830289645
62.688,0.03200000000000358,-0.004532145884813782,-0.17332491449213866,-0.013603501721433967,0.0012442714198659388
62.72,0.031999999999996476,0.009194256468439322,0.04306582256523386,0.0023817527367192377,0.015985254458153204
62.752,0.03200000000000358,0.0031191692305260134,-0.11706705199630507,-0.008471641130900166,-0.010853393867619403
62.784,0.031999999999996476,-0.03653993931138656,-0.17791897575830012,-0.013573261806593377,-0.005101620675693211
62.816,0.03200000000000358,-0.001821099249617167,-0.13658874424224224,-0.010828339076365498,0.0027449227302278785
62.848,0.031999999999996476,0.00033995891564709603,-0.12307867168546525,-0.009676343422592453,0.0011519956537730455
62.88,0.03200000000000358,0.0015376560399717036,-0.00013101958901854793,-0.0005682415925690265,0.009108101830023425
62.912,0.031999999999996476,-0.0270146008898525,-0.2519270043508193,-0.018559573025517424,-0.0179913314329484
62.944,0.03200000000000358,-0.00047977525120755074,-0.12546981512787883,-0.010298505659134432,0.008261067366382992
62.976,0.031999999999996476,-0.001402474680374872,-0.08560424966417327,-0.006889879144476673,0.0034086265146577597
63.008,0.03200000000000358,-0.006749959562153874,-0.17519609901857033,-0.013281707173627337,-0.006391828029150664
63.04,0.031999999999996476,-0.07980331494572505,-0.3557940738236114,-0.026931917484549848,-0.013650210310922511
63.072,0.03200000000000358,-0.06649903879942734,-0.5482271247509721,-0.04187150168968552,-0.014939584205135675
63.104,0.031999999999996476,0.0019161510020083425,0.009011882666174132,-0.0017544672863824833,0.04011703440330304
63.136,0.03200000000000358,0.0027605686038912635,0.05515083071139067,0.0039545208039109,0.005708988090293384
63.168,0.031999999999996476,-0.03581142839606855,-0.24047717302662183,-0.017456454934222074,-0.021410975738132974
63.2,0.03200000000000358,-0.002156643353275063,-0.2849062587512946,-0.021959815846055226,-0.004503360911833152
63.232,0.031999999999996476,-0.0028460199550540606,-0.04452312812707405,-0.004541960844699764,0.01741785500135546
63.264,0.03200000000000358,-0.001558205672039688,-0.07807550213617179,-0.006003893322493094,-0.0014619324777933292
63.296,0.031999999999996476,-0.0912245288066423,-0.5822448547376724,-0.04316501772288788,-0.03716112440039479
63.328,0.03200000000000358,0.0007443210451308214,-0.0005570778354902078,-0.002532844296805206,0.04063217342608268
63.36,0.031999999999996476,0.004625789921478337,-0.08204433256972736,-0.006179777566018491,-0.0036469332692132847
63.392,0.03200000000000358,-0.0008641124861954238,-0.12151545900318707,-0.009293027238749196,-0.0031132496727307056
63.424,0.031999999999996476,-0.09012389494859972,-0.682139813866931,-0.05070119431161561,-0.04140816707286642
63.456,0.03200000000000358,-0.0017948968245941439,0.16649508713895564,0.009317153228734915,0.06001834754035053
63.488,0.031999999999996476,-0.04517024111860632,-0.26574984627284587,-0.0190054332246131,-0.028322586453348016
63.52,0.03200000000000358,0.0006792303492257264,-0.09653983341296482,-0.008196727349190035,0.010808705875423066
63.552,0.031999999999996476,-0.03054940033902512,-0.2057095084412622,-0.015601113355668213,-0.007404386006478178
63.584,0.03200000000000358,-0.0038713531982123277,-0.11049605598388434,-0.009026542871604934,0.006574570484063279
63.616,0.031999999999996476,-0.11138393978593472,-0.4624270480235459,-0.03452808384893041,-0.02550154097732548
63.648,0.03200000000000358,-0.004254873555519614,-0.1183142554803857,-0.010694131585659367,0.023833952263271046
63.68,0.031999999999996476,-0.003108483185399758,-0.3440595336576734,-0.025919578390382114,-0.015225446804722747
63.712,0.03200000000000358,-0.005860838423488853,-0.33965035761974083,-0.026474277589071244,-0.0005546991986891299
63.744,0.031999999999996476,-0.0038390198192346943,-0.2897060988333392,-0.022833387758549796,0.003640889830521448
63.776,0.03200000000000358,-0.0020840634427920874,-0.11221066598234226,-0.009570148210972485,0.013263239547577311
63.808,0.031999999999996476,-0.0007440817176482674,-0.1548198786756939,-0.011937964775798449,-0.002367816564825964
63.84,0.03200000000000358,0.004447392285115182,-0.16301870120383827,-0.012677599908283575,-0.0007396351324851259
63.872,0.031999999999996476,0.0009435842447694169,-0.13812053140178854,-0.010889281315619292,0.0017883185926642828
63.904,0.03200000000000358,-0.004614723571395903,0.12406763859379688,0.00849533407567552,0.01938461539129481
63.936,0.031999999999996476,-0.0020263770806782733,-0.2644223999368089,-0.018955255382218237,-0.027450589457893755
63.968,0.03200000000000358,-0.00014128450516891078,-0.406914046228598,-0.0310188205400529,-0.012063565157834664
64.0,0.031999999999996476,-0.0014316576660977425,-0.12736744339716438,-0.011157318541043234,0.019861501999009667
64.032,0.031999999999996476,-0.0008956772763252509,-0.06032151666614345,-0.005080159708844123,0.006077158832199111
64.06400000000001,0.03200000000001069,-0.0006831904228354219,-0.11734758483302797,-0.00892304090340275,-0.0038428811945586273
64.096,0.031999999999996476,-0.0043142267215292435,-0.07757601558644726,-0.006220076680071953,0.002702964223330797
64.128,0.031999999999996476,0.0022109880145404093,-0.15755785780186712,-0.011945919840838624,-0.00572584316076667
64.16,0.031999999999996476,-0.00216999651109108,-0.10002205162552831,-0.008045271267876646,0.003900648572961978
64.19200000000001,0.03200000000001069,0.03678416993992267,0.24232694425961696,0.017356332277859522,0.025401603545736166
64.224,0.031999999999996476,-0.0007270839089635059,-0.07973525719639891,-0.004861783818082011,-0.022218116095941532
64.256,0.031999999999996476,0.002033681661163932,-0.0013387255406915074,-0.00037911647579687345,0.004482667342285137
64.288,0.031999999999996476,-0.00447872294237592,-0.13458087782596723,-0.009918994282943652,-0.009539877807146779
64.32000000000001,0.03200000000001069,0.017641868049899923,0.13342155740415879,0.00923923715929166,0.019158231442235312
64.352,0.031999999999996476,0.002570473767708544,-0.027117596569110943,-0.00146086155310097,-0.010700098712392631
64.384,0.031999999999996476,0.0020581180322133247,-0.03238133344813435,-0.002465664786536153,-0.001004803233435183
64.416,0.031999999999996476,-0.00369458494122103,-0.10838276550027849,-0.008112833678313676,-0.005647168891777523
64.44800000000001,0.03200000000001069,0.06270474516134301,0.4017820960673703,0.02907879994336623,0.037191633621679904
64.48,0.031999999999996476,0.0014175765766202522,-0.020049145078227946,0.00020427363416050488,-0.028874526309205728
64.512,0.031999999999996476,-0.0004556290960271467,0.024885124687147032,0.0018418502345906034,0.0016375766004300984
64.544,0.031999999999996476,0.0005584433962491804,0.16754622511227407,0.012427715660128525,0.010585865425537922
64.57600000000001,0.03200000000001069,-0.0024261448163581723,0.01497421023144774,0.0018186473764265796,-0.010609068283701947
64.608,0.031999999999996476,0.004699557840192805,0.10444779801709969,0.007786103559905467,0.005967456183478888
64.64,0.031999999999996476,-0.0008977475755381937,-0.1976618526659574,-0.01408661283802262,-0.021872716397928087
64.672,0.031999999999996476,-0.0014946459528118927,0.002889809341607847,-0.0006006899350080828,0.013485922903014537
64.70400000000001,0.03200000000001069,-0.0007327392627036923,-0.14714709994506456,-0.010855908335346809,-0.010255218400338726
64.736,0.031999999999996476,-0.001965735599934308,0.21755642286295623,0.015372447037778274,0.02622835537312508
64.768,0.031999999999996476,-0.0026258285347373453,-0.10978345871262106,-0.007186063229001699,-0.022558510266779973
64.8,0.031999999999996476,-0.0007857220348882994,-0.09098973616439071,-0.007106250610321889,7.981261867980993e-05
64.83200000000001,0.03200000000001069,1.105720787893521e-05,-0.05638081139479891,-0.004556494934836122,0.002549755675485767
64.864,0.031999999999996476,0.0037340314296155338,0.17965987016848742,0.012949185295237612,0.017505680230073734
64.896,0.031999999999996476,-0.012793851217904342,-0.08361827524143729,-0.005401762375693173,-0.018350947670930786
64.928,0.031999999999996476,0.0035566525912895976,0.048903348161597936,0.0032845245401293423,0.008686286915822515
64.96000000000001,0.03200000000001069,-0.028826343733116766,-0.20314917366091725,-0.014750023672372093,-0.018034548212501434
64.992,0.031999999999996476,0.00020375160954401816,-0.18570949000667777,-0.014508623223230611,0.00024140044914148194
65.024,0.031999999999996476,0.0013288234729203182,0.04351429337986058,0.002362481552406571,0.01687110477563718
65.056,0.031999999999996476,0.002524433663096324,0.026331228194358815,0.002072788366892041,-0.0002896931855145301
65.08800000000001,0.03200000000001069,-0.016194401056866575,-0.05950962648045038,-0.0042566912496278956,-0.0063294796165199365
65.12,0.031999999999996476,-0.0015954019454796524,-0.06315433809773499,-0.0048901191887551765,-0.0006334279391272809
65.152,0.031999999999996476,-0.02233479022066875,-0.06077933473569803,-0.004752028114345554,0.00013809107440962247
65.184,0.031999999999996476,0.0008807015086855095,0.06928308631827035,0.004820763659987431,0.009572791774332984
65.21600000000001,0.03200000000001069,-0.04272667153033022,-0.1130747756930246,-0.008037246375932817,-0.012858010035920249
65.248,0.031999999999996476,-0.06931178449181309,-0.2718902082192114,-0.02045885031801137,-0.012421603942078554
65.28,0.031999999999996476,-0.010940551619124187,-0.03388156856109091,-0.00367272878811074,0.01678612152990063
65.312,0.031999999999996476,0.002168583030010764,-0.039558504588555525,-0.0031211646335654103,0.0005515641545453297
65.34400000000001,0.03200000000001069,-0.06114060029662452,-0.15231443051927704,-0.01138141967617487,-0.008260255042609459
65.376,0.031999999999996476,-0.02616034125076049,-0.2556330175064817,-0.019456348871325118,-0.008074929195150248
65.408,0.031999999999996476,0.001213706746095139,-0.13464956241798057,-0.011025356396673833,0.008430992474651285
65.44,0.031999999999996476,-0.003294502853775599,-0.04616534694509987,-0.004031493728231271,0.006993862668442562
65.47200000000001,0.03200000000001069,0.005343421051260623,0.06063683561101578,0.004226512210204017,0.008258005938435288
65.504,0.031999999999996476,-0.0017546308235375282,-0.2084488305097846,-0.015085381557933111,-0.019311893768137127
65.536,0.031999999999996476,-0.0274974062387151,-0.10650661902897378,-0.00870338605323954,0.006381995504693571
65.568,0.031999999999996476,-0.01233059354526932,-0.22158418313241263,-0.016797789467878046,-0.008094403414638506
65.6,0.031999999999996476,-0.003617040122863351,0.11257327811706568,0.00730894347586273,0.024106732943740775
65.632,0.03200000000001069,-0.10840963258508635,-0.6153803311120355,-0.044833270369428094,-0.05214221384529082
65.664,0.031999999999996476,-0.007875913268076552,-0.20598187589825087,-0.017736137162689507,0.027097133206738587
65.696,0.031999999999996476,0.0068930397569710285,-0.16718065152631859,-0.013318393822549629,0.004417743340139878
65.728,0.031999999999996476,0.006143342033647841,-0.021156459642628377,-0.0023247094273665123,0.010993684395183115
65.76,0.03200000000001069,-3.089634633049867e-05,-0.01824446390611472,-0.0014759053395056207,0.0008488040878608916
65.792,0.031999999999996476,-0.004765196681408469,-0.19407994600094358,-0.014357885842951572,-0.012881980503445951
65.824,0.031999999999996476,-0.0033207090233987654,-0.33045285169672334,-0.02513044507158702,-0.010772559228635447
65.856,0.031999999999996476,-0.005869410881794954,-0.19742694335972233,-0.015969579551472136,0.009160865520114882
65.888,0.03200000000001069,0.0014010978579960143,0.06496863099405495,0.003855898738501936,0.019825478289974073
65.92,0.031999999999996476,0.004450658651466003,-0.047107812184877154,-0.0032417216998935966,-0.007097620438395532
65.952,0.031999999999996476,0.0010350708400289638,-0.24898211068698178,-0.01849734241957628,-0.015255620719682682
65.984,0.031999999999996476,-0.00025227838864099535,-0.32803951231637696,-0.025191934557710273,-0.006694592138133993
66.016,0.03200000000001069,-0.005631907555046141,-0.18659780896306674,-0.015176752286429571,0.010015182271280702
66.048,0.031999999999996476,0.0011892068484517914,-0.20941781911552992,-0.01627677376528733,-0.0011000214788577604
66.08,0.031999999999996476,-0.002031983495713779,-0.022958357972975227,-0.0026280059846099267,0.013648767780677404
66.112,0.031999999999996476,0.0011075178016960697,-0.15162060245356235,-0.011301925809051415,-0.00867391982444149
66.144,0.03200000000001069,0.007336275489899715,0.08567209953409903,0.005647895850418713,0.016949821659470128
66.176,0.031999999999996476,-0.004968616712808658,-0.2345776280598865,-0.016924844081284585,-0.0225727399317033
66.208,0.031999999999996476,-0.002704362364293301,-0.021757472666609008,-0.0025771051088702315,0.014347738972414353
66.24,0.031999999999996476,0.00040078751677410495,-0.1290586415301389,-0.009639775631754818,-0.007062670522884586
66.272,0.03200000000001069,-0.002354659454770223,-0.18408398543238677,-0.014094073341911628,-0.0044542977101568095
66.304,0.031999999999996476,-0.0004501714430017734,-0.1523294694497302,-0.012015981543104192,0.002078091798807436
66.336,0.031999999999996476,-0.008655511130103051,0.05258072960022468,0.0031731272311286873,0.015189108774232879
66.368,0.031999999999996476,-0.0004837676928952956,-0.20843238618132615,-0.01514498318170982,-0.01831811041283851
66.4,0.03200000000001069,-0.000936413041216775,0.1241828482388061,0.008258128874920128,0.023403112056629947
66.432,0.031999999999996476,-0.002726213798814635,0.0021542317235465278,0.0006351568532400962,-0.0076229720216800315
66.464,0.031999999999996476,-0.11483049553170845,-0.7214519862525424,-0.05301907546129937,-0.05365423231453947
66.496,0.031999999999996476,-0.00033028406562313277,-0.03170659265138524,-0.005392452337733876,0.0476266231235655
66.528,0.03200000000001069,0.0007025339434992491,-0.06695413000641741,-0.005235123186611156,0.00015732915112272056
66.56,0.031999999999996476,0.0009378771788080806,-0.0687465725091518,-0.00535785734745121,-0.00012273416084005416
66.592,0.031999999999996476,0.0041281492166510125,-0.03171186178391115,-0.002641401662131221,0.0027164556853199887
66.624,0.031999999999996476,0.0005621939268748705,-0.2528942189475027,-0.018750383824994533,-0.016108982162863314
66.656,0.03200000000001069,-0.0015852011911590518,-0.1388020549205577,-0.011289976924781469,0.007460406900213065
66.688,0.031999999999996476,-0.009057546330877275,0.1092849297922902,0.007385078534073888,0.018675055458855356
66.72,0.031999999999996476,-0.04711004082330915,-0.39707039354554047,-0.028774312906037096,-0.03615939144011098
66.752,0.031999999999996476,-0.0008179083772145688,-0.12105552959924876,-0.010563565614832172,0.018210747291204924
66.784,0.03200000000001069,-0.00023255592576743758,0.04962086667764262,0.003039304873510764,0.013602870488342935
66.816,0.031999999999996476,0.0016968647205650663,0.09232501031228417,0.006965058437857781,0.003925753564347017
66.848,0.031999999999996476,0.001425731610567815,-0.028317655643266552,-0.0016804004095858356,-0.008645458847443617
66.88,0.031999999999996476,-0.018632758373530414,-0.19108781681187392,-0.014149649296469979,-0.012469248886884143
66.912,0.03200000000001069,-0.0035298697859691853,-0.16107751382237145,-0.012662523056339196,0.0014871262401307834
66.944,0.031999999999996476,-0.0007929122412900416,-0.1578138662331081,-0.01233666324697267,0.00032585980936652645
66.976,0.031999999999996476,0.00023458852473425093,0.21743560875834517,0.015278079725656098,0.027614742972628767
67.008,0.031999999999996476,-0.00038947811441616894,-0.13354291159209378,-0.008938786513270609,-0.02421686623892671
67.04,0.03200000000001069,0.0011761644493350255,-0.011452717770420433,-0.0013582633610338183,0.0075805231522367905
67.072,0.031999999999996476,-0.0012025523429680268,0.18058751221962885,0.013202035261157324,0.014560298622191142
67.104,0.031999999999996476,-0.004775138193677534,-0.03963024713850456,-0.002152276030187973,-0.015354311291345298
67.136,0.031999999999996476,-0.009278258486364193,0.07067310791489881,0.0050730674533902955,0.007225343483578268
67.168,0.03200000000001069,-0.10037638971582476,-0.39147122896488484,-0.02849601934210718,-0.03356908679549748
67.2,0.031999999999996476,-0.004066226341835128,-0.08025170166199085,-0.007546777235295263,0.020949242106811917
67.232,0.031999999999996476,0.0007966367404123142,0.009502019697683833,0.0002631121906145795,0.0078098894259098425
67.264,0.031999999999996476,0.00036981242558051914,-0.18040807902191916,-0.013252061770281416,-0.013515173960895995
67.296,0.03200000000001069,0.0035333316288601573,-0.01912972399615218,-0.002171833540654735,0.01108022822962668
67.328,0.031999999999996476,-0.000567512597946204,-0.17564795413378587,-0.013042568279394016,-0.010870734738739282
67.36,0.031999999999996476,0.007811078083146752,-0.051559267191370495,-0.004544615626613825,0.00849795265278019
67.392,0.031999999999996476,-0.00628862920345148,-0.23279291662228402,-0.017382000286010873,-0.012837384659397048
67.424,0.03200000000001069,0.0004963574582513767,-0.17618281018907966,-0.013959970614325502,0.0034220296716853706
67.456,0.031999999999996476,0.0883925172686499,0.5144724776282134,0.03702852630504249,0.05098849691936799
67.488,0.031999999999996476,-0.0029001058639751024,-0.10941915099415224,-0.005909086471885121,-0.04293761277692761
67.52,0.031999999999996476,0.0006317901462631905,0.16020449457226846,0.011440348705091825,0.017349435176976947
67.552,0.03200000000001069,-0.000765230233778227,-0.1007958156395434,-0.00675210633225815,-0.018192455037349974
67.584,0.031999999999996476,0.00504604130363773,0.09020318893998283,0.006243770074213869,0.01299587640647202
67.616,0.031999999999996476,0.003187640191142045,-0.010161746360934035,-0.00038685004064392914,-0.006630620114857798
67.648,0.031999999999996476,0.014542519649841955,0.030664687078019344,0.002232755537293268,0.002619605577937197
67.68,0.03200000000001069,0.03579770601536175,0.35128674550946803,0.02596260175071652,0.02372984621342325
67.712,0.031999999999996476,0.08712098816975146,0.3219415287392032,0.025174450000993946,-0.000788151749722573
67.744,0.031999999999996476,0.0023554281442126,0.2045434438081382,0.01649546897035729,-0.008678981030636655
67.776,0.031999999999996476,0.03209256634195332,0.12293043689251462,0.00999260038492757,-0.0065028685854297205
67.808,0.03200000000001069,0.08900681780072585,0.4864444854129676,0.03635010124394291,0.02635750085901534
67.84,0.031999999999996476,-0.004035513422733686,-0.07482685859260838,-0.0034043263065239885,-0.039754427550466896
67.872,0.031999999999996476,-0.0023185636520041864,-0.02368563183737195,-0.0019383753484330992,0.0014659509580908893
67.904,0.031999999999996476,0.1053790754626918,0.42626579767650735,0.031235782690688874,0.03317415803912197
67.936,0.03200000000001069,-0.0014216351060875496,0.06220455257026928,0.006377749814859541,-0.024858032875829335
67.968,0.031999999999996476,0.0013898140477141717,0.0015094846004121377,0.00047918945470487405,-0.005898560360154667
68.0,0.031999999999996476,0.041582249064321355,0.29109393815137014,0.02143477731087759,0.020955587856172717
68.032,0.031999999999996476,0.0003952127107073228,-0.004854473578510439,0.0008804108406036526,-0.020554366470273935
68.06400000000001,0.03200000000001069,0.0040749361586536244,0.126893283662603,0.009382586128289223,0.00850217528768557
68.096,0.031999999999996476,0.003321704120220516,0.32223006580941016,0.024238520070607235,0.014855933942318012
68.128,0.031999999999996476,-0.003988991867364768,-0.03870397766138589,-0.0014470318727724083,-0.025685551943379643
68.16,0.031999999999996476,0.002013238691481009,-0.04563328940336156,-0.003439418254411523,-0.001992386381639115
68.19200000000001,0.03200000000001069,0.003692900775280352,0.12544132017181828,0.009026428654368673,0.012465846908780196
68.224,0.031999999999996476,-0.003996060684408886,0.08753150603381103,0.006958174182048127,-0.0020682544723205467
68.256,0.031999999999996476,0.003935366058251955,0.09922353131024202,0.007698609945811868,0.0007404357637637417
68.288,0.031999999999996476,0.004273066873044408,0.18859007130567307,0.014313390212761831,0.006614780266949963
68.32000000000001,0.03200000000001069,-0.0011507153481810433,0.16614400124887962,0.013044566301360323,-0.0012688239114015086
68.352,0.031999999999996476,0.0018336211880754377,-0.12855380509531564,-0.00870082516169641,-0.021745391463056735
68.384,0.031999999999996476,-0.0006501210605531452,0.052572326636902304,0.003363890195982543,0.012064715357678953
68.416,0.031999999999996476,0.00036575259568453317,-0.129681534145758,-0.009342615115598743,-0.012706505311581285
68.44800000000001,0.03200000000001069,0.006235715596355576,0.1717299021039904,0.012089715343303822,0.021432330458902565
68.48,0.031999999999996476,0.07626855060408295,0.4185721061379201,0.03147981561129678,0.019390100267992955
68.512,0.031999999999996476,0.0056383003209309985,0.0763798775963035,0.007434294223501359,-0.02404552138779542
68.544,0.031999999999996476,-0.0003310590344594121,0.13155395384914917,0.010103682513207656,0.002669388289706297
68.57600000000001,0.03200000000001069,0.0007767227281532915,0.1810720189404797,0.013899353560328554,0.003795671047120898
68.608,0.031999999999996476,0.0019986278317909575,-0.006198035906547734,0.0003465918986843787,-0.013552761661644175
68.64,0.031999999999996476,-0.0052835075472849385,0.09786938300358584,0.0072173450245663386,0.00687075312588196
68.672,0.031999999999996476,0.044372028021136614,0.3566529661916193,0.026644990589491387,0.019427645564925048
68.70400000000001,0.03200000000001069,0.0019948048151655746,0.13822727942136032,0.011703456172533537,-0.01494153441695785
68.736,0.031999999999996476,0.0034107393149590557,0.1630108903940382,0.012663487534157745,0.0009600313616242081
68.768,0.031999999999996476,-0.003259067997965945,-0.0038500987268436553,0.0004479143247146768,-0.012215573209443067
68.8,0.031999999999996476,0.00190246970677052,-0.04603788790934231,-0.0033597790237124055,-0.0038076933484270823
68.83200000000001,0.03200000000001069,-0.0069448849757030055,0.08061628133239752,0.005734582644417068,0.009094361668129474
68.864,0.031999999999996476,0.0004923749275960475,0.08114370961218205,0.0062983789519083285,0.0005637963074912608
68.896,0.031999999999996476,-0.002078080723552154,0.07717734922057974,0.006039239351215456,-0.0002591396006928724
68.928,0.031999999999996476,0.005177461641650937,0.17477275037503018,0.013201467367681593,0.007162228016466137
68.96000000000001,0.03200000000001069,-0.0004907889933295606,0.22715670500430282,0.017467264074711934,0.004265796707030341
68.992,0.031999999999996476,0.002431011348072491,0.06966509023454213,0.006131555562081998,-0.011335708512629937
69.024,0.031999999999996476,-0.0030702314714999993,-0.05604029237209155,-0.0037672467462757154,-0.009898802308357713
69.056,0.031999999999996476,0.0016342441826645265,0.19345396289521263,0.014009168568862054,0.01777641531513777
69.08800000000001,0.03200000000001069,-0.0017371439067774687,0.05727989434355418,0.005021112786447337,-0.008988055782414716
69.12,0.031999999999996476,0.0031755542972831145,-0.028168499002669857,-0.001781653586211847,-0.006802766372659185
69.152,0.031999999999996476,-0.0051832842776068306,0.020275672236369703,0.0013882243102804385,0.0031698778964922856
69.184,0.031999999999996476,-0.0013445657197242407,0.026708557292543175,0.0020442942621057007,0.0006560699518252623
69.21600000000001,0.03200000000001069,-0.004896018687817901,0.11143788642609352,0.008313182631405095,0.006268888369299395
69.248,0.031999999999996476,-0.002020042886849681,0.0580492794764399,0.004748869528025658,-0.0035643131033794373
69.28,0.031999999999996476,0.0067536290168936,-0.03448385222810578,-0.0022618024451099895,-0.007010671973135648
69.312,0.031999999999996476,0.0002503237157093327,0.24930174710691352,0.018203135180725267,0.020464937625835258
69.34400000000001,0.03200000000001069,-0.001503500536627913,-0.02461503182116194,-0.000759344808375688,-0.018962479989100955
69.376,0.031999999999996476,-0.008016211331285272,0.1333310329299289,0.009761358086141637,0.010520702894517325
69.408,0.031999999999996476,-0.006062129009405985,0.10240188885070672,0.008094172300950721,-0.0016671857851909156
69.44,0.031999999999996476,-0.10485170292539193,-0.27924917787369496,-0.020068778689325537,-0.028162950990276256
69.47200000000001,0.03200000000001069,-0.005110993955834064,-0.00043000164416521526,-0.0011901745047275896,0.018878604184597948
69.504,0.031999999999996476,-0.036305039970793346,-0.1252656010235057,-0.009280768349001094,-0.008090593844273504
69.536,0.031999999999996476,-0.06840807398843131,-0.3329739868779768,-0.02502275261302711,-0.015741984264026017
69.568,0.031999999999996476,-0.0005890188208269632,-0.0380822893845095,-0.004245120619630518,0.020777631993396592
69.60000000000001,0.03200000000001069,0.0019261182328437266,0.023930654506124915,0.0015147988542223091,0.005759919473852827
69.632,0.031999999999996476,-0.005587695776936554,0.16221756175423896,0.012016964175231907,0.010502165321009598
69.664,0.031999999999996476,0.0017936668891972987,0.12869497204550012,0.010157985653997439,-0.0018589785212344678
69.696,0.031999999999996476,-0.0014960277914649604,-0.10476769713976544,-0.007118229033782722,-0.01727621468778016
69.728,0.031999999999996476,0.0028447132315443904,-0.05346982688914998,-0.004343111978281322,0.0027751170555014
69.76,0.03200000000001069,-0.0011405410009804177,0.04117618886698031,0.0027773824065325395,0.007120494384813861
69.792,0.031999999999996476,0.008386254400719275,0.08173097277559828,0.006170849975343898,0.003393467568811358
69.824,0.031999999999996476,0.005864599661998561,0.11694080673221618,0.00895609089298876,0.0027852409176448616
69.856,0.031999999999996476,-0.0009460553707192589,0.03384812774426104,0.0030062258490408302,-0.005949865043947929
69.888,0.03200000000001069,0.005160115868972013,-0.05500749873180274,-0.0038717172702092727,-0.006877943119250103
69.92,0.031999999999996476,0.007247415335377682,-0.0041474665304545456,-0.0005285162956000018,0.003343200974609271
69.952,0.031999999999996476,0.00025168700384571797,0.2214833137685897,0.016257422303025716,0.01678593859862572
69.984,0.031999999999996476,-0.04377375275427763,-0.1723779978087366,-0.011738191006093647,-0.027995613309119365
70.016,0.03200000000001069,-0.0011663639084388046,0.06871093463499568,0.004375382754464786,0.016113573760558435
70.048,0.031999999999996476,0.00405950121163853,0.026866962628275946,0.0022283893286167674,-0.002146993425848019
70.08,0.031999999999996476,-0.0019700823264618746,0.024271801405463953,0.0019135966339482362,-0.0003147926946685312
70.112,0.031999999999996476,0.0010997396083483105,0.08461426291322512,0.0063330222290685755,0.0044194255951203396
70.144,0.03200000000001069,0.0002300926077044022,-0.32014542339025776,-0.023177967417299526,-0.0295109896463681
70.176,0.031999999999996476,-0.007759059586435651,0.06969392105699002,0.003787264056067795,0.02696523147336732
70.208,0.031999999999996476,-0.002377204153897363,-0.06825958953837191,-0.004801190414352015,-0.00858845447041981
70.24,0.031999999999996476,-0.0029094738629310895,-0.04833064192429509,-0.0038314146491808666,0.0009697757651711482
70.272,0.03200000000001069,0.004466660563167727,-0.09187919154386542,-0.006978000591518782,-0.003146585942337915
70.304,0.031999999999996476,0.00353175029977979,0.001050077841197818,-0.00032561057678661754,0.0066523900147321645
70.336,0.031999999999996476,0.003775737743903368,0.025094888917907586,0.0018266866167914466,0.0021522971935780642
70.368,0.031999999999996476,-0.0017208217572705993,0.014984403011988586,0.0012074093253544543,-0.0006192772914369923
70.4,0.03200000000001069,0.00024155295007506506,0.01889202337037129,0.0014590263046605776,0.00025161697930612325
70.432,0.031999999999996476,-0.0026467858843921086,-0.0267092605080482,-0.0018799768244513637,-0.0033390031291119413
70.464,0.031999999999996476,-0.003185696539414495,0.0018352774420225691,2.6437390412431866e-05,0.0019064142148637955
70.496,0.031999999999996476,-0.0005219943167526219,-0.14175274914093702,-0.010423003073206594,-0.010449440463619026
70.528,0.03200000000001069,-0.0032349024086137,0.08088289972472285,0.005346436410667427,0.01576943948387402
70.56,0.031999999999996476,-0.0039214327010892915,-0.2603141307500364,-0.018834915293989,-0.024181351704656427
70.592,0.031999999999996476,-0.005646378013130732,-0.004293420933917963,-0.001403061438424719,0.017431853855564283
70.624,0.031999999999996476,-0.002984394331188575,-0.07715511556474974,-0.005755002117510895,-0.004351940679086176
70.656,0.03200000000001069,0.0007494822475245439,0.02710172964845719,0.0016608363719819927,0.007415838489492887
70.688,0.031999999999996476,-0.004747330455701885,-0.15392344552964882,-0.01122368649637027,-0.012884522868352262
70.72,0.031999999999996476,-0.0192269865425421,-0.35860692962193447,-0.027019967901278506,-0.015796281404908234
70.752,0.031999999999996476,-0.12069282217606721,-0.39086976359796993,-0.03030448877779626,-0.0032845208765177533
70.784,0.03200000000001069,-0.015512504924157169,-0.15832425338319334,-0.013392651645371628,0.016911837132424633
70.816,0.031999999999996476,-0.09007941166131124,-0.21820365640821113,-0.016819891745096915,-0.003427240099725287
70.848,0.031999999999996476,-0.09795603710501541,-0.418456260680708,-0.03174436503166709,-0.014924473286570174
70.88,0.031999999999996476,-0.06364141653599102,-0.36038346035316376,-0.02833525422143127,0.0034091108102358193
70.912,0.03200000000001069,-0.009107878281111953,-0.30745262658997075,-0.024245903894234023,0.004089350327197247
70.944,0.031999999999996476,-0.13284890708235003,-0.8613126503186354,-0.06474082106748118,-0.04049491717324716
70.976,0.031999999999996476,-0.09172909111954973,-0.5020187340224362,-0.04065599930581034,0.024084821761670837
71.008,0.031999999999996476,-0.413541809219847,-2.12984528616529,-0.15897633811004203,-0.11832033880423168
71.04,0.03200000000001069,-0.04104919639557247,-0.22291709143826804,-0.025570930787957864,0.13340540732208417
71.072,0.031999999999996476,-0.4196476439074354,-2.1656187839983447,-0.16073628214935223,-0.13516535136139438
71.104,0.031999999999996476,-0.4220062246614314,-2.062061826327721,-0.16092365111155776,-0.0001873689622055308
71.136,0.031999999999996476,-0.2610252396775706,-1.5602997525386744,-0.12403477119144339,0.03688887992011437
71.168,0.03200000000001069,-0.2671913779885901,-1.6883696153922363,-0.1313234968949492,-0.007288725703505819
71.2,0.031999999999996476,-0.4176136971438752,-2.5096400160610917,-0.19214067959432465,-0.060817182699375444
71.232,0.031999999999996476,-0.4154287952017915,-4.499977191111041,-0.3420214461385928,-0.14988076654426816
71.264,0.031999999999996476,-0.4211561558433612,-2.7034164729092813,-0.21855444242742145,0.12346700371117136
71.296,0.03200000000001069,-0.4130624240636625,-4.574505271320851,-0.3490271002078524,-0.13047265778043093
71.328,0.031999999999996476,-0.41489533854475175,-3.6285257317074726,-0.2869916168091364,0.06203548339871601
71.36,0.031999999999996476,-0.41852411844391263,-2.1853467233240247,-0.17727865439911727,0.1097129624100191
71.392,0.031999999999996476,-0.4186530379251271,-2.348167271694316,-0.18291888626251088,-0.005640231863393602
71.424,0.03200000000001069,-0.41876691400577815,-2.48643627631557,-0.1934128255649096,-0.010493939302398725
71.456,0.031999999999996476,-0.41868184714906675,-2.34138405614413,-0.18335145787708368,0.010061367687825923
71.488,0.031999999999996476,-0.41860763147342184,-3.0974636404539067,-0.23837288828411657,-0.05502143040703289
71.52,0.031999999999996476,-0.4035043071163649,-4.797506033110029,-0.36657072734321666,-0.1281978390591001
71.552,0.03200000000001069,-0.4202110059974971,-2.837446572792221,-0.22982825369588514,0.13674247364733152
71.584,0.031999999999996476,-0.4108853321575721,-4.848639818453149,-0.3698378436243873,-0.14000958992850218
71.616,0.031999999999996476,-0.41719740613883055,-2.239078539223655,-0.1860127405845565,0.18382510303983082
71.648,0.031999999999996476,-0.4212581167151111,-2.310775090564762,-0.1806732675337284,0.005339473050828103
71.68,0.03200000000001069,-0.4203594618929022,-2.5160627154388573,-0.1954619231102246,-0.014788655576496196
71.712,0.031999999999996476,-0.4147464083820993,-2.517441681486865,-0.1964170680341514,-0.000955144923926815
71.744,0.031999999999996476,-0.41731905011759457,-2.798423352963474,-0.21713566343361398,-0.02071859539946258
71.776,0.031999999999996476,-0.42028147417616485,-2.5083631449262387,-0.19700063544062552,0.02013502799298847
71.808,0.03200000000001069,-0.4074238261734241,-4.380274164486747,-0.33349901921662284,-0.13649838377599732
71.84,0.031999999999996476,-0.41564984205940864,-4.422884961648888,-0.3445125527087761,-0.011013533492153282
71.872,0.031999999999996476,-0.41707232950204187,-4.795750973504313,-0.3725690048081116,-0.028056452099335494
71.904,0.031999999999996476,-0.4191589667159958,-2.2227059570119265,-0.18496636459672702,0.1876026402113846
71.936,0.03200000000001069,-0.4170290352123889,-2.361789733210502,-0.18436448958809623,0.0006018750086307922
71.968,0.031999999999996476,-0.41743692304527985,-2.5246584495359055,-0.196307146187863,-0.01194265659976676
72.0,0.031999999999996476,-0.4197974313091048,-4.187142933678666,-0.31925607026299,-0.12294892407512703
72.032,0.031999999999996476,-0.41990284520733845,-4.090371952017334,-0.31923723835665396,1.883190633605869e-05
72.06400000000001,0.03200000000001069,-0.4199108857331189,-4.233576860981342,-0.32976747264975104,-0.010530234293097074
72.096,0.031999999999996476,-0.37092005120431165,-3.000364336843666,-0.23968464501204007,0.09008282763771097
72.128,0.031999999999996476,-0.42158859828631057,-4.765395742171957,-0.364285055780733,-0.12460041076869294
72.16,0.031999999999996476,-0.4037285605310552,-2.6818316300433542,-0.21825234584727382,0.14603270993345918
72.19200000000001,0.03200000000001069,-0.4200586045474376,-4.492002732940998,-0.34294240509127133,-0.12469005924399751
72.224,0.031999999999996476,-0.2616538583626306,-1.9713997270766077,-0.16477493124527545,0.17816747384599588
72.256,0.031999999999996476,-0.41964654660869105,-4.613104657272561,-0.3487610662082734,-0.18398613496299795
72.288,0.031999999999996476,-0.3663361596714017,-4.2646898062723535,-0.3337599090488195,0.015001157159453882
72.32000000000001,0.03200000000001069,-0.35810985828579417,-3.5512637110815066,-0.2804283894458619,0.05333151960295762
72.352,0.031999999999996476,-0.3883187148986011,-4.45434525894216,-0.34376243158237696,-0.06333404213651506
72.384,0.031999999999996476,-0.3619281721803419,-3.8277065249152487,-0.30133549299216167,0.04242693859021529
72.416,0.031999999999996476,-0.3616175535979312,-3.6495807526990163,-0.28578681531827205,0.015548677673889622
72.44800000000001,0.03200000000001069,-0.3644752260143749,-3.855302163415382,-0.30001800363584535,-0.014231188317573307
72.48,0.031999999999996476,-0.41858201489486396,-4.578591790748302,-0.3540304400354788,-0.054012436399633434
72.512,0.031999999999996476,-0.2610374703869774,-1.7620974372567184,-0.15002289547614128,0.2040075445593375
72.544,0.031999999999996476,-0.4179027809340154,-2.5710976514547146,-0.19773978705717646,-0.047716891581035176
72.57600000000001,0.03200000000001069,-0.4217555577662657,-2.234422434086255,-0.17573526746037196,0.022004519596804495
72.608,0.031999999999996476,-0.41808342416556477,-4.764287212556104,-0.3605117956693996,-0.18477652820902765
72.64,0.031999999999996476,-0.42056163431648985,-2.2979966352628654,-0.18980720656444652,0.1707045891049531
72.672,0.031999999999996476,-0.42412350855912334,-4.771177288707902,-0.36183085349764615,-0.17202364693319963
72.70400000000001,0.03200000000001069,-0.41801701899227234,-4.472959580422605,-0.349830622181075,0.01200023131657113
72.736,0.031999999999996476,-0.4173944978836539,-2.663339621763094,-0.21605799824792157,0.13377262393315345
72.768,0.031999999999996476,-0.4216683124153878,-4.365351793871296,-0.3335017886818587,-0.11744379043393713
72.8,0.031999999999996476,-0.420142799307041,-2.4825397347324185,-0.2018192851042563,0.1316825035776024
72.83200000000001,0.03200000000001069,-0.37268636422213064,-2.2597643979720448,-0.1778344268847541,0.02398485821950222
72.864,0.031999999999996476,-0.4204139479335615,-2.382866117923896,-0.1855027315067236,-0.007668304621969518
72.896,0.031999999999996476,-0.4206766488457835,-4.840514602462605,-0.3666814418808194,-0.1811787103740958
72.928,0.031999999999996476,-0.41667876501502515,-2.2880950150107076,-0.1894352071545191,0.17724623472630033
72.96000000000001,0.03200000000001069,-0.411474170603073,-4.646032889423014,-0.35260623084566195,-0.16317102369114286
72.992,0.031999999999996476,-0.4139200289750721,-2.6860544358712324,-0.21788868415098375,0.1347175466946782
73.024,0.031999999999996476,-0.4159166279037283,-2.4672190996257926,-0.1940183642215263,0.023870319929457456
73.056,0.031999999999996476,-0.41011131246803784,-2.30324731827241,-0.18058183072409972,0.013436533497426573
73.08800000000001,0.03200000000001069,-0.39236183462174945,-2.4459281730434053,-0.19029893441401846,-0.009717103689918738
73.12,0.031999999999996476,-0.4195845320198849,-2.575172010984619,-0.20036451496540839,-0.010065580551389924
73.152,0.031999999999996476,-0.41840228712159455,-2.4208033841379155,-0.1895932878648155,0.01077122710059289
73.184,0.031999999999996476,-0.3998856916528582,-4.686473869963896,-0.35558939556830244,-0.16599610770348694
73.21600000000001,0.03200000000001069,-0.4212013899096433,-2.3191650186722956,-0.19107976865667103,0.1645096269116314
73.248,0.031999999999996476,-0.4048645218698041,-2.5376579055795174,-0.1976507959975735,-0.006571027340902452
73.28,0.031999999999996476,-0.4196039586026768,-2.528159643315192,-0.19733163098788695,0.0003191650096865395
73.312,0.031999999999996476,-0.27349034803738387,-1.5202748028304114,-0.12319312642711447,0.07413850456077248
73.34400000000001,0.03200000000001069,-0.4200981270816142,-2.5967635157868236,-0.1980784027086416,-0.07488527628152714
73.376,0.031999999999996476,-0.42036189309972577,-2.5152420057493905,-0.1964063503364961,0.001672052372145516
73.408,0.031999999999996476,-0.39669061188359167,-4.505774244994274,-0.34269401603238886,-0.14628766569589277
73.44,0.031999999999996476,-0.3952445330548804,-2.0349090292668257,-0.16943108044214228,0.17326293559024658
73.47200000000001,0.03200000000001069,-0.42259167245597395,-2.587794040650138,-0.2000880599203721,-0.030656979478229818
73.504,0.031999999999996476,-0.38080255344468944,-2.2244888406122336,-0.17514031237312291,0.024947747547249183
73.536,0.031999999999996476,-0.05289152645797257,-0.6711641901686801,-0.05946825528618779,0.11567205708693512
73.568,0.031999999999996476,-0.41701578718813415,-2.7081032282308604,-0.2025875723364111,-0.1431193170502233
73.60000000000001,0.03200000000001069,-0.4198938427326041,-2.5148062865116914,-0.1966346176493436,0.0059529546870674965
73.632,0.031999999999996476,-0.4000462052616377,-2.917562748119443,-0.2259097604775833,-0.029275142828239703
73.664,0.031999999999996476,-0.3936745279404566,-4.512769894366321,-0.34491168233131514,-0.11900192185373185
73.696,0.031999999999996476,-0.41657490052561635,-2.478674645376285,-0.20219372819579112,0.14271795413552402
73.72800000000001,0.03200000000001069,-0.4150778531407857,-2.39630002836894,-0.18789690432435915,0.014296823871431968
73.76,0.031999999999996476,-0.1708260771369399,-1.1598139072426261,-0.09614009245015795,0.0917568118742012
73.792,0.031999999999996476,-0.42057970864607197,-2.5035954771830005,-0.1896650573434604,-0.09352496489330245
73.824,0.031999999999996476,-0.41971963827888986,-2.5738698809070146,-0.20023216288583842,-0.010567105542378025
73.856,0.031999999999996476,-0.41513720866306,-2.5268995280694817,-0.19738798175723377,0.002844181128604656
73.888,0.03200000000001069,-0.39418952426901716,-4.52501200415683,-0.3441654338752948,-0.14677745211806104
73.92,0.031999999999996476,-0.4047776373377717,-2.335183671723952,-0.1915982892569538,0.152567144618341
73.952,0.031999999999996476,-0.40435854385018366,-2.5868346700603433,-0.20129720011229973,-0.009698910855345938
73.984,0.031999999999996476,-0.42282077963369413,-2.284655021296724,-0.1796347494767524,0.021662450635547337
74.016,0.03200000000001069,-0.42175473287540016,-2.397385100912519,-0.18667439176730177,-0.007039642290549375
74.048,0.031999999999996476,-0.41992329851458826,-2.3891077509759056,-0.1864720656356256,0.00020232613167617264
74.08,0.031999999999996476,-0.41983405318019434,-2.5214904584862814,-0.19619583983014025,-0.009723774194514645
74.112,0.031999999999996476,-0.4173672330491701,-2.613842169538222,-0.20354875009596132,-0.007352910265821078
74.144,0.03200000000001069,-0.40374208425689095,-2.149016554551554,-0.1697898458138611,0.03375890428210021
74.176,0.031999999999996476,-0.39403211649831976,-4.582630251883824,-0.3468094779267322,-0.1770196321128711
74.208,0.031999999999996476,-0.41869511011560956,-2.3573597110204796,-0.19338175843454655,0.15342771949218567
74.24,0.031999999999996476,-0.4169871502818844,-2.5505732311379994,-0.1987334837115104,-0.005351725276963842
74.272,0.03200000000001069,-0.06354122545903093,-0.5772214099917029,-0.05392169397744069,0.14481178973406972
74.304,0.031999999999996476,-0.10087018019177815,-0.8198135517824467,-0.0634021239560772,-0.009480429978636504
74.336,0.031999999999996476,-0.20233003449059966,-1.2538054319825043,-0.0958652816067087,-0.0324631576506315
74.368,0.031999999999996476,-0.42355409545380823,-2.4179044696822376,-0.18334745666594382,-0.08748217505923513
74.4,0.03200000000001069,-0.4185288048846402,-2.6161082541014564,-0.20297367315665704,-0.019626216490713222
74.432,0.031999999999996476,-0.41604205608979883,-2.2997997845460016,-0.1808452800392688,0.022128393117388234
74.464,0.031999999999996476,-0.41049329535825996,-2.34629557092035,-0.18298713897272953,-0.002141858933460722
74.496,0.031999999999996476,-0.39484376210331845,-2.2375558882001223,-0.1751140456165403,0.007873093356189242
74.528,0.03200000000001069,-0.41802301671078035,-2.588938768374407,-0.20050031579521924,-0.02538627017867895
74.56,0.031999999999996476,-0.1928996920090714,-1.0673336846344226,-0.09006665925383657,0.11043365654138267
74.592,0.031999999999996476,-0.1640220966492973,-1.100466496860052,-0.08612802061879052,0.003938638635046052
74.624,0.031999999999996476,-0.13304579159166807,-1.1371168679209054,-0.08859592323184703,-0.0024679026130565163
74.656,0.03200000000001069,-0.1295711897394176,-0.8685793321698302,-0.06899008176988014,0.019605841461966894
74.688,0.031999999999996476,-0.12424613504086231,-0.9184260489483477,-0.07152399346504659,-0.002533911695166452
74.72,0.031999999999996476,-0.1326440258271318,-1.02351902625654,-0.0793988352056627,-0.007874841740616104
74.752,0.031999999999996476,-0.13421811411715726,-1.0874344465213783,-0.08455379704058122,-0.005154961834918523
74.784,0.03200000000001069,-0.13588308641393296,-1.2586282262009891,-0.09744101756713086,-0.012887220526549642
74.816,0.031999999999996476,-0.02450811001080756,-0.417772418529185,-0.036348258370303185,0.061092759196827676
74.848,0.031999999999996476,-0.12846701744696828,-1.1827780307651223,-0.08908011572185691,-0.052731857351553724
74.88,0.031999999999996476,-0.08427153831215663,-0.8342177773542019,-0.06649107723164138,0.022589038490215527
74.912,0.03200000000001069,-0.004517907082651829,-0.6805694461467409,-0.05388769979214439,0.012603377439496993
74.944,0.031999999999996476,-0.001199967009657271,-0.4672029206756267,-0.03746909582383145,0.01641860396831294
74.976,0.031999999999996476,-0.09180951618853295,-0.964404853166571,-0.0730856076914457,-0.035616511867614255
75.008,0.031999999999996476,0.0013477390469065515,-0.399433854721464,-0.033593620882427476,0.03949198680901823
75.04,0.03200000000001069,-0.12272626822213481,-1.0246241680829056,-0.07729042215587668,-0.04369680127344921
75.072,0.031999999999996476,-0.0017448247002118911,-0.7189437273420584,-0.05733318934655255,0.019957232809324134
75.104,0.031999999999996476,-0.0002023954888643221,-0.5161976003868226,-0.04127108060184339,0.01606210874470916
75.136,0.031999999999996476,-0.005476612343371026,-0.40747258819298016,-0.0323481678530245,0.008922912748818887
75.168,0.03200000000001069,-0.00219641204106448,-0.5644231207406261,-0.04337523404215695,-0.011027066189132448
75.2,0.031999999999996476,-0.1370691142868211,-1.2115662746251556,-0.09160287052127142,-0.04822763647911447
75.232,0.031999999999996476,-0.05011228577418787,-0.6284272631497104,-0.05150283251278927,0.04010003800848215
75.264,0.031999999999996476,-0.08508738137958718,-0.7336710566837333,-0.056927546713213185,-0.005424714200423918
75.296,0.03200000000001069,-0.0009938498295409943,-0.309881957227459,-0.026075164097465166,0.03085238261574802
75.328,0.031999999999996476,-0.1339128983414841,-1.0536681593025847,-0.07899229027203226,-0.0529171261745671
75.36,0.031999999999996476,-0.11676542075593146,-0.8631458385482343,-0.06803609254388732,0.010956197728144948
75.392,0.031999999999996476,-0.011980813661804276,-0.27162534514057324,-0.023903050285889453,0.04413304225799786
75.424,0.03200000000001069,-0.11486871889507291,-1.0141027874202906,-0.07595724973486644,-0.05205419944897698
75.456,0.031999999999996476,-0.017603677285192597,-0.30443087907004107,-0.026772857781431916,0.04918439195343452
75.488,0.031999999999996476,-0.13218876278400266,-1.047881588650985,-0.07860702176859899,-0.05183416398716707
75.52,0.031999999999996476,-0.1189509450871172,-0.876437869079743,-0.06899135028446045,0.009615671484138541
75.552,0.03200000000001069,-0.13439302849938267,-1.0145472652685483,-0.0785928427152412,-0.009601492430780748
75.584,0.031999999999996476,-0.06221508537670701,-0.6516572003729744,-0.05246011045039261,0.026132732264848586
75.616,0.031999999999996476,-0.017331819419415938,-0.5418002654076873,-0.042872588035832146,0.009587522414560463
75.648,0.031999999999996476,-0.1285193776019825,-0.8935374758575789,-0.06818594333473357,-0.025313355298901427
75.68,0.03200000000001069,-0.08301043071336002,-0.8816176742007578,-0.06877067507857947,-0.0005847317438458927
75.712,0.031999999999996476,-0.007529767602962254,-0.49065712782177295,-0.04005310396811721,0.028717571110462255
75.744,0.031999999999996476,-0.12220456989375612,-1.0610979190098038,-0.08034561006212498,-0.04029250609400777
75.776,0.031999999999996476,0.001179311633073317,-0.25367938501545206,-0.023293917408017367,0.057051692654107616
75.808,0.03200000000001069,-0.13609010122040271,-1.280602094770958,-0.09552050448126574,-0.07222658707324837
75.84,0.031999999999996476,-0.07932205959773704,-0.5892084312562541,-0.04884483212781642,0.04667567235344932
75.872,0.031999999999996476,-0.10933269401275222,-1.0051081121222025,-0.07673564534067792,-0.0278908132128615
75.904,0.031999999999996476,-0.0010715014600870196,-0.43742264124898844,-0.03659803815571559,0.04013760718496233
75.936,0.03200000000001069,-0.05681227385291814,-0.6189168509452223,-0.04762805639781284,-0.011030018242097248
75.968,0.031999999999996476,-0.0733303233109702,-0.8480316977515185,-0.06511396690864844,-0.017485910510835603
76.0,0.031999999999996476,-0.12272879517836018,-1.2011578597572083,-0.09209239033538001,-0.026978423426731568
76.032,0.031999999999996476,-0.050590581215458535,-0.8843875670789356,-0.070354470767187,0.021737919568193015
76.06400000000001,0.03200000000001069,-0.0018138447110594268,-0.3868097921871594,-0.032507578448257184,0.03784689231892981
76.096,0.031999999999996476,-0.030199784219226308,-0.6480489436032688,-0.049534298623705744,-0.01702672017544856
76.128,0.031999999999996476,-0.02613134550209559,-0.5446336410709431,-0.04291205070529138,0.006622247918414363
76.16,0.031999999999996476,-0.1260354084247419,-1.0478740650398792,-0.07953816920455456,-0.03662611849926318
76.19200000000001,0.03200000000001069,-0.10102586690822218,-0.561652395105194,-0.04589570951101408,0.03364245969354048
76.224,0.031999999999996476,-0.1359946687480878,-0.9779393296399747,-0.07456739679409624,-0.028671687283082163
76.256,0.031999999999996476,-0.04525344652234126,-0.5533609433174118,-0.04499899616125734,0.0295684006328389
76.288,0.031999999999996476,-0.032461041362151985,-0.39798387589877826,-0.031865574929060544,0.013133421232196796
76.32000000000001,0.03200000000001069,-0.125304404495077,-1.181388488387808,-0.08871914727953527,-0.056853572350474724
76.352,0.031999999999996476,0.000310009351359256,-0.4358242988213036,-0.037172292207364226,0.05154685507217104
76.384,0.031999999999996476,-0.13761920095205746,-0.9994101922844228,-0.07564277405995026,-0.03847048185258604
76.416,0.031999999999996476,0.004225320731105049,-0.4406359006958952,-0.03677125153206031,0.03887152252788995
76.44800000000001,0.03200000000001069,-0.0008395208272030356,-0.6641227092231698,-0.050962504903356166,-0.014191253371295856
76.48,0.031999999999996476,0.0007920484081850269,-0.27853421488322083,-0.02342548766232942,0.027537017241026748
76.512,0.031999999999996476,0.005627932968483063,-0.4109810270665514,-0.03157596961917046,-0.008150481956841042
76.544,0.031999999999996476,-0.10989821043319978,-0.8728965983007861,-0.06601586516045263,-0.03443989554128217
76.57600000000001,0.03200000000001069,-0.004519643308589287,-0.5132189475520545,-0.041553272665319156,0.024462592495133474
76.608,0.031999999999996476,-0.005356196201837762,-0.2338073102556032,-0.01959307466523597,0.021960198000083187
76.64,0.031999999999996476,-0.005172795084445352,-0.4914369307948081,-0.037271473334829996,-0.017678398669594027
76.672,0.031999999999996476,9.612099720615688e-05,-0.35995270708912575,-0.02862265139409967,0.008648821940730328
76.70400000000001,0.03200000000001069,-0.0028179517593720682,-0.40853383032070395,-0.03169602968562084,-0.00307337829152117
76.736,0.031999999999996476,0.0003151542623014971,-0.3755810788566356,-0.029450100173543752,0.0022459295120770863
76.768,0.031999999999996476,-0.003192069401417556,-0.15916191885278597,-0.013404930687528889,0.016045169486014865
76.8,0.031999999999996476,0.0013757797077835698,-0.11544057956192437,-0.009263380655363623,0.004141550032165266
76.83200000000001,0.03200000000001069,0.0010362123801475646,-0.3707337251442892,-0.027798608542340758,-0.018535227886977135
76.864,0.031999999999996476,0.0038520776165294314,-0.5496406796908345,-0.0420254881156473,-0.014226879573306539
76.896,0.031999999999996476,0.1144426649075755,0.16050826652028125,0.009377721602404627,0.05140320971805192
76.928,0.031999999999996476,0.00190442482573989,-0.23264724856330998,-0.016567564134830296,-0.025945285737234924
76.96000000000001,0.03200000000001069,0.0028551290665880563,-0.38573621290882654,-0.029323558667059,-0.012755994532228705
76.992,0.031999999999996476,0.09378044686394295,0.2699818635638467,0.01816170539860313,0.04748526406566213
77.024,0.031999999999996476,0.00882426063345983,-0.02944877887834392,-0.0011172113649389954,-0.019278916763542125
77.056,0.031999999999996476,0.0009618450510935476,-0.3765338002225366,-0.0277548765365505,-0.026637665171611504
77.08800000000001,0.03200000000001069,0.0005016310539538202,-0.11243132635913008,-0.009870488633646287,0.01788438790290421
77.12,0.031999999999996476,0.09428553458941843,0.15162549131480826,0.010580758768745105,0.02045124740239139
77.152,0.031999999999996476,0.0014883572336106764,-0.10355253007060787,-0.007004459070241429,-0.017585217838986533
77.184,0.031999999999996476,-0.003140429059872107,-0.1299855752740608,-0.009963529610545693,-0.0029590705403042634
77.21600000000001,0.03200000000001069,0.001984004529614536,-0.1625544394980741,-0.012529475676007684,-0.0025659460654619912
77.248,0.031999999999996476,-0.004317447757816754,-0.06130529435756486,-0.005231720309106552,0.007297755366901132
77.28,0.031999999999996476,-6.821101811192553e-05,-0.23473712728775556,-0.017564643898397132,-0.01233292358929058
77.312,0.031999999999996476,-0.003141667959440094,-0.30605126338177163,-0.023521069925137035,-0.005956426026739903
77.34400000000001,0.03200000000001069,-0.005500948274246931,0.09663995343655896,0.005749074389272421,0.029270144314409455
77.376,0.031999999999996476,-0.0025068219529929448,-0.20587262323046687,-0.014808030580591852,-0.020557104969864272
77.408,0.031999999999996476,0.0033757556355554176,-0.08225621998169468,-0.006903994998342351,0.007904035582249502
77.44,0.031999999999996476,0.0030498352128747017,0.17877744666051823,0.012748772656774487,0.019652767655116837
77.47200000000001,0.03200000000001069,0.004601528283161206,-0.07270836285628836,-0.004611014584550697,-0.017359787241325184
77.504,0.031999999999996476,-0.004374524958533719,-0.2436880432891058,-0.018187063519486547,-0.013576048934935851
77.536,0.031999999999996476,-0.0023618939621624737,-0.10098567395182327,-0.008476431741036933,0.009710631778449615
77.568,0.031999999999996476,0.00077624520207585,-0.1329754484381183,-0.010268381185088417,-0.001791949444051484
77.60000000000001,0.03200000000001069,-0.0006616895985798412,0.06366591079547786,0.004089221324105269,0.014357602509193686
77.632,0.031999999999996476,-0.006648759701446766,-0.20075749423123032,-0.014527684622136173,-0.018616905946241442
77.664,0.031999999999996476,0.0018842185311317085,-0.1498833135150966,-0.011861122660940837,0.0026665619611953364
77.696,0.031999999999996476,0.12371162624424287,0.6383664101290599,0.046260878720416336,0.058122001381357175
77.72800000000001,0.03200000000001069,-8.860839350206264e-05,-0.2029293099325647,-0.012252869549715977,-0.05851374827013231
77.76,0.031999999999996476,-0.0011762194593985505,0.18534023993940735,0.012922616365853824,0.0251754859155698
77.792,0.031999999999996476,0.001315784512457518,-0.03545445423183528,-0.0018613178691454652,-0.01478393423499929
77.824,0.031999999999996476,-0.0017084160712640037,-0.03138123987791663,-0.0024152356526839103,-0.0005539177835384452
77.856,0.031999999999996476,-0.00212901039965521,0.07868199698424765,0.005646862553088011,0.00806209820577192
77.888,0.03200000000001069,0.00039540943700764003,-0.10389316788564874,-0.007314338930833553,-0.012961201483921565
77.92,0.031999999999996476,-0.003084910273576447,-0.18801122322011576,-0.014248637982116494,-0.006934299051282941
77.952,0.031999999999996476,0.0016925809459103123,0.12156851209789038,0.008117615184727821,0.022366253166844315
77.984,0.031999999999996476,-0.0004119481634786595,0.045080510392056766,0.00378385338373791,-0.004333761800989912
78.016,0.03200000000001069,-0.002406999278509667,-0.15493453593295922,-0.01117548249939145,-0.01495933588312936
78.048,0.031999999999996476,0.0027825758267101108,0.1681098998662348,0.011717689814988419,0.02289317231437987
78.08,0.031999999999996476,-0.0019356826519764715,0.13519298479297764,0.010618574150444444,-0.0010991156645439749
78.112,0.031999999999996476,-0.0006945778624039967,-0.09385723331561985,-0.006289281703744739,-0.016907855854189184
78.144,0.03200000000001069,-0.0021927236433953484,-0.11853941454551908,-0.009080489828133453,-0.0027912081243887136
78.176,0.031999999999996476,-0.0010061161676496195,0.07532570708791489,0.005015261257010599,0.014095751085144052
78.208,0.031999999999996476,-0.001289364280451438,-0.02074158420464101,-0.0012358143931377914,-0.00625107565014839
78.24,0.031999999999996476,-0.0007057058296676776,-0.03197380685795591,-0.002422703423780635,-0.0011868890306428437
78.272,0.03200000000001069,0.0021401479768951596,-0.049561667734703004,-0.003784636705572202,-0.0013619332817915667
78.304,0.031999999999996476,-0.0030965200828889945,-0.03067487152876858,-0.0024743205870453567,0.0013103161185268452
78.336,0.031999999999996476,0.12292823608870462,0.4254291288769192,0.031143314253279052,0.03361763484032441
78.368,0.031999999999996476,-0.0028751972031398833,-0.048411736803327304,-0.0017623352783132258,-0.03290564953159228
78.4,0.03200000000001069,0.06715405768373636,0.22363253838314176,0.0163442495359366,0.018106584814249826
78.432,0.031999999999996476,0.11091065578465799,0.579467870372606,0.0435577368920662,0.0272134873561296
78.464,0.031999999999996476,0.0006905695088582329,0.06345317938688638,0.007180909166580258,-0.03637682772548594
78.496,0.031999999999996476,0.10470246451064562,0.3926290426018069,0.02928857598893752,0.02210766682235726
78.528,0.03200000000001069,0.09525813799671444,0.2513646297918633,0.02017621429204142,-0.0091123616968961
78.56,0.031999999999996476,0.12957517476672897,0.41337809663952935,0.031564673103307975,0.011388458811266555
78.592,0.031999999999996476,0.1339902812474278,0.37897465253714074,0.029692081256305156,-0.0018725918470028184
78.624,0.031999999999996476,0.12929449966042714,0.4437422927809953,0.03434700518952749,0.0046549239332223345
78.656,0.03200000000001069,0.17104105672824377,0.6629824261189792,0.0507386987198675,0.016391693530340007
78.688,0.031999999999996476,0.1397529532571535,0.5626331763845913,0.04430526951608231,-0.006433429203785188
78.72,0.031999999999996476,0.41951263402988404,2.3275308008947255,0.1737248446436866,0.12941957512760427
78.752,0.031999999999996476,0.03766995262011057,0.09865106257614355,0.01728379655989392,-0.15644104808379267
78.784,0.03200000000001069,0.1401652165645252,0.8395292071597905,0.06273694568755017,0.04545314912765625
78.816,0.031999999999996476,0.13388703458237652,0.7365043482980284,0.05778444261382227,-0.004952503073727903
78.848,0.031999999999996476,0.3619405778008037,1.9686604812024069,0.14811158028050134,0.09032713766667907
78.88,0.031999999999996476,0.11129730749154795,0.9087867902688473,0.0753827313420386,-0.07272884893846274
78.912,0.03200000000001069,0.13960130724892433,1.0014459923058234,0.07799834066843092,0.002615609326392321
78.944,0.031999999999996476,0.17035302723736126,1.1378482278151032,0.08818038867773359,0.010182048009302669
78.976,0.031999999999996476,0.130498204604872,1.0341805981477765,0.08114444795262518,-0.007035940725108408
79.008,0.031999999999996476,0.2533630507578193,1.7461630822178555,0.1330976227283914,0.05195317477576622
79.04,0.03200000000001069,0.4175720495629943,2.43631506604322,0.18685076480989904,0.05375314208150764
79.072,0.031999999999996476,0.41654052033018296,2.35754548313862,0.18416115116299384,-0.0026896136469052034
79.104,0.031999999999996476,0.3993758825623786,2.744524582333877,0.21246441285459824,0.02830326169160441
79.136,0.031999999999996476,0.39815377767139837,4.616897011649005,0.35179302660243156,0.1393286137478333
79.168,0.03200000000001069,0.41599179667304376,2.2564949780170473,0.18625183879246626,-0.1655411878099653
79.2,0.031999999999996476,0.016532167900639758,0.33786047528846386,0.035598482772506976,-0.15065335601995927
79.232,0.031999999999996476,0.4177548788943258,2.472546616914562,0.1838867058310766,0.14828822305856965
79.264,0.031999999999996476,0.417273793527211,2.249323435655502,0.17603136488696108,-0.007855340944115524
79.296,0.03200000000001069,0.420957050834014,2.3101225943858164,0.18004906720268282,0.004017702315721738
79.328,0.031999999999996476,0.3919775348156637,4.509694944570335,0.34203805429654666,0.16198898709386383
79.36,0.031999999999996476,0.40774081778135507,2.256259036505706,0.18567134204504301,-0.15636671225150364
79.392,0.031999999999996476,0.4194215005139247,2.6337296533115504,0.20440371060574417,0.01873236856070115
79.424,0.03200000000001069,0.10071552972442059,0.8093202326116145,0.07131763093374935,-0.13308607967199482
79.456,0.031999999999996476,0.22019718074707656,1.482970958396086,0.1131751212442329,0.04185749031048355
79.488,0.031999999999996476,0.18383178757878949,1.35503551000855,0.10618311370681519,-0.006992007537417716
79.52,0.031999999999996476,0.4204772933006305,2.657208762423031,0.20154158748954853,0.09535847378273335
79.552,0.03200000000001069,0.419767722294441,2.5472005277952716,0.19895651375015203,-0.0025850737393965095
79.584,0.031999999999996476,0.40743406385472564,2.017343780189197,0.15984149459354807,-0.03911501915660395
79.616,0.031999999999996476,0.39625284540490385,1.933580140589853,0.15142342358036387,-0.008418071013184203
79.648,0.031999999999996476,0.40398549430859154,2.3830798207673842,0.18399376439755624,0.03257034081719237
79.68,0.03200000000001069,0.4215354442235297,2.287140620875371,0.17881862964608417,-0.005175134751472077
79.712,0.031999999999996476,0.12818375397267592,0.8416534866701322,0.07221842263143904,-0.10660020701464512
79.744,0.031999999999996476,0.13750192970343797,1.3260055756837887,0.10168385332030212,0.02946543068886308
79.776,0.031999999999996476,0.06842994782162,0.7623284489495306,0.06193192188601027,-0.03975193143429185
79.808,0.03200000000001069,0.13721223978229266,1.1223179796739688,0.08611079117182578,0.02417886928581551
79.84,0.031999999999996476,0.3909803000213337,2.5284075915200948,0.19091076353801864,0.10479997236619286
79.872,0.031999999999996476,0.42681283974931333,2.2488109912522085,0.17639917198334704,-0.014511591554671605
79.904,0.031999999999996476,0.4216430950196662,2.5526872803219622,0.19790856231275844,0.021509390329411404
79.936,0.03200000000001069,0.40616789566841927,2.123743767797991,0.16760567651224492,-0.030302885800513518
79.968,0.031999999999996476,0.42129627688831756,2.42476797148954,0.18799370698276602,0.020388030470521096
80.0,0.031999999999996476,0.41836586417898575,2.409620822798897,0.18805676443450273,6.305745173670885e-05
80.032,0.031999999999996476,0.12945145214480713,1.19922723730852,0.09904778624721315,-0.08900897818728958
80.06400000000001,0.03200000000001069,0.07763318383532389,0.6256954561373982,0.05173172292553762,-0.04731606332167553
80.096,0.031999999999996476,0.4057564064651615,2.46745097119084,0.1844433279664206,0.13271160504088297
80.128,0.031999999999996476,0.42120683821029814,2.562209445807299,0.19907320622598462,0.014629878259564022
80.16,0.031999999999996476,0.4161257225635451,2.355012012694172,0.1846804294441513,-0.014392776781833316
80.19200000000001,0.03200000000001069,0.40086704588423183,2.452954301741497,0.19105224583432534,0.006371816390174034
80.224,0.031999999999996476,0.4015983499686074,4.42335893777631,0.3363240881568066,0.14527184232248125
80.256,0.031999999999996476,0.42254452434658246,2.249090510866748,0.18481430504999566,-0.15150978310681093
80.288,0.031999999999996476,0.4236649664259188,2.4336993368109816,0.18964395986727667,0.004829654817281009
80.32000000000001,0.03200000000001069,0.03620095652089219,0.3490371848642131,0.036616244547729465,-0.1530277153195472
80.352,0.031999999999996476,0.4213909840975695,2.6429057646234146,0.19647371058930593,0.15985746604157647
80.384,0.031999999999996476,0.4143234750652388,2.4919114420591097,0.19459797800203815,-0.001875732587267781
80.416,0.031999999999996476,0.41765257468336886,2.5201117101408252,0.19656354779176533,0.001965569789727173
80.44800000000001,0.03200000000001069,0.4234941640799165,2.5824411805470446,0.20126074169463012,0.004697193902864799
80.48,0.031999999999996476,0.3977435601145923,4.5284151420556205,0.3446392722669441,0.14337853057231395
80.512,0.031999999999996476,0.40867018216176204,2.0701188081440924,0.17213271340444503,-0.17250655886249905
80.544,0.031999999999996476,0.41670048913866103,2.7225908961643546,0.21015701398638356,0.038024300581938536
80.57600000000001,0.03200000000001069,0.4224612029429288,2.4778823488191515,0.1943561997939743,-0.01580081419240925
80.608,0.031999999999996476,0.1429626019282066,1.1056669040666955,0.09253099874282728,-0.10182520105114704
80.64,0.031999999999996476,0.1840365588222821,1.4419717049868688,0.1113846550227966,0.018853656279969322
80.672,0.031999999999996476,0.41120742968956553,2.397887897390913,0.18277135252123902,0.07138669749844243
80.70400000000001,0.03200000000001069,0.4177377204018943,2.529406579135663,0.19656435438041148,0.013793001859172455
80.736,0.031999999999996476,0.41083703000542343,2.776675086365754,0.21554479368689344,0.018980439306481967
80.768,0.031999999999996476,0.396467068028859,4.415909895492794,0.3371902161006769,0.12164542241378345
80.8,0.031999999999996476,0.3984917257725287,4.174099040397864,0.3264298691011101,-0.010760346999566794
80.83200000000001,0.03200000000001069,0.4176224698326114,2.4237787024670383,0.19708973008614572,-0.12934013901496438
80.864,0.031999999999996476,0.39973257284266095,2.060480890733436,0.16290603977430948,-0.03418369031183624
80.896,0.031999999999996476,0.11782667131043487,0.9321588971795647,0.07795559188133531,-0.08495044789297417
80.928,0.031999999999996476,0.40999254189769707,2.2177805627073104,0.1675963893465332,0.08964079746519789
80.96000000000001,0.03200000000001069,0.42099220166635676,2.2395264998167885,0.17437047105852457,0.00677408171199137
80.992,0.031999999999996476,0.4174705298653141,2.339301797943217,0.1820990305724488,0.0077285595139242325
81.024,0.031999999999996476,0.4104400590717822,4.421794560183238,0.33569218261381156,0.15359315204136276
81.056,0.031999999999996476,0.42071947336766785,4.531749167496537,0.35264506036537574,0.016952877751564177
81.08800000000001,0.03200000000001069,0.4191879391670128,2.2481466930092933,0.18568709114547088,-0.16695796921990486
81.12,0.031999999999996476,0.08592629025264215,0.9005456915845185,0.07694587866845956,-0.10874121247701132
81.152,0.031999999999996476,0.1053744679691898,0.7913386473159109,0.06263723798136869,-0.014308640687090868
81.184,0.031999999999996476,0.28173601174307095,1.7394446722455499,0.1315351451728875,0.06889790719151881
81.21600000000001,0.03200000000001069,0.02813977106320018,0.6472750802119842,0.05519415863896903,-0.07634098653391846
81.248,0.031999999999996476,0.42243193888323777,2.4483841563341073,0.18324103330384603,0.128046874664877
81.28,0.031999999999996476,0.4169063336240305,2.5379068924681016,0.19721658358667604,0.013975550282830013
81.312,0.031999999999996476,0.4172099789649753,2.488967161959276,0.1944243403496703,-0.002792243237005748
81.34400000000001,0.03200000000001069,0.40374556473632023,3.6012360856954433,0.2760596553073933,0.081635314957723
81.376,0.031999999999996476,0.41475774681130473,2.238956544285295,0.18059004071934098,-0.09546961458805231
81.408,0.031999999999996476,0.307124668182216,1.87244274892126,0.1481251603828462,-0.03246488033649478
81.44,0.031999999999996476,0.0065130417893160385,0.24809112956982124,0.026795806770874796,-0.1213293536119714
81.47200000000001,0.03200000000001069,0.41632329048249467,2.532516427730823,0.18778872893410498,0.1609929221632302
81.504,0.031999999999996476,0.41940684262624645,2.56688341931502,0.19961005820916988,0.011821329275064907
81.536,0.031999999999996476,0.42033404126635604,2.4793717338252557,0.19385686347400014,-0.005753194735169748
81.568,0.031999999999996476,0.42372383337621217,2.5085168116601864,0.1956680724729575,0.0018112089989573699
81.60000000000001,0.03200000000001069,0.4140754523185155,2.307316483098488,0.18097631416309454,-0.014691758309862968
81.632,0.031999999999996476,0.4173890470654606,2.2439142260962375,0.17546555616372017,-0.005510757999374366
81.664,0.031999999999996476,0.2598969711300813,1.595121565560735,0.12743506597655943,-0.04803049018716074
81.696,0.031999999999996476,0.03258965066615086,0.2769184031380588,0.027721350928787906,-0.09971371504777152
81.72800000000001,0.03200000000001069,0.4070675423329847,2.460504049057007,0.18254635310605274,0.15482500217726483
81.76,0.031999999999996476,0.4215166629832202,2.5706475087617493,0.19958423267759967,0.017037879571546927
81.792,0.031999999999996476,0.4237340182579254,2.606292420559156,0.20318914864032003,0.003604915962720362
81.824,0.031999999999996476,0.3963459323462464,2.354454229952465,0.18487701953486663,-0.018312129105453406
81.85600000000001,0.03200000000001069,0.4148100260478554,2.8032339447626122,0.21682323908644527,0.03194621955157864
81.888,0.031999999999996476,0.2204947435287793,1.3940136738834406,0.11503308696619356,-0.1017901521202517
81.92,0.031999999999996476,0.06343514828554242,0.5761602694744794,0.049011710747385,-0.06602137621880856
81.952,0.031999999999996476,0.3847645340597894,2.50307933885697,0.18690642239988728,0.13789471165250228
81.984,0.031999999999996476,0.4189936228173119,2.321843555161982,0.18153883635430898,-0.005367586045578299
82.016,0.03200000000001069,0.41655620532057835,2.3484780608920928,0.18318767814606746,0.0016488417917584763
82.048,0.031999999999996476,0.41691095915816284,2.429064235908887,0.18920918982597074,0.00602151167990328
82.08,0.031999999999996476,0.416832272876457,2.529901701792991,0.196972416223443,0.0077632263974722615
82.112,0.031999999999996476,0.21705299262578723,1.10463990600808,0.09260650483479062,-0.10436591138865238
82.144,0.03200000000001069,0.16178079012607766,1.1959350703986054,0.09329542408397674,0.0006889192491861262
82.176,0.031999999999996476,0.13397813751076648,0.7859114510484154,0.0631819649179539,-0.030113459166022843
82.208,0.031999999999996476,0.41593453716288853,2.6062325768595582,0.1953103705927454,0.1321284056747915
82.24,0.031999999999996476,0.42184287495013756,2.3761678578382095,0.18601901005688443,-0.009291360535860965
82.272,0.03200000000001069,0.42357301601349945,2.4484541822738826,0.19079858105372385,0.004779570996839427
82.304,0.031999999999996476,0.4181313165575473,2.521948508451817,0.19647929067355424,0.0056807096198303875
82.336,0.031999999999996476,0.4150633241124814,2.2906938423122982,0.17980071227320477,-0.016678578400349475
82.368,0.031999999999996476,0.41467273763776763,2.286695128610361,0.17854380701168016,-0.0012569052615246101
82.4,0.03200000000001069,0.10257190064076835,0.7859412580330263,0.06810546746118512,-0.11043833955049503
82.432,0.031999999999996476,0.2565698249452951,1.7022021589513785,0.12911199815475868,0.06100653069357356
82.464,0.031999999999996476,-0.0012979498187457705,0.4234522772336595,0.03859429296846191,-0.09051770518629677
82.496,0.031999999999996476,0.3356039224986705,2.084670078369915,0.15553512269084846,0.11694082972238655
82.528,0.03200000000001069,0.41730612281673135,2.244356121164003,0.17402935670512715,0.018494234014278688
82.56,0.031999999999996476,0.4194435883626839,2.4072514633018613,0.18707637213673967,0.013047015431612519
82.592,0.031999999999996476,0.40396809985526716,4.549145706883812,0.3453449521261327,0.15826857998939303
82.624,0.031999999999996476,0.4164218665316632,2.4310975787128495,0.19871991220266683,-0.14662503992346587
82.656,0.03200000000001069,0.4136648411978292,2.2891624822912693,0.17981744472498623,-0.018902467477680596
82.688,0.031999999999996476,0.021149250431673306,0.4671297799483533,0.044733525081443404,-0.13508391964354283
82.72,0.031999999999996476,0.39599771961563385,2.614375643119361,0.19484420211121445,0.15011067702977104
82.752,0.031999999999996476,0.4173866912493484,2.2631792167307836,0.17768288832093593,-0.01716131379027852
82.784,0.03200000000001069,0.41060527772331573,2.3387236072093147,0.1822477330887814,0.004564844767845466
82.816,0.031999999999996476,0.4199204511764133,2.667656062345577,0.20670102462275852,0.02445329153397713
82.848,0.031999999999996476,0.41305079830293273,2.4112491177305486,0.18925646580816397,-0.017444558814594557
82.88,0.031999999999996476,0.4148124538400289,2.479344020888984,0.19325712211710494,0.004000656308940975
82.912,0.03200000000001069,0.13127736978201573,0.9552985798735482,0.08140942938192937,-0.11184769273517557
82.944,0.031999999999996476,0.05060249566394253,0.656781141071975,0.052999525160817004,-0.028409904221112364
82.976,0.031999999999996476,0.18028372540477236,1.333442766316314,0.10112129677655207,0.04812177161573507
83.008,0.031999999999996476,0.004358117674681243,0.2842077753795222,0.02673834338499158,-0.0743829533915605
83.04,0.03200000000001069,0.13917284926348114,1.1213461960531357,0.08400763315269553,0.05726928976770396
83.072,0.031999999999996476,0.12125060216630017,1.0654508720852267,0.08320318165245569,-0.0008044515002398472
83.104,0.031999999999996476,0.0013203305184047575,0.3099969082241396,0.02760048579359592,-0.05560269585885977
83.136,0.031999999999996476,0.12239462455263263,1.194161603484222,0.08941226539433701,0.06181177960074109
83.168,0.03200000000001069,0.09324528156818147,1.1148695189171753,0.0871494445691815,-0.002262820825155512
83.2,0.031999999999996476,0.000858242611019609,0.49871511966772003,0.04170667992752813,-0.04544276464165337
83.232,0.031999999999996476,-0.0004831867670450395,0.5422790051133299,0.04228700903489039,0.0005803291073622624
83.264,0.031999999999996476,0.0015186160087952586,0.4511197022167655,0.035616635116131376,-0.006670373918759014
83.296,0.03200000000001069,0.09092515822525753,0.873057354217875,0.06626095107986749,0.03064431596373611
83.328,0.031999999999996476,0.028936359192517722,0.6762852437367134,0.05355935360600157,-0.012701597473865914
83.36,0.031999999999996476,0.004707418495225899,0.417135816959198,0.03376819455360415,-0.019791159052397422
83.392,0.031999999999996476,0.009160769501417507,0.46616965692345425,0.036231628890133365,0.0024634343365292147
83.424,0.03200000000001069,0.06578743790126153,0.660859682349489,0.050691389250495926,0.014459760360362561
83.456,0.031999999999996476,0.003287588519978954,0.761072337621657,0.0588957992486613,0.008204409998165373
83.488,0.031999999999996476,0.0029632139298949966,0.49074378280552017,0.039489409120144085,-0.019406390128517213
83.52,0.031999999999996476,0.0014543510851445884,0.39291675266295106,0.03117487415960172,-0.008314534960542366
83.552,0.03200000000001069,-0.0026820371014235856,0.31032713402880174,0.024621224462721653,-0.006553649696880066
83.584,0.031999999999996476,0.0009170023341194926,0.530982294261166,0.04046991877220198,0.015848694309480323
83.616,0.031999999999996476,0.0018248804095280448,0.1808052264219928,0.01563274839374697,-0.024837170378455006
83.648,0.031999999999996476,-0.003390231667638626,0.38851004600569805,0.029473580930636078,0.013840832536889107
83.68,0.03200000000001069,0.0035670120671863386,0.3280507999974219,0.02582641278334838,-0.0036471681472876986
83.712,0.031999999999996476,-0.001269474347643133,0.36682630044040254,0.028467424214982426,0.0026410114316340466
83.744,0.031999999999996476,0.007919513699130206,0.4648273223765529,0.035826904720202536,0.00735948050522011
83.776,0.031999999999996476,0.0014680011414860774,0.16346365168946525,0.014089408140522446,-0.02173749657968009
83.808,0.03200000000001069,0.0016656311845257006,0.36586950741682434,0.02771949498508122,0.013630086844558773
83.84,0.031999999999996476,0.011287184634341616,0.2381528985595806,0.019114038985355887,-0.008605455999725332
83.872,0.031999999999996476,0.06883025810161257,0.7158953220809904,0.05375053998268089,0.034636500997325
83.904,0.031999999999996476,-1.9597889787915713e-05,0.3563657827941327,0.029310189489670336,-0.024440350493010552
83.936,0.03200000000001069,-0.0013272603229741438,0.22599998966678816,0.018312140639519,-0.010998048850151335
83.968,0.031999999999996476,-0.0027450623059331793,0.17897443438186236,0.014218963434614264,-0.004093177204904737
84.0,0.031999999999996476,-0.0010664373410178114,0.2494777157585653,0.019167495370991137,0.004948531936376873
84.032,0.031999999999996476,0.003455599502951284,0.2921754868812485,0.022593173315743238,0.0034256779447521014
84.06400000000001,0.03200000000001069,0.0034928824329363314,0.47983573955294934,0.03659151203160816,0.013998338715864922
84.096,0.031999999999996476,0.0006201739325446525,0.4576125329809917,0.03576532357154023,-0.0008261884600679267
84.128,0.031999999999996476,0.0032841147668700057,0.318579964700197,0.025493141910858663,-0.01027218166068157
84.16,0.031999999999996476,-0.0057447748132309845,0.12820737637279775,0.010900095070806134,-0.01459304684005253
84.19200000000001,0.03200000000001069,0.006173885639960615,0.38012612822534986,0.02858381400617243,0.017683718935366296
84.224,0.031999999999996476,-0.06571952118246539,0.0830642650706674,0.007758682090418647,-0.020825131915753782
84.256,0.031999999999996476,-0.12780632504155176,-0.10722652411853924,-0.007437561308836638,-0.015196243399255285
84.288,0.031999999999996476,-0.05614694130098767,-0.1597861994587472,-0.012180076855874683,-0.004742515547038045
84.32000000000001,0.03200000000001069,-8.792060311679571e-05,0.36234348380365455,0.02594367726664163,0.03812375412251631
84.352,0.031999999999996476,-0.006274602815203252,0.2078789156112132,0.016785167102921522,-0.009158510163720109
84.384,0.031999999999996476,-0.006092769324773388,0.4265423091834655,0.03233701024851146,0.015551843145589939
84.416,0.031999999999996476,-0.06170094932292762,0.060322561503491676,0.00630292061689757,-0.02603408963161389
84.44800000000001,0.03200000000001069,-0.09049598683577849,-0.23854038555188806,-0.01717845218911777,-0.02348137280601534
84.48,0.031999999999996476,-0.026289295068238232,-0.13156938543408203,-0.010667338608805668,0.006511113580312103
84.512,0.031999999999996476,-0.0025459512853185447,0.17581890182322646,0.01231394624322062,0.022981284852026287
84.544,0.031999999999996476,-0.0028440235922343824,0.07084841019228696,0.005921080893750195,-0.006392865349470425
84.57600000000001,0.03200000000001069,9.703943450140142e-05,0.08601618266810199,0.006667468096021171,0.0007463872022709763
84.608,0.031999999999996476,-0.0031175367614353676,0.10662345680097796,0.008226019948253756,0.0015585518522325849
84.64,0.031999999999996476,-0.00011344844736393968,0.2664908654316072,0.020072679150682924,0.011846659202429168
84.672,0.031999999999996476,0.00546964779158409,0.13690975312064071,0.011227151511540433,-0.008845527639142491
84.70400000000001,0.03200000000001069,0.002396284994457922,0.16539826406593564,0.012811558905904902,0.0015844073943644694
84.736,0.031999999999996476,0.0016596549218328928,0.07606673527652207,0.006333564422536948,-0.006477994483367954
84.768,0.031999999999996476,0.0038901538607006908,0.028307872131885393,0.002447398161757383,-0.003886166260779565
84.8,0.031999999999996476,-0.003358363989394406,-0.08951063603271942,-0.006441346409452851,-0.008888744571210234
84.83200000000001,0.03200000000001069,0.0010534623342615694,0.2421226651399694,0.017433902648076843,0.023875249057529694
84.864,0.031999999999996476,-0.00226724091753516,0.0590066288069377,0.00534580397011899,-0.012088098677957853
84.896,0.031999999999996476,-0.0035101256570780398,0.12399019872522975,0.009426875631840944,0.004081071661721954
84.928,0.031999999999996476,-0.00129758951388715,-0.05445251946993467,-0.0034602457787130114,-0.012887121410553955
84.96000000000001,0.03200000000001069,0.003022461560660115,-0.028490048146731384,-0.0022949213916032577,0.0011653243871097537
84.992,0.031999999999996476,-0.00017203264660254825,0.06697776625308074,0.004793076405403161,0.007087997797006419
85.024,0.031999999999996476,0.002309577835914489,0.08117304826862642,0.006246184236422113,0.001453107831018952
85.056,0.031999999999996476,-0.004362978290843272,-0.003275454022108031,0.00011970882508334518,-0.006126475411338768
85.08800000000001,0.03200000000001069,0.004943651498445832,0.10237753802239988,0.007535778015155927,0.007416069190072582
85.12,0.031999999999996476,0.0006448578034968338,0.2545647463573011,0.019155782622385535,0.011620004607229608
85.152,0.031999999999996476,0.0007092561503832599,-0.05677615600616616,-0.0030694857072800052,-0.02222526832966554
85.184,0.031999999999996476,-0.0002164078657071516,0.08977731171807116,0.006425045259439355,0.00949453096671936
85.21600000000001,0.03200000000001069,0.0014183667637325237,0.2136539963906741,0.016083075225719515,0.009658029966280159
85.248,0.031999999999996476,-0.003391547371931967,-0.20983405148612688,-0.014502782573462058,-0.030585857799181573
85.28,0.031999999999996476,-0.00039680367913466673,-0.026260547945462336,-0.0027684389076062695,0.011734343665855788
85.312,0.031999999999996476,-3.208696967926582e-05,0.266816833733657,0.019461950962728788,0.022230389870335057
85.34400000000001,0.03200000000001069,-0.0018079331577416176,0.10099038993944356,0.00855037663223898,-0.010911574330489808
85.376,0.031999999999996476,-0.003329414174740506,-0.036363027312285925,-0.0021805399070435596,-0.010730916539282539
85.408,0.031999999999996476,-0.0022476824085961877,-0.0929708928309415,-0.006962981075008876,-0.004782441167965316
85.44,0.031999999999996476,0.040262622393185406,0.11393135436961266,0.007976571129999315,0.014939552205008191
85.47200000000001,0.03200000000001069,-0.0010295473550478362,0.13645146331321265,0.010495151614227247,0.0025185804842279315
85.504,0.031999999999996476,-0.003605477027306819,-0.1346479888529394,-0.009296168174420577,-0.019791319788647822
85.536,0.031999999999996476,-0.005420286051231731,-0.003495801372470436,-0.0007937412405788049,0.008502426933841772
85.568,0.031999999999996476,-0.0018445741822560092,0.03870064199894321,0.002800232028613682,0.0035939732691924868
85.60000000000001,0.03200000000001069,-0.14008950813019658,-0.5010657947126342,-0.03668683722386913,-0.03948706925248281
85.632,0.031999999999996476,-0.1351041980610299,-0.4631384769157317,-0.036177205775589714,0.000509631448279417
85.664,0.031999999999996476,-0.418194544907894,-1.9677776060104215,-0.1467992875823106,-0.11062208180672087
85.696,0.031999999999996476,-0.0030044012512326864,0.11946996194670607,0.0003112605673328625,0.14711054814964344
85.72800000000001,0.03200000000001069,-0.20375722531032595,-1.0192882659044655,-0.07494072116187006,-0.07525198172920293
85.76,0.031999999999996476,0.0022846094245222194,-0.007278348921590752,-0.00486151015102653,0.07007921101084354
85.792,0.031999999999996476,-0.41338514510511654,-1.7767234491520356,-0.13094129538318808,-0.12607978523216154
85.824,0.031999999999996476,0.007550105678732113,-0.16413704012737795,-0.01962979533778354,0.11131150004540454
85.85600000000001,0.03200000000001069,-0.01645288042971306,-0.3575477867074981,-0.027427355202798806,-0.007797559865015267
85.888,0.031999999999996476,-0.14119355400233338,-0.8820936264199691,-0.06645272100707209,-0.03902536580427328
85.92,0.031999999999996476,-0.04226343448554058,-0.314262326911781,-0.026947177004142713,0.03950554400292937
85.952,0.031999999999996476,-0.2286509638735548,-1.2328213451144814,-0.09221759663647104,-0.06527041963232832
85.98400000000001,0.03200000000001069,-0.10233036629664316,-0.636021308765943,-0.052096787919221406,0.040120808717249636
86.016,0.031999999999996476,-0.0714457609445207,-0.6641569884433475,-0.05184975488747877,0.00024703303174263697
86.048,0.031999999999996476,-0.0002203861915191289,-0.29266899173197397,-0.024516182476735166,0.027333572410743603
86.08,0.031999999999996476,-0.11366955797721169,-0.7333871282796564,-0.055348752134423695,-0.03083256965768853
86.112,0.031999999999996476,-0.10642859578330885,-0.9179127640160701,-0.07069874499496931,-0.015349992860545614
86.144,0.03200000000001069,-0.0012198125133790255,-0.1805727684981298,-0.01736073564635834,0.053338009348610965
86.176,0.031999999999996476,-0.1675729664934271,-1.2265319870400238,-0.09120165940008935,-0.07384092375373101
86.208,0.031999999999996476,-0.00020439991131441978,-0.3626321728857494,-0.03193303982312248,0.05926861957696687
86.24,0.031999999999996476,-0.00688227821026449,-0.431734325491561,-0.03359330502667393,-0.0016602652035514476
86.272,0.03200000000001069,-0.06572715653382198,-0.2974842149785733,-0.023816367070489217,0.009776937956184714
86.304,0.031999999999996476,-0.07810340805174433,-0.9021874268157001,-0.06772196462465319,-0.04390559755416397
86.336,0.031999999999996476,-0.08547654173155907,-0.8072569887926481,-0.06327538836762765,0.0044465762570255335
86.368,0.031999999999996476,-0.0017553858635709423,-0.4327905828186021,-0.035480347307485643,0.02779504106014201
86.4,0.03200000000001069,-0.005790645379188631,-0.32161873813879094,-0.02570016258090654,0.009780184726579103
86.432,0.031999999999996476,0.0006263663153925475,-0.47900406609990037,-0.03670971420252331,-0.011009551621616768
86.464,0.031999999999996476,-0.0011169988795298,-0.6138420266649515,-0.04726129962596942,-0.010551585423446114
86.496,0.031999999999996476,-0.0006753192562632578,-0.3461082689424742,-0.028181231736200928,0.019080067889768494
86.528,0.03200000000001069,-0.10115849058939283,-0.85477630024463,-0.06448731924970935,-0.036306087513508424
86.56,0.031999999999996476,-0.009012751975423635,-0.5333930789206381,-0.04294864130987351,0.02153867793983584
86.592,0.031999999999996476,-0.0034458901602760538,-0.45316131884073074,-0.03580497148617307,0.0071436698237004395
86.624,0.031999999999996476,0.0073634390135864265,-0.2790411833279097,-0.022587739810601234,0.013217231675571837
86.656,0.03200000000001069,-0.02160885806684022,-0.46824103901323255,-0.03573852145643142,-0.013150781645830188
86.688,0.031999999999996476,-0.08986238929986469,-0.5180540584092914,-0.0401609646824967,-0.004422443226065276
86.72,0.031999999999996476,-0.09098283427326803,-0.7502945470146544,-0.05749528638699914,-0.017334321704502442
86.752,0.031999999999996476,-0.040181832356501315,-0.417299589861826,-0.034007456219710276,0.023487830167288865
86.784,0.03200000000001069,-0.12200763113146197,-0.8870300897543162,-0.06719561280238187,-0.033188156582671595
86.816,0.031999999999996476,-0.1331055680763228,-0.7152733381524541,-0.0564805040595914,0.010715108742790469
86.848,0.031999999999996476,-0.4205899905198412,-2.218634460272947,-0.1664194481511786,-0.10993894409158719
86.88,0.031999999999996476,-0.2699267861811921,-1.6301491717815282,-0.1294887805986324,0.036930667552546204
86.912,0.03200000000001069,-0.41756752103164724,-2.4093021366461276,-0.18465589273540625,-0.05516711213677386
86.944,0.031999999999996476,-0.2841909814543187,-1.8966158182299553,-0.1501375712624834,0.03451832147292286
86.976,0.031999999999996476,-0.4206617230981909,-4.616093434565655,-0.3481358602740626,-0.19799828901157923
87.008,0.031999999999996476,-0.4160827917628374,-4.525415320507247,-0.35289762985897827,-0.004761769584915643
87.04,0.03200000000001069,-0.4168327136041636,-3.139528643594859,-0.251254102296967,0.10164352756201128
87.072,0.031999999999996476,-0.4208141250814168,-4.6994037139242195,-0.36009988117571246,-0.10884577887874547
87.104,0.031999999999996476,-0.4101679660995244,-3.138822561108806,-0.25161795615765115,0.10848192501806131
87.136,0.031999999999996476,-0.4185427195413467,-4.827651036208795,-0.36955222325287185,-0.1179342670952207
87.168,0.03200000000001069,-0.38772131529810266,-3.023952216064172,-0.24371603995570496,0.1258361832971669
87.2,0.031999999999996476,-0.261261938562051,-1.7877921888361794,-0.14554414474197733,0.09817189521372763
87.232,0.031999999999996476,-0.41277224794893086,-2.455929996788986,-0.18901177749753184,-0.043467632755554514
87.264,0.031999999999996476,-0.39875036952484333,-2.223698338696683,-0.1744427551134171,0.014569022384114755
87.296,0.03200000000001069,-0.42525262187893254,-3.027917831219727,-0.23274418252564782,-0.05830142741223074
87.328,0.031999999999996476,-0.42169371305376924,-2.8217212445479554,-0.22094612647673104,0.011798056048916788
87.36,0.031999999999996476,-0.4054660675529232,-4.637560006814225,-0.3538022294527474,-0.13285610297601638
87.392,0.031999999999996476,-0.41831717297405935,-4.5933339282407735,-0.3582194939227224,-0.00441726446997498
87.424,0.03200000000001069,-0.4160969670430288,-2.46420945368154,-0.20189820241291934,0.15632129150980306
87.456,0.031999999999996476,-0.41750707491230277,-2.823621638057571,-0.21930517185995824,-0.0174069694470389
87.488,0.031999999999996476,-0.4132042035627408,-2.411713889512526,-0.19001827102681226,0.029286900833145973
87.52,0.031999999999996476,-0.20895899535716017,-1.5099902964685585,-0.1220146079735701,0.06800366305324217
87.552,0.03200000000001069,-0.41601325102085335,-2.600163609348668,-0.19826041157581414,-0.07624580360224405
87.584,0.031999999999996476,-0.41431479507223773,-2.4315192315962078,-0.19025986576579068,0.008000545810023463
87.616,0.031999999999996476,-0.4016126470846363,-4.427997868693839,-0.33661949281658954,-0.14635962705079886
87.648,0.031999999999996476,-0.4024603526645551,-4.647988574653578,-0.36124686545922935,-0.02462737264263981
87.68,0.03200000000001069,-0.4203929066598112,-2.4417027082110248,-0.2004178186201294,0.16082904683909996
87.712,0.031999999999996476,-0.0006209344629395078,-0.3334967674927347,-0.03609536366447538,0.164322454955654
87.744,0.031999999999996476,-0.3793672345643376,-2.53361796697952,-0.188406591223425,-0.15231122755894963
87.776,0.031999999999996476,-0.417381637702594,-2.515584452220786,-0.19587318916981722,-0.007466597946392206
87.808,0.03200000000001069,-0.4166472132445097,-2.3112613225208305,-0.18127825974548734,0.014594929424329883
87.84,0.031999999999996476,-0.39978197243797775,-4.479858653128031,-0.33991484681778483,-0.1586365870722975
87.872,0.031999999999996476,-0.4158570234723865,-2.128508528538349,-0.17615396994339685,0.16376087687438798
87.904,0.031999999999996476,-0.41903554745856847,-2.5420681657892783,-0.19711347493711168,-0.020959504993714823
87.936,0.03200000000001069,-0.40709467375790387,-2.1635252346047293,-0.17048531493089877,0.026628160006212903
87.968,0.031999999999996476,0.0016142433371459444,-0.21012873124481335,-0.025294874501071398,0.14519044042982737
88.0,0.031999999999996476,-0.417302019259378,-2.5023611490557633,-0.1854844554742686,-0.1601895809731972
88.032,0.031999999999996476,-0.42170424446946464,-2.206254342789397,-0.17295629065573595,0.012528164818532639
88.06400000000001,0.03200000000001069,-0.3965732935863821,-4.554785419191018,-0.34494455856418377,-0.17198826790844782
88.096,0.031999999999996476,-0.3959922757514709,-4.44373860268258,-0.34670687462534666,-0.001762316061162894
88.128,0.031999999999996476,-0.4159887659495768,-3.3494415214843567,-0.2663337562924881,0.08037311833285854
88.16,0.031999999999996476,-0.4228368056620967,-2.3351883942785316,-0.1871054855837722,0.07922827070871591
88.19200000000001,0.03200000000001069,-0.41304540337335444,-2.3216173595474157,-0.18153369361161031,0.005571791972161899
88.224,0.031999999999996476,-0.3300254035792156,-2.187384955269098,-0.1713405577845427,0.010193135827067601
88.256,0.031999999999996476,-0.4267046542750687,-2.490206161231874,-0.1930216575299853,-0.021681099745442578
88.288,0.031999999999996476,-0.4189148571724919,-4.388738101032435,-0.3338917563019175,-0.14087009877193218
88.32000000000001,0.03200000000001069,-0.4192792418478782,-2.578673574295486,-0.20891150191149369,0.12498025439042379
88.352,0.031999999999996476,-0.39252871323182464,-4.576636529562736,-0.3486271553583805,-0.13971565344688683
88.384,0.031999999999996476,-0.4247128752689243,-2.5990246109432977,-0.21125878275478943,0.13736837260359108
88.416,0.031999999999996476,-0.4219052214917224,-2.421740224141964,-0.1902910993237589,0.02096768343103053
88.44800000000001,0.03200000000001069,-0.41620412925857697,-2.508164748236896,-0.19543633337299943,-0.005145234049240527
88.48,0.031999999999996476,-0.41955503959583934,-2.3395943551685963,-0.18333665810166205,0.012099675271337373
88.512,0.031999999999996476,-0.4195776760800609,-2.439240595906381,-0.1899661621206196,-0.006629504018957538
88.544,0.031999999999996476,-0.4243338219165144,-2.594161967818115,-0.2017418300546258,-0.011775667934006195
88.57600000000001,0.03200000000001069,-0.40289315088985495,-4.708667404806656,-0.3579228372848608,-0.156181007230235
88.608,0.031999999999996476,-0.4145867635171383,-4.703082016670559,-0.366528272094365,-0.008605434809504209
88.64,0.031999999999996476,-0.4167216614647413,-2.3981051976395658,-0.19751653855226078,0.16901173354210422
88.672,0.031999999999996476,-0.41989929748726856,-2.453696629474693,-0.1918478535253874,0.005668685026873371
88.70400000000001,0.03200000000001069,-0.42070126652221607,-2.3687899477282075,-0.18527654895908488,0.006571304566302533
88.736,0.031999999999996476,-0.352541840513711,-2.1816180267497294,-0.17113252814256588,0.014144020816518998
88.768,0.031999999999996476,-0.4175538457422855,-2.401911119868323,-0.18651641082955117,-0.01538388268698529
88.8,0.031999999999996476,-0.4119687397209361,-2.39921551295041,-0.18720627264683098,-0.0006898618172798132
88.83200000000001,0.03200000000001069,-0.39991823826727996,-4.515057667134755,-0.34284560899856725,-0.15563933635173627
88.864,0.031999999999996476,-0.4103798895105947,-4.5796454852636925,-0.3565803271310169,-0.013734718132449641
88.896,0.031999999999996476,-0.42026976303399,-2.816988741653257,-0.22774704356898845,0.12883328356202844
88.928,0.031999999999996476,-0.42245817316594997,-2.329220378686586,-0.18443902102428605,0.043308022544702396
88.96000000000001,0.03200000000001069,-0.24504288145926242,-1.1526788777508141,-0.09541576035114566,0.0890232606731404
88.992,0.031999999999996476,-0.2011317545810763,-1.4514411398617248,-0.11224757403569452,-0.016831813684548863
89.024,0.031999999999996476,-0.411554586965154,-2.3307514880800224,-0.17788394129269322,-0.0656363672569987
89.056,0.031999999999996476,-0.42441154407447196,-2.4816275484703882,-0.19276852790007004,-0.01488458660737682
89.08800000000001,0.03200000000001069,-0.4144063891222489,-2.5518780295473413,-0.19879403764883777,-0.006025509748767727
89.12,0.031999999999996476,-0.4190795558843256,-2.208828393365628,-0.17391393682305967,0.0248801008257781
89.152,0.031999999999996476,-0.4058503424467608,-2.33530979052526,-0.18177910214232693,-0.007865165319267259
89.184,0.031999999999996476,-0.40040647402999496,-2.4425477093030747,-0.19011945171972358,-0.008340349577396655
89.21600000000001,0.03200000000001069,-0.4194774806144575,-2.468610659474266,-0.19251760766835188,-0.0023981559486283
89.248,0.031999999999996476,-0.42277830034142855,-2.2993308276600177,-0.1802071738255386,0.012310433842813273
89.28,0.031999999999996476,-0.12645062763863216,-0.7026360413662632,-0.062075207590771515,0.1181319662347671
89.312,0.031999999999996476,-0.12646349920264538,-0.8347660721946568,-0.06497243051576794,-0.0028972229249964246
89.34400000000001,0.03200000000001069,-0.12598372517119055,-1.0754411162884467,-0.08283898177991797,-0.01786655126415003
89.376,0.031999999999996476,-0.4198506948809553,-2.710847053357615,-0.20413852434584867,-0.1212995425659307
89.408,0.031999999999996476,-0.42395658014271737,-2.5278994283815472,-0.19768702529732593,0.006451499048522741
89.44,0.031999999999996476,-0.4227706390126229,-2.367323071703145,-0.18550576456549092,0.012181260731835009
89.47200000000001,0.03200000000001069,-0.40448111290620137,-2.162580169244393,-0.169745712195051,0.015760052370439925
89.504,0.031999999999996476,-0.40193159278299645,-2.14767187774837,-0.1677395397721345,0.002006172422916508
89.536,0.031999999999996476,-0.42419239428475525,-2.479723167457189,-0.19204285234433846,-0.024303312572203972
89.568,0.031999999999996476,-0.14185505056248263,-1.1165261163255777,-0.09319604025708805,0.09884681208725041
89.60000000000001,0.03200000000001069,-0.2168050419007543,-1.2398483424999605,-0.09655884939710063,-0.0033628091400125792
89.632,0.031999999999996476,-0.0759783557623458,-0.6615796710041817,-0.05422697218568214,0.04233187721141849
89.664,0.031999999999996476,-0.1835327051868413,-1.1607795280802748,-0.08849446251257798,-0.034267490326895834
89.696,0.031999999999996476,-0.12518416875071534,-1.0111498526561808,-0.07946889290546806,0.009025569607109915
89.72800000000001,0.03200000000001069,-0.13377713264795574,-1.1563926278714283,-0.08962904168276369,-0.010160148777295624
89.76,0.031999999999996476,-0.13672936851563405,-1.1148359480731438,-0.08715949005692847,0.0024695516258352174
89.792,0.031999999999996476,-0.016599017105055344,-0.3599186164024187,-0.03150013355619264,0.05565935650073583
89.824,0.031999999999996476,-0.41331579903900517,-2.5233199044385355,-0.18738399097515418,-0.15588385741896155
89.85600000000001,0.03200000000001069,-0.418311893445063,-2.5426138834121703,-0.1978019058926067,-0.010417914917452531
89.888,0.031999999999996476,-0.4217336476207463,-2.695745543159609,-0.20966465945619245,-0.011862753563585737
89.92,0.031999999999996476,-0.4208112709081056,-2.478850179330027,-0.19439895109598013,0.015265708360212321
89.952,0.031999999999996476,-0.4242159256276231,-2.510519085396599,-0.19584661435556283,-0.0014476632595827044
89.98400000000001,0.03200000000001069,-0.0024100448803676218,-0.38503191536185843,-0.03962137870502833,0.1562252356505345
90.016,0.031999999999996476,-0.13907929045107678,-1.0745296047066608,-0.08130845616929754,-0.0416870774642692
90.048,0.031999999999996476,-0.2718178802304863,-1.5721652212034554,-0.12031124866129975,-0.03900279249200221
90.08,0.031999999999996476,-0.00412700436730991,-0.5646976604567095,-0.048473451291059705,0.07183779737024004
90.112,0.031999999999996476,-0.04041315007267021,-0.7219016779857647,-0.05588714055370249,-0.007413689262642784
90.144,0.03200000000001069,-0.09836602939641102,-0.8405474349990438,-0.06504036184245479,-0.009153221288752303
90.176,0.031999999999996476,-0.18107328838558473,-1.7149679196609997,-0.12987384936809285,-0.06483348752563806
90.208,0.031999999999996476,-0.13744280939768938,-1.2174033529943793,-0.09702561588088926,0.03284823348720359
90.24,0.031999999999996476,-0.010079185108437024,-0.7407591808525738,-0.060076797273060145,0.036948818607829115
90.272,0.03200000000001069,-0.08820317368930668,-1.039160179686143,-0.07988825309203523,-0.019811455818975088
90.304,0.031999999999996476,-0.11927690418255521,-0.9284126937743354,-0.07288755496775871,0.007000698124276519
90.336,0.031999999999996476,-0.0006649326213387765,-0.3534337828827184,-0.030199331779115234,0.04268822318864348
90.368,0.031999999999996476,-0.12967187484318005,-1.1278426670844062,-0.08468518477209969,-0.05448585299298445
90.4,0.03200000000001069,-0.11311081278253943,-1.0199173946886906,-0.07989375384135819,0.004791430930741497
90.432,0.031999999999996476,-0.05135502231436377,-0.3850828886320288,-0.03293127558446058,0.04696247825689761
90.464,0.031999999999996476,-0.131939894597396,-1.2928191004888157,-0.09697530164896435,-0.06404402606450377
90.496,0.031999999999996476,-0.05069927764387127,-0.6067294754709722,-0.05021731778683698,0.04675798386212737
90.528,0.03200000000001069,-0.0012237964564089437,-0.5695708709512397,-0.044785370305479244,0.005431947481357738
90.56,0.031999999999996476,-0.10217416114776612,-0.8008666589841689,-0.061481333628031334,-0.01669596332255209
90.592,0.031999999999996476,-0.04439808576586847,-0.8224701527200243,-0.06403390201632805,-0.0025525683882967193
90.624,0.031999999999996476,-0.12721030667093983,-1.2760141063444228,-0.09753498451443156,-0.033501082498103504
90.656,0.03200000000001069,-0.008262921009335318,-0.4440792309558044,-0.0382882919399642,0.05924669257446736
90.688,0.031999999999996476,-0.004429443957450281,-0.4497466742257526,-0.03528482007638068,0.003003471863583518
90.72,0.031999999999996476,-0.00038593364907207883,-0.5876838765257464,-0.04525536551593655,-0.009970545439555868
90.752,0.031999999999996476,-0.0020578771823560995,-0.5229392869284847,-0.041069624125496015,0.004185741390440534
90.784,0.03200000000001069,-0.007783781394827603,-0.48317458434241456,-0.037903679900053604,0.0031659442254424117
90.816,0.031999999999996476,-0.12008443322086639,-0.9773943609538189,-0.07406594717424334,-0.03616226727418973
90.848,0.031999999999996476,-0.002117856968710115,-0.3571356857128687,-0.030539598047113523,0.04352634912712981
90.88,0.031999999999996476,-0.001538966923266433,-0.2406886792846676,-0.019463322823330763,0.01107627522378276
90.912,0.03200000000001069,-0.13256084271146493,-1.1034371482420195,-0.08227061749215578,-0.06280729466882501
90.944,0.031999999999996476,-0.012767336121650938,-0.3619892322037222,-0.03137017700654982,0.050900440485605956
90.976,0.031999999999996476,-0.015943067648201043,-0.5721389134126054,-0.04388619667324216,-0.012516019666692337
91.008,0.031999999999996476,-0.02986650232102763,-0.6576300107374893,-0.05089576960773528,-0.00700957293449312
91.04,0.03200000000001069,-0.003895033424359675,-0.4522850086164536,-0.036199307821630076,0.014696461786105203
91.072,0.031999999999996476,-0.08999135938876822,-0.8251978427060046,-0.06277498892086955,-0.026575681099239475
91.104,0.031999999999996476,0.00020925233881452661,-0.16212294303273633,-0.015546500171761945,0.04722848874910761
91.136,0.031999999999996476,-0.0017346800301900683,-0.3306043255464429,-0.02521020210187351,-0.009663701930111566
91.168,0.03200000000001069,-0.014678638171858232,-0.3835253872348208,-0.02965990556587671,-0.0044497034640032
91.2,0.031999999999996476,-0.08008880316455554,-0.7660852817338456,-0.05805032413612728,-0.028390418570250573
91.232,0.031999999999996476,0.0003502349231185897,-0.2755983801621719,-0.023618758979925856,0.034431565156201424
91.264,0.031999999999996476,-0.0036070357468646116,-0.29795063834787555,-0.023274846605906556,0.00034391237401929994
91.296,0.03200000000001069,-0.026307552156045088,-0.44103510696593273,-0.03377745709307026,-0.0105026104871637
91.328,0.031999999999996476,-0.000602772571954692,-0.4222050817456765,-0.03299899879127347,0.0007784583017967847
91.36,0.031999999999996476,-0.0017067899462878404,-0.38110552838496725,-0.029931588648045074,0.0030674101432283975
91.392,0.031999999999996476,-0.012639101445443831,-0.17641020562853016,-0.014701169489428265,0.01523041915861681
91.424,0.03200000000001069,-0.0789954534803025,-0.853862314813647,-0.06364191299182587,-0.048940743502397605
91.456,0.031999999999996476,-0.00504107642246796,-0.14881362103034163,-0.014617776344236279,0.04902413664758959
91.488,0.031999999999996476,-0.01296554813126668,-0.3688736924977571,-0.027970925645534824,-0.013353149301298545
91.52,0.031999999999996476,-0.0017094099724239056,-0.14756340511621405,-0.012466581978817391,0.015504343666717433
91.552,0.03200000000001069,0.004090893287141386,-0.47094633693860066,-0.03535318457067012,-0.022886602591852725
91.584,0.031999999999996476,-0.001333911613749863,-0.11865617147196823,-0.010766908468888385,0.024586276101781733
91.616,0.031999999999996476,-0.07223172494535283,-0.6114424382490595,-0.04558717909965708,-0.034820270630768695
91.648,0.031999999999996476,0.0011222278662404528,-0.230418155590527,-0.01957670916191777,0.02601046993773931
91.68,0.03200000000001069,-0.005534245383366912,-0.02711371876589274,-0.003124094385791895,0.016452614776125873
91.712,0.031999999999996476,-0.0035156663265208197,-0.5019785277586012,-0.03709596571932989,-0.033971871333538
91.744,0.031999999999996476,-0.0029114693522564686,-0.37459082964383295,-0.029689010349573972,0.007406955369755917
91.776,0.031999999999996476,0.0015254504547188132,-0.29381498814025797,-0.02332113996651519,0.006367870383058784
91.808,0.03200000000001069,0.0010464936819182126,-0.1504747059050845,-0.012412251859008598,0.01090888810750659
91.84,0.031999999999996476,-0.0042967283235203,-0.40523933308337046,-0.030517940196550387,-0.018105688337541788
91.872,0.031999999999996476,0.0014730700241471935,-0.26588880722258457,-0.021315295652072113,0.009202644544478274
91.904,0.031999999999996476,-0.0011472272982113747,-0.4967099485950256,-0.03775867448756451,-0.016443378835492396
91.936,0.03200000000001069,0.000525624295250011,-0.27818427777109545,-0.022637508254436944,0.015121166233127564
91.968,0.031999999999996476,-0.0024110493444171226,-0.17149200950736146,-0.013918403698124318,0.008719104556312626
92.0,0.031999999999996476,0.004256019227049389,-0.26508739744729765,-0.02029808386162121,-0.006379680163496892
92.032,0.031999999999996476,-0.0013683781508403632,-0.07821020659054555,-0.006923385970136651,0.013374697891484558
92.06400000000001,0.03200000000001069,0.0018968886621643657,-0.2163763604725433,-0.016312047246587774,-0.009388661276451122
92.096,0.031999999999996476,-0.00020056834835045797,-0.3065908217573574,-0.023488437920718398,-0.007176390674130624
92.128,0.031999999999996476,-0.007145091637422451,-0.2778578748563216,-0.02178969691308174,0.0016987410076366588
92.16,0.031999999999996476,0.00023530692146121282,-0.19739380494308004,-0.01577428423443515,0.006015412678646588
92.19200000000001,0.03200000000001069,-0.004098010237083942,-0.19349128258816758,-0.015140027629960227,0.0006342566044749247
92.224,0.031999999999996476,0.0008314490148199269,-0.17099797292683191,-0.013449249493774872,0.001690778136185355
92.256,0.031999999999996476,-0.0028233883819353475,-0.21043335955399797,-0.016251729696029654,-0.002802480202254782
92.288,0.031999999999996476,-0.002824288916206309,0.09590424178160703,0.006114622295206924,0.02236635199123658
92.32000000000001,0.03200000000001069,0.005435827393542404,-0.07389519875694572,-0.005081278147904713,-0.011195900443111636
92.352,0.031999999999996476,-0.00634554723427367,-0.21049988561081934,-0.015773546768416278,-0.010692268620511565
92.384,0.031999999999996476,-0.0027119229799752796,-0.5284032107328993,-0.0397694841113477,-0.023995937342931425
92.416,0.031999999999996476,0.003505292228676275,-0.03364166424720651,-0.004769871251258601,0.034999612860089103
92.44800000000001,0.03200000000001069,0.004761570307349636,-0.052106603805645364,-0.004107291714802424,0.0006625795364561772
92.48,0.031999999999996476,0.000866400625423474,-0.29389623735806497,-0.021850306026929316,-0.01774301431212689
92.512,0.031999999999996476,0.001652668393210341,-0.07886827038042543,-0.0070613884844510175,0.014788917542478299
92.544,0.031999999999996476,0.0019969018068865876,-0.09233126192388949,-0.007197709360507688,-0.00013632087605667045
92.57600000000001,0.03200000000001069,0.0018847127172839386,-0.25536499030569937,-0.019195116351941308,-0.01199740699143362
92.608,0.031999999999996476,0.0012304611348620965,-0.054363461719449335,-0.0051060176537522615,0.014089098698189046
92.64,0.031999999999996476,-0.0031174298588209207,-0.11402169795030961,-0.008679947184034795,-0.003573929530282533
92.672,0.031999999999996476,0.0031619702662301795,-0.13382968704752843,-0.010342950844756268,-0.0016630036607214738
92.70400000000001,0.03200000000001069,0.0018133377636374772,-0.020730488062950816,-0.0021216138017417624,0.008221337043014506
92.736,0.031999999999996476,-0.08107502437443968,-0.4992377107564822,-0.036836533136553135,-0.03471491933481137
92.768,0.031999999999996476,-0.001003780229697848,-0.02509197775662914,-0.00397180881518042,0.03286472432137272
92.8,0.031999999999996476,-0.043611556123315506,-0.43739918666345934,-0.032395724119971755,-0.028423915304791336
92.83200000000001,0.03200000000001069,0.00012604797958105492,-0.10253235031819258,-0.009410427544666157,0.022985296575305597
92.864,0.031999999999996476,0.0008413804972202669,0.055453253227012986,0.0035347894987829125,0.01294521704344907
92.896,0.031999999999996476,-0.0017153691949543335,0.01392194464454542,0.0012278831005361087,-0.0023069063982468037
92.928,0.031999999999996476,0.0005797967278122116,-0.12545421754173372,-0.009155047014841364,-0.010382930115377472
92.96000000000001,0.03200000000001069,0.0025425334681468095,-0.1495507368925372,-0.011526507486335318,-0.002371460471493954
92.992,0.031999999999996476,0.0020412042156368244,-0.09377935814135406,-0.007561969886610331,0.0039645375997249864
93.024,0.031999999999996476,-0.0006308091981803937,-0.0642288069355545,-0.005159946558063215,0.0024020233285471163
93.056,0.031999999999996476,-0.002690059370821931,-0.11396471745615269,-0.008678870091501126,-0.0035189235334379112
93.08800000000001,0.03200000000001069,0.0017569479659068825,0.07967221405379955,0.005358089500806822,0.014036959592307947
93.12,0.031999999999996476,0.0006282189537972202,-0.22359560963592157,-0.016133954212221517,-0.02149204371302834
93.152,0.031999999999996476,-0.0036200881930943682,-0.2691138619107367,-0.02072209265828288,-0.0045881384460613635
93.184,0.031999999999996476,0.0002981991609532339,-0.08230867157411574,-0.00724926565015942,0.01347282700812346
93.21600000000001,0.03200000000001069,-0.0034025296589346053,-0.08173896390977746,-0.006429595340870171,0.0008196703092892485
93.248,0.031999999999996476,-0.001439233292873579,0.010396573355288097,0.0003933917497209158,0.006822987090591087
93.28,0.031999999999996476,0.04465440142118878,0.08185136765028926,0.006042078259583776,0.00564868650986286
93.312,0.031999999999996476,0.11391285343309789,0.5847068920802814,0.04334828088792871,0.037306202628344935
93.34400000000001,0.03200000000001069,-0.0005507092861751686,0.11960290290950171,0.011298080850604922,-0.03205020003732379
93.376,0.031999999999996476,0.016849371682040554,0.029526243234321944,0.0028235944037392855,-0.008474486446865636
93.408,0.031999999999996476,0.033482238731494834,-0.0470902217568704,-0.0033000220730942096,-0.006123616476833495
93.44,0.031999999999996476,0.041538192017572535,-0.05705304229069326,-0.004386200883811753,-0.0010861788107175432
93.47200000000001,0.03200000000001069,0.12658669256555619,0.6546301306821839,0.047888436754551525,0.05227463763836328
93.504,0.031999999999996476,0.04603199125686926,0.19846211325073584,0.017359504052291422,-0.030528932702260102
93.536,0.031999999999996476,0.031982000801899176,0.31325338295805355,0.0240388728959481,0.006679368843656677
93.568,0.031999999999996476,0.05142928464487742,0.3551420476264101,0.027504968587272343,0.0034660956913242433
93.60000000000001,0.03200000000001069,0.07152229410635139,0.33697184177394945,0.026368822041105917,-0.0011361465461664257
93.632,0.031999999999996476,0.06814769707153628,0.38659306765888257,0.029952389539722804,0.0035835674986168867
93.664,0.031999999999996476,-0.00019126572971912208,0.11087758059920003,0.009883086217670424,-0.02006930332205238
93.696,0.031999999999996476,0.001578766185909085,-0.0019454055749115635,0.00042747588659800847,-0.009455610331072416
93.72800000000001,0.03200000000001069,0.0008102172904530583,0.1360908545426561,0.010032830056893332,0.009605354170295323
93.76,0.031999999999996476,0.00200307061710894,-0.07724766093428044,-0.005101624455038915,-0.015134454511932247
93.792,0.031999999999996476,0.10243305414999128,0.7023374951830429,0.0513555464028414,0.056457170857880316
93.824,0.031999999999996476,-0.0040676509460859985,-0.02244912892213226,0.0013137943082878539,-0.05004175209455355
93.85600000000001,0.03200000000001069,-0.0010543165507285533,0.014505423433133866,0.0011425762586512597,-0.0001712180496365942
93.888,0.031999999999996476,0.00031060560039699177,-0.04484695745427052,-0.00323209553546325,-0.0043746717941145095
93.92,0.031999999999996476,-0.001401212875976837,0.27667053833138394,0.020159828161203507,0.023391923696666757
93.952,0.031999999999996476,0.005236200617653794,0.08018885518955199,0.007060914862192729,-0.013098913299010778
93.98400000000001,0.03200000000001069,0.0701256454470073,0.5251765012596084,0.03902921896061403,0.0319683040984213
94.016,0.031999999999996476,-0.0006855173511908345,-0.040044553851029285,-0.0006917647423847091,-0.03972098370299874
94.048,0.031999999999996476,0.0011452214473072727,-0.010084300127627326,-0.0007815366561552672,-8.977191377055802e-05
94.08,0.031999999999996476,0.13532671147927483,0.4942152021017871,0.03629958051380388,0.03708111716995915
94.11200000000001,0.03200000000001069,0.12238984882925241,0.6565618358100622,0.05037924742707738,0.014079666913273503
94.144,0.031999999999996476,0.0023071270081882057,0.2799364733206758,0.023494939149208086,-0.026884308277869296
94.176,0.031999999999996476,0.10954766104058526,0.5406528496220344,0.041116074191363636,0.01762113504215555
94.208,0.031999999999996476,0.08435594364641885,0.39909621916266935,0.031723219400124264,-0.009392854791239372
94.24,0.031999999999996476,0.1361344778012216,0.5497759557909586,0.042262000516256525,0.01053878111613226
94.272,0.03200000000001069,0.07166983815866777,0.3179677838194987,0.025823169159049864,-0.01643883135720666
94.304,0.031999999999996476,0.13072552262173862,0.7384682035324486,0.055797866695271564,0.0299746975362217
94.336,0.031999999999996476,0.07211370382091221,0.4245840316262868,0.03444516524357074,-0.021352701451700824
94.368,0.031999999999996476,0.13049691997989435,0.5064391812496213,0.03923213972391707,0.0047869744803463316
94.4,0.03200000000001069,0.1329695108942143,0.7007938291168739,0.053801372172389235,0.014569232448472164
94.432,0.031999999999996476,0.13481670418733294,0.6224639036600842,0.048882040065848634,-0.004919332106540601
94.464,0.031999999999996476,0.3994155464609899,1.9740887626253165,0.14799684983652064,0.09911480977067201
94.496,0.031999999999996476,0.06560477062820344,0.6010641729138008,0.05274611707864902,-0.09525073275787163
94.528,0.03200000000001069,0.15065731208644412,1.100937650027176,0.08400818884644179,0.03126207176779277
94.56,0.031999999999996476,0.1322282012365153,0.8467264062189627,0.06711816697039413,-0.016890021876047656
94.592,0.031999999999996476,0.4178886340952237,2.1390413445958267,0.16118025486597928,0.09406208789558515
94.624,0.031999999999996476,0.09198916847672124,0.7707696825620529,0.0659873645118287,-0.09519289035415059
94.656,0.03200000000001069,0.4205820086653065,2.2861539357381875,0.1719336679570505,0.10594630344522181
94.688,0.031999999999996476,0.41450497125934577,2.353288747824812,0.18298695963899814,0.01105329168194763
94.72,0.031999999999996476,0.4235657712933422,4.369351771808361,0.3318867874043958,0.14889982776539767
94.752,0.031999999999996476,0.4152794291918546,3.5297313880220327,0.27873676394576286,-0.053150023458632956
94.784,0.03200000000001069,0.42007578246242544,3.3665044017077546,0.2636647125610515,-0.015072051384711349
94.816,0.031999999999996476,0.33017280227567286,1.9090835600404878,0.15561555812626218,-0.10804915443478932
94.848,0.031999999999996476,0.258370485506794,1.9464935807445085,0.15212912147916047,-0.003486436647101715
94.88,0.031999999999996476,0.26149773331431125,1.9029945524746874,0.1487289243150337,-0.0034001971641267614
94.912,0.03200000000001069,0.4221884263656908,2.4815149493320505,0.19107715509040682,0.042348230775373114
94.944,0.031999999999996476,0.42166915805098726,2.407367870243137,0.188069086408965,-0.0030080686814418223
94.976,0.031999999999996476,0.41892350292319974,4.798361320932459,0.36372963331103814,0.17566054690207314
95.008,0.031999999999996476,0.42029101441147015,2.452806459970449,0.20137771893805073,-0.1623519143729874
95.04,0.03200000000001069,0.4194297814687275,3.7540850472845215,0.2877016146970798,0.08632389575902905
95.072,0.031999999999996476,0.4166593482838497,2.6884673417731357,0.21431924616196082,-0.07338236853511895
95.104,0.031999999999996476,0.0018060515566841514,0.361757166506826,0.03897615640123292,-0.1753430897607279
95.136,0.031999999999996476,0.05900844700174056,0.8232529171478846,0.06279226356249834,0.02381610716126542
95.168,0.03200000000001069,0.2864992723996463,2.19347445891173,0.16493354800766957,0.10214128444517123
95.2,0.031999999999996476,0.42007608708441085,2.4857091265901103,0.19232107381792404,0.02738752581025447
95.232,0.031999999999996476,0.4203378378256254,2.4152714930293464,0.18872213089986883,-0.003598942918055209
95.264,0.031999999999996476,0.41925198834536226,2.631652781630606,0.20442709621907654,0.015704965319207703
95.296,0.03200000000001069,0.4181491876337147,2.4268787674366066,0.19027460199798363,-0.01415249422109291
95.328,0.031999999999996476,0.4205640648273196,2.356898285509067,0.18431121106614828,-0.005963390931835344
95.36,0.031999999999996476,-0.0012147290710454964,0.35313042754199453,0.03660940787093109,-0.1477018031952172
95.392,0.031999999999996476,0.26314309960174465,1.8923143638067488,0.1412746542863237,0.1046652464153926
95.424,0.03200000000001069,0.16715298524324027,1.1221192449988122,0.09067655895084398,-0.05059809533547971
95.456,0.031999999999996476,0.11619172807527024,0.7362824231738023,0.05938105029785371,-0.031295508652990266
95.488,0.031999999999996476,0.10120875373777315,1.1434193765923188,0.0875153332163652,0.028134282918511493
95.52,0.031999999999996476,0.4145234132756199,2.7105677062920934,0.20438794255529785,0.11687260933893265
95.552,0.03200000000001069,0.4184046322906531,2.623330208891632,0.20471942519470077,0.00033148263940291356
95.584,0.031999999999996476,0.4212975628949046,2.493149129041492,0.19516501528308075,-0.009554409911620015
95.616,0.031999999999996476,0.40387539698515507,3.053208642671838,0.235800351497945,0.04063533621486426
95.648,0.031999999999996476,0.42047365703753337,2.5014845044941505,0.19757227389469312,-0.03822807760325189
95.68,0.03200000000001069,0.031099523605853434,0.5439455031479328,0.05140754067916362,-0.1461647332155295
95.712,0.031999999999996476,0.1323474922049979,1.129514837460978,0.08603248690205334,0.03462494622288972
95.744,0.031999999999996476,0.13278839606292828,1.0426376413866265,0.08164238443923653,-0.004390102462816806
95.776,0.031999999999996476,0.0783126685425237,0.8744732207968628,0.06902209829251828,-0.012620286146718257
95.808,0.03200000000001069,0.11259403397991845,0.8878124608786976,0.06927451154863394,0.00025241325611566334
95.84,0.031999999999996476,0.0023363983322595076,0.22913817657086055,0.020850027072844404,-0.048424484475789537
95.872,0.031999999999996476,0.13545187360713906,1.128879422052099,0.08422170122843668,0.06337167415559228
95.904,0.031999999999996476,0.12684881468694548,1.4034866110039623,0.10807476441155206,0.023853063183115378
95.936,0.03200000000001069,0.0012461103868978119,0.5359564320466715,0.045653413892465064,-0.062421350519086996
95.968,0.031999999999996476,0.11211485271253038,1.0099222580363734,0.07690544109001018,0.03125202719754512
96.0,0.031999999999996476,0.006855143423595388,0.5576093981550884,0.04544640163338332,-0.03145903945662686
96.032,0.031999999999996476,0.19811002010913634,1.6175908978655882,0.12158157987555479,0.07613517824217148
96.06400000000001,0.03200000000001069,0.0860598467622643,0.9299984482228982,0.07541108901494402,-0.04617049086061077
96.096,0.031999999999996476,0.0038511578452828056,0.4899708485702748,0.04038597980931062,-0.0350251092056334
96.128,0.031999999999996476,0.11079041057518642,1.3701089031911666,0.10308956444635059,0.06270358463703997
96.16,0.031999999999996476,0.10782429038333785,0.7542887820150634,0.061421833365601454,-0.041667731080749136
96.19200000000001,0.03200000000001069,0.13096359875206656,0.8874657687894321,0.0688102594485534,0.007388426082951947
96.224,0.031999999999996476,0.33278848879305023,2.0383219982282665,0.15387101425911023,0.08506075481055683
96.256,0.031999999999996476,0.3507977613190815,2.083955874696344,0.1621374188034818,0.008266404544371553
96.288,0.031999999999996476,0.4184347164469887,2.63006075637569,0.20277530740817934,0.04063788860469755
96.32000000000001,0.03200000000001069,0.41786136212335623,2.299519385406037,0.18081320795127648,-0.02196209945690286
96.352,0.031999999999996476,0.41964252420382125,2.2919564564348116,0.1789891766933787,-0.0018240312578977902
96.384,0.031999999999996476,0.4205621101776787,2.4245545786056644,0.18863517298940777,0.00964599629602908
96.416,0.031999999999996476,0.41366056189384515,2.518523819948932,0.1961025467528767,0.007467373763468926
96.44800000000001,0.03200000000001069,0.41766274877712384,2.295298432670802,0.18011758581201723,-0.015984960940859466
96.48,0.031999999999996476,0.41808018592810015,2.590107941036337,0.20087514677884766,0.02075756096683043
96.512,0.031999999999996476,0.41982279064760575,2.790712617099503,0.21682597494638173,0.01595082816753407
96.544,0.031999999999996476,0.4213888418644704,4.839911862296681,0.36844537819014495,0.15161940324376322
96.57600000000001,0.03200000000001069,0.4166964765430364,4.011284611308594,0.31626079079187064,-0.05218458739827431
96.608,0.031999999999996476,0.42371226945416696,4.131677349327547,0.3221019319090429,0.005841141117172266
96.64,0.031999999999996476,0.41964660780427493,2.9041359827457383,0.23216546545773914,-0.08993646645130376
96.672,0.031999999999996476,0.4141408938179651,2.173398116851513,0.17323488801557865,-0.05893057744216049
96.70400000000001,0.03200000000001069,0.40375420687308183,2.4599986781090766,0.190909550316319,0.017674662300740357
96.736,0.031999999999996476,0.26248246104262773,1.7484917979920556,0.13960551514857816,-0.05130403516774085
96.768,0.031999999999996476,0.39105378667292473,2.3149451198511946,0.17830088610404676,0.0386953709554686
96.8,0.031999999999996476,0.41368887013469363,2.3360466425934088,0.1820865449466896,0.0037856588426428417
96.83200000000001,0.03200000000001069,0.42461075776135304,4.751194962477005,0.3599156420253093,0.17782909707861969
96.864,0.031999999999996476,0.42364826975680986,4.667312249477341,0.3640127980928966,0.004097156067587315
96.896,0.031999999999996476,0.4183573734912957,2.558133177555126,0.20913981644786364,-0.15487298164503296
96.928,0.031999999999996476,0.4185133962700361,4.228153247022718,0.3230127962152,0.11387297976733637
96.96000000000001,0.03200000000001069,0.3815998745660368,2.111600867670547,0.17393483693921746,-0.14907795927598255
96.992,0.031999999999996476,0.40653906071236423,2.572301528052937,0.1992087347440964,0.02527389780487893
97.024,0.031999999999996476,0.013486472956350566,0.17519108997534627,0.024383728985840708,-0.17482500575825569
97.056,0.031999999999996476,0.4111855304297118,2.4756968736856937,0.1834709590336504,0.1590872300478097
97.08800000000001,0.03200000000001069,0.41648968833330696,2.326898144844367,0.1817122258924682,-0.0017587331411822171
97.12,0.031999999999996476,0.414284063267768,4.613321214829543,0.34975476630056845,0.16804254040810027
97.152,0.031999999999996476,0.4193712193761824,4.536845090287001,0.35383163566943276,0.004076869368864311
97.184,0.031999999999996476,0.41353654468638174,2.5540601840555373,0.20825253846565978,-0.145579097203773
97.21600000000001,0.03200000000001069,0.42235082397191276,2.517102306335903,0.1971305007377148,-0.011122037727944983
97.248,0.031999999999996476,0.31781836094239174,1.8625178702094078,0.14835014805769334,-0.048780352680021455
97.28,0.031999999999996476,0.24436046514601234,1.6579013767335076,0.13048656000579473,-0.01786358805189861
97.312,0.031999999999996476,0.2611311014945127,1.8646009270893966,0.14465604329268608,0.014169483286891355
97.34400000000001,0.03200000000001069,0.4154902735938569,2.204915629500578,0.17050085479374438,0.0258448115010583
97.376,0.031999999999996476,0.4200806647991539,4.865921430488516,0.36768382126059757,0.19718296646685318
97.408,0.031999999999996476,0.4206098182687393,2.4104728700203224,0.19849276876819322,-0.16919105249240435
97.44,0.031999999999996476,0.4182812682895809,4.634447445706786,0.3522771193697468,0.1537843506015536
97.47200000000001,0.03200000000001069,0.41825023738286937,2.251017678214091,0.18587698315335655,-0.16640013621639027
97.504,0.031999999999996476,0.2983659521660635,1.9194718278648728,0.15188889981175596,-0.03398808334160058
97.536,0.031999999999996476,0.00095491593993463,0.42191603948394635,0.03979620722431054,-0.11209269258744542
97.568,0.031999999999996476,0.30220524604120985,2.12126696032842,0.15829585108100486,0.11849964385669431
97.60000000000001,0.03200000000001069,0.42353588265608527,2.3483643244377537,0.18183751783617758,0.02354166675517272
97.632,0.031999999999996476,0.4140041365978308,2.5883263598983444,0.20084341898806762,0.019005901151890048
97.664,0.031999999999996476,0.425166742300731,2.8093110566752797,0.21819187678930083,0.017348457801233202
97.696,0.031999999999996476,0.42127388197463683,2.4364326694300398,0.19177182620309172,-0.02642005058620911
97.72800000000001,0.03200000000001069,0.4172114440906403,2.4341461508477664,0.19007846995272787,-0.0016933562503638477
97.76,0.031999999999996476,0.0077453224159545345,0.3237446587190817,0.03478131031269106,-0.15529715964003682
97.792,0.031999999999996476,0.13120570782710286,0.9474023933536765,0.07168007956678474,0.036898769254093675
97.824,0.031999999999996476,0.4109126127293048,2.4741503320138505,0.1860876007114117,0.11440752114462696
97.85600000000001,0.03200000000001069,0.328118521916098,1.8516385191351024,0.14691258168065602,-0.03917501903075568
97.888,0.031999999999996476,0.42145841493894504,2.4957869826223447,0.19202186786598466,0.04510928618532864
97.92,0.031999999999996476,0.41924808947950293,2.280940367389434,0.1788261166101068,-0.013195751255877852
97.952,0.031999999999996476,0.415100366296056,2.621692123622457,0.20312329939413082,0.024297182784024013
97.98400000000001,0.03200000000001069,0.08518563572666811,0.8787278864409171,0.07634796855900204,-0.12677533083512876
98.016,0.031999999999996476,0.10946953076289406,0.8346615884869754,0.06578870008867421,-0.010559268470327829
98.048,0.031999999999996476,0.0025878310894272617,0.46667551372324445,0.03811734396917588,-0.02767135611949833
98.08,0.031999999999996476,0.16372010339940024,1.2902124617751434,0.09708299579283325,0.058965651823657365
98.11200000000001,0.03200000000001069,0.11297809179576693,0.7010375505586114,0.057158972073539156,-0.03992402371929409
98.144,0.031999999999996476,0.13215649736780788,1.0611163278528501,0.08133446984340185,0.0241754977698627
98.176,0.031999999999996476,0.1067951532753917,0.8055020869176356,0.06393216985914885,-0.01740229998425301
98.208,0.031999999999996476,0.07099120055818502,0.9302250279371688,0.07209970446217095,0.008167534603022109
98.24000000000001,0.03200000000001069,-0.006272557259499307,0.2262813672841098,0.020803032452339606,-0.051296672009831346
98.272,0.031999999999996476,0.049718767452790594,0.9840412093054237,0.07356755330052289,0.05276452084818328
98.304,0.031999999999996476,0.006418787046795035,0.4281774178742857,0.03573525130277954,-0.03783230199774335
98.336,0.031999999999996476,0.021143661266783947,0.7003700526512621,0.053568335411379904,0.017833084108600364
98.368,0.031999999999996476,0.00010357222185931601,0.41008715393931794,0.03325035278991404,-0.020317982621465863
98.4,0.03200000000001069,0.022644945303114748,0.7581799676419104,0.057676238754375116,0.024425885964461075
98.432,0.031999999999996476,-0.0013268070004828355,0.34872890238016685,0.02897519854407643,-0.028701040210298685
98.464,0.031999999999996476,0.06452710711076097,0.8470125856850161,0.06396220889411061,0.03498701035003418
98.496,0.031999999999996476,-0.001992116266506303,0.39959704307849203,0.03307893639214361,-0.030883272501967
98.528,0.03200000000001069,-0.0010012012134761122,0.4648865424308983,0.03609747812168929,0.0030185417295456804
98.56,0.031999999999996476,0.0505791247468549,0.6965658857365251,0.05330948713502361,0.01721200901333432
98.592,0.031999999999996476,0.0031801254395916875,0.4466964102824617,0.03592766272124248,-0.01738182441378113
98.624,0.031999999999996476,0.0020667984849411735,0.3350897749351462,0.02671664878447724,-0.009211013936765242
98.656,0.03200000000001069,-0.002400073478401314,0.38474152540458245,0.029836306420090972,0.003119657635613733
98.688,0.031999999999996476,0.0005891472153312628,0.471492826959068,0.03639611174428882,0.0065598053241978475
98.72,0.031999999999996476,-0.0005947922811659148,0.25288012895251716,0.020697975928208844,-0.015698135816079976
98.752,0.031999999999996476,0.0024562747005767533,0.4125377954512672,0.031532997981681944,0.0108350220534731
98.784,0.03200000000001069,0.0007675135264240998,0.30934379353940594,0.02456958353838993,-0.006963414443292015
98.816,0.031999999999996476,0.0013211910023056058,0.2123639375062889,0.017035671465209956,-0.007533912073179973
98.848,0.031999999999996476,0.0005217041613860973,0.12428274308787954,0.010123234680693436,-0.00691243678451652
98.88,0.031999999999996476,0.0009823836466491503,0.2540632654701697,0.019268275091521847,0.009145040410828411
98.912,0.03200000000001069,0.004482409820278567,0.40722374457495875,0.03105966616574521,0.011791391074223362
98.944,0.031999999999996476,0.0035367328915986568,0.0066481115005795136,0.0022819495102727977,-0.02877771665547241
98.976,0.031999999999996476,-0.1033627773965962,-0.23275020682447317,-0.01698476808787388,-0.019266717598146677
99.008,0.031999999999996476,0.0026638889849844474,0.3906650932680028,0.02774908444764096,0.04473385253551484
99.04,0.03200000000001069,0.002085034771684258,0.14528518648818492,0.012286234577113036,-0.015462849870527923
99.072,0.031999999999996476,-0.004422015064679692,0.33659211495018426,0.025462333364702015,0.013176098787588979
99.104,0.031999999999996476,-0.11552922693747321,-0.39136552563107435,-0.02731119237680418,-0.05277352574150619
99.136,0.031999999999996476,0.0015830938681945979,0.48007089881796383,0.033727872687319645,0.06103906506412382
99.168,0.03200000000001069,-0.049594725264528204,-0.18951741672978883,-0.011990074766159943,-0.04571794745347959
99.2,0.031999999999996476,-0.0002834986842811743,0.2139398623467695,0.015041009976123985,0.027031084742283926
99.232,0.031999999999996476,-0.016212136501765603,-0.019938765313776564,-0.0005979976821973256,-0.01563900765832131
99.264,0.031999999999996476,-0.020772733480069406,-0.039164686409958176,-0.002914701764265559,-0.0023167040820682334
99.296,0.03200000000001069,-0.010932047947572635,0.04816830303163486,0.003374044870325518,0.006288746634591077
99.328,0.031999999999996476,-0.0071690611955928345,-0.04941278643297625,-0.0034390470076313224,-0.00681309187795684
99.36,0.031999999999996476,0.003168734102786024,0.5128094587582028,0.037513590738138855,0.040952637745770175
99.392,0.031999999999996476,-0.132833717410088,-0.4556792865568639,-0.031345132948038305,-0.06885872368617715
99.424,0.03200000000001069,-0.1374599350357763,-0.3874067796219119,-0.030299507941323866,0.0010456250067144394
99.456,0.031999999999996476,-0.001701726433903038,0.13444776706522088,0.008138156591504754,0.03843766453282862
99.488,0.031999999999996476,-0.11543567577589069,-0.391564810421924,-0.02832595657431922,-0.03646411316582397
99.52,0.031999999999996476,-0.12920752475076044,-0.40723374143892094,-0.031583292936443706,-0.003257336362124486
99.552,0.03200000000001069,-0.132343959594847,-0.4714072444698957,-0.03649066990917811,-0.004907376972734405
99.584,0.031999999999996476,-0.3879211993969269,-1.857745947051679,-0.13872563045524222,-0.10223496054606411
99.616,0.031999999999996476,-0.0008663387783029477,0.01992967001239203,-0.006542870267316745,0.13218276018792546
99.648,0.031999999999996476,-0.2559235406975814,-1.2328037814935542,-0.0910383831926311,-0.08449551292531436
99.68,0.03200000000001069,-0.005618004067185103,-0.14744868758431767,-0.016098971789272915,0.07493941140335819
99.712,0.031999999999996476,-0.007899207521206542,-0.14188400056307685,-0.011363560333700257,0.004735411455572658
99.744,0.031999999999996476,-0.12379039513972301,-0.695881726769641,-0.051831307665215154,-0.0404677473315149
99.776,0.031999999999996476,-0.0001611735155519525,-0.22369445365621293,-0.019442714382512636,0.03238859328270252
99.808,0.03200000000001069,0.0020039721275098314,-0.35725101265613224,-0.027394730360818107,-0.007952015978305471
99.84,0.031999999999996476,0.0011319162187297166,0.021548403252000112,3.2019354874168015e-06,0.027397932296305525
99.872,0.031999999999996476,0.0029605515878674982,-0.29500814173319984,-0.02169478071877057,-0.02169798265425799
99.904,0.031999999999996476,-0.00014249719700431016,-0.20893651975814612,-0.01661765867203861,0.005077122046731962
99.936,0.03200000000001069,-0.00017826019520568377,-0.43744789475515644,-0.03312933937437173,-0.01651168070233312
99.968,0.031999999999996476,0.0002554002067275764,-0.40811577675073174,-0.031925452872452825,0.0012038865019189035
100.0,0.031999999999996476,0.0012966130407597479,-0.29325244768375763,-0.023408878378337484,0.008516574494115341
100.032,0.031999999999996476,0.0021627602295190293,-0.018380353456872455,-0.0027030683176840257,0.02070581006065346
100.06400000000001,0.03200000000001069,0.004916304129950992,-0.23102731256552023,-0.017145846535880437,-0.01444277821819641
100.096,0.031999999999996476,-0.0031917161552018967,-0.1404695887719225,-0.011319979283908562,0.005825867251971874
100.128,0.031999999999996476,-0.001176528263599608,-0.22635048593532814,-0.017299357969789406,-0.005979378685880844
100.16,0.031999999999996476,-0.12164241073335215,-0.8065482457631985,-0.06031241666197112,-0.04301305869218171
100.19200000000001,0.03200000000001069,0.0004031961678933094,-0.22300971694170246,-0.019881965290583156,0.04043045137138796
100.224,0.031999999999996476,0.002812436516987229,-0.29008474943923235,-0.022480665700275047,-0.0025987004096918905
100.256,0.031999999999996476,0.0017262167446305931,-0.19424515122629524,-0.015582620517797553,0.006898045182477493
100.288,0.031999999999996476,-0.05895003208995348,-0.6241670287753754,-0.04680095498469234,-0.031218334466894787
100.32000000000001,0.03200000000001069,-0.05851066782812268,-0.5202686790017829,-0.04096245246836051,0.005838502516331827
100.352,0.031999999999996476,-0.0016040301905847325,-0.22684157195332716,-0.019046705187600394,0.02191574728076012
100.384,0.031999999999996476,-0.16026341255676782,-0.6199705955410968,-0.0466923267475631,-0.027645621559962707
100.416,0.031999999999996476,-0.4158577782831467,-2.0708158167413644,-0.15498376917474638,-0.10829144242718328
100.44800000000001,0.03200000000001069,-0.12111532041195137,-0.8268175292627727,-0.06975141844866514,0.08523235072608124
100.48,0.031999999999996476,-0.07835037981019762,-0.6229410030037017,-0.049837907522128536,0.019913510926536607
100.512,0.031999999999996476,-0.300864844362593,-1.6792352013584395,-0.12636843350222904,-0.0765305259801005
100.544,0.031999999999996476,-0.0001762114612811854,-0.12175778837634997,-0.01624922846562728,0.11011920503660176
100.57600000000001,0.03200000000001069,-0.1805115586822033,-1.198865123504718,-0.08910286570453269,-0.07285363723890541
100.608,0.031999999999996476,-0.006930151276159591,-0.18537676501865746,-0.018776475554987175,0.0703263901495455
100.64,0.031999999999996476,-0.02093307977355689,-0.49767059917121104,-0.037682757205609346,-0.01890628165062217
100.672,0.031999999999996476,-0.00283860287212189,-0.481533108293824,-0.037587444675704317,9.531252990502975e-05
100.70400000000001,0.03200000000001069,-0.07372203627730416,-0.7769157766226837,-0.0593044507054796,-0.021717006029775283
100.736,0.031999999999996476,-0.059852315013826436,-0.7878334162356442,-0.06136103912630134,-0.0020565884208217367
100.768,0.031999999999996476,9.987463324605995e-05,-0.34773702816876473,-0.029114976017275425,0.03224606310902591
100.8,0.031999999999996476,-0.020682037966114664,-0.5301155394964012,-0.040665597563609525,-0.0115506215463341
100.83200000000001,0.03200000000001069,-0.11573125399773457,-1.0797116272335516,-0.08174982507140646,-0.04108422750779694
100.864,0.031999999999996476,-0.0030809124768034135,-0.35098470500590456,-0.030530836717676025,0.05121898835373044
100.896,0.031999999999996476,-0.0016935120394644557,-0.3703500311468321,-0.028998142224607133,0.0015326944930688924
100.928,0.031999999999996476,-0.0020158197434822023,-0.4559729058505035,-0.03520638678458744,-0.00620824455998031
100.96000000000001,0.03200000000001069,-0.019036204153002338,-0.4796562096802119,-0.03730645854582387,-0.00210007176123643
100.992,0.031999999999996476,0.001037490171409483,-0.18553764490243818,-0.015798147879166783,0.02150831066665709
101.024,0.031999999999996476,-0.022891236774907526,-0.6385016779707454,-0.04786757052918747,-0.03206942265002069
101.056,0.031999999999996476,-0.0016174880952705836,-0.45894706263300955,-0.03651442164277259,0.01135314888641488
101.08800000000001,0.03200000000001069,0.0005379864778958413,-0.35961366836188224,-0.028554014513270973,0.007960407129501617
101.12,0.031999999999996476,0.00202243349534736,-0.4880115629330703,-0.03753687780011678,-0.008982863286845808
101.152,0.031999999999996476,-0.004890998030951931,-0.315913088685078,-0.025399289436547262,0.01213758836356952
101.184,0.031999999999996476,-0.10501384010312884,-0.8182694187230393,-0.061641995950193325,-0.03624270651364606
101.21600000000001,0.03200000000001069,-0.12454772858231351,-0.9432739805849307,-0.07292711776774764,-0.011285121817554318
101.248,0.031999999999996476,-0.001314320457389343,-0.17795361783488012,-0.017296764618514635,0.05563035314923301
101.28,0.031999999999996476,-0.14809731204644255,-1.1107984771391821,-0.08268689787944669,-0.06539013326093206
101.312,0.031999999999996476,-0.00488876694122673,-0.4987852230541201,-0.041454216641380034,0.04123268123806666
101.34400000000001,0.03200000000001069,-0.0026991446258270335,-0.24476101929428562,-0.020392894496085376,0.02106132214529466
101.376,0.031999999999996476,-0.40604223009190477,-2.3600164153484053,-0.17473340473068336,-0.154340510234598
101.408,0.031999999999996476,-0.0013030659214323557,-0.21742816959360034,-0.026076915157169197,0.14865648957351416
101.44,0.031999999999996476,0.0023012525593645817,-0.6329118954543137,-0.0480498804127586,-0.021972965255589404
101.47200000000001,0.03200000000001069,-0.0022534074633175434,-0.549496945051713,-0.04318400508719874,0.0048658753255598625
101.504,0.031999999999996476,0.0014338188762943356,-0.3825137364864975,-0.030623119611703817,0.012560885475494922
101.536,0.031999999999996476,-1.043662695159966e-05,-0.4271878464331874,-0.03318333544112185,-0.002560215829418032
101.568,0.031999999999996476,-0.0025588501042268087,-0.5616999127422725,-0.043223182163814766,-0.010039846722692918
101.60000000000001,0.03200000000001069,-0.12359839651034937,-0.9603264811841785,-0.07311786139011421,-0.029894679226299445
101.632,0.031999999999996476,-0.04403972768006945,-0.5593644140487921,-0.04535681241653418,0.027761048973580033
101.664,0.031999999999996476,-0.10623350291057101,-0.9298911780902419,-0.07100281481373888,-0.0256460023972047
101.696,0.031999999999996476,-0.012653258667031804,-0.3628983427338718,-0.030786553343334074,0.0402162614704048
101.72800000000001,0.03200000000001069,-0.13394032538357667,-0.8103948833485445,-0.061373902612374,-0.030587349269039926
101.76,0.031999999999996476,-0.11996152238430419,-0.9169216057599782,-0.0709736813730469,-0.009599778760672896
101.792,0.031999999999996476,-0.0037071123133742487,-0.4007161956281399,-0.033566004964405184,0.03740767640864171
101.824,0.031999999999996476,-0.03414590992890122,-0.656604241667308,-0.05022455916784572,-0.016658554203440534
101.85600000000001,0.03200000000001069,0.0009460224212486146,-0.2304092497785601,-0.019843765901258935,0.030380793266586784
101.888,0.031999999999996476,-0.1248080136518071,-0.991689223407628,-0.07407461241654038,-0.05423084651528145
101.92,0.031999999999996476,-0.0034092466254531727,-0.40184907100241396,-0.0338283307655095,0.040246281651030884
101.952,0.031999999999996476,0.0025207530875410206,-0.1349138583966333,-0.01187447404379749,0.02195385672171201
101.98400000000001,0.03200000000001069,-0.029826463928091098,-0.7930213193514509,-0.05900446988349992,-0.047129995839702434
102.016,0.031999999999996476,-0.0009158706083096528,-0.2954383325245766,-0.025132875524571555,0.033871594358928364
102.048,0.031999999999996476,-0.002355477702332816,-0.3288410884245198,-0.02563394585316285,-0.0005010703285912958
102.08,0.031999999999996476,-0.05968764877799821,-0.6401461917891936,-0.04855631999440553,-0.02292237414124268
102.11200000000001,0.03200000000001069,-0.0007455465089659119,-0.370365425013476,-0.030039868819612025,0.018516451174793506
102.144,0.031999999999996476,-0.11640462659656561,-0.9467580802845434,-0.07135897759287681,-0.04131910877326478
102.176,0.031999999999996476,-0.002450636469890837,-0.5097867738845784,-0.04160932278974751,0.0297496548031293
102.208,0.031999999999996476,-0.00032621326311714347,-0.3357302313323719,-0.02709174508915456,0.014517577700592948
102.24000000000001,0.03200000000001069,-0.007689608858870192,-0.3363018147420521,-0.026295693089942524,0.000796051999212035
102.272,0.031999999999996476,-0.23601230875002085,-1.553939664013566,-0.11579510097728864,-0.08949940788734612
102.304,0.031999999999996476,-0.0010033041931928575,-0.21830340626441902,-0.022738826337078293,0.09305627464021035
102.336,0.031999999999996476,-0.0008675926905841841,-0.2617852791587116,-0.02056444019953802,0.002174386137540271
102.36800000000001,0.03200000000001069,-0.0030259949249507615,-0.05360372491876829,-0.00512919624028575,0.015435243959252271
102.4,0.031999999999996476,-0.179129093519372,-1.1211968749590164,-0.0827491759087837,-0.07761997966849794
102.432,0.031999999999996476,-0.0029503916083644588,-0.17181999018938604,-0.01741271461080903,0.06533646129797466
102.464,0.031999999999996476,-0.026062414339900686,-0.505373236224422,-0.03817048221752515,-0.020757767606716118
102.496,0.031999999999996476,-0.14280633394060754,-0.9087531394463306,-0.06903345844882246,-0.030862976231297308
102.528,0.03200000000001069,-0.010891873846367786,-0.48202579103206683,-0.03943352374719756,0.0295999347016249
102.56,0.031999999999996476,0.001814554814381185,-0.1903598855715091,-0.016275570062734165,0.023157953684463394
102.592,0.031999999999996476,-0.001216083483987867,-0.3813224142723078,-0.02898211036708002,-0.012706540304345856
102.624,0.031999999999996476,-0.005853732386726186,-0.5210666296741544,-0.03999246847421034,-0.01101035810713032
102.656,0.03200000000001069,-0.0008973095923179717,-0.31940555059953574,-0.025797884861876074,0.014194583612334267
102.688,0.031999999999996476,0.0024435097217094704,-0.13367706032754437,-0.011319929397272914,0.01447795546460316
102.72,0.031999999999996476,0.00017522251381460197,-0.6878441306458137,-0.05123770225199831,-0.03991777285472539
102.752,0.031999999999996476,0.0005251639729211771,-0.39600879230785446,-0.03208048158373828,0.019157220668260026
102.784,0.03200000000001069,-0.0037487240017885916,-0.07360881077751415,-0.007265185234648381,0.0248152963490899
102.816,0.031999999999996476,-0.0019463199596824014,-0.30860668671629293,-0.023114418085416377,-0.015849232850767996
102.848,0.031999999999996476,-0.0047930160072252445,-0.4088484085665584,-0.03140117861182602,-0.008286760526409646
102.88,0.031999999999996476,-0.002547661940708518,-0.3648357440129883,-0.02864286433470155,0.0027583142771244705
102.912,0.03200000000001069,0.0013009985904197218,-0.3873002986978257,-0.030135677835017385,-0.001492813500315833
102.944,0.031999999999996476,0.08690333560042711,0.09993550671645955,0.00560957490924922,0.035745252744266605
102.976,0.031999999999996476,-0.0033572261847825244,-0.5062755730323163,-0.03690778472779494,-0.04251735963704416
103.008,0.031999999999996476,0.10386396264562646,0.13499804729352424,0.007797134599367937,0.044704919327162876
103.04,0.03200000000001069,0.10078873302724535,0.0487163037411021,0.004032729401500656,-0.003764405197867281
103.072,0.031999999999996476,0.10362673081599888,0.15130821320567567,0.011360046020433423,0.0073273166189327665
103.104,0.031999999999996476,-0.003606772787259854,-0.14752293270522543,-0.010193064905073186,-0.02155311092550661
103.136,0.031999999999996476,-0.0009460232830262081,-0.1303725120891783,-0.010176060305902394,1.7004599170792126e-05
103.168,0.03200000000001069,0.003310163537873905,-0.08423993406181426,-0.006782478408732729,0.0033935818971696655
103.2,0.031999999999996476,0.0008636203151495354,-0.0933432463419028,-0.0072560297023649065,-0.0004735512936321776
103.232,0.031999999999996476,-0.001196010259492019,-0.1112284029977749,-0.008598645853370447,-0.001342616151005541
103.264,0.031999999999996476,0.12345882036922727,0.4369018309427115,0.03163346771200292,0.040232113565373366
103.296,0.03200000000001069,0.003856919451275964,0.010075528014423126,0.002567127531132918,-0.029066340180870003
103.328,0.031999999999996476,0.0026102043665182004,-0.18700390005414663,-0.01360411126211261,-0.01617123879324553
103.36,0.031999999999996476,-0.000389214336487598,-0.27892250940879054,-0.021297377316483963,-0.007693266054371354
103.392,0.031999999999996476,-0.00397871825489636,-0.06241032448577526,-0.005819147351023325,0.015478229965460638
103.424,0.03200000000001069,-0.0017611976191782431,-0.09300751079765564,-0.007175727420812542,-0.0013565800697892165
103.456,0.031999999999996476,0.0016555052478641203,-0.06622559089112762,-0.00528449308107556,0.001891234339736982
103.488,0.031999999999996476,0.000918704237182995,0.08755383655025965,0.006133660058950973,0.011418153140026532
103.52,0.031999999999996476,0.000593358620086135,0.0027480503489742264,0.0005561827838837138,-0.00557747727506726
103.552,0.03200000000001069,-0.0015725356000148285,0.04524621075095793,0.0033595245062734698,0.002803341722389756
103.584,0.031999999999996476,-0.0017089436043653775,-0.2226521646928485,-0.01617994837148285,-0.01953947287775632
103.616,0.031999999999996476,-0.005575649977112757,-0.09260364483059119,-0.007744146514355436,0.008435801857127414
103.648,0.031999999999996476,0.004403871079594969,-0.1608262096081173,-0.012274258319009142,-0.0045301118046537055
103.68,0.03200000000001069,-0.0012045911465366236,-0.14744734058625786,-0.011551892437614357,0.0007223658813947844
103.712,0.031999999999996476,-0.0030500463840278866,-0.09273476754977396,-0.007486615907729168,0.004065276529885189
103.744,0.031999999999996476,0.0015333235655981571,0.23779995237592905,0.017055666928104254,0.024542282835833422
103.776,0.031999999999996476,-0.0425399647803787,-0.33501297723854695,-0.023652322304749604,-0.04070798923285386
103.808,0.03200000000001069,-0.00010539000754512873,0.0862462196107899,0.004977139770669324,0.02862946207541893
103.84,0.031999999999996476,-0.00091718142633586,-0.14467739701445181,-0.010352282857366994,-0.015329422628036318
103.872,0.031999999999996476,-0.023033997011247444,-0.23077037277839926,-0.017568533227050473,-0.007216250369683479
103.904,0.031999999999996476,-0.10114520710798287,-0.6776578880173474,-0.05084932979854258,-0.033280796571492105
103.936,0.03200000000001069,0.0001541261889775401,-0.15603420418737005,-0.014410275634595232,0.03643905416394735
103.968,0.031999999999996476,-0.0005846311826826088,-0.047670902801467886,-0.004337620912974345,0.010072654721620888
104.0,0.031999999999996476,-0.0005048017409456532,-0.01425720171634606,-0.0012988846987079658,0.003038736214266379
104.032,0.031999999999996476,0.00027052194390984955,-0.12172780004971662,-0.009026873403309484,-0.0077279887046015185
104.06400000000001,0.03200000000001069,-0.003338856563869098,0.009175355459784797,0.00015364464172575766,0.009180518045035242
104.096,0.031999999999996476,-0.014696214921688969,-0.18335080335374243,-0.013474789844829218,-0.013628434486554975
104.128,0.031999999999996476,0.003645241481549141,-0.03775956840779442,-0.003554734404764329,0.009920055440064888
104.16,0.031999999999996476,-0.000502852632449556,-0.10488231112029438,-0.007918280455069449,-0.00436354605030512
104.19200000000001,0.03200000000001069,0.0016747977191404202,-0.12304118985528012,-0.009505591999743318,-0.0015873115446738695
104.224,0.031999999999996476,0.0005027162689981906,0.1209565606598294,0.0083464238079152,0.01785201580765852
104.256,0.031999999999996476,-0.08424856783540044,-0.3743720318068443,-0.027049572666394385,-0.035395996474309584
104.288,0.031999999999996476,0.0015121653998251318,-0.0038509057599420762,-0.0018447433668967253,0.02520482929949766
104.32000000000001,0.03200000000001069,0.0008019621583462038,-0.11413905153224425,-0.008500307035980157,-0.006655563669083432
104.352,0.031999999999996476,0.0012651405899812796,-0.09982001879299493,-0.007831501677911409,0.000668805358068748
104.384,0.031999999999996476,-0.00047669355700499317,0.11282257705848353,0.007844892501935805,0.015676394179847213
104.416,0.031999999999996476,0.00017745942108693768,-0.010497020976244591,-0.0003190748905886883,-0.008163967392524493
104.44800000000001,0.03200000000001069,-0.0003640427349006241,-0.019753563746090646,-0.0014711014513312816,-0.0011520265607425934
104.48,0.031999999999996476,-0.027404011445881005,-0.07385023613183955,-0.00551588842264558,-0.004044786971314298
104.512,0.031999999999996476,-0.003738962610022192,-0.2090653621765877,-0.015693141240503344,-0.010177252817857764
104.544,0.031999999999996476,-0.00013922800539057758,-0.0032435051563945647,-0.0011444786755544704,0.014548662564948873
104.57600000000001,0.03200000000001069,-0.002118823762321158,-0.011091425028138653,-0.0008817356073282035,0.00026274306822626694
104.608,0.031999999999996476,0.0013797023018456522,0.057181381193375805,0.004154229941287187,0.00503596554861539
104.64,0.031999999999996476,0.004144622641955545,0.09939187351606049,0.007549120754520586,0.0033948908132333993
104.672,0.031999999999996476,-0.0037777877953966334,-0.20060369135481196,-0.014316637120349557,-0.02186575787487014
104.70400000000001,0.03200000000001069,-0.06859695616937482,-0.32561421745944263,-0.02477222956309141,-0.010455592442741853
104.736,0.031999999999996476,0.0013757641465794764,0.021429248499825693,0.00014583382062060128,0.02491806338371201
104.768,0.031999999999996476,0.00237853511733152,-0.1412315837464273,-0.01037778380623916,-0.010523617626859761
104.8,0.031999999999996476,0.00044444197646236155,-0.16048313656690502,-0.01240106610198579,-0.00202328229574663
104.83200000000001,0.03200000000001069,-0.008751768060115218,0.10162411896589957,0.006757558617137866,0.019158624719123656
104.864,0.031999999999996476,-0.13245069305398072,-0.5436156182950154,-0.039587508073287404,-0.04634506669042527
104.896,0.031999999999996476,-0.02531904264945754,-0.08257574072848965,-0.008357989010591283,0.031229519062696123
104.928,0.031999999999996476,-0.12642901428315206,-0.5933154089012818,-0.044115048556743336,-0.035757059546152055
104.96000000000001,0.03200000000001069,-0.08772115624537022,-0.5086239939144733,-0.03995104478831569,0.004164003768427647
104.992,0.031999999999996476,-0.0036013113196546017,0.010312496157033672,-0.0015479536697892446,0.038403091118526446
105.024,0.031999999999996476,-0.004096249346450342,0.0008870498022852545,-2.412809446236966e-05,0.001523825575326875
105.056,0.031999999999996476,-0.12441618031979934,-0.6971981522374999,-0.051273502926287164,-0.0512493748318248
105.08800000000001,0.03200000000001069,-0.07735806803357621,-0.4759415238295248,-0.037960819504828665,0.013312683421458499
105.12,0.031999999999996476,-0.0024240222389847973,-0.22854128191305625,-0.01899842074013434,0.018962398764694324
105.152,0.031999999999996476,0.0033729965093783443,-0.10989303753110843,-0.00917832018032901,0.00982010055980533
105.184,0.031999999999996476,7.014634462898589e-05,-0.003091871337890484,-0.0007572328783239269,0.008421087302005083
105.21600000000001,0.03200000000001069,-0.0066358823172550105,-0.03861153462831371,-0.002883215357978967,-0.00212598247965504
105.248,0.031999999999996476,-0.10603497801573054,-0.7140344523791106,-0.052676700723277244,-0.049793485365298276
105.28,0.031999999999996476,0.0016469955231802125,-0.1282794940632885,-0.012474680403813878,0.040202020319463364
105.312,0.031999999999996476,0.004858320217268185,-0.3420940585348192,-0.02587782634591948,-0.013403145942105602
105.34400000000001,0.03200000000001069,-0.003055599022958391,-0.12039715813623214,-0.01034793733032644,0.01552988901559304
105.376,0.031999999999996476,7.369452713344116e-05,-0.3161728935511233,-0.023848803085411794,-0.013500865755085354
105.408,0.031999999999996476,-0.002961759623896898,-0.18529531536407226,-0.015003428870872226,0.008845374214539568
105.44,0.031999999999996476,0.1342266368374608,0.44028984367610524,0.03151288071866969,0.04651630958954192
105.47200000000001,0.03200000000001069,-0.0043488208261215355,-0.1791635358713211,-0.01135651746633074,-0.042869398185000435
105.504,0.031999999999996476,-0.003922717630592249,-0.17039337522818138,-0.013186368689458081,-0.0018298512231273417
105.536,0.031999999999996476,0.08825497902598821,0.2334977286345279,0.016410238947882284,0.029596607637340365
105.568,0.031999999999996476,0.0033168712190364954,0.028874636477673195,0.003070795267815913,-0.01333944368006637
105.60000000000001,0.03200000000001069,0.0019424000328492055,-0.12744967249495176,-0.009195403604185635,-0.012266198872001548
105.632,0.031999999999996476,0.0440928898278792,-0.3075258961118408,-0.02314636622599842,-0.013950962621812784
105.664,0.031999999999996476,0.0847973251165671,0.44483404933197457,0.03137697836774274,0.054523344593741155
105.696,0.031999999999996476,-0.00040312494372294195,-0.12765572431164432,-0.007576466854902653,-0.03895344522264539
105.72800000000001,0.03200000000001069,-0.004097443426853106,-0.08511847796380276,-0.006697014593682994,0.0008794522612196589
105.76,0.031999999999996476,0.06381908953930295,0.23859880492065266,0.017159997680880387,0.02385701227456338
105.792,0.031999999999996476,0.0015240078706881927,0.0918963964374125,0.007748712650162053,-0.009411285030718333
105.824,0.031999999999996476,-0.005885018035701626,-0.10497685243363673,-0.0072726954701617524,-0.015021408120323806
105.85600000000001,0.03200000000001069,-0.0009445880328418615,-0.07098485268633174,-0.005640088147551751,0.0016326073226100015
105.888,0.031999999999996476,0.006360583803934513,0.08655368306085415,0.006039580369541552,0.011679668517093303
105.92,0.031999999999996476,-0.004727882000686556,0.09643672515149565,0.007440638016001307,0.0014010576464597553
105.952,0.031999999999996476,0.00628604240793642,-0.16658941032768207,-0.011821481797699738,-0.019262119813701045
105.98400000000001,0.03200000000001069,0.0005212942073753992,0.03200743181137208,0.001671390542739946,0.013492872340439683
106.016,0.031999999999996476,0.0005299851018694868,-0.09170260601323679,-0.006647342582525807,-0.008318733125265753
106.048,0.031999999999996476,-0.0005300497554715612,0.22200883858574433,0.015942835318316043,0.02259017790084185
106.08,0.031999999999996476,0.0006797018131394659,0.07611096603168545,0.0065175828619328975,-0.009425252456383145
106.11200000000001,0.03200000000001069,-0.11794127961890186,-0.6080127740937599,-0.04433714307597754,-0.05085472593791043
106.144,0.031999999999996476,0.0006558655942599115,0.2797894706336777,0.018016238661496934,0.06235338173747447
106.176,0.031999999999996476,-0.006103584309204194,-0.26113040105941054,-0.01816352799750959,-0.036179766659006525
106.208,0.031999999999996476,-0.024035467655074798,-0.292638943812708,-0.02256929793283961,-0.004405769935330019
106.24000000000001,0.03200000000001069,0.002281317326694126,-0.04207720037945848,-0.004397271602937018,0.018172026329902592
106.272,0.031999999999996476,0.0016792453740824853,0.19068404409427786,0.013769097358874268,0.018166368961811286
106.304,0.031999999999996476,-0.04391587145942208,-0.15858786850114584,-0.010867710477601818,-0.024636807836476086
106.336,0.031999999999996476,-0.04736971885888289,-0.05927840960406118,-0.004986730572803251,0.005880979904798567
106.36800000000001,0.03200000000001069,0.0028952644646628644,-0.1497071065620681,-0.011297373883050348,-0.006310643310247097
106.4,0.031999999999996476,-0.00904630344683668,0.006926099926043589,-0.00014284001854323686,0.011154533864507111
106.432,0.031999999999996476,0.0009884361319430018,-0.08807008762232635,-0.00648494021450822,-0.006342100195964983
106.464,0.031999999999996476,-0.002968713816373218,0.11020615716843205,0.007730216142082886,0.014215156356591107
106.49600000000001,0.03200000000001069,0.0009159936677038118,-0.14028391194935808,-0.00987025241048853,-0.017600468552571417
106.528,0.031999999999996476,-0.004971519228309325,-0.04501030636065019,-0.003879868694137644,0.005990383716350886
106.56,0.031999999999996476,-0.0034711744808631094,-0.1891559548267419,-0.014134553004238855,-0.010254684310101212
106.592,0.031999999999996476,-0.0034760416792217167,-0.23900440848503882,-0.01839241304554834,-0.004257860041309484
106.624,0.031999999999996476,-0.000793983698124428,-0.032710134166066385,-0.003467287719283853,0.014925125326264487
106.656,0.03200000000001069,0.13772296285748784,0.5994968285859055,0.043886969240054974,0.04735425695933883
106.688,0.031999999999996476,-0.0027965824536230043,-0.2733572907218084,-0.01756920281426425,-0.06145617205431922
106.72,0.031999999999996476,0.003943224985278239,0.02823939524709649,0.0010624776465582477,0.018631680460822496
106.752,0.031999999999996476,0.010158803861121585,-0.014088502110233363,-0.0009747357815623722,-0.00203721342812062
106.784,0.03200000000001069,0.08758876735812253,0.32383207741336933,0.023758413724433214,0.024733149505995585
106.816,0.031999999999996476,0.002910619715055853,0.08350144713690005,0.007512266650285345,-0.01624614707414787
106.848,0.031999999999996476,0.04993856504196733,0.2647172090240295,0.019901039737057175,0.01238877308677183
106.88,0.031999999999996476,-0.0021815038689586997,0.053493565756608484,0.005082797613634238,-0.014818242123422937
106.912,0.03200000000001069,0.054226040488629126,0.14871507495790345,0.011229965515855738,0.0061471679022215
106.944,0.031999999999996476,0.12196019271371672,0.43065394298719434,0.03231868406509347,0.021088718549237735
106.976,0.031999999999996476,6.357912861288901e-05,0.043971669204167174,0.005099414339995996,-0.027219269725097476
107.008,0.031999999999996476,0.03634734289766232,0.17846477874501743,0.013418724739072973,0.008319310399076976
107.04,0.03200000000001069,0.00015131627100879453,0.010100145531441654,0.0015174175946178804,-0.011901307144455092
107.072,0.031999999999996476,0.08546298864674409,0.3362197494254821,0.024813275646216878,0.023295858051599
107.104,0.031999999999996476,0.05575706635335772,0.01010274770943993,0.002175405875255198,-0.02263786977096168
107.136,0.031999999999996476,0.12716641026373005,0.49671258802517204,0.03665394040573962,0.03447853453048442
107.168,0.03200000000001069,0.0009161164171259933,-0.002430668984806251,0.001937246229864638,-0.03471669417587498
107.2,0.031999999999996476,0.10179083763726962,0.43469859288396995,0.03207966841994511,0.030142422190080474
107.232,0.031999999999996476,0.001862477093520722,-0.006128556257264467,0.0014012342588904576,-0.030678434161054653
107.264,0.031999999999996476,0.057032371334973075,0.12275561091480665,0.009108367392854512,0.007707133133964055
107.296,0.03200000000001069,0.03752988863151882,0.19446011578226213,0.014826458610505435,0.005718091217650923
107.328,0.031999999999996476,-0.002165407064656811,0.07972627997173072,0.006719006470141012,-0.008107452140364423
107.36,0.031999999999996476,-0.0016483246442255215,-0.034375787886260806,-0.002140121180114731,-0.008859127650255743
107.392,0.031999999999996476,0.11935889839227228,0.7595998079061896,0.055737594703618144,0.057877715883732875
107.424,0.03200000000001069,0.0009376521215151261,-0.08030643544803251,-0.002688073511229024,-0.05842566821484717
107.456,0.031999999999996476,-0.005474909016627013,0.059214331828287246,0.0041994553700523945,0.006887528881281418
107.488,0.031999999999996476,0.0898144483235881,0.48313484110265553,0.03577227633241261,0.031572820962360214
107.52,0.031999999999996476,0.0016336625279966184,0.07595610881418782,0.007650929970225895,-0.028121346362186717
107.552,0.03200000000001069,0.001217571246611299,-0.010807538177202522,-0.00035310767396493553,-0.008004037644190831
107.584,0.031999999999996476,0.06946076984960922,0.29315549610584446,0.02153833700410222,0.021891444678067154
107.616,0.031999999999996476,0.001645626669579651,-0.030433324234291455,-0.000994685224744169,-0.02253302222884639
107.648,0.031999999999996476,0.05414491339972805,0.46884909474545744,0.034421846362997,0.03541653158774117
107.68,0.03200000000001069,-0.001575577565639995,0.06402514093095471,0.00669556481290685,-0.02772628155009015
107.712,0.031999999999996476,0.0025018685629410453,0.11428786584449294,0.008791284322887543,0.0020957195099806933
107.744,0.031999999999996476,0.0004180657559966461,0.09559715296675503,0.0075377490189896855,-0.0012535353038978575
107.776,0.031999999999996476,-0.004972344394448646,0.15064654412765005,0.01151372827677283,0.003975979257783144
107.808,0.03200000000001069,0.0021667604590908792,0.12523970621307834,0.009874833277713267,-0.0016388949990595626
107.84,0.031999999999996476,0.001531990466130833,0.12825264940338527,0.010001793905455962,0.00012696062774269525
107.872,0.031999999999996476,-0.0018105812121168852,0.037747751077265565,0.0033533725027980947,-0.006648421402657867
107.904,0.031999999999996476,0.0027724641553942154,0.17099079565775782,0.012768288944878243,0.009414916442080147
107.936,0.03200000000001069,-0.0009134466167628775,0.12325698699909217,0.009801448288043945,-0.002966840656834297
107.968,0.031999999999996476,0.0017307189322455113,0.13653878884932713,0.010606922029375026,0.0008054737413310809
108.0,0.031999999999996476,0.0012251355923438535,0.042964890300773564,0.003771975591545298,-0.006834946437829729
108.032,0.031999999999996476,0.003751777389764653,0.18908376413764763,0.014123015515297151,0.010351039923751854
108.06400000000001,0.03200000000001069,0.0031254885599751076,0.28060270997437764,0.021450895510654943,0.007327879995357792
108.096,0.031999999999996476,-0.0025022775616023027,0.08524055952699526,0.0075069504708677294,-0.013943945039787214
108.128,0.031999999999996476,0.0038501209785531208,-0.058730161284177726,-0.003885660035633663,-0.011392610506501392
108.16,0.031999999999996476,-0.0006126884838211023,0.42335946666514906,0.03090963550060131,0.03479529553623498
108.19200000000001,0.03200000000001069,-0.10892307483132496,-0.5405656565042452,-0.03796893606679461,-0.06887857156739592
108.224,0.031999999999996476,-0.01239678949828984,-0.016831342105194665,-0.003429692375174911,0.0345392436916197
108.256,0.031999999999996476,-0.0018494678380300705,-0.07988812811942146,-0.006072984014850255,-0.002643291639675344
108.288,0.031999999999996476,0.0021232639305179156,0.18193007775933015,0.013028591359587637,0.019101575374437893
108.32000000000001,0.03200000000001069,-0.08346198387748437,-0.15720428351184812,-0.010808710052549773,-0.02383730141213741
108.352,0.031999999999996476,-0.02875854623376488,-0.1952875616489149,-0.014985468380656454,-0.004176758328106682
108.384,0.031999999999996476,-0.12156243494806969,-0.4168299101480933,-0.031518863275989746,-0.016533394895333293
108.416,0.031999999999996476,-0.12529048063374465,-0.5704194403134915,-0.04376832975328308,-0.012249466477293337
108.44800000000001,0.03200000000001069,-0.008133229570128752,-0.11857075106753474,-0.011246425203990437,0.03252190454929264
108.48,0.031999999999996476,0.0029044991956197162,0.28825309201987337,0.020548951921954765,0.0317953771259452
108.512,0.031999999999996476,-0.13206455925400987,-0.6567982561742268,-0.04711482048209239,-0.06766377240404715
108.544,0.031999999999996476,-0.13131056913923744,-0.36758949404702035,-0.02975250979007669,0.017362310692015697
108.57600000000001,0.03200000000001069,-0.1398463358736575,-0.7482527295709831,-0.05674426016739177,-0.02699175037731508
108.608,0.031999999999996476,-0.12298624634001289,-0.46822586523909093,-0.037709229994888474,0.019035030172503298
108.64,0.031999999999996476,-0.12775739271976208,-0.6772120256132331,-0.05197924482712314,-0.014270014832234668
108.672,0.031999999999996476,-0.09412268803178019,-0.46619629382502,-0.03728489491206881,0.014694349915054333
108.70400000000001,0.03200000000001069,-0.12203379046531279,-0.36573679769259865,-0.02904878954247482,0.008236105369593988
108.736,0.031999999999996476,-0.12832783281323581,-0.342498506364053,-0.026864377566913934,0.0021844119755608862
108.768,0.031999999999996476,-0.16148179718070685,-0.7779733169971749,-0.0587631896887191,-0.03189881212180517
108.8,0.031999999999996476,-0.28309213975828174,-1.4915207012129774,-0.1130791149520975,-0.0543159252633784
108.83200000000001,0.03200000000001069,-0.13214384968110615,-0.8037430539665954,-0.0656353992648913,0.047443715687206206
108.864,0.031999999999996476,-0.2443807807622168,-1.3396955614338013,-0.10231058610506993,-0.036675186840178634
108.896,0.031999999999996476,-0.2842807931123344,-1.5083902215124636,-0.11683365433188288,-0.014523068226812944
108.928,0.031999999999996476,-0.27292031492781677,-1.4490877434273022,-0.11331093999689883,0.0035227143349840506
108.96000000000001,0.03200000000001069,-0.3960432602005229,-2.1600829314730836,-0.16539432411903582,-0.05208338412213699
108.992,0.031999999999996476,0.0017005716860010213,-0.27813643044516967,-0.030002277899589116,0.1353920462194467
109.024,0.031999999999996476,-0.4118010870024578,-2.4236539663474197,-0.17996806548746855,-0.14996578758787943
109.056,0.031999999999996476,-0.4196976226042401,-2.467906597058381,-0.1918798005931787,-0.011911735105710142
109.08800000000001,0.03200000000001069,-0.42311639155550096,-2.5818693611218793,-0.20094830155813534,-0.00906850096495665
109.12,0.031999999999996476,-0.39845405846363535,-4.45755464244943,-0.3394101381947761,-0.13846183663664077
109.152,0.031999999999996476,-0.4174391119963953,-4.556380983034232,-0.3546711238062311,-0.015260985611455002
109.184,0.031999999999996476,-0.40880947835814896,-2.2330239407253254,-0.1846919232911617,0.1699792005150694
109.21600000000001,0.03200000000001069,-0.086013078642252,-0.592095667651293,-0.0542049439207865,0.1304869793703752
109.248,0.031999999999996476,-0.4153366129396057,-2.690869213670685,-0.20101633289075616,-0.14681138896996965
109.28,0.031999999999996476,-0.41856513094467734,-2.478376623294247,-0.1938648657606626,0.007151467130093542
109.312,0.031999999999996476,-0.4177322695774864,-3.680848621499902,-0.2818820812709238,-0.08801721551026118
109.34400000000001,0.03200000000001069,-0.4211567657232018,-3.7661879150949398,-0.29323910493400607,-0.011357023663082277
109.376,0.031999999999996476,-0.41789149633294403,-4.767099119365427,-0.3675019721090323,-0.07426286717502623
109.408,0.031999999999996476,-0.3763673858026663,-1.8041288624067229,-0.1538915951251885,0.2136103769838438
109.44,0.031999999999996476,-0.0017031134582423323,-0.26145262227886196,-0.028111304931029188,0.12578029019415932
109.47200000000001,0.03200000000001069,-0.42007856242076624,-2.618784538132573,-0.19420884780875355,-0.16609754287772438
109.504,0.031999999999996476,-0.4193216766955802,-2.4481257018177724,-0.19124721630737196,0.0029616315013815953
109.536,0.031999999999996476,-0.4195922397264838,-2.5193185409677556,-0.19631178156854262,-0.0050645652611706615
109.568,0.031999999999996476,-0.38724624587431244,-4.58208624013689,-0.34830055807237803,-0.1519887765038354
109.60000000000001,0.03200000000001069,-0.41780962342456557,-2.2481479956141417,-0.1854363828284276,0.16286417524395044
109.632,0.031999999999996476,-0.4205746185059313,-2.3331129960260797,-0.18228272955922895,0.003153653269198642
109.664,0.031999999999996476,-0.27325395551296966,-1.5676944707355325,-0.12581162034413348,0.05647110921509546
109.696,0.031999999999996476,-0.08350920077215526,-0.842130786692404,-0.0691934776189549,0.05661814272517858
109.72800000000001,0.03200000000001069,-0.36587856050444884,-2.4943768446760597,-0.18743151379665682,-0.11823803617770191
109.76,0.031999999999996476,-0.4199955257935249,-2.4123370826690853,-0.1882240639064172,-0.0007925501097603704
109.792,0.031999999999996476,-0.4100771838897904,-3.079388064061779,-0.23732489735463422,-0.04910083344821703
109.824,0.031999999999996476,-0.40781661086571747,-4.496843307766545,-0.3443994228702701,-0.10707452551563587
109.85600000000001,0.03200000000001069,-0.41353009271019886,-2.9621472220562786,-0.23771883872697752,0.10668058414329257
109.888,0.031999999999996476,-0.42077306805856723,-2.5246950278852798,-0.1993899335406646,0.038328905186312934
109.92,0.031999999999996476,-0.12948597101002118,-1.053054070728559,-0.08895243186924405,0.11043750167142054
109.952,0.031999999999996476,-0.2246236590995308,-1.5089461765291166,-0.11610338546451486,-0.02715095359527081
109.98400000000001,0.03200000000001069,-0.357305303708246,-2.267842820468371,-0.17348021606545191,-0.057376830600937054
110.016,0.031999999999996476,-0.41149558299988426,-2.4330368285125124,-0.18894093235210266,-0.015460716286650744
110.048,0.031999999999996476,-0.421770955015893,-2.57761855601186,-0.20046603823417122,-0.011525105882068565
110.08,0.031999999999996476,-0.40046282303786046,-3.090927557745583,-0.23888023222234203,-0.03841419398817081
110.11200000000001,0.03200000000001069,-0.3995994372079514,-4.643940676178147,-0.35530678470897814,-0.11642655248663611
110.144,0.031999999999996476,-0.4181790539367225,-2.4474979594736386,-0.20050108732682648,0.15480569738215166
110.176,0.031999999999996476,-0.0020045191574397797,-0.3422627444828054,-0.036744822623500824,0.16375626470332566
110.208,0.031999999999996476,-0.26098006401254037,-1.5479633961784862,-0.11595882349889207,-0.07921400087539124
110.24000000000001,0.03200000000001069,-0.005243690697978413,-0.40313457584789125,-0.03634080396341532,0.07961801953547676
110.272,0.031999999999996476,-0.4198274826798801,-2.542056422121748,-0.1890413261680415,-0.15270052220462618
110.304,0.031999999999996476,-0.4180373080513337,-2.330631730699901,-0.18230836679966272,0.0067329593683787825
110.336,0.031999999999996476,-0.419122223121248,-2.558884646709682,-0.19870545040795834,-0.016397083608295615
110.36800000000001,0.03200000000001069,-0.3944652029989618,-2.1011894847221706,-0.16599303304106616,0.03271241736689218
110.4,0.031999999999996476,-0.4188815063751263,-2.6673388920491496,-0.20573933100355835,-0.03974629796249218
110.432,0.031999999999996476,-0.1268517797391424,-1.0251309815414134,-0.08726550642588664,0.11847382457767171
110.464,0.031999999999996476,-0.06680112106203734,-0.695663770962607,-0.05619702849734726,0.03106847792853938
110.49600000000001,0.03200000000001069,0.0009944797187104216,-0.30872868315115964,-0.025948179917750936,0.03024884857959632
110.528,0.031999999999996476,-0.26299317279698226,-1.7392661764031048,-0.1294039930606368,-0.10345581314288586
110.56,0.031999999999996476,-0.03396017495999118,-0.45652653938825255,-0.04104343829540024,0.08836055476523655
110.592,0.031999999999996476,-0.11802961102451666,-1.2000746842787824,-0.09062316394621793,-0.04957972565081769
110.624,0.031999999999996476,-0.005418870731149887,-0.37243504721980636,-0.03262054941297157,0.05800261453324636
110.656,0.03200000000001069,-0.048956617122408744,-0.6347576931986884,-0.048563378768044646,-0.015942829355073074
110.688,0.031999999999996476,-0.12664848035560297,-1.163081750382047,-0.08833681443704677,-0.03977343566900213
110.72,0.031999999999996476,-0.001618733968205246,-0.4317061222145237,-0.03684736884450694,0.05148944559253983
110.752,0.031999999999996476,-0.079656576829946,-0.8519452251535888,-0.06477940944966368,-0.027932040605156735
110.784,0.03200000000001069,0.00044616165466008063,-0.7991236727788582,-0.06250739146910164,0.0022720179805620355
110.816,0.031999999999996476,-0.03137294686851152,-0.6877374130923778,-0.05418485919956041,0.00832253226954123
110.848,0.031999999999996476,-0.003713879127727271,-0.37026027758354707,-0.030357066631504778,0.023827792568055634
110.88,0.031999999999996476,0.005255759919217897,-0.4820891466635457,-0.03720543050222657,-0.006848363870721793
110.912,0.03200000000001069,-0.08187718417324638,-0.7247925360134341,-0.055449242459014704,-0.018243811956788133
110.944,0.031999999999996476,-0.004486738396114688,-0.5476108667096158,-0.043472460805996635,0.011976781653018069
110.976,0.031999999999996476,-0.0047965869631670386,-0.47340794289272103,-0.03732415242134346,0.0061483083846531755
111.008,0.031999999999996476,-0.07301240711606358,-0.7289441488031125,-0.05576140671083006,-0.0184372542894866
111.04,0.03200000000001069,-0.003688577422483687,-0.6174197536712347,-0.04862424311952024,0.0071371635913098225
111.072,0.031999999999996476,-0.0014220254734017442,-0.4234816111201069,-0.03394996631629139,0.014674276803228851
111.104,0.031999999999996476,0.002475275517778858,-0.35831256704713615,-0.028310287586808716,0.005639678729482671
111.136,0.031999999999996476,0.000867228794758093,-0.3907684050580811,-0.030371523813334748,-0.0020612362265260316
111.168,0.03200000000001069,-0.010584294506270115,-0.4842281517677821,-0.03736356802185982,-0.0069920442085250716
111.2,0.031999999999996476,-0.0006559611801557648,-0.3835161605102263,-0.03036082963725447,0.007002738384605349
111.232,0.031999999999996476,0.005096462525686731,-0.3431149216180377,-0.02698545174902798,0.003375377888226491
111.264,0.031999999999996476,-0.004231592291817739,-0.42051155066118817,-0.03248235992676681,-0.005496908177738832
111.296,0.03200000000001069,-0.003179366162549186,-0.39840771990030854,-0.031174170645890606,0.0013081892808762055
111.328,0.031999999999996476,-0.0010971408945377682,-0.3383848266537262,-0.026684552920337574,0.004489617725553032
111.36,0.031999999999996476,-0.0065329350206583545,-0.24079231885753677,-0.019248396300926736,0.007436156619410838
111.392,0.031999999999996476,0.0015724045801591617,-0.12800621904004383,-0.010524798509800804,0.008723597791125932
111.424,0.03200000000001069,-0.11755014929485286,-0.8953755448227199,-0.06645370728437369,-0.05592890877457289
111.456,0.031999999999996476,-0.025355112341808587,-0.33378179949202536,-0.02838270037580958,0.03807100690856411
111.488,0.031999999999996476,-0.003631199808016656,-0.0870941861103481,-0.008043433292054612,0.02033926708375497
111.52,0.031999999999996476,-0.10071305810054723,-0.8216330686067974,-0.060887421954777185,-0.05284398866272257
111.552,0.03200000000001069,0.0022551351922404333,-0.057293524930188126,-0.0077283535199800125,0.053159068434797174
111.584,0.031999999999996476,-0.07548703022249903,-0.3665688028827521,-0.02740370351492399,-0.019675349994943976
111.616,0.031999999999996476,-0.13684757923963495,-0.7522753532451665,-0.056904490403322676,-0.029500786888398686
111.648,0.031999999999996476,-0.11479809582055849,-0.7897701227879731,-0.061364917469817724,-0.0044604270664950485
111.68,0.03200000000001069,-0.043870488288697766,-0.41238890726303723,-0.03386971374296544,0.027495203726852283
111.712,0.031999999999996476,-0.0035418775500419162,-0.08803277643930468,-0.008429217659033133,0.02544049608393231
111.744,0.031999999999996476,-0.08160362079423426,-0.3418731402954647,-0.025628039135005564,-0.01719882147597243
111.776,0.031999999999996476,-0.002735637877607183,-0.5184995678531596,-0.039610058727323066,-0.013982019592317502
111.808,0.03200000000001069,-0.10253055534544309,-0.8890051916753019,-0.06766429532109505,-0.028054236593771986
111.84,0.031999999999996476,-0.0025342968155954598,-0.0317166273562736,-0.006238645328969938,0.06142564999212512
111.872,0.031999999999996476,-0.0004969912499544868,-0.41198519043774023,-0.030657635462640213,-0.024418990133670274
111.904,0.031999999999996476,0.0001324983696212359,-0.23431668376647918,-0.019001539020786273,0.01165609644185394
111.936,0.03200000000001069,-0.00026320325674345424,-0.3326487030118685,-0.02556000229027693,-0.006558463269490656
111.968,0.031999999999996476,-0.05141837297433698,-0.4150369960585953,-0.03199747005857204,-0.006437467768295114
112.0,0.031999999999996476,-0.004320779930008153,-0.37123657607347216,-0.029148006329566937,0.0028494637290051063
112.032,0.031999999999996476,-0.0015130687198073333,-0.26015162312954737,-0.020814296815580044,0.008333709513986893
112.06400000000001,0.03200000000001069,-0.004971568416311702,-0.15805519917749972,-0.012825005307966614,0.00798929150761343
112.096,0.031999999999996476,-0.004257153926914442,-0.29427332976512016,-0.02238130305426342,-0.009556297746296804
112.128,0.031999999999996476,0.0005196325318561158,-0.3303569357869326,-0.02558657587031397,-0.003205272816050552
112.16,0.031999999999996476,-2.715788537974338e-05,-0.22148985004730354,-0.017765503169988234,0.007821072700325737
112.19200000000001,0.03200000000001069,0.004209218681617653,-0.18189178957799373,-0.014401949519520112,0.003363553650468122
112.224,0.031999999999996476,0.003609931909517949,-0.1037581850543208,-0.008461811694892196,0.005940137824627916
112.256,0.031999999999996476,0.002426207703874404,-0.2639527899733563,-0.01989964054668677,-0.011437828851794573
112.288,0.031999999999996476,-0.00018882676808578604,-0.1324787322648974,-0.010891303875132116,0.009008336671554653
112.32000000000001,0.03200000000001069,-0.0016953062071463415,-0.27769292347083285,-0.021050345419386055,-0.01015904154425394
112.352,0.031999999999996476,0.0064224444386456695,-0.084126506106299,-0.007401899342588399,0.013648446076797657
112.384,0.031999999999996476,0.00469358186583105,-0.17203501485149908,-0.013078798781837842,-0.005676899439249443
112.416,0.031999999999996476,-0.0010177244079762721,-0.13614630121458565,-0.010767256821468478,0.002311541960369364
112.44800000000001,0.03200000000001069,0.0016956876382468184,-0.4299171956887138,-0.03223779175566749,-0.02147053493419901
112.48,0.031999999999996476,0.012931583263740998,-0.1421063189972918,-0.012311588875238326,0.019926202880429164
112.512,0.031999999999996476,0.12119105105892553,0.16123810513227516,0.01114675010039808,0.023458338975636407
112.544,0.031999999999996476,0.09153733699554421,0.10249954512910042,0.008181331369165531,-0.0029654187312325476
112.57600000000001,0.03200000000001069,0.07956090626778296,0.3394468004410662,0.025435295305622968,0.017253963936457437
112.608,0.031999999999996476,0.015144025836332932,-0.12997288092718323,-0.008089878961043477,-0.033525174266666444
112.64,0.031999999999996476,0.00263348181583354,-0.23280235610037017,-0.017587359250241894,-0.009497480289198416
112.672,0.031999999999996476,-0.004773706418657754,-0.2579995494350738,-0.019988647333910405,-0.002401288083668511
112.70400000000001,0.03200000000001069,0.08520584907725062,0.4742389156016756,0.03372171109314281,0.05371035842705321
112.736,0.031999999999996476,-0.005845457780465315,-0.1959922904479841,-0.012466594149129796,-0.046188305242272604
112.768,0.031999999999996476,0.13454837249802945,0.4394663298872914,0.03159876845714256,0.044065362606272356
112.8,0.031999999999996476,-0.0002899791496334761,0.18052015291788967,0.015099660696922089,-0.01649910776022047
112.83200000000001,0.03200000000001069,-0.003347536841164931,0.08110596584605957,0.006836240586346772,-0.008263420110575317
112.864,0.031999999999996476,-0.0034956079567613906,0.18528240776066826,0.0140203600986138,0.007184119512267028
112.896,0.031999999999996476,0.0014610572882265119,-0.06113885899984772,-0.0036867830800438217,-0.01770714317865762
112.928,0.031999999999996476,0.0014521083777825625,-0.04332798252764017,-0.003399184236319648,0.0002875988437241739
112.96000000000001,0.03200000000001069,-0.001954985044971885,-0.24952172290011368,-0.01854611579097107,-0.015146931554651421
112.992,0.031999999999996476,-0.0009183711055026781,0.08283949594027995,0.005021385133429008,0.023567500924400075
113.024,0.031999999999996476,0.005973301522753145,-0.02938448654301768,-0.0018710618630148482,-0.006892446996443856
113.056,0.031999999999996476,-0.006236286608006337,-0.12413428903379181,-0.009236878408314345,-0.007365816545299496
113.08800000000001,0.03200000000001069,0.000975551353489849,-0.011071135045846826,-0.0013474102512408873,0.007889468157073457
113.12,0.031999999999996476,0.04925472329292473,0.23993177407756897,0.01756685225991652,0.018914262511157406
113.152,0.031999999999996476,0.0034498230584406805,0.05364230691338871,0.004958985581513692,-0.012607866678402828
113.184,0.031999999999996476,0.0014305112609925377,0.34403628757915966,0.025586784178603317,0.020627798597089624
113.21600000000001,0.03200000000001069,-0.0010975223856108485,-0.020602759919949077,-3.803017647782532e-05,-0.025624814355081144
113.248,0.031999999999996476,0.0021999257828504222,0.10971960257569187,0.008066608978317163,0.008104639154794988
113.28,0.031999999999996476,-0.0016954714054219272,0.19074081342086266,0.014492800519844215,0.006426191541527052
113.312,0.031999999999996476,0.0034673405592449613,0.05210210452947982,0.004668256577258238,-0.009824543942585976
113.34400000000001,0.03200000000001069,-0.0037958671632542596,-0.03342066217914738,-0.0021882689193998867,-0.006856525496658125
113.376,0.031999999999996476,0.002052054725686472,-0.03600409261909686,-0.002774075872983216,-0.0005858069535833294
113.408,0.031999999999996476,0.05855743423457618,0.5427394609545163,0.03975303804928846,0.042527113922271674
113.44,0.031999999999996476,0.005964232777636131,-0.09435982638714266,-0.004644336778824181,-0.04439737482811264
113.47200000000001,0.03200000000001069,-0.0025374018209734952,-0.007365211818151837,-0.0008097526246160332,0.003834584154208148
113.504,0.031999999999996476,0.041391025778318394,0.24406245098939885,0.017901661654587092,0.018711414279203125
113.536,0.031999999999996476,0.10783642136614714,0.42210835017111753,0.03207539009927698,0.014173728444689886
113.568,0.031999999999996476,0.013834750626084354,-0.003005987243826433,0.0016306217079060153,-0.030444768391370964
113.60000000000001,0.03200000000001069,0.07701952538237479,0.3482332114252369,0.025703283531838733,0.02407266182393272
113.632,0.031999999999996476,0.023079308817807464,0.07101337117800585,0.006706166256103784,-0.01899711727573495
113.664,0.031999999999996476,0.09844650892127778,0.6133863426442788,0.04549571136603326,0.03878954510992948
113.696,0.031999999999996476,0.042513077781828876,0.18806894330183224,0.016457058150034443,-0.029038653215998817
113.72800000000001,0.03200000000001069,0.11494213502641934,0.6730680539572272,0.05044762793094604,0.0339905697809116
113.76,0.031999999999996476,0.0008141940928763525,0.10415427169737078,0.01057182376990465,-0.03987580416104139
113.792,0.031999999999996476,0.007282228397612913,0.1355387464326344,0.01057785174966977,6.027979765120192e-06
113.824,0.031999999999996476,0.0005414934255190221,0.14674619573781042,0.011402398099816238,0.000824546350146468
113.85600000000001,0.03200000000001069,0.001268689543642665,0.11125839510640778,0.00884021750365962,-0.002562180596156618
113.888,0.031999999999996476,0.05210802378484043,0.09312009797993609,0.007358410701596476,-0.0014818068020631438
113.92,0.031999999999996476,0.1282222960050396,0.6167244944023182,0.04577885327276595,0.03842044257116947
113.952,0.031999999999996476,-0.0011031534256491563,0.13979490788097299,0.01292332017209106,-0.03285553310067489
113.98400000000001,0.03200000000001069,0.08136982413528589,0.5011939995976722,0.03760397160852799,0.024680651436436933
114.016,0.031999999999996476,0.0015125577934762687,0.2168181835738527,0.018115700932971553,-0.01948827067555644
114.048,0.031999999999996476,0.020460552225190085,0.28590452965692154,0.022071286578122087,0.003955585645150535
114.08,0.031999999999996476,-0.003330131815020808,0.1366235813088807,0.011321484135365975,-0.010749802442756112
114.11200000000001,0.03200000000001069,0.004828495604186342,0.12204428328458701,0.009628743074779327,-0.0016927410605866479
114.144,0.031999999999996476,0.09548908933505638,0.5437464687018587,0.04054309692716285,0.03091435385238352
114.176,0.031999999999996476,-0.00014346311353179928,-0.07319687160610508,-0.0030423989203031505,-0.043585495847465995
114.208,0.031999999999996476,0.09281650058005454,0.5966101838719438,0.043699213172489024,0.04674161209279217
114.24000000000001,0.03200000000001069,0.004109305730165135,0.20056515438289574,0.017272322159383704,-0.02642689101310532
114.272,0.031999999999996476,0.0007962492993026521,0.22758787390633034,0.01773397902643378,0.00046165686705007536
114.304,0.031999999999996476,0.003346540175504573,0.14047355199197617,0.011354223086316124,-0.006379755940117655
114.336,0.031999999999996476,0.06942003420649036,0.3317116573112628,0.025049619240625157,0.013695396154309033
114.36800000000001,0.03200000000001069,0.13758735182874815,0.7253467966802015,0.054788259139880294,0.029738639899255136
114.4,0.031999999999996476,0.00036837560691944276,0.16127538629210386,0.01502310411214222,-0.03976515502773807
114.432,0.031999999999996476,0.06007349182687887,0.24018178715265032,0.018530292975487715,0.0035071888633454954
114.464,0.031999999999996476,0.15932871003288063,0.9003450304552767,0.0672813141962814,0.04875102122079369
114.49600000000001,0.03200000000001069,0.13364370361077077,0.642529863041363,0.05113587988567759,-0.016145434310603814
114.528,0.031999999999996476,0.1332936625272473,0.7191278373362245,0.05583685123154003,0.004700971345862441
114.56,0.031999999999996476,0.02534430497096694,0.3778209300237774,0.03100844670102488,-0.02482840453051515
114.592,0.031999999999996476,0.02280860812315748,0.31529206800755305,0.02497673912839076,-0.006031707572634118
114.62400000000001,0.03200000000001069,0.13095339705658124,0.6967014192646397,0.05267746429478058,0.02770072516638982
114.656,0.031999999999996476,0.01827800970558696,0.2624129252317514,0.022338927393966333,-0.03033853690081425
114.688,0.031999999999996476,0.11859760291955729,0.6862261494928406,0.05175483214422004,0.029415904750253706
114.72,0.031999999999996476,0.0003807486173803024,0.003778088350617541,0.0032656002047235086,-0.04848923193949653
114.752,0.031999999999996476,0.09757862423504463,0.8996678319152428,0.06635029622561779,0.06308469602089428
114.784,0.03200000000001069,0.00017803554452645688,0.2430442531056708,0.021703870837092274,-0.04464642538852552
114.816,0.031999999999996476,0.001011757077610058,0.1939759378193729,0.015517978851778962,-0.0061858919853133125
114.848,0.031999999999996476,-0.0004708254879309566,0.4897027317382232,0.03690868842012573,0.021390709568346766
114.88,0.031999999999996476,0.001490894663559295,0.20266572294950425,0.017034787715789302,-0.019873900704336426
114.912,0.03200000000001069,0.0024481216300344913,0.2913008958585361,0.02240573644767103,0.005370948731881729
114.944,0.031999999999996476,0.0006702991465488541,0.28850836165565774,0.02251043276710395,0.00010469631943291896
114.976,0.031999999999996476,0.00017882509052844365,0.27556188351818073,0.021564389854416628,-0.0009460429126873227
115.008,0.031999999999996476,-0.12955227527885932,-0.38718374717233733,-0.02722868812594648,-0.04879307798036311
115.04,0.03200000000001069,0.00363516359035651,0.2893501425637044,0.019706987967703808,0.04693567609365029
115.072,0.031999999999996476,-0.0436390079439438,0.08381453033719338,0.007301405787015802,-0.012405582180688006
115.104,0.031999999999996476,0.0014885521595525524,0.39653636515180435,0.02958287753306455,0.022281471746048748
115.136,0.031999999999996476,-0.1380380431109057,-0.24624857303386818,-0.01640138359835362,-0.045984261131418167
115.168,0.03200000000001069,-0.1295473212500883,-0.303773475969591,-0.02328640697854821,-0.006885023380194592
115.2,0.031999999999996476,0.0006506485617931746,0.17217562013685436,0.01131753130303677,0.03460393828158498
115.232,0.031999999999996476,-0.0919270426770989,-0.18479865567483358,-0.012936784350783184,-0.024254315653819955
115.264,0.031999999999996476,-0.029499141648741786,0.05334614125995395,0.003176258681025824,0.016113043031809007
115.296,0.03200000000001069,0.0020669375210418985,0.07595601909306791,0.005769185332966111,0.002592926651940287
115.328,0.031999999999996476,0.001128749175308127,-0.0001796376968533856,0.0003198391520462576,-0.005449346180919854
115.36,0.031999999999996476,0.0038637194369931286,-0.007868337099543354,-0.0005601752732156966,-0.0008800144252619543
115.392,0.031999999999996476,-0.003692852813278715,0.04690292357445254,0.00341691322142802,0.003977088494643717
115.424,0.03200000000001069,-0.047203048534444986,-0.13090142433224164,-0.009429265145861202,-0.012846178367289223
115.456,0.031999999999996476,0.0031898763844171174,0.07058040265022712,0.004646156016379326,0.014075421162240528
115.488,0.031999999999996476,-0.07686867780270144,-0.11605851440723983,-0.008266751135047951,-0.012912907151427278
115.52,0.031999999999996476,0.0002159067393238278,-0.0004407483574772851,-0.000509644653514482,0.007757106481533469
115.552,0.03200000000001069,0.00017729272733050332,0.08835356911422847,0.00646812016923221,0.006977764822746692
115.584,0.031999999999996476,0.00202430762605548,-0.024826652247229894,-0.0014523590170894697,-0.00792047918632168
115.616,0.031999999999996476,0.0038318536652058263,-0.2184658426834697,-0.01614987090100639,-0.014697511883916922
115.648,0.031999999999996476,0.0015267203043152747,-0.01891496828864698,-0.0023233282060550814,0.013826542694951309
115.68,0.03200000000001069,-0.005750533761978594,-0.11185064925351823,-0.008359645675486945,-0.006036317469431863
115.712,0.031999999999996476,-0.002667301312805762,-0.021244662824851778,-0.0020449319517656292,0.006314713723721315
115.744,0.031999999999996476,0.0023693487885101355,0.07217402216926012,0.005189641902274165,0.007234573854039795
115.776,0.031999999999996476,0.00692969402515612,-0.28331333358211896,-0.02053533348204396,-0.025724975384318123
115.808,0.03200000000001069,0.0063779875112564945,0.012315436766061588,-0.0002798058550774321,0.020255527626966526
115.84,0.031999999999996476,0.004695505235102228,0.10247434866676844,0.007519833877815315,0.007799639732892747
115.872,0.031999999999996476,0.00161666746504764,-0.17139096245465346,-0.012170017124618947,-0.019689851002434262
115.904,0.031999999999996476,-0.0002843761816438327,-0.0240806880275919,-0.0024734631174009244,0.009696554007218023
115.936,0.03200000000001069,-0.0031293537603373986,-0.026010383044782856,-0.00205560020532009,0.00041786291208083465
115.968,0.031999999999996476,-0.0022953562488968638,-0.06762191190735169,-0.005091598622483303,-0.003035998417163213
116.0,0.031999999999996476,-0.001487623589814809,-0.012280034261887375,-0.0011970097941268398,0.0038945888283564633
116.032,0.031999999999996476,-0.096022673277784,-0.3203252892930787,-0.023625896601078705,-0.022428886806951865
116.06400000000001,0.03200000000001069,-0.0020502943476389786,0.23459494015756552,0.015888263812745898,0.039514160413824606
116.096,0.031999999999996476,-0.12976069678028626,-0.6700555040536977,-0.04835881872045096,-0.06424708253319686
116.128,0.031999999999996476,-0.1348223353037347,-0.5896613006061396,-0.046155535615656246,0.002203283104794715
116.16,0.031999999999996476,-0.09285593126923182,-0.39430851969978553,-0.031662054357852305,0.01449348125780394
116.19200000000001,0.03200000000001069,-0.008950242031374959,-0.24014973212110305,-0.019488486894544573,0.012173567463307732
116.224,0.031999999999996476,-0.11954987476705448,-0.6671482602307205,-0.050187286545296216,-0.030698799650751642
116.256,0.031999999999996476,0.0022486981915878054,-0.14377609120098794,-0.013470592082589017,0.0367166944627072
116.288,0.031999999999996476,-0.10402407999706026,-0.5621344993490379,-0.042117143266206074,-0.02864655118361706
116.32000000000001,0.03200000000001069,-0.09279274443974748,-0.3577634243214542,-0.028741387099972492,0.013375756166233582
116.352,0.031999999999996476,-0.11497336543135903,-0.7149484956718195,-0.054236688082460495,-0.025495300982488003
116.384,0.031999999999996476,-0.1384175865503307,-0.9590047481601779,-0.07365646038424102,-0.019419772301780526
116.416,0.031999999999996476,0.0018898103770385258,-0.10882595477191984,-0.012255204895833875,0.06140125548840715
116.44800000000001,0.03200000000001069,-0.1208195725176343,-0.6540735680972858,-0.048808200025041576,-0.036552995129207705
116.48,0.031999999999996476,-0.01696622719458864,-0.4656840796838906,-0.03706416507600737,0.011744034949034206
116.512,0.031999999999996476,-0.1150223849938439,-0.7710654415151708,-0.05884400728782442,-0.02177984221181705
116.544,0.031999999999996476,-0.017624690255647734,-0.3440961051915187,-0.028701915790003005,0.030142091497821415
116.57600000000001,0.03200000000001069,-0.005081874576801839,-0.2683426526647198,-0.021390914587429925,0.007311001202573081
116.608,0.031999999999996476,-0.13496602271183886,-0.7217250695051062,-0.05431070285749659,-0.03291978827006667
116.64,0.031999999999996476,-0.11388908518650828,-0.746082726751819,-0.05800239950690938,-0.0036916966494127887
116.672,0.031999999999996476,-0.0010760004871897704,-0.23553329273804757,-0.02066959673120837,0.03733280277570101
116.70400000000001,0.03200000000001069,-0.0019682584905112792,-0.24434329309169742,-0.019162297876577142,0.0015072988546312276
116.736,0.031999999999996476,-0.09698322263670975,-0.6887963818934405,-0.05176046372455902,-0.03259816584798188
116.768,0.031999999999996476,0.0006381138956902831,-0.34984312550380897,-0.02871562652798851,0.023044837196570505
116.8,0.031999999999996476,-0.0013907977719709087,-0.36314722341945876,-0.028363655702598155,0.0003519708253903568
116.83200000000001,0.03200000000001069,-0.025511748696086117,-0.40374141200250924,-0.03132864257457338,-0.002964986871975224
116.864,0.031999999999996476,-0.0019027996868747987,-0.19104488181369123,-0.01585805752571932,0.015470585048854058
116.896,0.031999999999996476,-0.012576485343343059,-0.20141378040368269,-0.015727486068640415,0.00013057145707890544
116.928,0.031999999999996476,0.003448419783037732,-0.31478960396481065,-0.024057632043586803,-0.008330145974946388
116.96000000000001,0.03200000000001069,-0.12638207521320177,-0.740738931133451,-0.055862933687870764,-0.03180530164428396
116.992,0.031999999999996476,-0.10639054340942596,-0.7533181028233539,-0.058624099556429804,-0.00276116586855904
117.024,0.031999999999996476,-0.002512436111159766,-0.038903520255607886,-0.006245288895970384,0.05237881066045942
117.056,0.031999999999996476,-0.010904655486330059,-0.18728888963117965,-0.014133802133734106,-0.007888513237763722
117.08800000000001,0.03200000000001069,-0.03907555062525199,-0.5074529550004682,-0.038134136613873326,-0.024000334480139218
117.12,0.031999999999996476,-0.07664344891892766,-0.411528508789922,-0.032465348288852225,0.005668788325021101
117.152,0.031999999999996476,-0.13311408601742367,-0.6970084153364184,-0.0531323513563147,-0.020667003067462476
117.184,0.031999999999996476,-0.002796914626853456,-0.24944339928725479,-0.021411405728927916,0.03172094562738678
117.21600000000001,0.03200000000001069,-0.061238845795567154,-0.2901318705665159,-0.022572424184712774,-0.0011610184557848575
117.248,0.031999999999996476,-0.13673677726809166,-0.8621793887309783,-0.06470795276628753,-0.04213552858157476
117.28,0.031999999999996476,-0.1015417554364006,-0.7730645500103075,-0.060586872549775204,0.004121080216512328
117.312,0.031999999999996476,0.007569348807368621,-0.16367350799895097,-0.015534211130351853,0.04505266141942335
117.34400000000001,0.03200000000001069,-0.1208082578327459,-1.0298258796435396,-0.07663040413155359,-0.06109619300120173
117.376,0.031999999999996476,0.0023052609923515576,-0.06596310895877541,-0.00927474453611156,0.06735565959544203
117.408,0.031999999999996476,-0.07506937531454197,-0.5644290316280037,-0.04204366128025086,-0.0327689167441393
117.44,0.031999999999996476,-0.020947122035941394,-0.2522704394825328,-0.020979167053061458,0.021064494227189402
117.47200000000001,0.03200000000001069,-0.12058055896793775,-0.8789364427750355,-0.06584829305130818,-0.044869125998246724
117.504,0.031999999999996476,-0.00499185664025849,-0.15444004903211137,-0.015158917420016788,0.050689375631291396
117.536,0.031999999999996476,-0.12859546416170364,-0.9890623915044596,-0.07361098262091284,-0.058452065200896054
117.568,0.031999999999996476,-0.0036426227593937786,-0.3054490990429788,-0.026712290072098497,0.04689869254881435
117.60000000000001,0.03200000000001069,-0.09429998320594823,-0.945972604977385,-0.07110911550845582,-0.044396825436357326
117.632,0.031999999999996476,-0.055151770535470025,-0.4195227365713976,-0.03495686073286773,0.03615225477558809
117.664,0.031999999999996476,-0.11653146883462401,-0.8068452241959915,-0.0613536078740471,-0.026396747141179372
117.696,0.031999999999996476,-0.10843999683586161,-0.9800987234423534,-0.07561856932074425,-0.014264961446697144
117.72800000000001,0.03200000000001069,-0.010857910927628608,-0.16464707292403763,-0.01647357330789983,0.05914499601284442
117.76,0.031999999999996476,-0.15338136768860627,-0.812179434234609,-0.06067886375064791,-0.04420529044274808
117.792,0.031999999999996476,-0.12137976524027541,-0.8784854411061486,-0.06810695316593669,-0.007428089415288781
117.824,0.031999999999996476,-0.13343304124171068,-0.8836130663025691,-0.06891285663611041,-0.0008059034701737161
117.85600000000001,0.03200000000001069,-0.13032515148834742,-0.9204360195523418,-0.07166734902277455,-0.0027544923866641424
117.888,0.031999999999996476,-0.00021842681152960027,-0.18094956422650352,-0.01744436190685259,0.05422298711592196
117.92,0.031999999999996476,-0.09500032595032078,-0.9039889574876557,-0.06748659961645352,-0.05004223770960093
117.952,0.031999999999996476,-0.022795239158126576,-0.53581063765505,-0.043299574816441096,0.024187024800012426
117.98400000000001,0.03200000000001069,-0.08583980637929414,-0.8342992443311525,-0.06385419992366957,-0.020554625107228476
118.016,0.031999999999996476,-0.007172494969791884,-0.3205231010319815,-0.027257585525228865,0.03659661439844071
118.048,0.031999999999996476,-0.07595754003690589,-0.7445819568386721,-0.05633028103220891,-0.029072695506980047
118.08,0.031999999999996476,-0.005131619848854837,-0.21305024472224218,-0.01891965843010194,0.03741062260210697
118.11200000000001,0.03200000000001069,-0.0007712110204021878,-0.45204009296671643,-0.034335345259181235,-0.015415686829079296
118.144,0.031999999999996476,-0.07050910199440372,-0.822060604901619,-0.062436670902344185,-0.02810132564316295
118.176,0.031999999999996476,-0.0019045328745674703,-0.27240255865615115,-0.023636957296256162,0.03879971360608803
118.208,0.031999999999996476,-0.002830681796872514,-0.49066320571894173,-0.03744802303254176,-0.013811065736285596
118.24000000000001,0.03200000000001069,-0.0015861480913666158,-0.1536531911197739,-0.013461530313304838,0.023986492719236918
118.272,0.031999999999996476,-0.0013878419865222876,-0.4322995575794647,-0.032568529112767246,-0.019106998799462406
118.304,0.031999999999996476,-0.0018488228778571428,-0.4769806874331611,-0.03695741894298304,-0.004388889830215792
118.336,0.031999999999996476,-0.0001457293376488211,-0.2113780489324839,-0.017678307310098954,0.019279111632884083
118.36800000000001,0.03200000000001069,0.0020360776130145613,-0.3840327537418999,-0.029262408073270154,-0.0115841007631712
118.4,0.031999999999996476,-0.0031385734092759065,-0.3648555945764071,-0.028520854898803072,0.0007415531744670821
118.432,0.031999999999996476,-0.0018315291510068866,-0.44832783789973285,-0.03461661339868313,-0.006095758499880061
118.464,0.031999999999996476,-0.003343358045124612,-0.2542172921982323,-0.020693582417723087,0.013923030980960045
118.49600000000001,0.03200000000001069,-0.06797701220721719,-0.7692699903451374,-0.05776691076210104,-0.03707332834437795
118.528,0.031999999999996476,-0.0021672674154709177,-0.519463451009591,-0.0415362903337138,0.016230620428387237
118.56,0.031999999999996476,-0.0031890592689867415,-0.17075544882284682,-0.014955246119636133,0.02658104421407767
118.592,0.031999999999996476,-0.0031485107405375577,-0.33524518945743564,-0.02551735973388366,-0.010562113614247526
118.62400000000001,0.03200000000001069,-0.0030723837918987256,-0.1442965876214104,-0.012084697382887855,0.013432662350995803
118.656,0.031999999999996476,-0.0035958422335102946,-0.25026864595487613,-0.019102451345818727,-0.007017753962930872
118.688,0.031999999999996476,-0.0008311736698430065,-0.1016274481789352,-0.0085764724581117,0.010525978887707028
118.72,0.031999999999996476,-0.0009661295593592115,-0.0077370995144512966,-0.0010640998966075144,0.007512372561504185
118.75200000000001,0.03200000000001069,-0.11207031291561478,-0.5751816860153072,-0.04236042097618356,-0.041296321079576044
118.784,0.031999999999996476,0.0007767875000429367,-12.83488528495991,-0.9463257990459049,-0.9039653780697213
118.816,0.031999999999996476,0.235580208911802,-22.353150164151174,-1.6984862418298432,-0.7521604427839383
118.848,0.031999999999996476,-0.0001011331576731216,8.721096948341064,0.5432994005371846,2.2417856423670277
118.88,0.031999999999996476,0.38524423569697297,2.602226439594889,0.22273249514756424,-0.3205669053896204
118.912,0.03200000000001069,0.4134626604606087,-18.730589252812283,-1.3645936346610856,-1.5873261298086498
118.944,0.031999999999996476,-0.000332763261281862,5.8461198734996955,0.3511482475577837,1.7157418822188693
118.976,0.031999999999996476,0.3973620239115072,-19.035991384996894,-1.3796396536743663,-1.7307879012321499
119.008,0.031999999999996476,-0.03528667474165804,6.2787021569608985,0.38209185386281225,1.7617315075371784
119.04,0.03200000000001069,0.0022299602570020885,-18.21845071552499,-1.3177311818092867,-1.699823035672099
119.072,0.031999999999996476,-0.004832753966919615,10.872480231966295,0.7234932529964703,2.041224434805757
119.104,0.031999999999996476,0.0032178455740723747,-17.80033957291342,-1.2672744057443146,-1.990767658740785
119.136,0.031999999999996476,0.08431442353575967,11.83340776341491,0.7970729044643052,2.06434731020862
119.168,0.03200000000001069,-0.08078864994570781,-19.253906176675034,-1.3699223375989524,-2.1669952420632574
119.2,0.031999999999996476,0.08225077673573002,12.335826707226666,0.8280951369474545,2.1980174745464067
119.232,0.031999999999996476,-0.07878266475006361,-18.96176077523028,-1.3466470137319113,-2.174742150679366
119.264,0.031999999999996476,0.08397576498297844,12.489197416882885,0.8407177166571064,2.187364730389018
119.296,0.03200000000001069,-0.07775058440930809,-18.867496190400367,-1.3389860849260582,-2.1797038015831647
119.328,0.031999999999996476,0.08393675862395117,12.687444868548205,0.8557391375114907,2.194725222437549
119.36,0.031999999999996476,0.008859526648301124,-18.153256222694182,-1.285593543149556,-2.141332680661047
119.392,0.031999999999996476,0.0832415355680056,12.650686830454546,0.8561182452626964,2.1417117884122523
119.424,0.03200000000001069,0.008600000363884324,-18.280170730920098,-1.2949049792902543,-2.151023224552951
119.456,0.031999999999996476,0.08786101624962668,12.79930790896325,0.8665103324180321,2.1614153117082866
119.488,0.031999999999996476,0.009666249030943772,-18.246416316045845,-1.291822746366943,-2.158333078784975
119.52,0.031999999999996476,0.08640335614037467,12.896555207271403,0.8738398552267503,2.1656626015936933
119.552,0.03200000000001069,0.009957357503773119,-18.05610323285085,-1.2774039525296257,-2.151243807756376
119.584,0.031999999999996476,0.08585573494486583,12.852312996818982,0.871418656720343,2.1488226092499687
119.616,0.031999999999996476,0.012768402899474314,-18.14025410567067,-1.283732200334255,-2.155150857054598
119.648,0.031999999999996476,0.08569253377721739,12.91595118536215,0.8757332996102192,2.1594654999444742
119.68,0.03200000000001069,0.010168510306976672,-18.019910275617818,-1.2746330074587289,-2.150366307068948
119.712,0.031999999999996476,0.08782281868504349,12.686540239280896,0.8593876546864092,2.1340206621451383
119.744,0.031999999999996476,0.01127187400231142,-17.962906838966994,-1.2713845808235154,-2.130772235509925
119.776,0.031999999999996476,0.0855271186900569,12.547135033084043,0.84932329292084,2.1207078737443554
119.808,0.03200000000001069,0.009339772815115568,-18.016613130228215,-1.2759151599709777,-2.125238452891818
119.84,0.031999999999996476,0.08829200378411745,12.760563141833272,0.8647572982244487,2.1406724581954264
119.872,0.031999999999996476,0.015005202287417826,-18.14322474362769,-1.2843352158053758,-2.1490925140298245
119.904,0.031999999999996476,0.08763283287083867,12.770495772876668,0.8650016641027685,2.1493368799081445
119.936,0.03200000000001069,0.011280551375812612,-18.02572778452732,-1.2756803558028125,-2.140682019905581
119.968,0.031999999999996476,0.08609675869231186,13.060997032115473,0.8868648295933421,2.1625451853961546
120.0,0.031999999999996476,0.0344900999552369,-17.885092060533037,-1.2640758324240522,-2.150940662017394
120.032,0.031999999999996476,0.08548797336652764,12.957251589908434,0.8799052847077182,2.14398111713177
120.06400000000001,0.03200000000001069,0.03372669740642967,-17.799990538324277,-1.258219215313187,-2.138124500020905
120.096,0.031999999999996476,0.0867266634651857,12.951432402855133,0.8798154374786203,2.1380346527918075
120.128,0.031999999999996476,0.03413118799633937,-17.463081187951197,-1.2334480121731488,-2.113263449651769
120.16,0.031999999999996476,0.07008513474147417,12.316566061326322,0.8345572416362994,2.0680052538094484
120.19200000000001,0.03200000000001069,0.02782682931050149,-16.725896196016507,-1.1818479748001185,-2.016405216436418
120.224,0.031999999999996476,0.06068359485764659,11.748872003352536,0.795787714600268,1.9776356894003864
120.256,0.031999999999996476,0.0263487606347034,-16.494155528620244,-1.1670438426723806,-1.9628315572726485
120.288,0.031999999999996476,0.0620485444850136,11.915923320832926,0.8089273352209962,1.9759711778933768
120.32000000000001,0.03200000000001069,0.028439837633881783,-16.82517991319276,-1.1906289127110072,-1.9995562479320035
120.352,0.031999999999996476,0.09717443736778034,12.615169132393726,0.8589884862417696,2.049617398952777
120.384,0.031999999999996476,0.03295952824066045,-17.539983265039783,-1.2403057290292685,-2.099294215271038
120.416,0.031999999999996476,0.023228289696731786,12.58625779978199,0.8539945434986038,2.0943002725278723
120.44800000000001,0.03200000000001069,0.032449544759104894,-17.592473901779456,-1.2444541980536146,-2.098448741552218
120.48,0.031999999999996476,0.022566483189644826,12.611450830742708,0.8556077574106943,2.1000619554643087
120.512,0.031999999999996476,0.03588230202067971,-17.68768447288354,-1.251362875666726,-2.1069706330774203
120.544,0.031999999999996476,-0.1429392621102575,12.175957463530683,0.8231826449575159,2.074545520624242
120.57600000000001,0.03200000000001069,0.08729187606111169,-17.870887266684697,-1.266707522458674,-2.08989016741619
120.608,0.031999999999996476,-0.14429983370717725,12.116868940150285,0.8179514292557895,2.0846589517144634
120.64,0.031999999999996476,0.08572728223105601,-17.835292759890848,-1.2643918876250222,-2.0823433168808116
120.672,0.031999999999996476,-0.14205765745023946,12.113956144715537,0.8178709010832398,2.082262788708262
120.70400000000001,0.03200000000001069,0.08739222198730445,-18.002847022063275,-1.2767185148340146,-2.0945894159172544
120.736,0.031999999999996476,-0.14783774688508647,12.169899849013243,0.821273408947532,2.0979919237815468
120.768,0.031999999999996476,0.027581809653428744,-18.700834011434424,-1.3278522124879109,-2.149125621435443
120.8,0.031999999999996476,-0.1614703192068958,11.983889827348419,0.8046422886119582,2.132494501099869
120.83200000000001,0.03200000000001069,0.021775112540536674,-18.803278921885898,-1.3363461336465297,-2.140988422258488
120.864,0.031999999999996476,-0.15954552337925984,12.061749585407068,0.8098777666196898,2.1462239002662193
120.896,0.031999999999996476,0.022141638582932725,-18.828009955545472,-1.3378626201462727,-2.1477403867659626
120.928,0.031999999999996476,-0.1596833684311975,11.951317011423921,0.801668984748426,2.1395316048946986
120.96000000000001,0.03200000000001069,0.02472868658282283,-18.494041670318627,-1.313776402212907,-2.115445386961333
120.992,0.031999999999996476,-0.14499240114204004,11.195783366498908,0.7474973445184421,2.061273746731349
121.024,0.031999999999996476,0.023008302549728955,-17.19689764826115,-1.2215114158563152,-1.9690087603747572
121.056,0.031999999999996476,-0.13990170608965818,10.903853253665837,0.7313551104734982,1.9528665263298133
121.08800000000001,0.03200000000001069,0.02403843985191666,-17.564466332782303,-1.2494743764568763,-1.9808294869303746
121.12,0.031999999999996476,-0.15371317623755448,11.233600818662831,0.7539905451643023,2.0034649216211786
121.152,0.031999999999996476,0.020411358537942487,-18.525377864759985,-1.3188333053982944,-2.072823850562597
121.184,0.031999999999996476,-0.1630012221025209,11.756228854422654,0.7884207022859974,2.1072540076842916
121.21600000000001,0.03200000000001069,0.023786911002072114,-18.721815882817683,-1.3312917805208981,-2.1197124828068956
121.248,0.031999999999996476,-0.1636750230559126,11.597734838325353,0.7760458001629981,2.1073375806838963
121.28,0.031999999999996476,0.0221739575669175,-18.82597260297991,-1.3396658810010262,-2.1157116811640244
121.312,0.031999999999996476,-0.1622474057940218,11.884335455025635,0.7966390453331246,2.1363049263341507
121.34400000000001,0.03200000000001069,0.024694293155509164,-18.539061180741964,-1.3173775209703973,-2.1140165663035217
121.376,0.031999999999996476,-0.15927025379157125,10.2308990362857,0.676331643059563,1.9937091640299602
121.408,0.031999999999996476,0.016833150670524512,-18.59191983873424,-1.3282099940382763,-2.004541637097839
121.44,0.031999999999996476,-0.162232310400682,11.873274949924081,0.7964869910725132,2.1246969851107895
121.47200000000001,0.03200000000001069,0.025786801199100606,-18.7679019530256,-1.334215301149704,-2.1307022922222174
121.504,0.031999999999996476,-0.1655673396165191,10.101612541396701,0.6658518554194869,2.000067156569191
121.536,0.031999999999996476,0.07696223095152749,-17.80879285405481,-1.2712236466796965,-1.9370755020991832
121.568,0.031999999999996476,-0.1604331645978821,11.859930522282209,0.798795408121683,2.0700190548013797
121.60000000000001,0.03200000000001069,0.0778026109402066,-17.997558513253082,-1.2774308073156022,-2.076226215437285
121.632,0.031999999999996476,-0.16000181092916685,11.86031028003881,0.7984650019338183,2.0758958092494204
121.664,0.031999999999996476,0.02067015989530435,-18.784983187588782,-1.335357270265534,-2.1338222721993523
121.696,0.031999999999996476,-0.16122713468238822,11.72201661531848,0.7849508132195938,2.120308083485128
121.72800000000001,0.03200000000001069,0.020329727075422483,-18.022106546177195,-1.2800353109133558,-2.0649861241329495
121.76,0.031999999999996476,-0.14054305943311773,9.624056140097656,0.6338600103714275,1.9138953212847833
121.792,0.031999999999996476,0.017203822704868376,-15.086443601335818,-1.0728683257239482,-1.7067283360953756
121.824,0.031999999999996476,0.00019985605198274888,9.357320765507756,0.6262037895142268,1.6990721152381751
121.85600000000001,0.03200000000001069,-0.00012961653443231382,-14.906285854624196,-1.0600614707939056,-1.6862652603081325
121.888,0.031999999999996476,-0.000892768215382024,9.681475505015273,0.6507815304046225,1.710843001198528
121.92,0.031999999999996476,-0.0004047146739550623,-15.195024324344558,-1.0798765129413832,-1.7306580433460057
121.952,0.031999999999996476,-0.005413519052948523,10.908178303034743,0.7398496279140871,1.8197261408554704
121.98400000000001,0.03200000000001069,-0.00026291923868465453,-15.359287090900683,-1.0868146148689604,-1.8266642427830475
122.016,0.031999999999996476,-0.0036729545373898015,9.729563623421498,0.6527735071885103,1.7395881220574707
122.048,0.031999999999996476,-0.0024887627319269906,-15.293891701333251,-1.087032247256234,-1.7398057544447443
122.08,0.031999999999996476,-8.868158628418762e-05,11.263359361451194,0.765556629456909,1.8525888767131429
122.11200000000001,0.03200000000001069,-0.00020236612766303405,-15.506378742082866,-1.0961477267215172,-1.8617043561784263
122.144,0.031999999999996476,0.0010965322032328408,11.460999859365147,0.779564928216558,1.8757126549380752
122.176,0.031999999999996476,-0.0021306463562122016,-15.446122132808078,-1.0909077558580733,-1.8704726840746313
122.208,0.031999999999996476,-3.317771018048066e-05,11.378900964249999,0.7738298555597449,1.8647376114178182
122.24000000000001,0.03200000000001069,-0.0008808956400309351,-14.626613885914924,-1.0309720142153642,-1.8048018697751091
122.272,0.031999999999996476,-0.0010413272771902654,10.402854944065885,0.7055112452498032,1.7364832594651674
122.304,0.031999999999996476,0.0003860447041460496,-13.980211737656317,-0.9873794241899706,-1.6928906694397738
122.336,0.031999999999996476,0.0010607689504364738,10.480346430991272,0.7137265467717417,1.7011059709617125
122.36800000000001,0.03200000000001069,-0.0012067464469725526,-14.515779438200163,-1.0262909324153806,-1.7400174791871224
122.4,0.031999999999996476,0.00023362686609836373,11.292460677890517,0.7712032869498782,1.7974942193652588
122.432,0.031999999999996476,8.690907580170009e-05,-15.29115501164993,-1.0799941485067124,-1.8511974354565905
122.464,0.031999999999996476,0.0005451595706003777,11.316591461889734,0.7698776331307519,1.8498717816374644
122.49600000000001,0.03200000000001069,-0.0003863232167636027,-15.178462031279997,-1.0717832099773759,-1.8416608431081278
122.528,0.031999999999996476,-0.00029781758744921717,9.71549690906777,0.6526067869712847,1.7243899969486605
122.56,0.031999999999996476,-0.002994545751359507,-15.207979051505317,-1.0807238361327296,-1.7333306231040142
122.592,0.031999999999996476,0.0012953836128802637,11.1253865727001,0.7557742580773574,1.836498094210087
122.62400000000001,0.03200000000001069,5.8227160239059424e-05,-15.426190127189082,-1.0908153650976875,-1.846589623175045
122.656,0.031999999999996476,-0.006268370502029852,11.18888834084598,0.7598616178294083,1.8506769829270957
122.688,0.031999999999996476,0.0014829531151110637,-15.362955181049097,-1.0859290933264458,-1.8457907111558542
122.72,0.031999999999996476,0.0014538534583959217,11.210073939167833,0.761701691491879,1.8476307848183249
122.75200000000001,0.03200000000001069,0.0015873855115880852,-15.486027996207895,-1.0948736702740673,-1.8565753617659464
122.784,0.031999999999996476,0.0033111277096742457,11.397583624859646,0.7749748340707826,1.86984850434485
122.816,0.031999999999996476,-0.0017409281794925425,-15.390920360927389,-1.0871131869526272,-1.8620880210234096
122.848,0.031999999999996476,-0.002255356882723328,11.297695427933485,0.7680770389892391,1.8551902259418662
122.88,0.031999999999996476,0.00048041676578290405,-15.281884005616972,-1.0794928320348889,-1.847569871024128
122.912,0.03200000000001069,-0.0014831024793159845,11.25367351974486,0.7652795739518657,1.8447724059867547
122.944,0.031999999999996476,-0.0009784410677265952,-15.358892542332775,-1.0853175523445036,-1.8505971262963694
122.976,0.031999999999996476,-0.0001325116149773199,11.366370763705554,0.7732310990671509,1.8585486514116545
123.008,0.031999999999996476,-0.0003010378765025887,-14.704727525510396,-1.0367510746244066,-1.8099821736915576
123.04,0.03200000000001069,0.0016211228961737977,10.530403739286502,0.71455759271263,1.7513086673370366
123.072,0.031999999999996476,0.0006657747419938811,-15.94010875543517,-1.1309884575052034,-1.8455460502178334
123.104,0.031999999999996476,0.0001606312913676318,10.313384916234636,0.6931577421012686,1.824146199606472
123.136,0.031999999999996476,0.00027308119974510413,-16.31634225128966,-1.1598921476496664,-1.853049889750935
123.168,0.03200000000001069,0.0006977043064165231,9.651414837527446,0.6428077291971214,1.8026998768467877
123.2,0.031999999999996476,0.0016674414173032657,-13.798295963611544,-0.9776211131189736,-1.620428842316095
123.232,0.031999999999996476,0.0004216978648923362,9.57636250502699,0.6478107023995143,1.625431815518488
123.264,0.031999999999996476,-0.00025241560326933003,-14.067644168210338,-0.997140224064327,-1.6449509264638413
123.296,0.03200000000001069,0.0021595798654095695,9.005224538802818,0.6046822667239536,1.6018224907882805
123.328,0.031999999999996476,-0.0013045436722179718,-14.266948173355802,-1.014286850564605,-1.6189691172885587
123.36,0.031999999999996476,-0.004970609284904724,8.920533224168611,0.5974641893275038,1.6117510398921087
123.392,0.031999999999996476,-0.002023407092897577,-14.86690959366048,-1.0588248422590374,-1.656289031586541
123.424,0.03200000000001069,-0.0027223529452725954,7.661418904760344,0.5022974998960876,1.561122342155125
123.456,0.031999999999996476,-0.002520046110615613,-15.117391365773642,-1.0827392137340206,-1.5850367136301082
123.488,0.031999999999996476,-0.005983386095015417,5.990002719426785,0.37800062043282673,1.4607398341668474
123.52,0.031999999999996476,0.0021071295779335314,-11.240771313037067,-0.8048272412117442,-1.1828278616445709
123.552,0.03200000000001069,-0.01349591770099805,5.723328922177621,0.3744329708653038,1.1792602120770481
123.584,0.031999999999996476,-0.007007331594897358,-12.054755093027076,-0.8648937498821747,-1.2393267207474785
123.616,0.031999999999996476,-0.012792514165012717,3.5517274295777788,0.21126532107076565,1.0761590709529403
123.648,0.031999999999996476,-0.20870327650169465,-19.826727635919042,-1.4458658890188625,-1.657131210089628
123.68,0.03200000000001069,-0.01727405278300292,-5.691067425126193,-0.5019908918963083,0.9438749971225542
123.712,0.031999999999996476,-0.012885372752244585,-3.2194754126883427,-0.2657404223287943,0.236250469567514
123.744,0.031999999999996476,-0.020023419403702822,-5.25232262756131,-0.40159794521910674,-0.13585752289031244
123.776,0.031999999999996476,-0.012522624152802834,-1.3685107742427998,-0.1238244713369465,0.2777734738821602
123.808,0.03200000000001069,-0.013195371274818724,-5.607553218625835,-0.419529006370447,-0.29570453503350047
123.84,0.031999999999996476,-0.01103145650571531,-3.4022474676223564,-0.27442107204170885,0.14510793432873814
123.872,0.031999999999996476,-0.01175136021987046,-4.1414882513375515,-0.32040805948597534,-0.04598698744426649
123.904,0.031999999999996476,-0.0051073098280233755,-3.4812669243619996,-0.2745100199337028,0.04589803955227256
123.936,0.03200000000001069,-0.010620742821003051,-4.719798124825916,-0.36294223345152754,-0.08843221351782476
123.968,0.031999999999996476,-0.006546118134573394,-2.967468267868492,-0.2391806089960245,0.12376162445550304
124.0,0.031999999999996476,-0.008186221219440699,-4.625833942911549,-0.35399255191744583,-0.11481194292142133
124.032,0.031999999999996476,-0.008118822778039,-3.595675926856031,-0.2848624856678354,0.06913006624961043
124.06400000000001,0.03200000000001069,-0.005588480128504966,-4.428461387273919,-0.3421149020828923,-0.057252416415056906
124.096,0.031999999999996476,-0.004767358220729944,-3.295733492219915,-0.2621189653151188,0.0799959367677735
124.128,0.031999999999996476,-0.005845232254976398,-4.538833174128891,-0.34891870583183254,-0.08679974051671374
124.16,0.031999999999996476,-0.00308155314128005,-2.2795546967067764,-0.187781723840621,0.16113698199121154
124.19200000000001,0.03200000000001069,-0.003017358623969346,-2.4021025827705005,-0.18749163376859743,0.0002900900720235744
124.224,0.031999999999996476,-0.25708765515104437,-3.822854601935781,-0.2919573124315436,-0.10446567866294618
124.256,0.031999999999996476,-0.26040567803252745,-3.789774879271138,-0.29555532942564344,-0.0035980169940998397
124.288,0.031999999999996476,-0.1308119713251419,-1.1576237221041783,-0.1021940473380871,0.19336128208755635
124.32000000000001,0.03200000000001069,-0.26408207150918334,-1.9165188841204124,-0.14684080094725774,-0.04464675360917064
124.352,0.031999999999996476,-0.2616075846402733,-2.1566746856049366,-0.16707932889752417,-0.020238527950266427
124.384,0.031999999999996476,-0.37626760392911945,-2.4258173728374857,-0.18804049463318442,-0.02096116573566026
124.416,0.031999999999996476,-0.4124102914341815,-4.796555176694036,-0.3635951584777971,-0.17555466384461269
124.44800000000001,0.03200000000001069,-0.41929522837215355,-2.952716043499281,-0.23813341983411912,0.125461738643678
124.48,0.031999999999996476,-0.4136651543633118,-4.842917847647636,-0.36989649817748343,-0.13176307834336431
124.512,0.031999999999996476,-0.4215624755167741,-4.659695338755513,-0.36402883437452843,0.005867663802955003
124.544,0.031999999999996476,-0.3763251668770088,-2.9045757118962072,-0.2346182046536411,0.12941062972088732
124.57600000000001,0.03200000000001069,-0.32078830601939917,-2.1999409215503145,-0.17532844625705415,0.059289758396586956
124.608,0.031999999999996476,-0.26266313454969803,-2.036112337061356,-0.15985771197037382,0.015470734286680332
124.64,0.031999999999996476,-0.003384864908413097,-0.5499803953895677,-0.049674121141808435,0.11018359082856538
124.672,0.031999999999996476,0.00012926931160504816,-0.6535278838978772,-0.050928229812781056,-0.0012541086709726215
124.70400000000001,0.03200000000001069,0.0014234801280085042,-0.6292008049028158,-0.04921160945034924,0.0017166203624318158
124.736,0.031999999999996476,0.024070191407696853,-0.45114369326121123,-0.036018150219130414,0.013193459231218826
124.768,0.031999999999996476,0.2555005513999239,0.8930821364433805,0.0635981680042185,0.0996163182233489
124.8,0.031999999999996476,-0.2612479797954376,-1.8571334816024896,-0.1329025532960125,-0.196500721300231
124.83200000000001,0.03200000000001069,-0.0017245309082688572,-0.35294739238771233,-0.03362817301993544,0.09927438027607706
124.864,0.031999999999996476,-0.0037364658470505204,-0.5471809026465863,-0.04218113093596378,-0.008552957916028343
124.896,0.031999999999996476,-0.0005910474682040135,-3.0249528450474337,-0.22489079517812657,-0.18270966424216278
124.928,0.031999999999996476,-0.0028277365023187135,-2.149202360161829,-0.17103556658160451,0.05385522859652206
124.96000000000001,0.03200000000001069,-0.0034203796174957033,-1.8226338078520348,-0.1439106285938075,0.027124937987797026
124.992,0.031999999999996476,-0.0023265676992707675,-1.7313653921442855,-0.1356328309744392,0.008277797619368282
125.024,0.031999999999996476,-0.0009239896448876993,-2.4034200782843422,-0.18457801519335762,-0.048945184218918414
125.056,0.031999999999996476,-0.1929464550828039,-3.616923646159506,-0.27664490278616644,-0.09206688759280882
125.08800000000001,0.03200000000001069,-0.26196942266120465,-3.879386742673398,-0.3012614348698734,-0.024616532083706955
125.12,0.031999999999996476,-0.2598958214097999,-3.905319590665387,-0.30458963208105877,-0.0033281972111853797
125.152,0.031999999999996476,-0.0021100971288582665,-0.16868325625701763,-0.02998868344173031,0.27460094863932843
125.184,0.031999999999996476,-0.26194833698653996,-3.6350129831406544,-0.2690508971644663,-0.23906221372273598
125.21600000000001,0.03200000000001069,-0.0015587278596414654,-0.30842732846944393,-0.03821387577169804,0.23083702139276824
125.248,0.031999999999996476,-0.001615148985491655,-0.4209070331246842,-0.033159650360749165,0.005054225410948875
125.28,0.031999999999996476,-0.0017896588232907786,-0.33378734601026794,-0.026461073065410796,0.006698577295338369
125.312,0.031999999999996476,-0.16718779131440623,-1.2548790046359284,-0.09381165958172348,-0.06735058651631268
125.34400000000001,0.03200000000001069,-0.0020819706631942493,-0.4440979275942753,-0.038074722780256524,0.055736936801466956
125.376,0.031999999999996476,-0.0006265561182811234,-0.37189023286780437,-0.029546910593492112,0.008527812186764412
125.408,0.031999999999996476,-0.16563144123094242,-1.3511796290016709,-0.10107177186480086,-0.07152486127130875
125.44,0.031999999999996476,-0.0011970720840014397,-0.38467846922793003,-0.03412412194012345,0.06694764992467742
125.47200000000001,0.03200000000001069,-0.003547124127141489,-0.3628757546131796,-0.028655919277553794,0.005468202662569657
125.504,0.031999999999996476,-0.24818286733639566,-1.7971296081534704,-0.13381559823403075,-0.10515967895647696
125.536,0.031999999999996476,-0.002266756028997,-0.2755187190002385,-0.027986760083391134,0.10582883815063962
125.568,0.031999999999996476,-0.00273571495087859,-0.38875861673744605,-0.030205046580593326,-0.0022182864972021925
125.60000000000001,0.03200000000001069,-0.002760543445586125,-1.5342005548544482,-0.11456916579057315,-0.08436411920997983
125.632,0.031999999999996476,-0.0061312090272782754,-0.4932116819935748,-0.042884871094217875,0.07168429469635527
125.664,0.031999999999996476,-0.002348855346515677,-1.027486489327749,-0.07803729321493676,-0.03515242212071888
125.696,0.031999999999996476,-0.0026243515149320883,-0.6103936799886841,-0.04939351045465579,0.02864378276028097
125.72800000000001,0.03200000000001069,-0.003526357235648081,-0.22907594211162746,-0.01969773847760937,0.029695771977046415
125.76,0.031999999999996476,-0.003411940456221352,-0.31327700734303066,-0.024175594355637153,-0.004477855878027782
125.792,0.031999999999996476,-0.0003469272475586115,-0.20152657244367306,-0.016215944551614077,0.007959649804023076
125.824,0.031999999999996476,-0.004121630129181803,-2.455034559953113,-0.18147992913855934,-0.16526398458694527
125.85600000000001,0.03200000000001069,-0.0027385650753696074,0.3224457127301199,0.013236061799996382,0.19471599093855574
125.888,0.031999999999996476,0.010078568932924687,-2.4829555896411115,-0.18183301081983483,-0.1950690726198312
125.92,0.031999999999996476,-0.41787600174702677,-2.4600394289066743,-0.1914089088395532,-0.009575898019718365
125.952,0.031999999999996476,-0.07413149366397029,-0.4383698306875171,-0.0432876764323111,0.1481212324072421
125.98400000000001,0.03200000000001069,-0.0030258845324156163,-0.37523533102801393,-0.030093848876847927,0.013193827555463174
126.016,0.031999999999996476,-0.0016188234814138948,-0.38445961594570993,-0.03001053738152931,8.331149531861856e-05
126.048,0.031999999999996476,0.002682645826749852,-0.7611398963389328,-0.05770688102540324,-0.027696343643873928
126.08,0.031999999999996476,0.41709628243960983,1.653175542420113,0.11824353881564727,0.1759504198410505
126.11200000000001,0.03200000000001069,0.12171896630499963,-0.06860244897101406,0.0017810508162427597,-0.11646248799940451
126.144,0.031999999999996476,0.12976132167714438,-0.23405892201922918,-0.017109927719405692,-0.018890978535648452
126.176,0.031999999999996476,0.4148715121798439,1.6491175918400867,0.1202887408869211,0.1373986686063268
126.208,0.031999999999996476,0.08681144396053762,-0.23584390183258788,-0.010399855878537638,-0.13068859676545874
126.24000000000001,0.03200000000001069,0.4146994214214982,1.5759934260791595,0.11529853943333632,0.12569839531187396
126.272,0.031999999999996476,0.08108547768074428,0.06597934274868099,0.011508214164130753,-0.10379032526920556
126.304,0.031999999999996476,0.1242673518312275,0.1196356890656108,0.009462394262719035,-0.0020458199014117186
126.336,0.031999999999996476,0.4113517058119864,1.8115970462151518,0.13377151240707355,0.12430911814435451
126.36800000000001,0.03200000000001069,0.08975456699742197,0.11763831879865774,0.016373654657906345,-0.11739785774916721
126.4,0.031999999999996476,0.1312084353466131,0.4759197313802123,0.03594448082708257,0.019570826169176225
126.432,0.031999999999996476,0.13359828656141864,0.7739830416431596,0.05899392992296069,0.023049449095878118
126.464,0.031999999999996476,0.12371623748687892,0.745529308596235,0.05823205939003964,-0.0007618705329210454
126.49600000000001,0.03200000000001069,0.12849885702933825,0.6735198792785376,0.05289248756432701,-0.0053395718257126315
126.528,0.031999999999996476,0.12508912348788778,0.589963415351349,0.04643947772388187,-0.00645300984044514
126.56,0.031999999999996476,0.13212497230041556,0.8968652084280453,0.06863657879403534,0.02219710107015347
126.592,0.031999999999996476,0.05815673137684669,0.5173053773115669,0.04200508101668514,-0.026631497777350202
126.62400000000001,0.03200000000001069,0.12813123646029756,0.7445640036320503,0.05718032006399089,0.01517523904730575
126.656,0.031999999999996476,0.13254800332838385,0.8464770870004024,0.06555108385428998,0.008370763790299093
126.688,0.031999999999996476,-9.312152293952504e-06,0.216692620410451,0.01971982800677075,-0.04583125584751924
126.72,0.031999999999996476,0.13404082855211674,0.8259055542688655,0.06187568901707461,0.04215586101030386
126.75200000000001,0.03200000000001069,0.10507895283563284,0.7417952507412428,0.05812381722456584,-0.003751871792508771
126.784,0.031999999999996476,0.12839130758230474,1.0139935600987995,0.07792475045007233,0.019800933225506488
126.816,0.031999999999996476,0.05051179679688165,0.47344251087836836,0.03931559346828027,-0.038609156981792056
126.848,0.031999999999996476,0.1308573319901601,0.9134597655055811,0.06944569101177975,0.030130097543499476
126.88000000000001,0.03200000000001069,0.13036782726199697,0.8658403750574668,0.06768313299762567,-0.001762558014154078
126.912,0.031999999999996476,0.13627278434236473,1.3159463551086281,0.10068227787261098,0.032999144874985314
126.944,0.031999999999996476,0.13139711572679388,0.9486054324084372,0.07557295341509315,-0.02510932445751783
126.976,0.031999999999996476,0.10917614326241637,0.9947349640491382,0.07751579147521594,0.001942838060122784
127.008,0.031999999999996476,0.02045787042320836,0.4798877130838857,0.03976596627385867,-0.037749825201357265
127.04,0.03200000000001069,0.1272798853456786,0.9269993691287768,0.0704673961357373,0.030701429861878626
127.072,0.031999999999996476,0.13110049226469486,1.2029036508051225,0.09252982473684926,0.02206242860111196
127.104,0.031999999999996476,0.09209573685949554,0.9074415998428621,0.07207512224307168,-0.02045470249377758
127.136,0.031999999999996476,0.09315421289412971,0.8626087225050372,0.06759727117707372,-0.004477851065997962
127.168,0.03200000000001069,0.11742900543079908,0.8338815045556587,0.06522616284965889,-0.002371108327414828
127.2,0.031999999999996476,0.08698580214643403,0.8841926458223429,0.06878917367696169,0.003563010827302801
127.232,0.031999999999996476,0.12684284653146036,1.0064314933619838,0.0779843355418737,0.00919516186491201
127.264,0.031999999999996476,0.13500803814391651,0.967398702778872,0.07564468349604668,-0.0023396520458270204
127.296,0.03200000000001069,0.12763993284610997,1.1592183936827247,0.08961608105803216,0.013971397561985482
127.328,0.031999999999996476,0.11729180564015584,0.8976831803949028,0.07118927813100882,-0.01842680292702334
127.36,0.031999999999996476,0.1192596212778061,0.9031846822090775,0.07053009748065299,-0.000659180650355834
127.392,0.031999999999996476,0.1290721370596435,1.1126693342448397,0.08589759234940081,0.015367494868747819
127.424,0.03200000000001069,0.009936757192522438,0.4446637227104718,0.037659459678243225,-0.048238132671157584
127.456,0.031999999999996476,0.07874862445357256,1.1644753289194583,0.08780982532481829,0.05015036564657507
127.488,0.031999999999996476,0.0001431620180850389,0.6683170167027506,0.05421736502299845,-0.033592460301819844
127.52,0.031999999999996476,0.08561415269600907,0.7739798876527373,0.06004857473126865,0.005831209708270203
127.552,0.03200000000001069,0.03600907964004,0.6449852591469815,0.050898910892118496,-0.009149663839150154
127.584,0.031999999999996476,0.14201246493722122,1.3663853776008112,0.1034226373474867,0.05252372645536821
127.616,0.031999999999996476,0.008327454161980179,0.2836739041535905,0.026831936642989232,-0.07659070070449747
127.648,0.031999999999996476,0.12902172926537572,0.9696149307352385,0.07285468458596742,0.046022747942978184
127.68,0.03200000000001069,0.13498368936138866,0.9545896981812179,0.07440657637749686,0.001551891791529439
127.712,0.031999999999996476,0.13309236007599679,1.1218056289285647,0.08679326308169581,0.012386686704198957
127.744,0.031999999999996476,0.1373198959763394,0.9858142895722962,0.07750750118336722,-0.009285761898328596
127.776,0.031999999999996476,0.13754292884414265,1.1620337794259685,0.08993066391049505,0.012423162727127832
127.808,0.03200000000001069,0.1376237574019157,0.8802705159288855,0.06992690742010767,-0.02000375649038738
127.84,0.031999999999996476,0.13728609454230586,1.1179532282272615,0.08625134950375395,0.01632444208364628
127.872,0.031999999999996476,0.0951693026069694,1.008015854798132,0.07910892514771133,-0.00714242435604262
127.904,0.031999999999996476,0.0031804339588172143,0.44899406428911737,0.03758601048169369,-0.04152291466601764
127.936,0.03200000000001069,0.0029455935827235285,0.35983280779649823,0.028631991912386214,-0.008954018569307474
127.968,0.031999999999996476,0.07296125319434484,0.6541935245288761,0.049762438460074956,0.021130446547688742
128.0,0.031999999999996476,0.1310855389074976,0.9373387658881366,0.07180484483595348,0.022042406375878523
128.032,0.03200000000001069,0.12097507866815935,1.0380524075385533,0.08048383664765237,0.008678991811698886
128.064,0.031999999999982265,0.0042005596999453824,0.5496009180251114,0.04506403366623903,-0.03541980298141333
128.096,0.03200000000001069,0.057649521212521045,0.978752674452656,0.07457919847629457,0.02951516481005554
128.12800000000001,0.03200000000001069,-0.0011984530130775,0.33089741368118414,0.028639659103182478,-0.0459395393731121
128.16,0.031999999999982265,0.002745998174060525,0.479419317625688,0.036909946317229464,0.008270287214046986
128.192,0.03200000000001069,0.0012901257792291936,0.5764225280201012,0.044521020435293886,0.007611074118064422
128.224,0.031999999999982265,0.002110018581571541,0.5293574120000696,0.04149922143269417,-0.0030217990025997177
128.256,0.03200000000001069,-0.005748493504959311,0.39960331937512494,0.03178263040151418,-0.009716591031179986
128.288,0.03200000000001069,0.06945841359483543,0.9409530266980504,0.07103268065621701,0.03925005025470283
128.32,0.031999999999982265,0.004766899712645711,0.3573486327369745,0.03038015054067545,-0.04065253011554156
128.352,0.03200000000001069,0.0017197428093360025,0.35273530886827165,0.027694052584402253,-0.002686097956273198
128.38400000000001,0.03200000000001069,-0.0011653540826019337,0.401344050465804,0.031113684493643167,0.0034196319092409146
128.416,0.031999999999982265,0.0021227165728981575,0.3616627909748704,0.028392927879274915,-0.002720756614368252
128.448,0.03200000000001069,0.09026608976306463,0.897903816304155,0.06767114757239195,0.03927821969311704
128.48,0.031999999999982265,0.0016876929459097483,0.4138670189366414,0.03434246725849162,-0.033328680313900336
128.512,0.03200000000001069,-0.002046622702605642,0.44384025385444437,0.03462267176440361,0.00028020450591199203
128.544,0.03200000000001069,-0.00027780590327942397,0.28411244697625804,0.02289242861533423,-0.01173024314906938
128.576,0.031999999999982265,-0.0004098583654758294,0.3640965395961958,0.028097300783882423,0.005204872168548192
128.608,0.03200000000001069,0.0005219869642259703,0.18024929086179742,0.014877604940222467,-0.013219695843659956
128.64000000000001,0.03200000000001069,0.005274284156380745,0.4618436460959018,0.034822956756433036,0.01994535181621057
128.672,0.031999999999982265,0.002640462003398986,0.2284411130430558,0.018809908376000568,-0.01601304838043247
128.704,0.03200000000001069,0.006900234759519675,0.21038362986039078,0.016557538456798884,-0.002252369919201684
128.736,0.031999999999982265,-0.001634796733215139,0.3908805291631328,0.02970129407646124,0.013143755619662356
128.768,0.03200000000001069,0.017679389660308784,0.4680769196191895,0.03613711100670772,0.0064358169302464775
128.8,0.03200000000001069,-5.869259493943756e-05,0.28234930579121725,0.022850193994078748,-0.01328691701262897
128.832,0.031999999999982265,0.0012697324011677654,0.13511292577533046,0.011255355792078413,-0.011594838202000335
128.864,0.03200000000001069,0.0028344100922755473,0.4428661915452308,0.03321824134740494,0.02196288555532653
128.89600000000002,0.03200000000001069,0.0025908605445642617,0.20042449639000895,0.01665692130075907,-0.016561320046645872
128.928,0.031999999999982265,0.0007220559584304165,0.4998198685675968,0.037718455051382015,0.021061533750622946
128.96,0.03200000000001069,-0.00031996832174884627,0.3737043242119794,0.029659752274401697,-0.008058702776980318
128.992,0.031999999999982265,0.0026922912796735615,0.181600821771517,0.015067195713113863,-0.014592556561287834
129.024,0.03200000000001069,0.0015798847780438227,0.22999499378253446,0.017783699251164055,0.0027165035380501915
129.056,0.03200000000001069,0.0019350098140019666,0.3173459714656073,0.024364331179421318,0.006580631928257263
129.088,0.031999999999982265,0.004472954307392542,0.4151510213988442,0.03193683051733269,0.007572499337911372
129.12,0.03200000000001069,0.0004956268274200253,0.2185022342964766,0.017912387575568667,-0.014024442941764022
129.15200000000002,0.03200000000001069,0.004969508707220654,0.2107700764918781,0.016534144781489887,-0.0013782427940787802
129.184,0.031999999999982265,0.08146085103330315,0.45042723614254,0.034079021899985996,0.01754487711849611
129.216,0.03200000000001069,0.0048898427691867405,-0.03002833771394685,-0.00024094025021752048,-0.03431996215020352
129.248,0.031999999999982265,0.07155929519430247,0.48933143709779964,0.03597163546119862,0.036212575711416145
129.28,0.03200000000001069,0.13100478273885638,0.9266477355591644,0.07022249370467754,0.03425085824347891
129.312,0.03200000000001069,0.0007719861444722514,0.3924864621332292,0.032917423127768866,-0.03730507057690867
129.344,0.031999999999982265,0.002947736311550314,0.22175214547949623,0.01820799548718891,-0.014709427640579958
129.376,0.03200000000001069,-0.00423051986812909,0.23192348148393385,0.01810683614806421,-0.00010115933912469705
129.40800000000002,0.03200000000001069,0.028296324513685876,0.45259293426945885,0.034329077853043774,0.016222241704979563
129.44,0.031999999999982265,0.00824214795928305,0.361089858197659,0.028536415966487597,-0.005792661886556177
129.472,0.03200000000001069,0.00037695425668163676,0.3524367033950936,0.027565655973583347,-0.00097075999290425
129.504,0.031999999999982265,-0.0007590285344287871,0.15462490404975748,0.012962490365422887,-0.01460316560816046
129.536,0.03200000000001069,0.10803468356573445,0.8687979729755363,0.06463991233360739,0.0516774219681845
129.568,0.03200000000001069,0.004309370321937642,0.21692466623633594,0.019684291617753914,-0.044955620715853475
129.6,0.031999999999982265,0.006743781309747821,0.3066811981279985,0.023689760777168358,0.0040054691594144445
129.632,0.03200000000001069,-0.0017899274002762802,0.22385313018948402,0.017829797940841385,-0.005859962836326973
129.66400000000002,0.03200000000001069,0.002724459876993867,0.17624959595163725,0.01399073300008808,-0.003839064940753305
129.696,0.031999999999982265,-0.0002898580001053449,-0.017009642650594584,-0.0004432208593561877,-0.014433953859444269
129.728,0.03200000000001069,0.1325303558474024,0.9198641526635994,0.06762143140822215,0.06806465226757834
129.76,0.031999999999982265,0.08025502612568428,0.3486186660206965,0.029541218537737234,-0.03808021287048491
129.792,0.03200000000001069,0.04820700568673007,0.3307991800572957,0.026032433932153213,-0.0035087846055840213
129.824,0.03200000000001069,0.10032101875758198,0.803573626603138,0.06059781491689059,0.03456538098473738
129.856,0.031999999999982265,-0.00032307516585796027,0.18692426563485837,0.01724470880604629,-0.0433531061108443
129.888,0.03200000000001069,-0.0002609939390678596,0.31863221399127745,0.02442780632475539,0.007183097518709099
129.92000000000002,0.03200000000001069,-0.0015608348819733018,0.23991444257122113,0.019053557180184887,-0.0053742491445705025
129.952,0.031999999999982265,4.196502468867514e-05,0.13261727192841882,0.010852648500872477,-0.00820090867931241
129.984,0.03200000000001069,0.001364261844036606,0.2914762554989687,0.022061743239605355,0.011209094738732878
130.016,0.031999999999982265,0.005909588771046869,0.2048007621718181,0.01633469853029183,-0.005727044709313525
130.048,0.03200000000001069,0.0559249664771551,0.49017371134340465,0.03699047284083569,0.02065577431054386
130.08,0.03200000000001069,0.0009626001874955911,0.168193315253363,0.01450440038486682,-0.02248607245596887
130.112,0.031999999999982265,-0.0010754274353002393,0.03702988831087869,0.0035605120321370158,-0.010943888352729804
130.144,0.03200000000001069,-0.00408738960304554,0.3794368903007965,0.028109419932786005,0.024548907900648988
130.17600000000002,0.03200000000001069,-0.0008557723800265742,0.17103216243989722,0.014200474855650406,-0.013908945077135599
130.208,0.031999999999982265,0.003565488222489693,0.4016793974801197,0.030359374190454865,0.01615889933480446
130.24,0.03200000000001069,-0.005201416102336852,0.09465734478373654,0.008713741250422386,-0.02164563294003248
130.272,0.031999999999982265,0.0005718490607286318,0.3403161169773451,0.02552996057206403,0.016816219321641644
130.304,0.03200000000001069,0.0008892816714503621,0.05348719594340747,0.005407281584974094,-0.020122678987089936
130.336,0.03200000000001069,0.0027863259020042626,0.17640646814424304,0.013285129003415774,0.007877847418441681
130.368,0.031999999999982265,0.009631601140596054,0.3093531598963338,0.023516839694367932,0.010231710690952158
130.4,0.03200000000001069,0.0019695806105146335,0.19396323908750124,0.01562170600438153,-0.007895133689986402
130.43200000000002,0.03200000000001069,0.0007696371547090279,0.1994562157816323,0.01556988196757404,-5.182403680749001e-05
130.464,0.031999999999982265,0.006844704954762111,-0.06615938760038687,-0.0039665414219621446,-0.019536423389536185
130.496,0.03200000000001069,0.1053976124796165,0.4597592630991787,0.03358181556721124,0.03754835698917338
130.528,0.031999999999982265,0.01263603040135989,0.3801859634692035,0.02989760911085927,-0.003684206456351969
130.56,0.03200000000001069,0.014652504436309657,0.19867267930177662,0.01633639523854987,-0.013561213872309397
130.592,0.03200000000001069,0.05225268077378807,0.7417629574612197,0.055492500935687694,0.03915610569713782
130.624,0.031999999999982265,-0.0017051206453980396,0.17186568080632786,0.01584257199888533,-0.039649928936802366
130.656,0.03200000000001069,0.010822903757798511,0.2902891964070982,0.02226251032697626,0.006419938328090933
130.68800000000002,0.03200000000001069,-0.0025598263185883,-0.035796396670703765,-0.0013472809283738346,-0.023609791255350097
130.72,0.031999999999982265,0.11143100538338657,0.63762550705785,0.04681334692815683,0.04816062785653066
130.752,0.03200000000001069,0.00385935801184338,0.18949880371932176,0.016638276294890782,-0.030175070633266046
130.784,0.031999999999982265,0.043367741034226207,0.2819772575596191,0.02169718373666042,0.005058907441769636
130.816,0.03200000000001069,0.12267127013593133,0.8219518182338619,0.06169908129630389,0.040001897559643465
130.848,0.03200000000001069,-0.00016034480853556135,0.007945586979844557,0.004146151330890065,-0.05755292996541382
130.88,0.031999999999982265,0.11457771288720925,0.5807268669096232,0.04294613882220708,0.038799987491317016
130.912,0.03200000000001069,0.006960529368761203,-0.01800000588739561,0.0011555164794849941,-0.041790622342722086
130.94400000000002,0.03200000000001069,0.129386412072382,0.6629686186821956,0.04882156928361459,0.0476660528041296
130.976,0.031999999999982265,0.13003191163012365,0.6680631467581304,0.051947939303262816,0.003126370019648224
131.008,0.03200000000001069,0.0849913921464185,0.5162836730025963,0.040966524882751695,-0.01098141442051112
131.04,0.031999999999982265,0.01882712167164745,0.3672541990326516,0.02937291668374847,-0.011593608199003225
131.072,0.03200000000001069,0.0029046893861657567,-0.023499678056800834,-3.250025445347005e-05,-0.02940541693820194
131.104,0.03200000000001069,0.13629086790995643,0.7569396545870909,0.05566363743839866,0.05569613769285213
131.136,0.031999999999982265,0.1288502019498112,0.5555639827701748,0.04406971158694791,-0.011593925851450748
131.168,0.03200000000001069,0.13586026761341033,0.830303009022918,0.06360477515948464,0.019535063572536725
131.2,0.031999999999982265,0.11570299667930573,0.9686520250822233,0.07490673434199284,0.011301959182508203
131.232,0.03200000000001069,-0.0014604909164560086,0.36433456771302813,0.03111754332780501,-0.04378919101418783
131.264,0.03200000000001069,0.0030686160027728307,0.30623094397245443,0.024316680062125413,-0.006800863265679597
131.296,0.031999999999982265,0.11053158548205212,0.87349030308859,0.06564045425337244,0.041323774191247026
131.328,0.03200000000001069,0.00018622179082472445,0.3764121720982489,0.031470799285714536,-0.0341696549676579
131.36,0.03200000000001069,0.0010017495042834036,0.32382964384356894,0.025631285577500725,-0.0058395137082138115
131.392,0.031999999999982265,0.0191404563697336,0.1848413874302711,0.01507294797827689,-0.010558337599223835
131.424,0.03200000000001069,0.08254590836814671,0.7736706972403193,0.057766065701078596,0.04269311772280171
131.456,0.031999999999982265,0.016017432404931108,0.27986573431513606,0.023916171193593377,-0.03384989450748522
131.488,0.03200000000001069,0.08258027204355066,0.8113696892544354,0.061048969233814254,0.03713279804022088
131.52,0.03200000000001069,0.0011545496245217919,0.1529560446550468,0.014772722863920501,-0.046276246369893755
131.552,0.031999999999982265,0.002323612808856089,0.29760476908732403,0.022738737794933194,0.007966014931012693
131.584,0.03200000000001069,0.04580961446940961,0.6939676023516672,0.05234722102667229,0.029608483231739095
131.616,0.03200000000001069,0.00044934844452745024,0.2669955284605296,0.022656868434068785,-0.029690352592603504
131.648,0.031999999999982265,0.06410251394022048,0.7236353882092499,0.05452427047580481,0.03186740204173603
131.68,0.03200000000001069,0.003525496826413902,0.21818169667022652,0.01919276724472226,-0.035331503231082556
131.712,0.031999999999982265,0.0025919999221466444,0.2425651597372345,0.018946277542604903,-0.00024648970211735635
131.744,0.03200000000001069,-0.002777295467360657,0.4179991721029066,0.031833504925272205,0.012887227382667302
131.776,0.03200000000001069,0.007379174566883524,0.29851695204618256,0.023790723151384117,-0.008042781773888088
131.808,0.031999999999982265,0.0004202247145482543,0.26685819804949784,0.020998228836838825,-0.002792494314545292
131.84,0.03200000000001069,0.026219925162872575,0.28733388906950424,0.02234280767071795,0.0013445788338791245
131.872,0.03200000000001069,0.0023020965979222625,0.4630882454204766,0.035345444141931914,0.013002636471213965
131.904,0.031999999999982265,0.000816673941146456,0.21517373933706285,0.01786438542347988,-0.017481058718452035
131.936,0.03200000000001069,0.018214854520202762,0.40009643638170694,0.03045447705097357,0.01259009162749369
131.968,0.031999999999982265,-0.003930687570057619,-0.09233140195097192,-0.005031963337693606,-0.035486440388667176
132.0,0.03200000000001069,0.11087998945698614,0.6841317671097331,0.050020714508725084,0.05505267784641869
132.032,0.03200000000001069,0.006518638062131417,0.16781210386427567,0.015228589848038303,-0.03479212466068678
132.064,0.031999999999982265,0.0017998233684285033,0.109450121649305,0.008928119185175398,-0.006300470662862906
132.096,0.03200000000001069,0.0024708583689787727,0.24341740294846245,0.018416383034918746,0.009488263849743349
132.12800000000001,0.03200000000001069,-0.0019419169887507286,0.22750648707832938,0.017794039399966214,-0.0006223436349525324
132.16,0.031999999999982265,0.0032931613036110714,0.13306243018206687,0.010812674739744106,-0.006981364660222108
132.192,0.03200000000001069,0.001973580520480424,0.07561060423970656,0.00618462670322148,-0.004628048036522626
132.224,0.031999999999982265,-0.004204970827163533,0.24922086013663725,0.01868479130009311,0.01250016459687163
132.256,0.03200000000001069,0.0018805015862745386,0.08324731412827151,0.007200682107577922,-0.011484109192515187
132.288,0.03200000000001069,0.0037528128770590173,0.29905334856198734,0.022408139727639064,0.015207457620061142
132.32,0.031999999999982265,-0.016369059633024423,0.0552617596367744,0.005357563562507064,-0.017050576165132
132.352,0.03200000000001069,0.00017980017248011936,0.17448133792300105,0.013140684315308803,0.0077831207528017395
132.38400000000001,0.03200000000001069,-0.05394133453844103,-0.1919688732688027,-0.013358834834629008,-0.02649951914993781
132.416,0.031999999999982265,-0.05259025936028418,-0.060075720999350185,-0.00518917534523709,0.008169659489391919
132.448,0.03200000000001069,-0.0029435299797866,0.17960950051321692,0.012908957042742005,0.018098132387979096
132.48,0.031999999999982265,-0.1284789318343204,-0.43014546027932304,-0.030887772393055634,-0.04379672943579764
132.512,0.03200000000001069,-0.0928487968566581,-0.34909137715103356,-0.027455381561963685,0.003432390831091949
132.544,0.03200000000001069,-0.1283401852812996,-0.5253251599811557,-0.040217505111582376,-0.012762123549618691
132.576,0.031999999999982265,0.0021677094483296593,0.015598662978823655,-0.0011745902731113774,0.039042914838471
132.608,0.03200000000001069,0.0035624677803642686,-0.010995477213529515,-0.000876417898067506,0.00029817237504387137
132.672,0.031999999999982265,-0.42016939538183723,-2.132652488212098,-0.1568357470372186,-0.1568357470372186
132.704,0.03200000000001069,0.0010051425093476837,0.3636953513924114,0.01769225547640791,0.1745280025136265
132.736,0.031999999999982265,0.0011128038426607917,0.21056551371224347,0.016506393165261337,-0.0011858623111465731
132.768,0.03200000000001069,0.13121844536775396,0.8291571102205303,0.06192930054826154,0.0454229073830002
132.8,0.03200000000001069,0.12144767535503187,0.7124089050508607,0.055965833650628474,-0.005963466897633066
132.832,0.031999999999982265,0.13142025561442244,0.4548429462150494,0.036680109253625,-0.019285724397003476
132.864,0.03200000000001069,0.13291441341970286,0.5623629277362744,0.04347380596413958,0.00679369671051458
132.89600000000002,0.03200000000001069,0.12667249334246572,0.5933795638060796,0.046146970252090684,0.002673164287951106
132.928,0.031999999999982265,0.13402512305156739,0.6052447221446595,0.047173855992980636,0.0010268857408899518
132.96,0.03200000000001069,0.2598415632525724,1.1601538539278184,0.08804128040022857,0.040867424407247936
132.992,0.031999999999982265,0.1306584040854814,0.7696089955310674,0.061679761777117724,-0.026361518623110848
133.024,0.03200000000001069,0.13167941916272888,0.8296733210184736,0.06457507971859913,0.002895317941481408
133.056,0.03200000000001069,0.13249205679613874,0.7028826074304563,0.05541800595746114,-0.009157073761137995
133.088,0.031999999999982265,0.12483482540853993,0.8143944597905568,0.06308998341426414,0.007671977456803002
133.12,0.03200000000001069,0.12934192215493706,0.8485724311699129,0.06604633535447199,0.002956351940207852
133.15200000000002,0.03200000000001069,0.12769260988516853,0.7702708221676857,0.06045868476400546,-0.005587650590466529
133.184,0.031999999999982265,0.12391490206496779,0.7870001929065832,0.06136639656172433,0.0009077117977188687
133.216,0.03200000000001069,0.08365399979623687,0.8670258330849491,0.0673039016315563,0.005937505069831976
133.248,0.031999999999982265,0.005911371063245159,0.4966084628116223,0.04040609101282497,-0.026897810618731338
133.28,0.03200000000001069,-0.0015571705764811804,0.4232656203260983,0.0334596559619919,-0.006946435050833068
133.312,0.03200000000001069,0.10923319120421521,0.7891692803214517,0.05996728270713453,0.026507626745142628
133.344,0.031999999999982265,0.0005981809222074078,0.434883796870086,0.03544330885388929,-0.024523973853245236
133.376,0.03200000000001069,-0.0018297205623923497,0.12180373026898865,0.011003583447513732,-0.02443972540637556
133.40800000000002,0.03200000000001069,0.04445471882609275,0.7275316687974785,0.054138070437106695,0.04313448698959296
133.44,0.031999999999982265,-0.0020278974009902595,0.23494247572112537,0.02040306376042463,-0.03373500667668207
133.472,0.03200000000001069,0.0024598556753987464,0.36981874143784926,0.028374404066023134,0.007971340305598505
133.504,0.031999999999982265,0.0032064563188007006,0.3995771612021901,0.031023023120607316,0.0026486190545841823
133.536,0.03200000000001069,0.02006148137433553,0.5361086086298065,0.04121647902481859,0.010193455904211276
133.568,0.03200000000001069,-0.002248021947632259,0.38099135042591276,0.030397579530842427,-0.010818899493976165
133.6,0.031999999999982265,-0.0011293726784452423,0.45284037715669645,0.03505680814005058,0.004659228609208151
133.632,0.03200000000001069,0.0014310463072926525,0.3211284394578025,0.02563965537930153,-0.009417152760749049
133.66400000000002,0.03200000000001069,0.000490547554770139,0.4166195307761821,0.03211844831952741,0.006478792940225884
133.696,0.031999999999982265,0.003946220345230724,0.295978961192884,0.023620528248544864,-0.008497920070982549
133.728,0.03200000000001069,0.0005792864465584784,0.232648257623705,0.01847259687445306,-0.005147931374091804
133.76,0.031999999999982265,-0.00010125354020924435,0.35312243733847387,0.0270351100077158,0.008562513133262742
133.792,0.03200000000001069,-0.002095696094485638,0.3398467573969245,0.026553119484702264,-0.00048199052301353684
133.824,0.03200000000001069,0.00032770890834974765,0.364333115123642,0.028326026909775943,0.0017729074250736783
133.856,0.031999999999982265,0.001959044947830359,0.20370761931034087,0.01661593987604905,-0.011710087033726894
133.888,0.03200000000001069,0.002351949978736471,0.3334618529960422,0.025482083085655294,0.008866143209606245
133.92000000000002,0.03200000000001069,0.007623316515128331,0.10482460084132283,0.00917988204615107,-0.016302201039504225
133.952,0.031999999999982265,0.04898241868972221,0.6332393762715001,0.04709851328708109,0.03791863124093002
133.984,0.03200000000001069,0.001628350604795049,0.3048566171013536,0.025138178410921624,-0.021960334876159466
134.016,0.031999999999982265,0.0171527717735354,0.5380117026349086,0.04101670633089293,0.015878527919971307
134.048,0.03200000000001069,0.10105116130570625,0.6072350493309298,0.04702405970000593,0.006007353369112997
134.08,0.03200000000001069,0.05550403113048949,0.6520071397053825,0.050663408337247175,0.0036393486372412465
134.112,0.031999999999982265,0.0015642226793722523,0.3569387867550158,0.029174111067786057,-0.021489297269461118
134.144,0.03200000000001069,-0.004936483913007135,0.13611473108234626,0.01169410268205312,-0.017480008385732937
134.17600000000002,0.03200000000001069,0.10357567394960866,0.5078336422806881,0.03802129084321957,0.02632718816116645
134.208,0.031999999999982265,-0.0004943615712503434,0.1851965815574136,0.01581433261283578,-0.02220695823038379
134.24,0.03200000000001069,0.10463236094723316,0.7569660341159165,0.05658040044249099,0.04076606782965521
134.272,0.031999999999982265,0.12191855700638207,0.5953058940423981,0.047045264626397514,-0.009535135816093478
134.304,0.03200000000001069,0.0034599706590817433,0.24887642364858725,0.021018308308597536,-0.026026956317799978
134.336,0.03200000000001069,0.10251691011068617,0.6765482002895143,0.050966875445783454,0.029948567137185918
134.368,0.031999999999982265,0.04468769629577362,0.6992159137375725,0.05436276738950673,0.003395891943723278
134.4,0.03200000000001069,0.0017687852909610165,0.21711555462382653,0.019105039492909936,-0.0352577278965968
134.43200000000002,0.03200000000001069,0.08384578090328454,0.627488949691863,0.04724859580039691,0.028143556307486977
134.464,0.031999999999982265,0.004811485911273906,0.061650071702710994,0.007261378100163448,-0.03998721770023347
134.496,0.03200000000001069,0.1397185608277187,0.9561282243128049,0.07073307884405303,0.06347170074388958
134.528,0.031999999999982265,0.11523295616201883,0.5760394782635423,0.04644542911870303,-0.024287649725349997
134.56,0.03200000000001069,0.1300598680730134,0.7927406671760027,0.06097958001428037,0.014534150895577337
134.592,0.03200000000001069,0.06973709654260794,0.5171455185559712,0.041551293489276456,-0.01942828652500391
134.624,0.031999999999982265,0.11892673079059203,0.848012931242432,0.0647617808965667,0.023210487407290245
134.656,0.03200000000001069,0.00458387142993203,0.2947314474126759,0.02541325528875428,-0.03934852560781242
134.68800000000002,0.03200000000001069,0.09449461777560474,0.7988249002917589,0.06021284789626643,0.03479959260751215
134.72,0.031999999999982265,0.01882047890933549,0.5699114467178488,0.045387449059892476,-0.014825398836373953
134.752,0.03200000000001069,0.0110593187397575,0.18920750308451395,0.016534538211246473,-0.028852910848646003
134.784,0.031999999999982265,0.02199361726873843,0.5558844941612745,0.04183439525350073,0.025299857042254258
134.816,0.03200000000001069,0.10094809927992922,0.6259394072472783,0.04844678684521814,0.006612391591717406
134.848,0.03200000000001069,-0.0025003989241531447,0.27798182997524695,0.02323963506756458,-0.025207151777653557
134.88,0.031999999999982265,0.004834796299554286,0.412613481828035,0.031685291613183786,0.008445656545619205
134.912,0.03200000000001069,0.0699408277048088,0.5629597128795665,0.043229347462561823,0.011544055849378038
134.94400000000002,0.03200000000001069,0.01461284908540654,0.2766702537945957,0.022841983494095212,-0.02038736396846661
134.976,0.031999999999982265,0.09505418245688849,0.7173563162534597,0.05407319262364498,0.03123120912954977
135.008,0.03200000000001069,0.044416865517218185,0.7018155790299203,0.05473327218998982,0.00066007956634484
135.04,0.031999999999982265,0.0025839965759484173,0.3883219020444679,0.03171698196158332,-0.023016290228406504
135.072,0.03200000000001069,-0.0013839011714235818,0.23872033125850667,0.01938653935125383,-0.012330442610329489
135.104,0.03200000000001069,-0.0002456019204263757,0.20720885691139654,0.01635735330946689,-0.003029186041786938
135.136,0.031999999999982265,0.00045489974354122743,0.15834972000764974,0.012589369198086574,-0.0037679841113803167
135.168,0.03200000000001069,0.0023587677422009495,0.494843304008227,0.037117661334661343,0.02452829213657477
135.2,0.031999999999982265,0.0034652654817132894,0.1923418956149831,0.01628763492886397,-0.020830026405797373
135.232,0.03200000000001069,0.0017485750207458467,0.4218401506138211,0.03196249036865563,0.01567485543979166
135.264,0.03200000000001069,0.006046438203559957,0.3900738563954537,0.030531284845922078,-0.0014312055227335523
135.296,0.031999999999982265,-0.001986308975945737,0.39821978858381446,0.03104771636916188,0.0005164315232398034
135.328,0.03200000000001069,-0.0005921354519822692,0.36595887133198163,0.02870505432282495,-0.0023426620463369296
135.36,0.03200000000001069,-0.0028232228143019395,0.13967493083492502,0.011928842364931799,-0.016776211957893153
135.392,0.031999999999982265,-0.0001651371880513751,0.034244217290985327,0.0032069685650431526,-0.008721873799888646
135.424,0.03200000000001069,-0.0021173691823467952,0.2845173523234303,0.02110860587196567,0.017901637306922517
135.456,0.031999999999982265,-0.0003170074595915385,0.18933225591460356,0.015142117335203457,-0.005966488536762212
135.488,0.03200000000001069,0.0031189624019064,0.40038386762085376,0.030318460783129022,0.015176343447925565
135.52,0.03200000000001069,-0.13404355807073928,-0.45159138571033874,-0.03145987601085325,-0.06177833679398227
135.552,0.031999999999982265,0.000548598856926097,0.3561183439590482,0.02437287404695752,0.05583275005781077
135.584,0.03200000000001069,-0.02447248974669737,-0.06260952845420564,-0.003197295361622591,-0.027570169408580113
135.616,0.03200000000001069,-0.0024606091968047313,0.27966785705068825,0.020382260640668812,0.023579556002291405
135.648,0.031999999999982265,-0.04984555228145514,-0.07840783150138621,-0.004589480577913016,-0.02497174121858183
135.68,0.03200000000001069,-0.13738276247058812,-0.4278813663834354,-0.031731439082004494,-0.027141958504091478
135.712,0.031999999999982265,-0.0869938978111345,-0.17094410630307605,-0.01440309501268198,0.017328344069322515
135.744,0.03200000000001069,-0.014796656635181649,0.05500089261536154,0.0032133007082222518,0.017616395720904232
135.776,0.03200000000001069,-0.048984746181199655,-0.2089884970173278,-0.015183560520765799,-0.01839686122898805
135.808,0.031999999999982265,0.0008894529332986964,0.03216751838004223,0.0014890736410678835,0.016672634161833684
135.84,0.03200000000001069,-0.030930277228557585,-0.03553082993209328,-0.002526982432994189,-0.004016056074062073
135.872,0.03200000000001069,-0.13457979886312513,-0.4147572972515044,-0.030647225949507636,-0.028120243516513446
135.904,0.031999999999982265,-0.0690051647708013,-0.36026868163251174,-0.028263476540879188,0.002383749408628448
135.936,0.03200000000001069,-0.0007274954991594379,0.1364253249300687,0.00840112485994106,0.03666460140082025
135.968,0.031999999999982265,-0.0030847481354585797,0.022154052133411553,0.002114203202564001,-0.00628692165737706
136.0,0.03200000000001069,-0.1248413094177877,-0.22914839105787085,-0.01672957358022195,-0.018843776782785954
136.032,0.03200000000001069,-0.12256875484648441,-0.6224742092563893,-0.046742677196415915,-0.030013103616193963
136.064,0.031999999999982265,-0.011705833365002829,0.05078535539806611,0.0010363548903426691,0.047779032086758585
136.096,0.03200000000001069,-0.008096064340661955,0.14399719120971674,0.01064941386958639,0.009613058979243722
136.12800000000001,0.03200000000001069,-0.13372823532898778,-0.6032960334775087,-0.04375174610897804,-0.054401159978564435
136.16,0.031999999999982265,-0.1345530093128324,-0.7979933392323862,-0.06121035887100559,-0.017458612762027544
136.192,0.03200000000001069,0.0013244028592652836,-0.22197658338792733,-0.019857825790680003,0.04135253308032558
136.224,0.031999999999982265,-0.00027830458390339433,0.14896659021636433,0.009808662815905318,0.02966648860658532
136.256,0.03200000000001069,-0.04299481120650478,-0.45559116639971053,-0.03293803251134173,-0.04274669532724705
136.288,0.03200000000001069,-0.11268102369648386,-0.598115210509,-0.04588701029786756,-0.012948977786525831
136.32,0.031999999999982265,-0.00428123372216558,-0.10891131558034046,-0.010658377604365825,0.03522863269350174
136.352,0.03200000000001069,-0.0035205930097901204,-0.22142265569000968,-0.01689877056254132,-0.006240392958175495
136.38400000000001,0.03200000000001069,-0.06485256909811893,-0.35503136085854026,-0.027084637134147316,-0.010185866571605997
136.416,0.031999999999982265,-0.022199129172291065,-0.5165499202325586,-0.03955076925892516,-0.012466132124777842
136.448,0.03200000000001069,0.005087100897153774,-0.07630753412782275,-0.00789490277953221,0.03165586647939295
136.48,0.031999999999982265,-0.03732209649728015,-0.35346862615316715,-0.02644992828615237,-0.01855502550662016
136.512,0.03200000000001069,-0.007559823987895124,-0.22247023975608157,-0.017887441790021413,0.008562486496130957
136.544,0.03200000000001069,-0.024699225776273186,-0.4529130793364552,-0.034339955959819236,-0.016452514169797823
136.576,0.031999999999982265,0.001613694993845177,-0.11136339652307484,-0.010172103393994185,0.02416785256582505
136.608,0.03200000000001069,-0.004211962078062838,-0.22637699764864327,-0.017235041830631615,-0.007062938436637431
136.64000000000001,0.03200000000001069,0.002699744294739857,-0.21322778182174032,-0.016675782442917057,0.0005592593877145578
136.672,0.031999999999982265,-0.022778740421987107,-0.35485596196628605,-0.027058865361374904,-0.010383082918457846
136.704,0.03200000000001069,-0.001216641542145981,-0.18580933926728826,-0.015226544240032914,0.01183232112134199
136.736,0.031999999999982265,-0.009475569172401905,-0.07626655204425858,-0.006487673869148729,0.008738870370884184
136.768,0.03200000000001069,-0.11650937532650207,-0.8065719888135604,-0.0596900141786176,-0.05320234030946887
136.8,0.03200000000001069,-0.0013054608382021423,-0.29604490153957674,-0.025217058587276922,0.03447295559134068
136.832,0.031999999999982265,-0.005583954311500896,-0.19073127775272816,-0.015482178904525705,0.009734879682751217
136.864,0.03200000000001069,-0.0014069293678609608,-0.20014231626146922,-0.015612283181462119,-0.00013010427693641372
136.89600000000002,0.03200000000001069,-0.0027652401028301883,-0.16160467773728543,-0.01278572731539441,0.0028265558660677086
136.928,0.031999999999982265,-0.03382163731612143,-0.21271202123338606,-0.016380998468596166,-0.0035952711532017557
136.96,0.03200000000001069,-0.04599900620360801,-0.4045723867795658,-0.03069800489611809,-0.014317006427521924
136.992,0.031999999999982265,-0.005564067701455522,-0.2505915942021406,-0.02020073011072167,0.010497274785396419
137.024,0.03200000000001069,-0.11541605106767232,-0.7394347128160899,-0.055544365785630705,-0.03534363567490903
137.056,0.03200000000001069,0.0014606798077372361,-0.2144328859232812,-0.01897596801478168,0.036568397770849026
137.088,0.031999999999982265,0.0010157292881057157,-0.12551192744577266,-0.010325640707264029,0.00865032730751765
137.12,0.03200000000001069,-0.001231705298367912,-0.023860198202592428,-0.0023507740960284373,0.007974866611235592
137.15200000000002,0.03200000000001069,-0.11201278056826262,-0.6397319697328359,-0.04718174197663025,-0.04483096788060181
137.184,0.031999999999982265,-0.07852218171591108,-0.4509031091544119,-0.035883275232097854,0.011298466744532394
137.216,0.03200000000001069,0.001981171068999007,-0.2652832227769174,-0.021580496678490525,0.014302778553607329
137.248,0.031999999999982265,-0.00016948613758231538,-0.13478306795526795,-0.011157799518155832,0.010422697160334693
137.28,0.03200000000001069,-0.11642238798969172,-0.5118590252327083,-0.03828635813020008,-0.027128558612044246
137.312,0.03200000000001069,0.0006079697335203346,-0.24438011136033502,-0.020182004889876603,0.018104353240323477
137.344,0.031999999999982265,-0.11871961139376766,-0.66882874594684,-0.05035090599980829,-0.03016890110993169
137.376,0.03200000000001069,-0.13165735639545517,-0.5912755723216456,-0.04638925088479887,0.00396165511500942
137.40800000000002,0.03200000000001069,-0.08358922109932597,-0.7175065690447704,-0.05544360427925706,-0.00905435339445819
137.44,0.031999999999982265,-0.03170868763654281,-0.35495749353351436,-0.029304362618968315,0.026139241660288748
137.472,0.03200000000001069,-0.007696533443576169,-0.15006590800195524,-0.012727594694649607,0.016576767924318708
137.504,0.031999999999982265,-0.10449123915105059,-0.6556527679899634,-0.04895160537029441,-0.036224010675644805
137.536,0.03200000000001069,-0.08813603465467088,-0.6392211664268866,-0.04983440040024766,-0.0008827950299532539
137.568,0.03200000000001069,-0.13405064495826743,-0.7694235146663153,-0.059460473524085136,-0.009626073123837474
137.6,0.031999999999982265,-0.06965505722278127,-0.5148292157092469,-0.041293255436509316,0.01816721808757582
137.632,0.03200000000001069,-0.07705186163194944,-0.29730073031535403,-0.024247384603104417,0.0170458708334049
137.66400000000002,0.03200000000001069,-0.12898682512855605,-0.9739002243841695,-0.07302062224574249,-0.04877323764263807
137.696,0.031999999999982265,-0.0501298463092543,-0.4373645182879421,-0.036379298922698186,0.0366413233230443
137.728,0.03200000000001069,-0.09910736495078351,-0.7232340117522521,-0.05528693641760333,-0.018907637494905143
137.76,0.031999999999982265,-0.13516945301480038,-1.0579747517828064,-0.08099536673559532,-0.02570843031799199
137.792,0.03200000000001069,0.0009476372667854379,-0.15338113405631112,-0.015955471168094825,0.06503989556750049
137.824,0.03200000000001069,-0.1333397509292488,-0.9694726954537931,-0.07221633624950342,-0.056260865081408595
137.856,0.031999999999982265,-0.0017644025618046644,-0.37278856624021256,-0.031583938093548515,0.04063239815595491
137.888,0.03200000000001069,-0.003659892379953372,-0.26953963159789285,-0.0216453171790946,0.009938620914453914
137.92000000000002,0.03200000000001069,-0.0911589441232439,-0.7420980756608936,-0.055823624771766646,-0.03417830759267204
137.952,0.031999999999982265,-0.0031149065896540627,-0.41778172399594377,-0.03394640898968823,0.021877215782078414
137.984,0.03200000000001069,0.00015858258903996795,-0.48259372295301,-0.03744974658110864,-0.003503337591420408
138.016,0.031999999999982265,-0.010341290583958607,-0.15801907300655138,-0.013782697755017037,0.0236670488260916
138.048,0.03200000000001069,-0.004114169078592173,-0.5192652404708067,-0.03898254583089389,-0.02519984807587685
138.08,0.03200000000001069,-0.08931103001493751,-0.6276510456854311,-0.048408026486445266,-0.009425480655551377
138.112,0.031999999999982265,0.0009324983163065654,-0.24432689050466166,-0.020762405596155404,0.027645620890289862
138.144,0.03200000000001069,-0.06047016867737007,-0.4857692299367572,-0.03692217372626409,-0.01615976813010869
138.17600000000002,0.03200000000001069,-0.12778607538742395,-0.9358040798600519,-0.0709507270359736,-0.03402855330970951
138.208,0.031999999999982265,-0.0029327304770362466,-0.3207670161871642,-0.027685199066804198,0.04326552796916941
138.24,0.03200000000001069,-0.09156638968099816,-0.6656336810769242,-0.050549092686010114,-0.022863893619205915
138.272,0.031999999999982265,-0.003324139159517282,-0.43819737268422204,-0.035143286545281656,0.015405806140728458
138.304,0.03200000000001069,-0.017987600354739605,-0.4768388828219304,-0.0370956289719059,-0.0019523424266242456
138.336,0.03200000000001069,-0.07152245731225584,-0.6802634775113447,-0.05216822666967869,-0.015072597697772791
138.368,0.031999999999982265,-0.001430650914033702,-0.17584162068159837,-0.015943056230129145,0.03622517043954955
138.4,0.03200000000001069,-0.13372923773803358,-0.759964073131746,-0.05680830800650076,-0.04086525177637161
138.43200000000002,0.03200000000001069,-0.11043283047051611,-0.686782070258923,-0.05378560023856641,0.0030227077679343475
138.464,0.031999999999982265,-0.05206150957793744,-0.68032976712961,-0.05313659827304638,0.0006490019655200352
138.496,0.03200000000001069,0.0017538748130505532,-0.22543172946749127,-0.019645827262232143,0.033490771010814234
138.528,0.031999999999982265,-0.10383908712813396,-0.8138916030515138,-0.06098790832860464,-0.041342081066372494
138.56,0.03200000000001069,0.0021257603077110125,-0.31490845247798493,-0.02667921462832325,0.03430869370028139
138.592,0.03200000000001069,-0.05054958733834366,-0.40520169468628364,-0.03133879086406217,-0.004659576235738917
138.624,0.031999999999982265,-0.1353830119036088,-0.8935880460291028,-0.06752382680227913,-0.03618503593821696
138.656,0.03200000000001069,-0.03689217571413815,-0.6903131832415503,-0.054663876105408106,0.012859950696871021
138.68800000000002,0.03200000000001069,0.0028620590353364934,-0.36530808709460244,-0.0300205346254852,0.024643341479922906
138.72,0.031999999999982265,-0.007365936228922721,-0.23462172422676,-0.01898719252153007,0.01103334210395513
138.752,0.03200000000001069,-0.09098544783509338,-0.7120914348557182,-0.05346347852515953,-0.03447628600362946
138.784,0.031999999999982265,-0.1321681751267061,-1.0458775514129244,-0.08000046933778308,-0.026536990812623555
138.816,0.03200000000001069,-0.004960552952679947,-0.33551994808416324,-0.029292566297567508,0.05070790304021558
138.848,0.03200000000001069,-0.07589600116968086,-0.6091261712149669,-0.046486309439517384,-0.017193743141949876
138.88,0.031999999999982265,0.0022391977650097544,-0.35900720739909503,-0.029085083123188422,0.017401226316328962
138.912,0.03200000000001069,-0.001369349882804783,-0.44380539183091716,-0.0343166040654964,-0.005231520942307978
138.94400000000002,0.03200000000001069,-0.04133350093017668,-0.4541371286490304,-0.035378413210799015,-0.001061809145302614
138.976,0.031999999999982265,-0.0849293559036489,-0.9568320284332502,-0.07240800726604849,-0.03702959405524947
139.008,0.03200000000001069,-0.0029749468342069748,-0.559895595787396,-0.04535489641794706,0.027053110848101428
139.04,0.031999999999982265,0.0005651419441856102,-0.6031347559878177,-0.04697296291189191,-0.0016180664939448516
139.072,0.03200000000001069,0.0013727698888803483,-0.1649285284867282,-0.0148405871725668,0.032132375739325106
139.104,0.03200000000001069,0.0013664734302984713,-0.4047262643821295,-0.030620394566303458,-0.015779807393736658
139.136,0.031999999999982265,0.0007834833457169116,-0.26947416327071844,-0.021584878144231993,0.009035516422071465
139.168,0.03200000000001069,-0.003847089332673665,-0.26075222005093374,-0.02042185243375172,0.0011630257104802734
139.20000000000002,0.03200000000001069,0.0015690521204710232,-0.16634963406150008,-0.013412324475804911,0.0070095279579468085
139.232,0.031999999999982265,-0.06252287502826899,-0.441760522221734,-0.03326144998788357,-0.01984912551207866
139.264,0.03200000000001069,-0.020984897611597383,-0.28863562072651083,-0.023146481759596958,0.010114968228286614
139.296,0.031999999999982265,-0.12291875638472544,-0.6195670297028583,-0.04689932474512001,-0.02375284298552305
139.328,0.03200000000001069,-0.09419871196864825,-0.577923453743283,-0.045208076457435076,0.0016912482876849308
139.36,0.03200000000001069,-0.005976794945119523,-0.22070790212444977,-0.018840729676683064,0.02636734678075201
139.392,0.031999999999982265,-0.07292192201925102,-0.7936633287586452,-0.05945383891416689,-0.040613109237483826
139.424,0.03200000000001069,-0.0021539959521425594,-0.24006860061152477,-0.02108691455796042,0.03836692435620647
139.456,0.031999999999982265,-0.03633516159311126,-0.5524072625430625,-0.04184148334101055,-0.020754568783050133
139.488,0.03200000000001069,0.00016207693978775208,-0.024500765434568972,-0.004217262086870293,0.03762422125414026
139.52,0.03200000000001069,-0.002097139927340766,-0.23589624562644854,-0.017591321985927468,-0.013374059899057175
139.552,0.031999999999982265,-0.12549053212588301,-0.7262177073629147,-0.054421745486238245,-0.03683042350031078
139.584,0.03200000000001069,-0.0011797582905313546,-0.39604143635633954,-0.03226669411406358,0.022155051372174668
139.616,0.03200000000001069,0.0036022779498794616,-0.20118464911653172,-0.01665789116017588,0.015608802953887696
139.648,0.031999999999982265,-0.07092097455585208,-0.4568568098472624,-0.0345589979708781,-0.01790110681070222
139.68,0.03200000000001069,0.00771206729561883,-0.22183273015458402,-0.01830868830428911,0.01625030966658899
139.712,0.031999999999982265,-0.08390339822312667,-0.741615862304202,-0.05559554218437041,-0.0372868538800813
139.744,0.03200000000001069,-0.0016435144551165115,-0.421363265330096,-0.03419662935320097,0.021398912831169445
139.776,0.03200000000001069,-0.0014140566321296248,-0.3451327411507395,-0.027355279834755275,0.006841349518445693
139.808,0.031999999999982265,0.000585544954418708,-0.13866093262616982,-0.011776351470543662,0.015578928364211613
139.84,0.03200000000001069,0.0033064440627762356,-0.2186257546555261,-0.016757625427261575,-0.004981273956717913
139.872,0.03200000000001069,-0.0004807898703215856,-0.4782929371918081,-0.03614117319842686,-0.019383547771165282
139.904,0.031999999999982265,0.001074338987654197,-0.22091594172497003,-0.018332604992332337,0.01780856820609452
139.936,0.03200000000001069,-0.0064123169058882485,-0.1901937630663803,-0.015045216795511192,0.003287388196821145
139.968,0.031999999999982265,0.0019247674572155696,-0.24663822897330506,-0.019006377714206598,-0.003961160918695406
140.0,0.03200000000001069,-0.0007881385318110892,-0.27144446370720166,-0.021059308002121916,-0.002052930287915318
140.032,0.03200000000001069,0.0012891953893627308,-0.14974951627499863,-0.012228347775898244,0.008830960226223672
140.064,0.031999999999982265,-0.005945991469548742,-0.24044670440917298,-0.018388436344554573,-0.00616008856865633
140.096,0.03200000000001069,0.001722601899609754,-0.054850507364877475,-0.005095266207924166,0.013293170136630408
140.12800000000001,0.03200000000001069,-0.00394779756691539,-0.21133650526750872,-0.01583587948527204,-0.010740613277347873
140.16,0.031999999999982265,0.0011515107634767867,-0.21364323331164486,-0.016625562487688147,-0.0007896830024161083
140.192,0.03200000000001069,-0.006252763077609811,-0.1800308720829021,-0.014199289501083784,0.0024262729866043626
140.224,0.031999999999982265,-0.008984317133871725,-0.2996425744382948,-0.02285549468279494,-0.008656205181711155
140.256,0.03200000000001069,-0.0047120847452463985,-0.32297963911709954,-0.025071422447646236,-0.0022159277648512964
140.288,0.03200000000001069,0.0007093246821367011,-0.20408150791062146,-0.0164555504141803,0.008615872033465935
140.32,0.031999999999982265,0.0016046981963685869,0.09420200692321612,0.005977673176061522,0.022433223590241823
140.352,0.03200000000001069,-0.011115787382117145,-0.4449381488791782,-0.03237576668892263,-0.03835343986498415
140.38400000000001,0.03200000000001069,-0.001131252948851374,-0.21770856086298676,-0.01787936003190109,0.014496406657021538
140.416,0.031999999999982265,-0.0022571113154331293,-0.19165829951653,-0.0151267537241927,0.0027526063077083895
140.448,0.03200000000001069,-0.0037565281788985087,-0.26093452864238353,-0.02006243788173811,-0.004935684157545408
140.48,0.031999999999982265,-0.000988683900957921,-0.01719789342659454,-0.002422923015425721,0.01763951486631239
140.512,0.03200000000001069,-0.07192917131836188,-0.5071500455837022,-0.03743580233496186,-0.03501287931953614
140.544,0.03200000000001069,-0.0004218173383827041,-0.17234746584421312,-0.014835606021264758,0.022600196313697102
140.576,0.031999999999982265,0.002396630008028413,-0.16024145103556406,-0.012640638458762826,0.002194967562501933
140.608,0.03200000000001069,-0.007311169936276853,-0.16605831627535422,-0.01294169859284329,-0.0003010601340804643
140.64000000000001,0.03200000000001069,-0.017496116259785918,-0.23723626132066594,-0.018193520717461973,-0.005251822124618683
140.672,0.031999999999982265,0.00011682350069228142,0.030028648578872733,0.0011580184450408208,0.019351539162502793
140.704,0.03200000000001069,-0.12286112636770302,-0.7154496609347425,-0.052547478780363685,-0.053705497225404505
140.736,0.031999999999982265,-0.011599158463545572,-0.17245593470912488,-0.015715965991448033,0.03683151278891565
140.768,0.03200000000001069,0.0029717435457828826,0.09832475859963802,0.006323556794848604,0.022039522786296638
140.8,0.03200000000001069,-0.12904995413999765,-0.6131996195545113,-0.044729785811924924,-0.05105334260677353
140.832,0.031999999999982265,-0.04305701833200155,-0.4643202362452477,-0.036728424629181404,0.00800136118274352
140.864,0.03200000000001069,-0.04726797225740685,-0.3228906858882196,-0.025865752259312178,0.010862672369869226
140.89600000000002,0.03200000000001069,0.006389242371708619,0.012212751833359682,-0.0005950774886160007,0.025270674770696177
140.928,0.031999999999982265,-0.11219364105595345,-0.7624649341691627,-0.056106197234720274,-0.05551111974610427
140.96,0.03200000000001069,-0.0007226661567299627,-0.013511553175410022,-0.004232601706476352,0.05187359552824392
140.992,0.031999999999982265,-0.0008083742770765057,-0.15058467992662494,-0.011318375663054043,-0.00708577395657769
141.024,0.03200000000001069,-0.007414609538710738,-0.0633886057393901,-0.005315011813126013,0.006003363849928029
141.056,0.03200000000001069,0.00016093688176619124,-0.12865547435565486,-0.00976818345557867,-0.004453171642452657
141.088,0.031999999999982265,-0.08439075071408866,-0.5095139132511195,-0.03803367681010066,-0.02826549335452199
141.12,0.03200000000001069,-0.013512933964484457,-0.19854504857213023,-0.016796696931023626,0.021236979879077036
141.15200000000002,0.03200000000001069,0.0005456037702748691,-0.2551496232990651,-0.01973341891380487,-0.002936721982781245
141.184,0.031999999999982265,-0.014051849791547763,-0.29510271353580864,-0.022841112471182926,-0.003107693557378055
141.216,0.03200000000001069,0.003514134389625469,-0.1714161025819293,-0.01392457536930489,0.008916537101878036
141.248,0.031999999999982265,0.002330480171872858,-0.13586143459496794,-0.010795133568162397,0.003129441801142493
141.28,0.03200000000001069,-0.11138205902372862,-0.5192108170401103,-0.038806074194081316,-0.02801094062591892
141.312,0.03200000000001069,-0.00455906994924294,-0.19074394777062958,-0.016267591999778157,0.02253848219430316
141.344,0.031999999999982265,-0.0013177887090444573,-0.2890384733883285,-0.022195067885582755,-0.005927475885804598
141.376,0.03200000000001069,0.0010104852411290768,-0.14677779501164268,-0.012075373091765342,0.010119694793817413
141.40800000000002,0.03200000000001069,-0.003469927839131842,-0.1787401517536578,-0.013841691398050712,-0.0017663183062853697
141.44,0.031999999999982265,-0.07244435442508197,-0.741108422203756,-0.055300349312489026,-0.04145865791443831
141.472,0.03200000000001069,-0.003955841583250431,-0.08260590596200967,-0.009267295203141164,0.04603305410934786
141.504,0.031999999999982265,-0.002534335136809271,-0.1860717628663961,-0.014218751993003521,-0.004951456789862358
141.536,0.03200000000001069,0.0024008176786920266,-0.1391489127859824,-0.011053878004154298,0.0031648739888492233
141.568,0.03200000000001069,-0.028825403184884323,-0.1265452533374356,-0.009944296776783108,0.0011095812273711897
141.6,0.031999999999982265,0.004072395951594567,0.13987422861143997,0.009712307371794767,0.019656604148577873
141.632,0.03200000000001069,-0.1296279633738989,-0.5967796532258941,-0.04332662832321188,-0.053038935695006645
141.66400000000002,0.03200000000001069,-0.03709960814085467,-0.27442904655724853,-0.02268278054059199,0.02064384778261989
141.696,0.031999999999982265,-0.04786983417450031,-0.3959184308501083,-0.030425387084458962,-0.007742606543866971
141.728,0.03200000000001069,-0.062096743643079454,-0.23253270715912938,-0.018856937492309874,0.011568449592149088
141.76,0.031999999999982265,-0.0068409202737332924,-0.06728471055611056,-0.006036726466213694,0.01282021102609618
141.792,0.03200000000001069,0.0005510862516612343,-0.1623932158248861,-0.012290928526317389,-0.006254202060103695
141.824,0.03200000000001069,-0.003122665024257286,-0.02744853484973215,-0.002728115439247779,0.00956281308706961
141.856,0.031999999999982265,-0.13392041381729464,-0.7290840021454369,-0.05377449424659849,-0.05104637880735071
141.888,0.03200000000001069,-0.0029467016513618056,-0.14177357105232324,-0.013530412489770778,0.04024408175682771
141.92000000000002,0.03200000000001069,-0.02994057676177255,-0.3543836878119691,-0.026842554906342048,-0.01331214241657127
141.952,0.031999999999982265,0.001788842597128175,-0.19658047484350258,-0.016006168586923157,0.01083638631941889
141.984,0.03200000000001069,0.001747930696861986,-0.20759420702091672,-0.01619054635693862,-0.00018437777001546404
142.016,0.031999999999982265,0.002391348787222188,0.038679737362051256,0.0019098513363622915,0.018100397693300914
142.048,0.03200000000001069,-0.0021559279696868336,-0.047522163627546465,-0.0033845367207311415,-0.005294388057093433
142.08,0.03200000000001069,-0.0010514839447039982,-0.2706755669538014,-0.020100928686540325,-0.016716391965809183
142.112,0.031999999999982265,0.002722852369391549,0.0236515662735,0.0005789334648158439,0.020679862151356167
142.144,0.03200000000001069,-0.01638558074047723,-0.1220478313811382,-0.008942003869043811,-0.009520937333859655
142.17600000000002,0.03200000000001069,-0.03763790048912407,-0.2019715468962655,-0.015369246943187592,-0.0064272430741437805
142.208,0.031999999999982265,-0.002592959970049543,-0.1661503471586552,-0.013105986616344862,0.0022632603268427295
142.24,0.03200000000001069,-0.10956803660300765,-0.4912175071849397,-0.03688084326215402,-0.023774856645809153
142.272,0.031999999999982265,-0.0007495647194557066,-0.0038012958765559733,-0.002408645229985798,0.03447219803216822
142.304,0.03200000000001069,-0.09793446465670361,-0.83090947797681,-0.06124432008253779,-0.05883567485255199
142.336,0.03200000000001069,-8.841878612390307e-05,0.02525089199719786,-0.001678621802294036,0.05956569828024375
142.368,0.031999999999982265,0.001637529821779254,-0.060686052504016756,-0.004559771335403557,-0.0028811495331095213
142.4,0.03200000000001069,-0.0048899703216072725,-0.028453834586108482,-0.0023557328345639264,0.002204038500839631
142.43200000000002,0.03200000000001069,0.002660880886474695,0.12547740004898578,0.009091642136626936,0.011447374971190862
142.464,0.031999999999982265,-0.06316240080194666,-0.45789909326678807,-0.0331491509184833,-0.042240793055110235
142.496,0.03200000000001069,-0.024118968454544983,-0.3242859060699336,-0.02576172889696595,0.007387422021517348
142.528,0.031999999999982265,-0.0015092378415191819,-0.05179399123643896,-0.005296142698967292,0.02046558619799866
142.56,0.03200000000001069,-0.003975771024006092,-0.09390629978202386,-0.0072116319900509766,-0.0019154892910836843
142.592,0.03200000000001069,-0.00037469556633931136,-0.19396211391457632,-0.014680338654711453,-0.007468706664660476
142.624,0.031999999999982265,-0.007288132367095369,-0.2230099450823128,-0.017247684286384856,-0.002567345631673403
142.656,0.03200000000001069,0.00171731494026893,-0.27839294422434524,-0.021468773083479727,-0.004221088797094871
142.68800000000002,0.03200000000001069,0.0026401595099515953,-0.0975424326085159,-0.008412665059497535,0.013056108023982192
142.72,0.031999999999982265,0.0004044657596846878,-0.13268744622116221,-0.010243520245099851,-0.0018308551856023158
142.752,0.03200000000001069,0.000722046370072662,-0.05300374851075269,-0.004489256648268574,0.005754263596831277
142.784,0.031999999999982265,-0.03113901927200905,-0.18512756244386716,-0.013873483520573467,-0.009384226872304894
142.816,0.03200000000001069,-0.014385678204063664,-0.22114706031109949,-0.0170641083155427,-0.003190624794969234
142.848,0.03200000000001069,-0.08928722166013162,-0.4115044973140729,-0.031247229176479915,-0.014183120860937214
142.88,0.031999999999982265,-0.004642179161564014,-0.07732634264586166,-0.007490470477231828,0.023756758699248086
142.912,0.03200000000001069,-0.00318184126485223,-0.18849976605142188,-0.014294733444333642,-0.006804262967101814
142.94400000000002,0.03200000000001069,0.0017889232169029943,0.09395972667199341,0.006084597802485035,0.020379331246818677
142.976,0.031999999999982265,-0.007253101505815207,-0.16495024986004325,-0.011779220516626892,-0.017863818319111928
143.008,0.03200000000001069,0.0009652556270123867,-0.2179431355670664,-0.01670759109226493,-0.004928370575638037
143.04,0.031999999999982265,-0.07666360022532115,-0.6357329517947717,-0.04771645909708778,-0.03100886800482285
143.072,0.03200000000001069,-0.004591032396733357,-0.09920748567212097,-0.01005036814703154,0.03766609095005624
143.104,0.03200000000001069,-0.0009388751555318809,0.07737217621621179,0.0051097688793051935,0.015160137026336734
143.136,0.031999999999982265,-0.003390941833596566,-0.38970829781174515,-0.028364254246322294,-0.033474023125627486
143.168,0.03200000000001069,-0.004811303417224106,-0.1849957730591121,-0.015242073293313362,0.013122180953008933
143.20000000000002,0.03200000000001069,-0.0037834063155965983,-0.2505164733508358,-0.01930294902824583,-0.0040608757349324676
143.232,0.031999999999982265,-0.006563144652773652,-0.018347159608388706,-0.0024635957196324225,0.016839353308613407
143.264,0.03200000000001069,0.002011600666246286,-0.3447399039405262,-0.025494471729698313,-0.02303087601006589
143.296,0.031999999999982265,0.002419077215966698,0.006661322148934671,-0.000981897202447309,0.024512574527251006
143.328,0.03200000000001069,0.0018575583915057367,-0.10290619339096002,-0.007624428790622235,-0.006642531588174926
143.36,0.03200000000001069,0.0017245873834899758,-0.10654347226001978,-0.008275382325390369,-0.0006509535347681335
143.392,0.031999999999982265,0.004038172557017613,-0.2380871617284675,-0.01798671399131482,-0.009711331665924451
143.424,0.03200000000001069,0.0013693808462852369,-0.017603856416544585,-0.002332947999685742,0.015653765991629078
143.456,0.031999999999982265,0.004005769149904877,-0.4058337822493012,-0.029979787206137264,-0.027646839206451522
143.488,0.03200000000001069,-0.0012150044992725623,-0.004999198548234794,-0.0020983476617923626,0.027881439544344903
143.52,0.03200000000001069,-0.0027162701008710106,-0.1347433600773571,-0.010030192895415803,-0.00793184523362344
143.552,0.031999999999982265,-0.03177348947906926,-0.21749717759965148,-0.01657382549070105,-0.006543632595285247
143.584,0.03200000000001069,-0.001460440266915833,0.06583676671110965,0.0038848590749308225,0.020458684565631872
143.616,0.03200000000001069,-0.11156230905501789,-0.5425398504596558,-0.039674234158393516,-0.04355909323332434
143.648,0.031999999999982265,0.0018443012659346402,-0.14731004777903897,-0.0131235712305764,0.026550662927817117
143.68,0.03200000000001069,0.0014583330859399082,0.09672617765785546,0.0063556533491581834,0.019479224579734583
143.712,0.031999999999982265,-0.04756368637916315,-0.459286119299422,-0.033409099236676926,-0.03976475258583511
143.744,0.03200000000001069,0.0026389146612182737,0.19871996732758346,0.01268523491886984,0.046094334155546764
143.776,0.03200000000001069,-0.053363982422978566,-0.3336662103341419,-0.023805581771056704,-0.03649081668992654
143.808,0.031999999999982265,-0.006708339590364027,-0.02794038070896888,-0.003429016208210648,0.020376565562846057
143.84,0.03200000000001069,-0.12816554269787633,-0.6172145495974923,-0.04558805172238106,-0.04215903551417041
143.872,0.03200000000001069,-0.0013543143113011811,0.052794768375493205,0.001250783039669368,0.04683883476205043
143.904,0.031999999999982265,-0.0004830752754706134,-0.04585719246305935,-0.0033001417691512647,-0.0045509248088206325
143.936,0.03200000000001069,0.0009024507109980989,-0.08041257554819528,-0.006104073160536771,-0.0028039313913855064
143.968,0.031999999999982265,-0.03537899923358309,-0.1859089559804563,-0.014024169246321345,-0.007920096085784574
144.0,0.03200000000001069,0.0028361141766364262,-0.2513888897762122,-0.01929679825228522,-0.005272629005963876
144.032,0.03200000000001069,0.0033134240839617925,0.045617232406790956,0.002240715235971985,0.021537513488257207
144.064,0.031999999999982265,0.001122940562485652,0.03864865686881046,0.0029715854044012695,0.0007308701684292846
144.096,0.03200000000001069,-0.007992131742263493,-0.2597277905755296,-0.01892889366326479,-0.021900479067666057
144.12800000000001,0.03200000000001069,-0.0012767435114771984,-0.001536316714485111,-0.0012057286542247368,0.017723165009040052
144.16,0.031999999999982265,-0.007287987043917753,-0.032846258877593536,-0.002485126920956019,-0.0012793982667312824
144.192,0.03200000000001069,-0.04985434052219643,-0.5504077043827925,-0.04062057133517744,-0.038135444414221426
144.224,0.031999999999982265,0.00150128230341351,-0.3017397432670415,-0.024534997188200895,0.016085574146976547
144.256,0.03200000000001069,-0.0022737100341730632,-0.03613534980135909,-0.004073784570826356,0.02046121261737454
144.288,0.03200000000001069,0.010140790025180446,-0.17339023669967385,-0.01298633310691076,-0.008912548536084405
144.32,0.031999999999982265,0.00575090732800164,-0.18000493781356303,-0.013987292932967198,-0.0010009598260564377
144.352,0.03200000000001069,-0.00010527342916644924,-0.038930977328425674,-0.003670466412766945,0.010316826520200254
144.38400000000001,0.03200000000001069,0.08437790325830441,0.282301551749721,0.020548627416950946,0.024219093829717892
144.416,0.031999999999982265,-0.0004780567672031293,-0.04278903121586514,-0.0019604617365464516,-0.0225090891534974
144.448,0.03200000000001069,-0.005618520858558404,-0.10779223593396559,-0.008040241094069315,-0.006079779357522863
144.48,0.031999999999982265,0.026690560770631866,0.14583439798690995,0.010260538956321924,0.01830078005039124
144.512,0.03200000000001069,0.007057696097271683,-0.22263698269215715,-0.01578044268358909,-0.026040981639911014
144.544,0.03200000000001069,0.011912879535964566,0.005269302112212818,-0.0005234847326374922,0.015256957950951599
144.576,0.031999999999982265,0.11006655665748731,0.5499518681849576,0.04041336466170298,0.04093684939434047
144.608,0.03200000000001069,0.0054071786496575945,-0.10669010711082695,-0.0055129883697154075,-0.045926353031418385
144.64000000000001,0.03200000000001069,-0.0027899172455578447,-0.11306933346441127,-0.008633404128153983,-0.0031204157584385755
144.672,0.031999999999982265,0.03939866083985661,0.11446473836082019,0.007919364327123056,0.01655276845527704
144.704,0.03200000000001069,0.0030478666160141336,-0.011929725105700614,-0.00042013708699139684,-0.008339501414114454
144.736,0.031999999999982265,-0.0017249433840733658,0.020147447776500307,0.0014573937463753539,0.0018775308333667507
144.768,0.03200000000001069,0.006330211860935215,0.08230852269453648,0.00613712139913525,0.004679727652759896
144.8,0.03200000000001069,0.015311475295833082,-0.01962636636878058,-0.0010890370694557588,-0.007226158468591009
144.832,0.031999999999982265,0.0036431366237583817,0.06975902945836143,0.005067225721344217,0.006156262790799976
144.864,0.03200000000001069,-0.0009247758587772627,-0.08900299611274935,-0.006252774225731295,-0.011319999947075512
144.89600000000002,0.03200000000001069,2.5236106853272165e-05,-0.22121923938625512,-0.016629479861262994,-0.0103767056355317
144.928,0.031999999999982265,0.005395785228466107,-0.04305865115983978,-0.00412654749602377,0.012502932365239224
144.96,0.03200000000001069,0.0016312965088772639,-0.04745133565263361,-0.0037278037532734423,0.00039874374275032784
144.992,0.031999999999982265,-0.003224202494285335,-0.1625270594115787,-0.012167479435056503,-0.008439675681783061
145.024,0.03200000000001069,-0.0011199402183595315,-0.009257650637055661,-0.0013832270917469493,0.010784252343309554
145.056,0.03200000000001069,-0.0012049655386831555,-0.10276172581407768,-0.007636973016700914,-0.006253745924953965
145.088,0.031999999999982265,-0.004321922656837313,-0.2277475832153404,-0.017189484264851493,-0.00955251124815058
145.12,0.03200000000001069,-0.0012192121716965308,-0.1149603491170262,-0.00944654318759631,0.007742941077255183
145.15200000000002,0.03200000000001069,0.0034866369692527275,0.017203920672045257,0.0007198399963069682,0.010166383183903279
145.184,0.031999999999982265,0.0012048956239001372,-0.09075416702950083,-0.0066325263003676905,-0.007352366296674659
145.216,0.03200000000001069,0.0032527983223753407,0.010921230729529444,0.0004202601547095754,0.007052786455077266
145.248,0.031999999999982265,-0.003582791444646697,0.13154719041063354,0.009698271409919147,0.009278011255209571
145.28,0.03200000000001069,-0.006137354560261802,-0.03462114343432277,-0.001986174465181368,-0.011684445875100515
145.312,0.03200000000001069,-0.001487791902578699,-0.289066011120327,-0.02137263995260291,-0.01938646548742154
145.344,0.031999999999982265,-0.0008653312514599277,-0.0781434360245514,-0.006980508779772369,0.01439213117283054
145.376,0.03200000000001069,-0.0018233585436849024,-0.23237068290203639,-0.017491570987951,-0.010511062208178632
145.40800000000002,0.03200000000001069,-0.0027566290022475286,0.10245705719223791,0.006524942930335076,0.024016513918286075
145.44,0.031999999999982265,0.0019371228339102656,-0.14625352384629975,-0.010378838332547926,-0.016903781262883003
145.472,0.03200000000001069,0.0009124334991052486,0.09919558415223612,0.006695704961110898,0.017074543293658824
145.504,0.031999999999982265,0.0009081057832740411,0.011178289671531085,0.001208590827033618,-0.00548711413407728
145.536,0.03200000000001069,0.0009184308185444058,0.04251931886018935,0.0031966511736586808,0.0019880603466250627
145.568,0.03200000000001069,-0.0008212144106823897,0.10761556825759698,0.008098612989330713,0.0049019618156720315
145.6,0.031999999999982265,0.004610322962610167,0.07443687154383212,0.005941629852953134,-0.002156983136377579
145.632,0.03200000000001069,-0.10916606548872491,-0.6164523069369541,-0.04499103746892086,-0.050932667321873994
145.66400000000002,0.03200000000001069,0.0024376671941588267,0.0018161821239991716,-0.002463728657824952,0.042527308811095905
145.696,0.031999999999982265,-0.0017234222258369943,-0.11502529448390117,-0.008601214993402983,-0.00613748633557803
145.728,0.03200000000001069,-0.0024587363384317813,-0.008258966347474092,-0.0011039064654578198,0.007497308527945163
145.76,0.031999999999982265,0.0013702935359150088,0.06111824254814453,0.004430921898276228,0.0055348283637340475
145.792,0.03200000000001069,0.003084881392742868,0.05117038882643306,0.004018875019604346,-0.0004120468786718819
145.824,0.03200000000001069,-0.0493798224598689,-0.294359370450989,-0.021415248827812882,-0.02543412384741723
145.856,0.031999999999982265,0.0003008819449514435,0.10960154360921665,0.0068238397763923766,0.028239088604205258
145.888,0.03200000000001069,-0.13147112320999155,-0.7823617901814308,-0.057141129280553225,-0.0639649690569456
145.92000000000002,0.03200000000001069,-0.0037299043949697995,-0.031272671996083044,-0.005598504080108643,0.051542625200444586
145.952,0.031999999999982265,-0.0018877028936855305,-0.1855553601041017,-0.013968979688703264,-0.008370475608594621
145.984,0.03200000000001069,0.0022363721902497326,-0.05285751965628209,-0.004693570283270639,0.009275409405432625
146.016,0.031999999999982265,-0.005265902695616641,-0.0009531550171460565,-0.00034105071992304075,0.004352519563347599
146.048,0.03200000000001069,-0.12713646091647413,-0.6609599005575592,-0.04862682934054263,-0.04828577862061959
146.08,0.03200000000001069,0.0029552657898839424,-0.16717420777000946,-0.015101211119453995,0.03352561822108864
146.112,0.031999999999982265,0.000470452144375065,-0.4718779296943927,-0.03557378882358906,-0.020472577704135065
146.144,0.03200000000001069,-8.169750994043137e-05,-0.035185500831720035,-0.00464119172365329,0.03093259709993577
146.17600000000002,0.03200000000001069,-0.0035292503121063684,-0.10741891352885788,-0.008167542949840102,-0.003526351226186812
146.208,0.031999999999982265,0.002668687891215656,-0.03419406909504415,-0.0029861443087710418,0.005181398641069061
146.24,0.03200000000001069,0.004748704189078338,0.006221500625480239,0.000285143208052285,0.0032712875168233266
146.272,0.031999999999982265,-0.002837263952899783,-0.10066425549203199,-0.007386411095286876,-0.007671554303339162
146.304,0.03200000000001069,-0.002491262634101508,-0.2255281186939041,-0.01701179963257128,-0.009625388537284405
146.336,0.03200000000001069,0.0021406164763489426,-0.1742017585944093,-0.013792912289011455,0.0032188873435598266
146.368,0.031999999999982265,0.0016160034096508727,-0.18435024791869295,-0.014353411094687964,-0.0005604988056765094
146.4,0.03200000000001069,0.001755704938668273,-0.14896808466751765,-0.011783755874161472,0.0025696552205264917
146.43200000000002,0.03200000000001069,0.0009158454013543173,0.0773438571242388,0.00500761941190043,0.0167913752860619
146.464,0.031999999999982265,-0.11146105380537477,-0.4546740286351579,-0.03314774580061892,-0.038155365212519346
146.496,0.03200000000001069,0.0012499627196522153,-0.17989047516727602,-0.015142775086098091,0.018004970714520827
146.528,0.031999999999982265,0.00274360826860602,-0.13478142668605064,-0.010786035088148084,0.0043567399979500075
146.56,0.03200000000001069,-0.006888829390423671,0.1576876501311574,0.010973717648695482,0.021759752736843566
146.592,0.03200000000001069,-0.09031154654086368,-0.625152185819599,-0.04534033074462222,-0.0563140483933177
146.624,0.031999999999982265,-0.0034214837551525606,-0.09800748717065541,-0.009824948286893944,0.03551538245772828
146.656,0.03200000000001069,0.0007776123709627933,-0.20781862198509432,-0.015850213736601417,-0.006025265449707473
146.68800000000002,0.03200000000001069,-0.0037888212220281467,-0.04881442972189201,-0.004504842440441545,0.011345371296159873
146.72,0.031999999999982265,-0.004295827077821459,-0.14488896255109654,-0.010915227523668417,-0.006410385083226873
146.752,0.03200000000001069,0.0005458556331420049,0.08334765088315987,0.00549927910553612,0.016414506629204538
146.784,0.031999999999982265,0.00047715226373341147,-0.22265279319594286,-0.01605646853199713,-0.021555747637533252
146.816,0.03200000000001069,0.0035662240306073155,-0.08261497392602873,-0.007002449016299933,0.009054019515697198
146.848,0.03200000000001069,-0.0010496275013017113,0.011312594246696213,0.00042768581915728527,0.007430134835457218
146.88,0.031999999999982265,-0.000565514604774888,-0.06040435902478062,-0.004417460336574654,-0.004845146155731939
146.912,0.03200000000001069,-0.00027734651660126625,0.009188227541542943,0.00042068842310132655,0.0048381487596759806
146.94400000000002,0.03200000000001069,0.001579395123316022,-0.22489892950093113,-0.016514832261273465,-0.016935520684374792
146.976,0.031999999999982265,-0.0008889880100422812,-0.10073598195130595,-0.008361532966348405,0.00815329929492506
147.008,0.03200000000001069,0.003423294308851725,0.048320911349574794,0.003070827178334409,0.011432360144682813
147.04,0.031999999999982265,0.0016513420724700652,0.1307931206152955,0.009795831736305927,0.0067250045579715185
147.072,0.03200000000001069,-0.005559866592737447,-0.13869603366773722,-0.009634233398642231,-0.01943006513494816
147.104,0.03200000000001069,-0.0008682183950179719,0.09005961861464218,0.006066829342308282,0.01570106274095051
147.136,0.031999999999982265,-0.0018073580814803728,0.09964685421090122,0.007678284692205708,0.0016114553498974265
147.168,0.03200000000001069,0.0030061112270362987,-0.001610188169906263,0.00032484669168077787,-0.00735343800052493
147.20000000000002,0.03200000000001069,0.005242568310426432,-0.17210818421982815,-0.012638121750761783,-0.01296296844244256
147.232,0.031999999999982265,0.003203698210766649,0.10357566830422961,0.006887390993519754,0.019525512744281538
147.264,0.03200000000001069,-0.0032143900035145286,-0.22961890453482656,-0.01648862351852578,-0.02337601451204553
147.296,0.031999999999982265,0.00018791075267574837,-0.13111085307104442,-0.010593794861971404,0.005894828656554375
147.328,0.03200000000001069,0.0003417901299442511,-0.07430029909216838,-0.006075630832388288,0.004518164029583116
147.36,0.03200000000001069,0.01568849729940527,0.07158246371101401,0.004913450029974203,0.01098908086236249
147.392,0.031999999999982265,0.00026749600975272515,0.10664369303127132,0.008126250279805932,0.003212800249831729
147.424,0.03200000000001069,-0.0035880461892634843,-0.1329461354937465,-0.009307767982357615,-0.017434018262163547
147.45600000000002,0.03200000000001069,0.0017526017691203554,0.08546214580962436,0.005747576698299281,0.015055344680656897
147.488,0.031999999999982265,-0.004484339699169344,-0.15886227154430785,-0.01135096512988255,-0.01709854182818183
147.52,0.03200000000001069,-0.0021033381790272867,0.025733144163202534,0.0012371405012681815,0.012588105631150731
147.552,0.031999999999982265,0.00391089952386682,-0.07652550282159805,-0.005556283830570857,-0.006793424331839039
147.584,0.03200000000001069,0.12933948339780155,0.4922409300731205,0.03587875035050172,0.041435034181072576
147.616,0.03200000000001069,-0.0008552757278514184,-0.03621322987117365,-0.0005918819566134577,-0.036470632307115176
147.648,0.031999999999982265,0.01308195189409064,0.06189528352770733,0.004517624370625516,0.0051095063272389735
147.68,0.03200000000001069,0.1295678715575991,0.4483317796431691,0.03323121891264231,0.028713594542016795
147.712,0.031999999999982265,0.08193979994667143,0.15815107125103836,0.013548873223816926,-0.019682345688825383
147.744,0.03200000000001069,0.00044195399992059996,-0.012503146526987037,-0.0001373202710906567,-0.013686193494907583
147.776,0.03200000000001069,0.11624038310673661,0.4637788472960825,0.034098474105256384,0.034235794376347044
147.808,0.031999999999982265,0.08798541242701156,0.3305598324023293,0.02627791841263094,-0.007820555692625443
147.84,0.03200000000001069,0.007765475299216567,0.0658026974394777,0.0063561452708775544,-0.019921773141753387
147.872,0.03200000000001069,0.05031534746308209,0.18262596450246904,0.01379728919989027,0.007441143929012716
147.904,0.031999999999982265,0.0032708645675173465,-0.19354098905529038,-0.013436543391188153,-0.027233832591078422
147.936,0.03200000000001069,0.01953372450076596,0.27339649889363854,0.019329961195143096,0.03276650458633125
147.968,0.031999999999982265,0.0006801103330115626,0.19269557869702966,0.015286777337492057,-0.004043183857651039
148.0,0.03200000000001069,0.11435948768963944,0.5007607983710799,0.03770855409479417,0.022421776757302114
148.032,0.03200000000001069,0.0023273675802863592,0.0043967584571798606,0.002500218666097462,-0.03520833542869671
148.064,0.031999999999982265,0.0026164870973038852,0.36354379707235474,0.026879428498694014,0.024379209832596553
148.096,0.03200000000001069,-0.0038232439683118682,-0.053529342249647956,-0.0023848353344736836,-0.029264263833167697
148.12800000000001,0.03200000000001069,-0.003901326069768612,0.10238745054740132,0.007391921959835231,0.009776757294308915
148.16,0.031999999999982265,-0.0027071403223963134,-0.2835871931728704,-0.020428337581585507,-0.027820259541420738
148.192,0.03200000000001069,-0.0073758024073844715,0.11785941178113955,0.007488098748315556,0.02791643632990106
148.224,0.031999999999982265,-6.136990620461547e-05,0.060437808220891245,0.004876891141220691,-0.0026112076070948648
148.256,0.03200000000001069,-0.001269821611490883,0.08348462957515848,0.00642101699669192,0.001544125855471229
148.288,0.03200000000001069,0.004804034470586536,0.234712926896917,0.01763152119718489,0.01121050420049297
148.32,0.031999999999982265,-0.001521960989441704,-0.020638198028155287,-0.0004998862986001724,-0.018131407495785064
148.352,0.03200000000001069,-0.004434381924332718,-0.014979998508699332,-0.0011304904583836202,-0.0006306041597834478
148.38400000000001,0.03200000000001069,0.0035667020659961753,-0.008221413383697725,-0.0006698667740497769,0.00046062368433384324
148.416,0.031999999999982265,0.0017699379448672125,0.1935743273274012,0.014196829085878227,0.014866695859928005
148.448,0.03200000000001069,-0.004463670294586648,0.25594177652077044,0.019641586068038303,0.005444756982160076
148.48,0.031999999999982265,0.002635531766643396,0.16054913052176464,0.012940710073920775,-0.006700875994117528
148.512,0.03200000000001069,-0.0026575696782504396,-0.1144399911225288,-0.007668887609538239,-0.020609597683459015
148.544,0.03200000000001069,-0.0017485378320902304,0.03186006818169206,0.001900278821018131,0.00956916643055637
148.576,0.031999999999982265,0.030347034483694333,0.11338825077609276,0.00844829898886542,0.006548020167847289
148.608,0.03200000000001069,0.020292877079980804,0.10863805481937035,0.008476979668012186,2.868067914676628e-05
148.64000000000001,0.03200000000001069,0.0022451472737103156,0.07818257655679743,0.006238932607456022,-0.002238047060556164
148.672,0.031999999999982265,0.04454525726757738,0.4207425711861992,0.03130167181078483,0.02506273920332881
148.704,0.03200000000001069,0.0025917642978056663,0.06153282704802702,0.006332154685945956,-0.024969517124838875
148.736,0.031999999999982265,-0.0022608172452725046,-0.01981028226365515,-0.0010913031942335323,-0.007423457880179488
148.768,0.03200000000001069,0.0037752080622618337,0.18083677216348057,0.013235777258126727,0.01432708045236026
148.8,0.03200000000001069,0.016083757471716708,0.3097249887384563,0.023541335040894673,0.010305557782767946
148.832,0.031999999999982265,-0.0039951797521725115,-0.14906774512332124,-0.00960345617857177,-0.033144791219466445
148.864,0.03200000000001069,-0.0038792282899636553,-0.0901548977651043,-0.007184410271016557,0.002419045907555213
148.89600000000002,0.03200000000001069,0.09827408043807728,0.5256690439590234,0.03824307117931132,0.04542748145032788
148.928,0.031999999999982265,-0.0025693680538896335,0.34144558644201506,0.027317722997335966,-0.010925348181975353
148.96,0.03200000000001069,-0.0034667253974797053,-0.001168781040244208,0.0014910745339509137,-0.025826648463385053
148.992,0.031999999999982265,-0.003738579614527587,0.024300574772531627,0.0018731481307312173,0.0003820735967803037
149.024,0.03200000000001069,-0.0019155201209944783,0.06904671238147596,0.005185845982063536,0.0033126978513323187
149.056,0.03200000000001069,0.0027542024683710623,0.19872414945404004,0.014913593068830703,0.009727747086767166
149.088,0.031999999999982265,-0.001190025602100162,0.07410632520370398,0.0063107439154828715,-0.00860284915334783
149.12,0.03200000000001069,-0.0001414836596005104,-0.040467982427390393,-0.0026117111673581656,-0.008922455082841037
149.15200000000002,0.03200000000001069,-0.004101225556207948,-0.048421479384556716,-0.003711698238780179,-0.0010999870714220135
149.184,0.031999999999982265,0.0018119426043506173,0.10828446044758734,0.007748990831750618,0.011460689070530796
149.216,0.03200000000001069,0.0005126174670041213,0.13942238862553094,0.010700496133876686,0.002951505302126068
149.248,0.031999999999982265,-0.009467271302756874,-0.08613597828588143,-0.005716729579407871,-0.016417225713284557
149.28,0.03200000000001069,-0.033468173062639,0.09210704141522623,0.006443551161596635,0.012160280741004507
149.312,0.03200000000001069,-0.029515335853408743,0.02427119824822111,0.0021568896830471,-0.004286661478549535
149.344,0.031999999999982265,-0.06131376742955573,-0.3107843994631809,-0.022730639878069493,-0.024887529561116593
149.376,0.03200000000001069,-0.006175007304843337,0.09777922620306846,0.005878487564258266,0.02860912744232776
149.40800000000002,0.03200000000001069,0.0014089063001702794,-0.025021241168217606,-0.0015007080769432906,-0.007379195641201557
149.44,0.031999999999982265,-0.019013365906210965,-0.18944730238324867,-0.014018632021153783,-0.012517923944210493
149.472,0.03200000000001069,-0.00411124803662608,0.08125673526474671,0.005166356017660022,0.019184988038813806
149.504,0.031999999999982265,-0.03932476930048663,-0.20824551922022727,-0.015016173683362565,-0.02018252970102259
149.536,0.03200000000001069,0.005917961552486616,0.27622550895380477,0.01944681663570857,0.034462990319071136
149.568,0.03200000000001069,-0.0006499630749096755,-0.0038263678080341992,0.0008412548353432144,-0.018605561800365357
149.6,0.031999999999982265,-0.08400336199121024,-0.3231785600868928,-0.02371805964414975,-0.024559314479492965
149.632,0.03200000000001069,-0.03496089157408992,-0.12778701572890738,-0.010766707791555002,0.012951351852594748
149.66400000000002,0.03200000000001069,0.0010566715073482224,-0.02047035470143381,-0.002126946633166972,0.008639761158388031
149.696,0.031999999999982265,0.0011399109224407733,-0.16166309600891623,-0.012011527365491418,-0.009884580732324445
149.728,0.03200000000001069,0.00022506684537363663,0.05078824062819088,0.0030415643216855502,0.015053091687176967
149.76,0.031999999999982265,-0.0015292041527789825,0.007163634801101993,0.0007024020292414436,-0.002339162292444107
149.792,0.03200000000001069,0.0009161095484624672,-0.18196983745697562,-0.01334155404206656,-0.014043956071308004
149.824,0.03200000000001069,0.0031449120653883867,-0.03140583194382043,-0.003079787606033437,0.010261766436033123
149.856,0.031999999999982265,0.006172958040827674,0.087563940606481,0.0062616787274411495,0.009341466333474586
149.888,0.03200000000001069,-0.0022955138550552552,-0.16957087243760025,-0.012108799429074784,-0.018370478156515935
149.92000000000002,0.03200000000001069,-0.00024768722100765566,0.21104024845672842,0.014820917848573666,0.02692971727764845
149.952,0.031999999999982265,0.0005150432024012344,-0.011050423324681495,4.294728536908613e-05,-0.01477797056320458
149.984,0.03200000000001069,-0.0016887428567998665,-0.047208933867408855,-0.0034692763824381617,-0.003512223667807248
150.016,0.031999999999982265,-0.006038234521918111,0.0746132149667235,0.005286794602626088,0.00875607098506425
150.048,0.03200000000001069,-0.0044847445271381315,-0.14000357824594375,-0.009990693078605844,-0.015277487681231931
150.08,0.03200000000001069,0.0006468755469533425,0.10139489759474157,0.006879850237390498,0.016870543315996342
150.112,0.031999999999982265,0.003104727684709797,0.12579684401446833,0.009648295811944395,0.002768445574553897
150.144,0.03200000000001069,0.0012340173700338458,0.045505338604166085,0.0039034601277057237,-0.005744835684238671
150.17600000000002,0.03200000000001069,-0.0041797258956285215,0.15699034891776223,0.011770448971761377,0.007866988844055654
150.208,0.031999999999982265,0.0020809433375040954,0.17259511722711438,0.013372181178845937,0.0016017322070845594
150.24,0.03200000000001069,-0.0029282676770533865,-0.12788484010238554,-0.008632716419840527,-0.022004897598686464
150.272,0.031999999999982265,-0.00012227677168042935,-0.059289993925151205,-0.00485855834054464,0.0037741580792958872
150.304,0.03200000000001069,0.002823226262966639,-0.08259377680176717,-0.006354445146278476,-0.0014958868057338356
150.336,0.03200000000001069,0.0016934184131145655,-0.047000202431626406,-0.0038232417908115168,0.002531203355466959
150.368,0.031999999999982265,-0.003131477108718211,0.06633836081325441,0.0046578258572927906,0.008481067648104308
150.4,0.03200000000001069,-0.003216447187961448,0.09384695824042354,0.007170418557022972,0.002512592699730181
150.43200000000002,0.03200000000001069,-0.0013769061533398129,0.025994770385487587,0.0023256029528423753,-0.004844815604180597
150.464,0.031999999999982265,0.00022474624640560187,-0.037927187085355155,-0.0026549190151032424,-0.004980521967945618
150.496,0.03200000000001069,-0.0010596544568129526,-0.027155609565466237,-0.002150295704686151,0.0005046233104170914
150.528,0.031999999999982265,-0.0009675486146755183,0.012158865093123793,0.0007700311049378706,0.0029203268096240215
150.56,0.03200000000001069,0.004326330515918619,-0.08208598532064149,-0.005992168767705931,-0.006762199872643802
150.592,0.03200000000001069,0.001794404014483728,-0.077237897747855,-0.006026014872077081,-3.3846104371150314e-05
150.624,0.031999999999982265,-0.00036193296158461616,0.07611015858442367,0.005249282020138488,0.01127529689221557
150.656,0.03200000000001069,0.0001928750465174506,-0.01371269719486971,-0.00070539864752618,-0.005954680667664668
150.68800000000002,0.03200000000001069,-0.00794605879871365,-0.12522763763566938,-0.009249990849682118,-0.008544592202155938
150.72,0.031999999999982265,0.0006315509213821466,-0.050116058009393755,-0.004219539698955303,0.005030451150726815
150.752,0.03200000000001069,-0.1242939333388223,-0.408580763534965,-0.0302907120310814,-0.026071172332126094
150.784,0.031999999999982265,-0.13103665552784904,-0.606056032669403,-0.04631815278818957,-0.01602744075710817
150.816,0.03200000000001069,0.00485476958947552,0.0032942130939850947,-0.0024316470690354257,0.043886505719154145
150.848,0.03200000000001069,-0.09662256404478478,-0.3176093772181364,-0.023497442283227626,-0.0210657952141922
150.88,0.031999999999982265,-0.1259146308135923,-0.565190355378569,-0.042920712426158455,-0.01942327014293083
150.912,0.03200000000001069,-0.12361083000731331,-0.43725044604012275,-0.034633269987840644,0.008287442438317812
150.94400000000002,0.03200000000001069,-0.1220919330039019,-0.3463057430286435,-0.027466749519716015,0.0071665204681246285
150.976,0.031999999999982265,-0.42321792470220315,-2.069322079039756,-0.15376404452218953,-0.12629729500247353
151.008,0.03200000000001069,-0.008346083335676806,-0.11172283092322471,-0.01709277878166962,0.1366712657405199
151.04,0.031999999999982265,-0.4190487452021404,-1.8836090593025663,-0.1395077872221045,-0.12241500844043487
151.072,0.03200000000001069,-0.27398017099422045,-1.281040348838076,-0.10226165331721046,0.037246133904894035
151.104,0.03200000000001069,-0.4214659949813329,-2.193671599302115,-0.16722657722871934,-0.06496492391150888
151.136,0.031999999999982265,-0.2940224409619122,-1.8296578681786455,-0.14420729013849024,0.0230192870902291
151.168,0.03200000000001069,-0.21974808367414497,-1.260847067254807,-0.10104793278522738,0.04315935735326286
151.20000000000002,0.03200000000001069,-0.417971553861094,-2.4180917208613257,-0.18366041683319084,-0.08261248404796347
151.232,0.031999999999982265,-0.4164653998157974,-2.830225181130566,-0.2187379473705413,-0.035077530537350465
151.264,0.03200000000001069,-0.41754093578485063,-4.637002409286524,-0.35363374746083237,-0.13489580009029106
151.296,0.031999999999982265,-0.42112630532246575,-4.6196188493291075,-0.36014276666317546,-0.0065090192023430915
151.328,0.03200000000001069,-0.4198990580823277,-2.671498522889438,-0.2172533162759252,0.14288945038725026
151.36,0.03200000000001069,-0.42147042561882747,-2.702616296130914,-0.211292848169401,0.005960468106524203
151.392,0.031999999999982265,-0.4190735986317169,-2.110088981842677,-0.16737416293981885,0.043918685229582144
151.424,0.03200000000001069,-0.4186649966243475,-2.350356901373955,-0.18250813496703286,-0.015133972027214004
151.45600000000002,0.03200000000001069,-0.4244891887719005,-3.12063996448286,-0.240028596148844,-0.057520461181811144
151.488,0.031999999999982265,-0.4218729428403464,-4.59858445589566,-0.35203757198650554,-0.11200897583766153
151.52,0.03200000000001069,-0.4167955398407157,-2.3152487654207006,-0.19058672300559695,0.16145084898090858
151.552,0.031999999999982265,-0.4187091102098389,-4.787388760767193,-0.36306804959012995,-0.172481326584533
151.584,0.03200000000001069,-0.417570459473495,-2.4069594456576273,-0.19796792650285916,0.1651001230872708
151.616,0.03200000000001069,-0.40793079661463105,-4.627910952955501,-0.35176612555230513,-0.15379819904944597
151.648,0.031999999999982265,-0.42217043019799577,-2.3904674334319065,-0.19610265053614254,0.1556634750161626
151.68,0.03200000000001069,-0.41672005353884983,-2.486641545711248,-0.19418900767628472,0.001913642859857817
151.712,0.031999999999982265,-0.4192708035800387,-2.316077807052538,-0.18153523886442283,0.012653768811861893
151.744,0.03200000000001069,-0.4260230948972619,-2.6949242731073455,-0.20866520338402098,-0.02712996451959815
151.776,0.03200000000001069,-0.4236331329301991,-3.8909281653148167,-0.2981857883491155,-0.08952058496509455
151.808,0.031999999999982265,-0.4191105122977727,-3.9917169738607634,-0.31076576097329156,-0.012579972624176039
151.84,0.03200000000001069,-0.4181061989050365,-3.8334178828325562,-0.299850640182129,0.01091512079116258
151.872,0.03200000000001069,-0.4146748604795578,-4.115466084515026,-0.31996240896146466,-0.02011176877933568
151.904,0.031999999999982265,-0.4159798334460474,-2.2241860643814344,-0.182038281763214,0.13792412719825067
151.936,0.03200000000001069,-0.42021392290411946,-2.374536427632971,-0.18513284886138356,-0.003094567098169576
151.968,0.031999999999982265,-0.4218567505589035,-4.166899053736395,-0.3171222488669349,-0.13198940000555134
152.0,0.03200000000001069,-0.416312527878564,-4.209320764328687,-0.3278615774150045,-0.010739328548069582
152.032,0.03200000000001069,-0.4223570577714677,-2.1117213434474373,-0.17422361242228382,0.15363796499272067
152.064,0.031999999999982265,-0.41969438171213636,-4.719620175073129,-0.35713970516433463,-0.1829160927420508
152.096,0.03200000000001069,-0.4224795463267361,-4.678545873673525,-0.3646786690857132,-0.007538963921378594
152.12800000000001,0.03200000000001069,-0.42203511341112054,-3.9307501348833283,-0.3101208185112232,0.05455785057449003
152.16,0.031999999999982265,-0.40242558922803257,-2.763221779512231,-0.22111094440679077,0.08900987410443242
152.192,0.03200000000001069,-0.4192154989997594,-3.9088400300147126,-0.3002215120881044,-0.07911056768131361
152.224,0.031999999999982265,-0.3683879213764381,-2.954875092953579,-0.2346336946567687,0.06558781743133568
152.256,0.03200000000001069,-0.4193105451581965,-4.546461273311378,-0.3478929786451641,-0.11325928398839541
152.288,0.03200000000001069,-0.3231770818877121,-4.239885671653496,-0.33188569347624275,0.01600728516892136
152.32,0.031999999999982265,-0.3230884256892064,-2.0328116234005362,-0.1686528822458734,0.16323281123036934
152.352,0.03200000000001069,-0.4185802709534862,-4.785744547386982,-0.36168091336593566,-0.19302803112006225
152.38400000000001,0.03200000000001069,-0.42635742193847254,-4.55085162269023,-0.3555501647067576,0.006130748659178065
152.416,0.031999999999982265,-0.42533264516847996,-4.623467705427435,-0.3605364454127254,-0.004986280705967794
152.448,0.03200000000001069,-0.2611178969869646,-1.7681843171616827,-0.15084611169368084,0.20969033371904455
152.48,0.031999999999982265,-0.42059628678522015,-4.608070978421548,-0.34758679041778845,-0.1967406787241076
152.512,0.03200000000001069,-0.3064417629219688,-1.91212587463792,-0.16068403479304924,0.1869027556247392
152.544,0.03200000000001069,-0.41660048426331914,-2.8255907273052134,-0.21707072324001742,-0.056386688446968175
152.576,0.031999999999982265,-0.4248410493171374,-4.536355159508555,-0.34613587860361583,-0.12906515536359842
152.608,0.03200000000001069,-0.4164433216557684,-2.5446513796010035,-0.20711634389651729,0.13901953470709855
152.64000000000001,0.03200000000001069,-0.4234016448861345,-4.825679816056194,-0.3668382222396646,-0.15972187834314733
152.672,0.031999999999982265,-0.41455129535240876,-4.600280497022718,-0.3594829020062402,0.0073553202334243895
152.704,0.03200000000001069,-0.4179056748654218,-2.66170394265241,-0.21649492724866218,0.14298797475757805
152.736,0.031999999999982265,-0.41980569875040297,-4.696241056551205,-0.35786068351532613,-0.14136575626666395
152.768,0.03200000000001069,-0.420966341045376,-2.226749570733821,-0.18441463504142905,0.17344604847389708
152.8,0.03200000000001069,-0.4021408781467261,-2.3399410938771004,-0.1827258848642905,0.0016887501771385427
152.832,0.031999999999982265,-0.423652715274463,-2.394453858949782,-0.18663727596471907,-0.003911391100428568
152.864,0.03200000000001069,-0.41559191636377546,-4.563661599978716,-0.34638710557515967,-0.1597498296104406
152.89600000000002,0.03200000000001069,-0.4186930081340496,-4.525589113219591,-0.35280945661833296,-0.006422351043173291
152.928,0.031999999999982265,-0.42042791631471216,-2.248961212015522,-0.1857564815017586,0.16705297511657435
152.96,0.03200000000001069,-0.4092756739230597,-4.713030666164557,-0.3573208930830591,-0.17156441158130048
152.992,0.031999999999982265,-0.41910676152584664,-2.270443622414188,-0.18759674389501316,0.16972414918804593
153.024,0.03200000000001069,-0.4191676903491715,-2.437325180722499,-0.1900712328783707,-0.002474488983357531
153.056,0.03200000000001069,-0.41628219667630334,-2.19374956774485,-0.1723014770962179,0.017769755782152785
153.088,0.031999999999982265,-0.41767160419035027,-4.649677970220812,-0.35188517647752193,-0.17958369938130403
153.12,0.03200000000001069,-0.41744429153030843,-2.2790401811697385,-0.1879151378662004,0.16397003861132153
153.15200000000002,0.03200000000001069,-0.39709235682030836,-4.600995880868096,-0.34920644683726015,-0.16129130897105975
153.184,0.031999999999982265,-0.4140369964717555,-2.1984763075696927,-0.18183581176179894,0.1673706350754612
153.216,0.03200000000001069,-0.41542164828232064,-2.3251126985541237,-0.18148652822379288,0.00034928353800606216
153.248,0.031999999999982265,-0.09781801722318097,-0.5721671952914313,-0.052554355048323925,0.12893217317546896
153.28,0.03200000000001069,-0.42004104840352485,-2.4934213246657633,-0.18640068343717442,-0.1338463283888505
153.312,0.03200000000001069,-0.4225159904141988,-2.5868016839671624,-0.20099472131676305,-0.014594037879588628
153.344,0.031999999999982265,-0.39679066497246,-4.7493707289985485,-0.36087303906693685,-0.1598783177501738
153.376,0.03200000000001069,-0.4005139077562218,-1.9388040566658493,-0.1634129572241061,0.19746008184283076
153.40800000000002,0.03200000000001069,-0.3954082487898611,-4.780969613715389,-0.3610272676229087,-0.19761431039880262
153.44,0.031999999999982265,-0.4156076151845487,-2.2307303404367294,-0.18489018572736526,0.17613708189554345
153.472,0.03200000000001069,-0.12958179400526612,-1.0309905033341398,-0.0864928150558995,0.09839737067146577
153.504,0.031999999999982265,-0.19504966065870408,-1.322012367212731,-0.10221423937576203,-0.015721424319862537
153.536,0.03200000000001069,-0.41764642946660957,-2.437621545470513,-0.18516397436244195,-0.08294973498667992
153.568,0.03200000000001069,-0.4210499983989133,-2.3529504906190373,-0.18372585751533713,0.00143811684710482
153.6,0.031999999999982265,-0.39849542587408726,-2.0578123169465483,-0.1619383082141556,0.021787549301181514
153.632,0.03200000000001069,-0.4015515135067695,-4.675265152233905,-0.3531686074556565,-0.19123029924150087
153.66400000000002,0.03200000000001069,-0.4226158501388361,-2.2884829354759857,-0.18868365144349727,0.1644849560121592
153.696,0.031999999999982265,-0.4143972654852322,-2.360792908493745,-0.184505778414244,0.004177873029253265
153.728,0.03200000000001069,-0.3477295163829223,-1.923247305409169,-0.1520873909004523,0.0324183875137917
153.76,0.031999999999982265,-0.41886405371548724,-2.480159837522836,-0.19117138103983608,-0.03908399013938377
153.792,0.03200000000001069,-0.4195187563181167,-2.4319314436478217,-0.18988093673805656,0.0012904443017795197
153.824,0.03200000000001069,-0.42233166760657687,-2.565074916927189,-0.19959784176103568,-0.009716905022979117
153.856,0.031999999999982265,-0.40207933169814997,-4.68870855243172,-0.3563312882934353,-0.15673344653239962
153.888,0.03200000000001069,-0.4245716647126293,-2.8130373023508453,-0.22744207704524136,0.12888921124819394
153.92000000000002,0.03200000000001069,-0.4065930243960927,-2.2524631649249494,-0.1787766727022697,0.048665404342971647
153.952,0.031999999999982265,-0.4204892484004679,-2.5127824496790443,-0.19511120295266407,-0.016334530250394358
153.984,0.03200000000001069,-0.39181654956267925,-2.3287363499922047,-0.18251938846227725,0.012591814490386821
154.016,0.031999999999982265,-0.14090139851638914,-0.9570379987076711,-0.080917467175361,0.10160192128691625
154.048,0.03200000000001069,-0.3930219001190145,-2.3857643131019994,-0.18012093872883203,-0.09920347155347103
154.08,0.03200000000001069,-0.4229640460038365,-2.452291562099956,-0.1907402926167149,-0.010619353887882876
154.112,0.031999999999982265,-0.4189053943054916,-2.521263693238701,-0.19642556426995308,-0.0056852716532381775
154.144,0.03200000000001069,-0.3990996362263822,-2.4041813851781195,-0.18814351030519433,0.008282053964758757
154.17600000000002,0.03200000000001069,-0.3999874663210155,-4.379680986434017,-0.3329440831021911,-0.14480057279699676
154.208,0.031999999999982265,-0.4261794080278589,-2.3800486478286276,-0.19424987152991965,0.13869421157227144
154.24,0.03200000000001069,-0.19878359135804624,-1.2054945014881717,-0.09986620463591399,0.09438366689400567
154.272,0.031999999999982265,-0.1341988368657314,-0.9720894330265868,-0.07725286098439324,0.022613343651520748
154.304,0.03200000000001069,-0.1336908825446447,-0.9706297756487543,-0.07584006997510685,0.0014127910092863877
154.336,0.03200000000001069,-0.17763750418165797,-1.284185477908974,-0.098817468218814,-0.022977398243707148
154.368,0.031999999999982265,-0.416523490498605,-2.454487905954726,-0.18620823786634028,-0.08739076964752628
154.4,0.03200000000001069,-0.41583613218109083,-2.50167916720308,-0.19472368244801863,-0.008515444581678355
154.43200000000002,0.03200000000001069,-0.4203190566844725,-2.504233542686783,-0.1954031205624708,-0.0006794381144521744
154.464,0.031999999999982265,-0.40610776272519006,-2.205054204416457,-0.17344062759655807,0.02196249296591274
154.496,0.03200000000001069,-0.4017057259797901,-2.1006930340586036,-0.16449800902499645,0.008942618571561617
154.528,0.031999999999982265,-0.4197871972535962,-2.4438068029346733,-0.1892144241814455,-0.02471641515644904
154.56,0.03200000000001069,-0.22786098072119998,-1.157960885316827,-0.09607988000435813,0.09313454417708736
154.592,0.03200000000001069,-0.18941306242609396,-1.1063214798690184,-0.08690573508401526,0.009174144920342867
154.624,0.031999999999982265,-0.13620263249027809,-1.3121442145394266,-0.10151237068542275,-0.014606635601407486
154.656,0.03200000000001069,-0.13316143844004996,-1.0211369019335597,-0.08095485460520786,0.020557516080214888
154.68800000000002,0.03200000000001069,-0.12525374063218161,-1.0426257833592694,-0.08134838536728618,-0.00039353076207832016
154.72,0.031999999999982265,-0.12363483083635787,-0.973922621952858,-0.07631865748390775,0.005029727883378438
154.752,0.03200000000001069,-0.05682616880428281,-0.6218438374448768,-0.05013634237165351,0.02618231511225424
154.784,0.031999999999982265,-0.06002726902281371,-0.9163089749446839,-0.07027989437464567,-0.020143552002992164
154.816,0.03200000000001069,-0.00032851513263815706,-0.4179375497674398,-0.034792415564901945,0.035487478809743726
154.848,0.03200000000001069,-0.08424546368905739,-0.9253495064471341,-0.07005894636458171,-0.035266530799679764
154.88,0.031999999999982265,-0.12067671585603353,-1.0430906922839778,-0.08075356414032758,-0.010694617775745874
154.912,0.03200000000001069,-0.0031267344047069675,-0.4009956861881221,-0.034151142376693575,0.04660242176363401
154.94400000000002,0.03200000000001069,-0.0008663402036029367,-0.6188568485668724,-0.04748238677250896,-0.013331244395815386
154.976,0.031999999999982265,-0.043711095900746365,-0.8036017868876176,-0.06183817182703612,-0.014355785054527156
155.008,0.03200000000001069,-0.020777300186121606,-0.5997897956776423,-0.047678538061616836,0.014159633765419281
155.04,0.031999999999982265,-0.11455458243585852,-1.0604358021440152,-0.08073712711592766,-0.033058589054310826
155.072,0.03200000000001069,-0.002189233459653864,-0.6125230101205915,-0.049705960796190225,0.031031166319737437
155.104,0.03200000000001069,0.002481955122538342,-0.5269301663210683,-0.04162004306119118,0.008085917734999046
155.136,0.031999999999982265,-0.0996080041438004,-1.0186725701629613,-0.07731609824724196,-0.03569605518605078
155.168,0.03200000000001069,-0.01792326286459027,-0.4359902095325693,-0.036526205813844255,0.04078989243339771
155.20000000000002,0.03200000000001069,-0.036217743368139835,-0.8093742045136205,-0.061630186503712915,-0.02510398068986866
155.232,0.031999999999982265,0.0001039302807890327,-0.42448303048626534,-0.03477443204086483,0.026855754462848082
155.264,0.03200000000001069,-0.033613467741327674,-0.7388236021772022,-0.056340750943468236,-0.021566318902603403
155.296,0.031999999999982265,-0.11578206731788862,-0.9006720525621293,-0.06948812634598851,-0.013147375402520277
155.328,0.03200000000001069,-0.005079454977010591,-0.5045136786800827,-0.041113535656838035,0.028374590689150478
155.36,0.03200000000001069,-0.1387391436861181,-1.2330713704329341,-0.09305379437590468,-0.05194025871906664
155.392,0.031999999999982265,-0.008451421937156641,-0.36927123867459777,-0.03252820026913391,0.06052559410677077
155.424,0.03200000000001069,-0.10865387396522443,-0.8445248224181431,-0.06398436973300582,-0.03145616946387191
155.45600000000002,0.03200000000001069,-0.024956760264178854,-0.7060299686843347,-0.05561536247424211,0.00836900725876371
155.488,0.031999999999982265,-0.003604546766355577,-0.3084035085682608,-0.02589068746216656,0.02972467501207555
155.52,0.03200000000001069,-0.13325531952814412,-1.1032691954091318,-0.0826293120361033,-0.05673862457393673
155.552,0.031999999999982265,-0.08900124025009372,-0.765630706242572,-0.061074769538969925,0.021554542497133372
155.584,0.03200000000001069,-0.09341766146208873,-0.9166050169271701,-0.07093313068210483,-0.009858361143134903
155.616,0.03200000000001069,-0.054098891749965024,-0.7383159453141077,-0.05839082606997793,0.012542304612126895
155.648,0.031999999999982265,-0.0006438417418897397,-0.529094325741875,-0.04228056509830914,0.016110260971668795
155.68,0.03200000000001069,-0.07419178488006871,-0.6624629735898151,-0.05115849516046388,-0.008877930062154739
155.712,0.031999999999982265,-0.06484987582624319,-0.548317459145757,-0.04327672288915437,0.007881772271309505
155.744,0.03200000000001069,-0.13800982286859503,-1.0245081103180185,-0.07784088379070485,-0.03456416090155048
155.776,0.03200000000001069,-0.024960650210704975,-0.6039092945777532,-0.04890530874786413,0.028935575042840715
155.808,0.031999999999982265,-0.12795050877068356,-0.8066109380299054,-0.06214160945705094,-0.013236300709186806
155.84,0.03200000000001069,-0.12974398668825088,-1.0066373664032278,-0.07761571773988915,-0.015474108282838211
155.872,0.03200000000001069,-0.04103876015120652,-0.6087862776086309,-0.049250964556143834,0.028364753183745317
155.904,0.031999999999982265,-0.10711131881295793,-0.7048657140765119,-0.05467919703287871,-0.005428232476734879
155.936,0.03200000000001069,-0.11628950504921115,-0.8117242005039381,-0.0628509611836114,-0.008171764150732688
155.968,0.031999999999982265,-0.14841625134917585,-1.3495096083343612,-0.102871570294418,-0.0400206091108066
156.0,0.03200000000001069,-0.05215181157987677,-0.6561667734106352,-0.05419333402645634,0.04867823626796166
156.032,0.03200000000001069,-0.004568386763046242,-0.6375892136954564,-0.050016986388161835,0.0041763476382945044
156.064,0.031999999999982265,-0.08047077307424673,-0.706762188932761,-0.054862885957307546,-0.0048458995691457105
156.096,0.03200000000001069,-0.024411539895059328,-0.4791740514810208,-0.03840575209277153,0.016457133864536018
156.12800000000001,0.03200000000001069,-0.1392584505411732,-1.1373464826977755,-0.08585784660175035,-0.04745209450897882
156.16,0.031999999999982265,-0.10201311258253078,-0.8119376108766716,-0.06466657011759418,0.02119127648415617
156.192,0.03200000000001069,-0.07685886148760362,-0.7570978756458986,-0.05941029071835637,0.005256279399237805
156.224,0.031999999999982265,-0.03715947535560936,-0.6020516603325611,-0.047704716763235094,0.011705573955121278
156.256,0.03200000000001069,-0.02173644779698617,-0.5044171733398072,-0.03984890248558219,0.007855814277652903
156.288,0.03200000000001069,-0.12924427393821616,-0.9109094485530743,-0.0692889275631899,-0.029440025077607707
156.32,0.031999999999982265,-0.041096085254732566,-0.5317628939242812,-0.043105949555918906,0.026182978007270992
156.352,0.03200000000001069,-0.024374315435254312,-0.5082494134580738,-0.039865243701976034,0.0032407058539428713
156.38400000000001,0.03200000000001069,-0.005597607270100268,-0.7657954909817135,-0.05861815761786768,-0.018752913915891643
156.416,0.031999999999982265,-0.0025192412456479544,-0.5913768258923869,-0.04687395790722261,0.011744199710645067
156.448,0.03200000000001069,-0.0029231691553855627,-0.38679926971570333,-0.031151296269515596,0.015722661637707015
156.48,0.031999999999982265,-0.0027443716059130318,-0.453330399121756,-0.03513635583860315,-0.0039850595690875575
156.512,0.03200000000001069,-0.11279533639903153,-0.9985803245615348,-0.07546421267060142,-0.04032785683199827
156.544,0.03200000000001069,-0.005399407758871135,-0.3562987007666216,-0.030558766562218245,0.04490544610838318
156.576,0.031999999999982265,-0.003897736391973402,-0.4185174802251151,-0.03254199970410769,-0.0019832331418894455
156.608,0.03200000000001069,-0.00020469126666742803,-0.4314622677392205,-0.03360845253029453,-0.0010664528261868367
156.64000000000001,0.03200000000001069,0.0005549591235499205,-0.43424894123819435,-0.033874950468780377,-0.000266497938485849
156.672,0.031999999999982265,0.001982587100897523,-0.47884122797322776,-0.03716966201582735,-0.003294711547046976
156.704,0.03200000000001069,-0.0013881723281968215,-0.3890184725445735,-0.030754276895646266,0.0064153851201810864
156.736,0.031999999999982265,0.0025388869054083552,-0.40914540550184614,-0.031864061837397296,-0.0011097849417510304
156.768,0.03200000000001069,0.004391822246860143,-0.45058685006144816,-0.03497574191820893,-0.0031116800808116338
156.8,0.03200000000001069,0.13049212122862758,0.19861412803348338,0.012587010635953034,0.047562752554161966
156.832,0.031999999999982265,0.07657778278281945,-0.05036147496252207,-0.0029769577594719035,-0.015563968395424937
156.864,0.03200000000001069,-0.0008309130932004933,-0.280660449005099,-0.020811690016641005,-0.0178347322571691
156.89600000000002,0.03200000000001069,0.0017886124844909202,-0.11115392423319195,-0.00937572443714187,0.011435965579499136
156.928,0.031999999999982265,0.029485157212876464,-0.16939548882032238,-0.012998634542100216,-0.003622910104958346
156.96,0.03200000000001069,0.08935989872970841,-0.025555373645992294,-0.0026297471511649477,0.010368887390935267
156.992,0.031999999999982265,0.0008709525336337293,-0.12599610090084695,-0.009417594676754775,-0.006787847525589827
157.024,0.03200000000001069,-0.0027746184137812492,-0.3298454291405457,-0.024800576626106647,-0.015382981949351872
157.056,0.03200000000001069,0.04928938290745473,-0.025941098567270043,-0.0033394286820682276,0.02146114794403842
157.088,0.031999999999982265,0.06097301443856688,0.013242489977801725,0.000781073574229899,0.004120502256298127
157.12,0.03200000000001069,-0.00042320303211508536,-0.1279257700571305,-0.009362599448548318,-0.010143673022778216
157.15200000000002,0.03200000000001069,-0.004515221746793016,-0.03810616882876732,-0.0033428305188908476,0.00601976892965747
157.184,0.031999999999982265,-0.001969981068943836,-0.2646291940736593,-0.01965386939483664,-0.01631103887594579
157.216,0.03200000000001069,0.013189785839689681,-0.07785555170913785,-0.006860114662750744,0.012793754732085896
157.248,0.031999999999982265,0.0009190077821626936,-0.282491228460074,-0.021170497019439134,-0.01431038235668839
157.28,0.03200000000001069,0.035011293154150316,0.07974997640965445,0.00464267805922891,0.025813175078668045
157.312,0.03200000000001069,0.0019788147371343776,0.022502889163763605,0.0019228850890026692,-0.002719792970226241
157.344,0.031999999999982265,-9.090179495627597e-05,-0.11843778897945008,-0.008598935445255404,-0.010521820534258073
157.376,0.03200000000001069,-0.0005469486099662235,-0.08554103014004533,-0.006787115345239801,0.001811820100015603
157.40800000000002,0.03200000000001069,0.0031327277948948306,-0.03639889610674485,-0.0030685969740225105,0.0037185183712172905
157.44,0.031999999999982265,-0.00087280322264223,-0.0033389853380353662,-0.0004226970115195644,0.002645899962502946
157.472,0.03200000000001069,-0.00017511319618997699,-0.008892921413693708,-0.0006783893637105873,-0.0002556923521910229
157.504,0.031999999999982265,0.0006158895279577239,-0.15351975898373185,-0.011329040640847525,-0.010650651277136937
157.536,0.03200000000001069,0.0008887862087437457,-0.11671430876443542,-0.009237211771400258,0.0020918288694472664
157.568,0.03200000000001069,-0.0024162714510069824,0.05336114262705931,0.0033909347982431317,0.01262814656964339
157.6,0.031999999999982265,0.0029875035259849807,-0.12207993293443965,-0.008782030380777966,-0.012172965179021097
157.632,0.03200000000001069,0.0037413009373480017,0.007848083703106924,7.017133800531111e-05,0.008852201718783276
157.66400000000002,0.03200000000001069,0.0023896189477669713,0.058240255473126744,0.004287052505770033,0.004216881167764722
157.696,0.031999999999982265,0.00684963918933836,-0.10022196497600058,-0.007122858417338661,-0.011409910923108694
157.728,0.03200000000001069,0.002668191085514105,-0.16476893680758373,-0.012528340981408632,-0.005405482564069971
157.76,0.031999999999982265,0.09979939674660429,0.5533898131793259,0.0399731626348669,0.052501503616275536
157.792,0.03200000000001069,0.002341119496520853,0.010390793245644712,0.0030717551047224024,-0.0369014075301445
157.824,0.03200000000001069,-0.0027846793936932277,-0.002242437172663027,1.2420251841745767e-05,-0.0030593348528806566
157.856,0.031999999999982265,0.0023887902682798202,-0.08463168001565168,-0.0062231159080714735,-0.006235536159913219
157.888,0.03200000000001069,0.00427366428551878,-0.01439359653017356,-0.0014177630914847526,0.004805352816586721
157.92000000000002,0.03200000000001069,-0.002095002435260978,0.12067186978863075,0.008792390481086572,0.010210153572571325
157.952,0.031999999999982265,-0.008266995964724211,-0.0691401489405043,-0.004577005619418395,-0.013369396100504968
157.984,0.03200000000001069,0.0012166429104483825,0.12777358955800439,0.009132272403791802,0.013709278023210198
158.016,0.031999999999982265,-0.02787091643841902,-0.17560434511950979,-0.012386785651017296,-0.0215190580548091
158.048,0.03200000000001069,-0.001205952837911424,0.05596960280919271,0.00340093955531285,0.015787725206330146
158.08,0.03200000000001069,0.005048008068019035,-0.026758232627154335,-0.0017714733840442525,-0.005172412939357102
158.112,0.031999999999982265,0.004532453634957948,0.15677380257533516,0.011426915426449509,0.01319838881049376
158.144,0.03200000000001069,0.002450197372066227,-0.12171737791984107,-0.008291458251954566,-0.019718373678404073
158.17600000000002,0.03200000000001069,0.0034726738454751186,-0.1781116219103107,-0.01357702725680946,-0.005285569004854893
158.208,0.031999999999982265,-0.003161248248603928,-0.12412230423651684,-0.009911771630615698,0.003665255626193761
158.24,0.03200000000001069,0.0012891774702756518,-0.16256429513653892,-0.012527212521442288,-0.0026154408908265897
158.272,0.031999999999982265,0.0006619166074853077,-0.2123187585596908,-0.016337154021843138,-0.00380994150040085
158.304,0.03200000000001069,0.07347689842484462,0.3327763661967113,0.02352932050960174,0.03986647453144487
158.336,0.03200000000001069,0.03114661136241743,0.1391578439981043,0.01159202534182539,-0.011937295167776349
158.368,0.031999999999982265,0.14167962714100488,0.5138489403188664,0.038457764392719467,0.026865739050894077
158.4,0.03200000000001069,-0.006559274251571531,-0.20421025599689419,-0.012797537207575333,-0.0512553016002948
158.43200000000002,0.03200000000001069,0.12909358838174226,0.5360274772702346,0.03868079206959023,0.05147832927716556
158.464,0.031999999999982265,0.10186751634581666,0.5107294423413462,0.03979216532695797,0.001111373257367744
158.496,0.03200000000001069,0.1300796446979411,0.5100435473121244,0.039805883004396705,1.3717677438733478e-05
158.528,0.031999999999982265,0.09835906508598265,0.3433698199859375,0.02754945125344822,-0.012256431750948486
158.56,0.03200000000001069,0.13707984031236184,0.5432617437800813,0.04154199610340036,0.013992544849952143
158.592,0.03200000000001069,0.1339964600833206,0.7302250256576088,0.05609909491092646,0.014557098807526099
158.624,0.031999999999982265,0.13217353577540084,0.6713438398163163,0.05260932705702261,-0.003489767853903848
158.656,0.03200000000001069,0.1285927477609746,0.38863068076509455,0.03161707622480198,-0.020992250832220637
158.68800000000002,0.03200000000001069,0.13470765283413932,0.772410514966719,0.05862846887801063,0.027011392653208656
158.72,0.031999999999982265,0.14538331851279127,0.8592198721849107,0.06657179145860781,0.007943322580597177
158.752,0.03200000000001069,0.2133509851286444,1.0351006973827583,0.0799646678686399,0.01339287641003209
158.784,0.031999999999982265,0.1331077901662272,0.9871006556748023,0.07720789233355527,-0.0027567755350846324
158.816,0.03200000000001069,0.14092340502497866,0.9248633447823797,0.07247180028417566,-0.004736092049379609
158.848,0.03200000000001069,0.279417680337806,1.7504297367511878,0.1329107295171544,0.06043892923297875
158.88,0.031999999999982265,0.09342582590790961,0.5569603774103811,0.04863180615394524,-0.08427892336320916
158.912,0.03200000000001069,0.3816589552652978,2.296891403295162,0.1717213833744675,0.12308957722052224
158.94400000000002,0.03200000000001069,0.07952572913099222,0.7546216301615032,0.06540836270852038,-0.10631302066594711
158.976,0.031999999999982265,0.12934600530009346,1.1232830507245193,0.08638245443820472,0.02097409172968434
159.008,0.03200000000001069,0.31957361526282546,2.0148932949334823,0.15316248872389124,0.06678003428568652
159.04,0.031999999999982265,0.4172922713187177,2.382456142285432,0.18404829356770747,0.030885804843816228
159.072,0.03200000000001069,0.4043445233942827,2.478168850480524,0.19287003683859202,0.008821743270884558
159.104,0.03200000000001069,0.3952961833515016,4.704224759657405,0.3570839637134652,0.16421392687487316
159.136,0.031999999999982265,0.4192815542072212,2.415935522749969,0.1982825734861773,-0.15880139022728787
159.168,0.03200000000001069,0.1679683666721003,0.8945655441540336,0.07723322285194019,-0.12104935063423712
159.20000000000002,0.03200000000001069,0.41616281602912836,2.460117845690878,0.18537622632958164,0.10814300347764146
159.232,0.031999999999982265,0.20015805866750572,1.2476445364097568,0.10245366039700532,-0.08292256593257633
159.264,0.03200000000001069,0.4205966440782648,2.497532423509394,0.1895836554582323,0.08712999506122698
159.296,0.031999999999982265,0.4158048074274621,2.5226654184213433,0.196461875860866,0.006878220402633695
159.328,0.03200000000001069,0.41793240413558397,2.443314428625059,0.19102345941872617,-0.005438416442139826
159.36,0.03200000000001069,0.40105378438323214,3.837145414548321,0.2932121510657465,0.10218869164702032
159.392,0.031999999999982265,0.39655505485001774,3.661899475954424,0.2862237839786023,-0.006988367087144176
159.424,0.03200000000001069,0.4183266518856959,2.4739777763409814,0.1984603211328272,-0.08776346284577513
159.45600000000002,0.03200000000001069,0.058342137783417895,0.5980510246149889,0.05543773913106768,-0.14302258200175952
159.488,0.031999999999982265,0.18291947559018357,1.329755568240435,0.10099089523888241,0.045553156107814734
159.52,0.03200000000001069,0.12142123308435208,1.0105241059003465,0.08014428288445868,-0.020846612354423727
159.552,0.031999999999982265,0.12995554406443116,0.9570378154374425,0.0750074332623726,-0.00513684962208609
159.584,0.03200000000001069,0.1340464577317259,1.0889903907108378,0.08441470994424183,0.009407276681869234
159.616,0.03200000000001069,0.13529858181206328,1.0926449264729932,0.08522653873946337,0.0008118287952215419
159.648,0.031999999999982265,0.13586475151201277,1.0793994586155988,0.08429933016076463,-0.0009272085786987405
159.68,0.03200000000001069,0.420732749832105,2.697481857541979,0.203239949383599,0.11894061922283436
159.71200000000002,0.03200000000001069,0.41910454385717627,2.539120636127816,0.19846036155272398,-0.0047795878308750095
159.744,0.031999999999982265,0.4225041906873157,2.5150059013214623,0.19641103729521625,-0.0020493242575077286
159.776,0.03200000000001069,0.42000950456580793,2.452719088118519,0.19171214534455533,-0.004698891950660922
159.808,0.031999999999982265,0.2198627262994531,1.2365950601927598,0.10200684617504308,-0.08970529916951225
159.84,0.03200000000001069,0.2850757948281111,1.6163447629852747,0.12475512113786465,0.02274827496282157
159.872,0.03200000000001069,0.1344830407935073,1.1188765389815558,0.08948443220141046,-0.035270688936454186
159.904,0.031999999999982265,0.13492582850020973,1.0639090355837144,0.08340596520531118,-0.006078466996099277
159.936,0.03200000000001069,0.299089693396953,1.5767150398561565,0.12076693061790894,0.03736096541259776
159.968,0.031999999999982265,0.09554850256084281,0.8553156468478547,0.06987186993549883,-0.050895060682410107
160.0,0.03200000000001069,0.24569958310178694,1.433630883652562,0.10946317852271867,0.039591308587219834
160.032,0.03200000000001069,0.41770026747252376,2.399643596310513,0.1827895419510845,0.07332636342836582
160.064,0.031999999999982265,0.4178653496646631,2.4573067732665934,0.19126316838492385,0.008473626433839365
160.096,0.03200000000001069,0.4004953432408028,2.1330582930909325,0.16790703634895557,-0.023356132035968286
160.12800000000001,0.03200000000001069,0.4041482823336985,4.530983397586252,0.34290266370938244,0.17499562736042687
160.16,0.031999999999982265,0.42169842095541477,2.4184039196044353,0.1976454265786366,-0.14525723713074584
160.192,0.03200000000001069,0.17441170018441937,1.407717935950586,0.11493378407227647,-0.08271164250636012
160.224,0.031999999999982265,0.3747468279033218,2.3014963967653075,0.17588758767922077,0.0609538036069443
160.256,0.03200000000001069,0.4201124433769911,2.5168404922669327,0.19524284810965736,0.01935526043043659
160.288,0.03200000000001069,0.41891755176229145,2.447137904201129,0.19123426533072585,-0.004008582778931513
160.32,0.031999999999982265,0.4173292785262143,2.2666567063712844,0.17773022537548935,-0.013504039955236496
160.352,0.03200000000001069,0.40249050187352675,4.647839712458713,0.3520633872171255,0.17433316184163614
160.38400000000001,0.03200000000001069,0.4210509966755766,2.42259791022485,0.1984826937189508,-0.1535806934981747
160.416,0.031999999999982265,0.4117806646004739,2.3543108832380852,0.18459477848267844,-0.013887915236272363
160.448,0.03200000000001069,0.41878024793830804,2.486092139270357,0.19348426536102806,0.008889486878349617
160.48,0.031999999999982265,0.416632926968603,2.423536044891977,0.18939705789089456,-0.004087207470133497
160.512,0.03200000000001069,0.4211760813868726,2.3785561955273384,0.185853278862457,-0.0035437790284375548
160.544,0.03200000000001069,0.420425267324262,2.3838193321119183,0.18603575202374958,0.00018247316129257896
160.576,0.031999999999982265,0.4213774533178842,2.3744025197223895,0.1853537715150046,-0.0006819805087449893
160.608,0.03200000000001069,0.401674500257552,2.6768414802782408,0.20755583107203407,0.022202059557029474
160.64000000000001,0.03200000000001069,0.39614931583288826,4.396089981678307,0.33527145970509287,0.1277156286330588
160.672,0.031999999999982265,0.39548820970558357,4.25602779923988,0.3323441605462846,-0.002927299158808294
160.704,0.03200000000001069,0.41688465644432104,2.3184237902109706,0.1896833325665395,-0.14266082797974508
160.736,0.031999999999982265,0.15509927737700058,1.2647371710889308,0.1039593018939303,-0.0857240306726092
160.768,0.03200000000001069,0.1606656244381283,1.108366637430055,0.087511008193616,-0.016448293700314295
160.8,0.03200000000001069,0.41865229414497124,2.5077282985751337,0.18947083688830135,0.10195982869468535
160.832,0.031999999999982265,0.4155018975693593,2.1928755315096327,0.17220253996668256,-0.017268296921618798
160.864,0.03200000000001069,0.4185423844949764,2.415910149140927,0.1876076734089405,0.01540513344225794
160.89600000000002,0.03200000000001069,0.39969956345774466,4.71005870249359,0.3572092018031775,0.169601528394237
160.928,0.031999999999982265,0.4184448128339277,2.2058612845177907,0.18284089630337438,-0.17436830549980312
160.96,0.03200000000001069,0.4154498162586529,2.9634168527978626,0.22848558290895804,0.045644686605583656
160.992,0.031999999999982265,0.41689995551810666,2.4829898747882813,0.1957898997920145,-0.03269568311694354
161.024,0.03200000000001069,0.41658148189756494,2.463366573483731,0.19245930613475967,-0.0033305936572548267
161.056,0.03200000000001069,0.0011512723398458258,0.3172405051101642,0.03444043686026993,-0.15801886927448974
161.088,0.031999999999982265,0.4181822495186749,2.3813258700169158,0.17711145851979906,0.14267102165952913
161.12,0.03200000000001069,0.4154527684274605,2.576020170945062,0.1996655880190546,0.022554129499255532
161.15200000000002,0.03200000000001069,0.4226390964147207,3.0034069608152043,0.23239773844757772,0.03273215042852312
161.184,0.031999999999982265,0.4010908439396908,2.7243623313900787,0.2137663300537893,-0.018631408393788407
161.216,0.03200000000001069,0.39447858572868294,4.508152940577918,0.34387112146419635,0.13010479141040704
161.248,0.031999999999982265,0.41879498984493113,2.385149906367691,0.19525582708612182,-0.14861529437807453
161.28,0.03200000000001069,0.23907996596253078,1.3400295009075172,0.10981801185248732,-0.0854378152336345
161.312,0.03200000000001069,0.06309178497233932,0.9081329048891138,0.07312399207187206,-0.03669401978061526
161.344,0.031999999999982265,0.13593468093319178,1.1811014997165736,0.09107985244102024,0.017955860369148174
161.376,0.03200000000001069,0.4171790672626708,2.621635127804056,0.19805359699737143,0.1069737445563512
161.40800000000002,0.03200000000001069,0.41949396077356554,2.455000424579695,0.19197473880148783,-0.006078858195883607
161.44,0.031999999999982265,0.4164010890805577,2.464530839808146,0.19232468081830517,0.00034994201681734505
161.472,0.03200000000001069,0.41791536080158864,2.38326943546625,0.18636890056689362,-0.005955780251411552
161.504,0.031999999999982265,0.3979091542546951,2.1887697591185753,0.1717215286118243,-0.014647371955069322
161.536,0.03200000000001069,0.41594316251260177,2.1852851870480894,0.17061969311725045,-0.0011018354945738495
161.568,0.03200000000001069,0.42048131368729813,2.363522405922352,0.1836636906176933,0.013043997500442855
161.6,0.031999999999982265,-0.0019455247063951454,0.40226879485739253,0.04018567377498762,-0.14347801684270567
161.632,0.03200000000001069,0.02828884238101671,0.6193231746370564,0.047865048429947175,0.007679374654959555
161.66400000000002,0.03200000000001069,0.3714456737141517,2.3974032532554115,0.1790687833705633,0.13120373494061613
161.696,0.031999999999982265,0.4221739305157947,2.6216032926634845,0.20313077567358265,0.024061992303019336
161.728,0.03200000000001069,0.4155779467338948,2.4300547884593966,0.190433331913749,-0.012697443759833643
161.76,0.031999999999982265,0.39917056194865386,2.060864612519207,0.1625499910333505,-0.02788334088039851
161.792,0.03200000000001069,0.4120564114413403,2.4239241532442506,0.18763979233750777,0.025089801304157278
161.824,0.03200000000001069,0.4160467382603908,2.6200848014815366,0.20351390193164287,0.0158741095941351
161.856,0.031999999999982265,0.0025425883332959196,0.33711776513138714,0.03654038668537482,-0.16697351524626805
161.888,0.03200000000001069,0.0799511578121576,0.797434381173113,0.06075294783947141,0.02421256115409659
161.92000000000002,0.03200000000001069,0.11826745105104683,1.039627261167763,0.07996163591864597,0.019208688079174557
161.952,0.031999999999982265,0.26964519390997554,1.6111558360947227,0.12310087662088981,0.04313924070224384
161.984,0.03200000000001069,0.4233593902048317,2.6667221201522304,0.20321784882332908,0.08011697220243927
162.016,0.031999999999982265,0.42053673253800855,2.569611616763373,0.20070139933002545,-0.002516449493303624
162.048,0.03200000000001069,0.4236506502331796,2.3425497562776747,0.18385794637091812,-0.01684345295910733
162.08,0.03200000000001069,0.41264138249551724,2.4921442066034785,0.1938867991252132,0.010028852754295076
162.112,0.031999999999982265,0.41605740933106705,2.3597411046218033,0.18472880143661535,-0.009157997688597846
162.144,0.03200000000001069,0.1618401462321273,1.1936829109055107,0.09844793499288525,-0.0862808664437301
162.17600000000002,0.03200000000001069,0.24566800597825342,1.609000186817027,0.12400954668233873,0.02556161168945348
162.208,0.031999999999982265,0.0018562594542301239,0.35101213708565515,0.03297246883595316,-0.09103707784638557
162.24,0.03200000000001069,0.2626734548510238,1.6175604804488921,0.12085923433483713,0.08788676549888397
162.272,0.031999999999982265,0.42017826519792917,2.235524493935002,0.17137806978142733,0.05051883544659021
162.304,0.03200000000001069,0.4183359786185859,2.4659488694677334,0.19123993633226602,0.019861866550838686
162.336,0.03200000000001069,0.41945143686412584,3.3452991216232846,0.2570541602915218,0.06581422395925576
162.368,0.031999999999982265,0.40107212470604736,4.554568437262604,0.349783494123507,0.09272933383198523
162.4,0.03200000000001069,0.40605758860347047,2.1170406244981446,0.1758803255909029,-0.17390316853260412
162.43200000000002,0.03200000000001069,-0.0025793629419730672,0.3985624409634355,0.03946378118490177,-0.13641654440600112
162.464,0.031999999999982265,0.2670610763958533,1.7251481136906759,0.1291459907281088,0.08968220954320705
162.496,0.03200000000001069,0.23619254246189914,1.3363693822971467,0.105732386014025,-0.02341360471408381
162.528,0.031999999999982265,0.4216804892792716,2.4886903596869314,0.1891226858882145,0.08339029987418949
162.56,0.03200000000001069,0.418831949454934,2.442948924884495,0.19057289552189613,0.0014502096336816428
162.592,0.03200000000001069,0.4178052146335451,2.4658919854687067,0.19234385265872886,0.0017709571368327293
162.624,0.031999999999982265,0.4155233705685911,2.2734105254054238,0.17829095821021662,-0.014052894448512238
162.656,0.03200000000001069,0.4188414178341594,2.5678330036861943,0.19913159331381192,0.020840635103595295
162.68800000000002,0.03200000000001069,0.4163562435396946,2.468310373592793,0.1930157871998923,-0.006115806113919625
162.72,0.031999999999982265,0.004194028721719181,0.3411540589394947,0.03623117016409841,-0.15678461703579388
162.752,0.03200000000001069,0.022985226965794744,0.7193801287479861,0.05499496965191964,0.018763799487821232
162.784,0.031999999999982265,0.08117812040084676,0.878092720679179,0.0677499464521206,0.012754976800200955
162.816,0.03200000000001069,0.0017330561237934626,0.6168603241763505,0.0492751898912535,-0.018474756560867098
162.848,0.03200000000001069,0.1347361828956243,1.078129869234912,0.08213052605526885,0.032855336164015356
162.88,0.031999999999982265,0.16125455397583086,1.4487689338012073,0.11128411507240722,0.029153589017138368
162.912,0.03200000000001069,0.4176709714344604,2.6321721361921613,0.19999486443035747,0.08871074935795024
162.94400000000002,0.03200000000001069,0.4161029960204379,2.4305166956450077,0.19028626740865112,-0.009708597021706344
162.976,0.031999999999982265,0.416883274095888,2.4238481334348068,0.18923539148040874,-0.0010508759282423785
163.008,0.03200000000001069,0.4184399885694707,2.4514797366863563,0.19120675974396803,0.0019713682635592866
163.04,0.031999999999982265,0.12826599262891444,0.7736976773028301,0.0679360923445981,-0.12327066739936993
163.072,0.03200000000001069,0.09830823054337812,0.9390885662773382,0.07298267383202292,0.005046581487424817
163.104,0.03200000000001069,0.12779801881948363,1.1411252128233795,0.08813182907644636,0.015149155244423437
163.136,0.031999999999982265,0.0008389605846175533,0.4521785495087829,0.03834108216898024,-0.04979074690746612
163.168,0.03200000000001069,0.012290141144848818,0.3905181008317066,0.030932184904718052,-0.007408897264262186
163.20000000000002,0.03200000000001069,0.09713640042728046,1.0232170315165485,0.07703329876943316,0.046101113864715104
163.232,0.031999999999982265,-0.0004385287707503553,0.46522056747937396,0.03865948720498448,-0.038373811564448676
163.264,0.03200000000001069,0.00257173434918493,0.4298233654512027,0.0338410841967286,-0.004818403008255881
163.296,0.031999999999982265,0.0019082220147350595,0.3552929226782585,0.028081936591608358,-0.005759147605120241
163.328,0.03200000000001069,0.06570360593911206,0.7756853722184259,0.05866522227113094,0.030583285679522582
163.36,0.03200000000001069,-0.0030608282736033655,0.354093991629826,0.029426841529097206,-0.029238380742033734
163.392,0.031999999999982265,-0.00023142758962774217,0.5562028035757473,0.04260206458126846,0.013175223052171253
163.424,0.03200000000001069,0.00290621560598923,0.4504504037137381,0.03558560261876995,-0.007016461962498506
163.45600000000002,0.03200000000001069,0.10687579382799368,0.823286019226605,0.06259896435375345,0.027013361734983497
163.488,0.031999999999982265,0.016211705096472524,0.295502355462023,0.025345090636837733,-0.037253873716915714
163.52,0.03200000000001069,0.0013866567986535615,0.7615170625015631,0.05746528597231069,0.03212019533547296
163.552,0.031999999999982265,0.0002479310180861056,0.3553302993609027,0.029448488663712795,-0.028016797308597893
163.584,0.03200000000001069,-0.002396398444264377,0.4565095459501829,0.03527184950369153,0.005823360839978732
163.616,0.03200000000001069,0.0045989832573538275,0.3741486092695662,0.02955118481614679,-0.005720664687544737
163.648,0.031999999999982265,0.0051429223615889665,0.2541755650673378,0.020398091274305998,-0.009153093541840792
163.68,0.03200000000001069,0.0045274275449181224,0.43764284249609436,0.03336191676323169,0.012963825488925693
163.71200000000002,0.03200000000001069,0.0018071386920085815,0.44943752825270317,0.03497769031562289,0.0016157735523911962
163.744,0.031999999999982265,0.0006331327037838,0.3348656340383744,0.02664532438124271,-0.008332365934380179
163.776,0.03200000000001069,0.0020269276651960345,0.27924530088224386,0.02207397268138839,-0.004571351699854318
163.808,0.031999999999982265,0.0013172734159669947,0.290027017379056,0.0226029626367073,0.0005289899553189079
163.84,0.03200000000001069,0.001749889459473803,0.4017882560341212,0.03085244754404592,0.008249484907338622
163.872,0.03200000000001069,-0.002051132807717061,0.3369215021481862,0.02655836692677322,-0.0042940806172727004
163.904,0.031999999999982265,-1.346106417464944e-05,0.5388468892560941,0.0411601123175181,0.01460174539074488
163.936,0.03200000000001069,-0.012370785899673397,0.17282071521937306,0.015085409868261861,-0.02607470244925624
163.968,0.031999999999982265,0.0014489371311400081,0.004890804095690655,0.0012305376409969273,-0.013854872227264933
164.0,0.03200000000001069,-0.012079184427916025,0.2579299896225869,0.019039267662212787,0.01780873002121586
164.032,0.03200000000001069,-0.0018217165904765866,0.22436758377896396,0.017599162295469994,-0.001440105366742793
164.064,0.031999999999982265,-0.007273846496598331,0.12380136921695092,0.010120364143175088,-0.007478798152294906
164.096,0.03200000000001069,-0.0007878431335135478,0.2735158163274314,0.020698654374159717,0.01057829023098463
164.12800000000001,0.03200000000001069,-0.06758312289270711,-0.40555590831233995,-0.028629759128447164,-0.04932841350260688
164.16,0.031999999999982265,-0.0007277983102905803,0.27768191679473336,0.01876802146484059,0.04739778059328775
164.192,0.03200000000001069,0.00751777440804229,0.3499072713233026,0.026815720559876632,0.008047699095036043
164.224,0.031999999999982265,-0.0025383649098850627,0.09762512735710295,0.008727420796926467,-0.018088299762950164
164.256,0.03200000000001069,-0.03261684262811659,-0.1534490756829554,-0.010780853828310644,-0.01950827462523711
164.288,0.03200000000001069,0.003629637512502077,0.1827170097544199,0.012814681533990003,0.02359553536230065
164.32,0.031999999999982265,-0.00021866053548934207,0.2229062968086761,0.01713235930378425,0.004317677769794248
164.352,0.03200000000001069,-0.0020003962575731405,0.34181830077303893,0.026126430565267655,0.008994071261483404
164.38400000000001,0.03200000000001069,0.0010697162657650654,0.08461272163588447,0.0077306934570980715,-0.018395737108169583
164.416,0.031999999999982265,-0.003912988223666377,0.029688544293128876,0.00262958807596344,-0.0051011053811346315
164.448,0.03200000000001069,0.0030440200869440446,0.024581960198706974,0.0019595666155565726,-0.0006700214604068674
164.48,0.031999999999982265,0.00010577559166116235,0.04816528247221962,0.003655209756245884,0.0016956431406893115
164.512,0.03200000000001069,0.000876960314452668,0.24268300847133456,0.01805797530004321,0.014402765543797325
164.544,0.03200000000001069,-0.0031937979382156306,0.096710497729392,0.008154582169431233,-0.009903393130611976
164.576,0.031999999999982265,-0.0014589724992668152,-0.15835273472895808,-0.011174539470948269,-0.019329121640379504
164.608,0.03200000000001069,0.005150285313533438,0.1553835303125014,0.010781844155596926,0.021956383626545194
164.64000000000001,0.03200000000001069,-0.0001960019306977189,0.3012720223302962,0.02277803868160316,0.011996194526006233
164.672,0.031999999999982265,0.004078684881146855,-0.07180165803859173,-0.0039653550282051225,-0.026743393709808282
164.704,0.03200000000001069,0.0013118174492441875,0.17689470114908495,0.012779960100893068,0.01674531512909819
164.736,0.031999999999982265,-0.0002632089267213253,0.03016282108070263,0.0029559560052878136,-0.009824004095605254
164.768,0.03200000000001069,-0.0022942102663844693,0.11383451437171878,0.00854206058507646,0.0055861045797886465
164.8,0.03200000000001069,4.830590015243427e-05,0.05204955833004782,0.004320861589155231,-0.004221198995921229
164.832,0.031999999999982265,0.0008274529167556098,0.11469412535824502,0.008684071312379164,0.004363209723223933
164.864,0.03200000000001069,0.0012206092931137877,0.13447484777677,0.010390634193042184,0.00170656288066302
164.89600000000002,0.03200000000001069,-0.003804097821212381,-0.016199961727774263,-0.0005915071250357515,-0.010982141318077936
164.928,0.031999999999982265,0.0023789704391384975,-0.04524875063244712,-0.003361750531372274,-0.0027702434063365225
164.96,0.03200000000001069,-0.0025530336132163533,-0.07191101467957305,-0.005482423065649381,-0.002120672534277107
164.992,0.031999999999982265,-0.0045470097732925666,0.23371719295315796,0.016871120079910516,0.022353543145559897
165.024,0.03200000000001069,0.00016264019530711578,-0.018216182900507798,-0.00036566801277967655,-0.017236788092690192
165.056,0.03200000000001069,0.001053056802596146,0.01132768534365068,0.0008119308687761901,0.0011775988815558667
165.088,0.031999999999982265,0.021910351228415857,0.2776175376015605,0.020462928616969394,0.019650997748193205
165.12,0.03200000000001069,-0.00555869893316688,-0.35136555386379076,-0.024658196418551978,-0.045121125035521376
165.15200000000002,0.03200000000001069,0.09462669414572095,0.4745389836235497,0.03347420940101385,0.05813240581956583
165.184,0.031999999999982265,0.031365224087606336,0.03996912978630177,0.0048717740966390385,-0.028602435304374813
165.216,0.03200000000001069,0.015901325540805256,0.1754257996827119,0.013182096069169992,0.008310321972530954
165.248,0.031999999999982265,-0.0012469692613990477,0.1304576469805943,0.010354875157735898,-0.002827220911434093
165.28,0.03200000000001069,0.003957184309863186,-0.14739104336294281,-0.01024139331990882,-0.020596268477644716
165.312,0.03200000000001069,-0.0007073015144123152,0.13084628101536813,0.009031238951260458,0.01927263227116928
165.344,0.031999999999982265,-0.0008378671947343802,0.13723269211459477,0.01061348835794486,0.0015822494066844023
165.376,0.03200000000001069,-0.00014761105437060187,0.03686355537410998,0.003323661107155221,-0.0072898272507896395
165.40800000000002,0.03200000000001069,-0.0027972094246011413,-0.07507379274179883,-0.005329071832084276,-0.008652732939239497
165.44,0.031999999999982265,0.0009493967674300551,-0.06902200318539743,-0.00538353615043268,-5.446431834840379e-05
165.472,0.03200000000001069,-0.0019234392154357195,0.1344635284073389,0.009577691758291606,0.014961227908724286
165.504,0.031999999999982265,-0.003739850420733909,-0.2572359797161585,-0.01836428090056623,-0.027941972658857835
165.536,0.03200000000001069,-0.11409568983201526,-0.5703526682637949,-0.04300401741217381,-0.024639736511607578
165.568,0.03200000000001069,-0.14556902908410319,-0.4472007113447883,-0.0353698238721389,0.00763419354003491
165.6,0.031999999999982265,-0.15665930697917235,-0.5004815184893567,-0.03884739154500557,-0.003477567672866673
165.632,0.03200000000001069,-0.4159894450564439,-2.1270049191169953,-0.15866304761581293,-0.11981565607080735
165.66400000000002,0.03200000000001069,-0.0026468875227068827,0.056211550289652606,-0.005025661280244193,0.15363738633556873
165.696,0.031999999999982265,-0.1312293662156757,-0.6297301690852378,-0.046600626061937746,-0.04157496478169355
165.728,0.03200000000001069,-0.09527884935678572,-0.5122305983153432,-0.040359765390054744,0.0062408606718830015
165.76,0.031999999999982265,-0.21004293873744287,-1.0059752590997308,-0.0763095804479279,-0.03594981505787316
165.792,0.03200000000001069,-0.05401590229402998,-0.5301442479642642,-0.04339220978201851,0.0329173706659094
165.824,0.03200000000001069,-0.22103139473529668,-1.051758537811836,-0.0798515533527519,-0.036459343570733396
165.856,0.031999999999982265,-0.08238661824198193,-0.5504637046437434,-0.0450909820580713,0.0347605712946806
165.888,0.03200000000001069,-0.04253732648523175,-0.4436449322395955,-0.03522880961576566,0.009862172442305639
165.92000000000002,0.03200000000001069,-0.2595814584313982,-1.5353049799199028,-0.11494040266717742,-0.07971159305141176
165.952,0.031999999999982265,-0.0028068731738117845,-0.3340949701796964,-0.031204823229403638,0.08373557943777378
165.984,0.03200000000001069,-0.004662612742286976,-0.47264188262207846,-0.036559616771375224,-0.005354793541971586
166.016,0.031999999999982265,-0.060612942511323854,-0.6009873387770622,-0.04630729798077598,-0.009747681209400755
166.048,0.03200000000001069,-0.017386039051208186,-0.509538208671279,-0.040144832886173556,0.006162465094602422
166.08,0.03200000000001069,-0.004337251100536743,-0.27211139256140343,-0.022328657624433715,0.01781617526173984
166.112,0.031999999999982265,-0.13220483026545302,-0.8380305766676619,-0.06291797123862644,-0.040589313614192726
166.144,0.03200000000001069,-0.0010310665994267532,-0.29366100755835967,-0.025228093468207192,0.03768987777041925
166.17600000000002,0.03200000000001069,-0.13278080771796488,-0.9028543776579812,-0.06785251000371553,-0.042624416535508344
166.208,0.031999999999982265,-0.0013018320188820471,-0.18732648298022403,-0.017693094817851206,0.05015941518586432
166.24,0.03200000000001069,-0.12406724991704714,-0.8302843741278206,-0.062080706983367685,-0.04438761216551648
166.272,0.031999999999982265,-0.13000866659153876,-1.0621284227291923,-0.08169302674739931,-0.019612319764031626
166.304,0.03200000000001069,-0.004805333512148862,-0.15829948619841003,-0.01635744316775397,0.06533558357964533
166.336,0.03200000000001069,-0.047464791683345706,-0.5468811627765406,-0.04116206469063299,-0.024804621522879024
166.368,0.031999999999982265,-0.00873524314894844,-0.3708578066022091,-0.029649215133428147,0.011512849557204847
166.4,0.03200000000001069,-0.07768754414185554,-0.6700135065449665,-0.05098456687929898,-0.021335351745870836
166.43200000000002,0.03200000000001069,-0.005762706310659637,-0.005674304172268545,-0.0033605816423384503,0.047623985236960535
166.464,0.031999999999982265,-0.12506305539488688,-0.949130219521664,-0.06999325460441974,-0.0666326729620813
166.496,0.03200000000001069,-9.681144753195127e-05,-0.29902974645236624,-0.026031361326432984,0.04396189327798676
166.528,0.031999999999982265,-0.08299646451260362,-0.7394352689459676,-0.0558810036466552,-0.029849642320222216
166.56,0.03200000000001069,-0.014740231485427028,-0.4085467561989149,-0.033270579795671364,0.022610423850983837
166.592,0.03200000000001069,-0.0003401297294968119,-0.2713309052312145,-0.02187441611787149,0.011396163677799873
166.624,0.031999999999982265,-0.13743640140107743,-0.8904176933552319,-0.06674430872244161,-0.04486989260457012
166.656,0.03200000000001069,-0.06138878523473328,-0.6816871986480835,-0.05398451838470364,0.01275979033773797
166.68800000000002,0.03200000000001069,-0.10955919910287842,-0.894002901599223,-0.06886165234087478,-0.014877133956171143
166.72,0.031999999999982265,-0.01268290103486823,-0.4088331863716604,-0.03404100481388785,0.03482064752698693
166.752,0.03200000000001069,-0.19183655250286963,-0.9607270982781148,-0.07261724423128524,-0.038576239417397386
166.784,0.031999999999982265,-0.4163979512247168,-2.3551052886615698,-0.17738710291095222,-0.10476985867966698
166.816,0.03200000000001069,-0.3994224312004495,-2.0894555987077106,-0.16389943186445124,0.013487671046500976
166.848,0.03200000000001069,-0.27576588291540816,-1.6771355618263448,-0.13279869214884094,0.03110073971561031
166.88,0.031999999999982265,-0.38925825130829267,-4.422244395264707,-0.33287920051489533,-0.2000805083660544
166.912,0.03200000000001069,-0.3303466131815085,-4.078294784142807,-0.3191355314419032,0.013743669072992126
166.94400000000002,0.03200000000001069,-0.3336658031416814,-3.6055308378605284,-0.2835749544081793,0.035560577033723895
166.976,0.031999999999982265,-0.3872970597271537,-4.315968882071619,-0.3337678497780585,-0.0501928953698792
167.008,0.03200000000001069,-0.3296786186746904,-3.8523254508845897,-0.3025689963936142,0.031198853384444336
167.04,0.031999999999982265,-0.3282000208953769,-3.6845204726984004,-0.28842749925484534,0.014141497138768833
167.072,0.03200000000001069,-0.4241595529015579,-3.9482719615701285,-0.3070074678986014,-0.01857996864375605
167.104,0.03200000000001069,-0.2595229748970747,-1.5879986473755454,-0.1345050382170869,0.1725024296815145
167.136,0.031999999999982265,-0.42024063016273105,-2.430749264902998,-0.18652270333162307,-0.05201766511453618
167.168,0.03200000000001069,-0.30618901745829274,-2.0338251113700214,-0.16033574301260078,0.02618696031902229
167.20000000000002,0.03200000000001069,-0.4213936417717955,-2.428706279187163,-0.18786364446624904,-0.02752790145364825
167.232,0.031999999999982265,-0.4173639807256485,-3.00158587979546,-0.23158250041928705,-0.04371885595303801
167.264,0.03200000000001069,-0.4096696046900759,-4.4856728548907,-0.3432464419561583,-0.11166394153687123
167.296,0.031999999999982265,-0.4214705665751048,-4.641045874469195,-0.36111886537761284,-0.017872423421454564
167.328,0.03200000000001069,-0.4186825343342517,-2.7437439771939354,-0.22262261262798658,0.13849625274962626
167.36,0.03200000000001069,-0.4164151984149819,-4.726353339882124,-0.3604288932780625,-0.1378062806500759
167.392,0.031999999999982265,-0.42198503764576667,-2.260901695248918,-0.1870744503950726,0.1733544428829899
167.424,0.03200000000001069,-0.07142865470295671,-0.6140846574088314,-0.055959560300703294,0.1311148900943693
167.45600000000002,0.03200000000001069,-0.421157170228143,-2.597797977880259,-0.1942731455152457,-0.1383135852145424
167.488,0.031999999999982265,-0.410326009034855,-2.3154992698679124,-0.1814975503086763,0.012775595206569401
167.52,0.03200000000001069,-0.40740284052518705,-4.602974304607366,-0.3489814591557344,-0.16748390884705813
167.552,0.031999999999982265,-0.42069499594557525,-2.127957672957444,-0.17663686706829645,0.17234459208743796
167.584,0.03200000000001069,-0.4175325975329233,-4.672048686466365,-0.3537806020822898,-0.17714373501399333
167.616,0.03200000000001069,-0.2977497239937626,-1.708439521127,-0.14606245725559622,0.20771814482669357
167.648,0.031999999999982265,-0.05572265214368549,-0.8065155376508355,-0.06774338627713476,0.07831907097846146
167.68,0.03200000000001069,-0.41511646336708313,-2.6750653730713556,-0.20063567666560572,-0.13289229038847095
167.71200000000002,0.03200000000001069,-0.42168597427402843,-2.3503963562844814,-0.1844311930038963,0.01620448366170943
167.744,0.031999999999982265,-0.4168420606901317,-2.162750201117768,-0.16969618235224493,0.014735010651651365
167.776,0.03200000000001069,-0.40630608447139704,-4.495480282741737,-0.3403950423509523,-0.17069885999870738
167.808,0.031999999999982265,-0.4189083975286635,-2.2488419743742996,-0.1850310400514632,0.1553640022994891
167.84,0.03200000000001069,-0.4210695732678979,-2.3672189097392393,-0.1847674861141078,0.0002635539373554152
167.872,0.03200000000001069,-0.4147996349442509,-2.432601062965689,-0.1895604897459379,-0.004793003631830106
167.904,0.031999999999982265,-0.42123245557246347,-2.4620129905966937,-0.19200014524542247,-0.0024396554994845776
167.936,0.03200000000001069,-0.4203869900818173,-2.5709410638852837,-0.20015157948984705,-0.008151434244424577
167.968,0.031999999999982265,-0.4141149115307748,-2.7096765883799483,-0.21082479616704503,-0.010673216677197978
168.0,0.03200000000001069,-0.39742521688778865,-4.52469360381393,-0.3449177135464818,-0.1340929173794368
168.032,0.03200000000001069,-0.4157512094808343,-2.4662991161328662,-0.20128397714861407,0.14363373639786775
168.064,0.031999999999982265,-0.40883226873427514,-4.650109867639001,-0.35359007131200637,-0.1523060941633923
168.096,0.03200000000001069,-0.41424793865611304,-2.3426405238169616,-0.19269074347675297,0.1608993278352534
168.12800000000001,0.03200000000001069,-0.2500601276028417,-1.3936537510853841,-0.11361347144540632,0.07907727203134665
168.16,0.031999999999982265,-0.4165822142647133,-2.3921950055792007,-0.18248136348461869,-0.06886789203921237
168.192,0.03200000000001069,-0.4213069144055852,-4.1657296005289695,-0.31688317920755954,-0.13440181572294085
168.224,0.031999999999982265,-0.42064322770004386,-3.8868121305728,-0.30413041816816694,0.012752761039392602
168.256,0.03200000000001069,-0.4186018970637276,-4.100715603330924,-0.3191247228704909,-0.014994304702323935
168.288,0.03200000000001069,-0.41735646065161724,-4.239353529011065,-0.3301857947098397,-0.011061071839348846
168.32,0.031999999999982265,-0.4219549900532617,-2.3617832987079477,-0.19274740017319986,0.13743839453663986
168.352,0.03200000000001069,-0.23369895726113477,-1.5597536808781158,-0.1258317686434827,0.06691563152971716
168.38400000000001,0.03200000000001069,-0.12951517645282293,-1.0517835083750922,-0.08461254940139917,0.04121921924208352
168.416,0.031999999999982265,-0.41702908304051234,-2.575052020266602,-0.19425451327744522,-0.10964196387604605
168.448,0.03200000000001069,-0.42313806795856823,-2.5490389507698006,-0.19867103571794345,-0.004416522440498227
168.48,0.031999999999982265,-0.4090639367556569,-4.73204408022092,-0.35946468916454666,-0.1607936534466032
168.512,0.03200000000001069,-0.4154188159755966,-2.441933522439722,-0.20033190935680917,0.1591327798077375
168.544,0.03200000000001069,-0.405601212963748,-4.448613653944912,-0.33871703212163606,-0.1383851227648269
168.576,0.031999999999982265,-0.41970898619703245,-2.476474137245139,-0.20167429088547015,0.13704274123616592
168.608,0.03200000000001069,-0.41708309043269526,-2.453299296114855,-0.19205865674804742,0.009615634137422724
168.64000000000001,0.03200000000001069,-0.41618121091846916,-2.3949977086767418,-0.1872160431110427,0.004842613637004722
168.672,0.031999999999982265,-0.4192229570247048,-2.641346396734388,-0.20505302181030716,-0.017836978699264455
168.704,0.03200000000001069,-0.42221208257167453,-2.4427157250112987,-0.19147538955231577,0.013577632257991384
168.736,0.031999999999982265,-0.4222568087983257,-2.593505626689272,-0.20178068888717748,-0.010305299334861712
168.768,0.03200000000001069,-0.40692308342737515,-4.484113122222163,-0.34141130776574474,-0.13963061887856726
168.8,0.03200000000001069,-0.4165698501962901,-3.679082141148436,-0.29026989393620717,0.051141413829537574
168.832,0.031999999999982265,-0.414703352793238,-2.1437546653389687,-0.17440921694946987,0.1158606769867373
168.864,0.03200000000001069,-0.4199762387711076,-2.519781336039953,-0.1953737734479546,-0.02096455649848472
168.89600000000002,0.03200000000001069,-0.4220700597266168,-2.2576103188794403,-0.17730392197647335,0.01806985147148124
168.928,0.031999999999982265,-0.2276989066652848,-1.5072295530218571,-0.12107759462960646,0.05622632734686689
168.96,0.03200000000001069,-0.25111920079188543,-1.4484293444347796,-0.1135075199455082,0.00757007468409826
168.992,0.031999999999982265,-0.4213518188097784,-2.434058454203607,-0.18555389449631055,-0.07204637455080234
169.024,0.03200000000001069,-0.41885706934013067,-2.3998029357614135,-0.18719390667311495,-0.0016400121768044007
169.056,0.03200000000001069,-0.41642467703274333,-2.470946387156786,-0.19252048859355647,-0.0053265819204415255
169.088,0.031999999999982265,-0.40246629660165056,-2.2500335119796167,-0.17658200437752306,0.015938484216033416
169.12,0.03200000000001069,-0.3957903511436202,-2.430300336922037,-0.188918753519517,-0.012336749141993952
169.15200000000002,0.03200000000001069,-0.3973393112634699,-1.9059104055730052,-0.15106718834283173,0.03785156517668528
169.184,0.031999999999982265,-0.41490105499813273,-2.78815346177998,-0.21376240657663648,-0.06269521823380475
169.216,0.03200000000001069,-0.21587030848353128,-1.3292343858748217,-0.11009250441516996,0.10366990216146652
169.248,0.031999999999982265,-0.16325015284056685,-1.0515227289296858,-0.08368475841267792,0.026407746002492044
169.28,0.03200000000001069,-0.13400531373723143,-1.1887678925040464,-0.09225330400485354,-0.008568545592175625
169.312,0.03200000000001069,-0.2595521266005816,-1.507046275764099,-0.11615422263626335,-0.023900918631409807
169.344,0.031999999999982265,-0.41832698405111063,-2.556088908491717,-0.19468083345059448,-0.07852661081433113
169.376,0.03200000000001069,-0.4222400942881849,-2.3765252132702614,-0.18600894745763924,0.008671885992955236
169.40800000000002,0.03200000000001069,-0.41765196647572467,-2.4857741663560615,-0.19354252023167437,-0.00753357277403513
169.44,0.031999999999982265,-0.4016252885730592,-2.3259404267787582,-0.1822232170290206,0.011319303202653758
169.472,0.03200000000001069,-0.42259016552107337,-2.4989052697147076,-0.19428963782045072,-0.01206642079143011
169.504,0.031999999999982265,-0.13291637331360598,-0.9097452383129521,-0.07811903250492763,0.11617060531552309
169.536,0.03200000000001069,-0.1556299680378197,-1.0600627256267077,-0.08246699265649918,-0.004347960151571545
169.568,0.03200000000001069,-0.15450660032933525,-1.1686728336900536,-0.09070520833397598,-0.008238215677476804
169.6,0.031999999999982265,-0.15764017643926165,-1.0284837326402811,-0.08087125468322197,0.009833953650754013
169.632,0.03200000000001069,-0.12528970485360313,-1.1157503587898223,-0.08672115706104953,-0.005849902377827565
169.66400000000002,0.03200000000001069,-0.131268800710834,-1.0358940411548083,-0.08118621484392795,0.005534942217121586
169.696,0.031999999999982265,-0.14487529650361397,-1.08121499115766,-0.08419960066260798,-0.003013385818680034
169.728,0.03200000000001069,-0.030373989956931413,-0.6311576052098705,-0.051276238544640224,0.03292336211796776
169.76,0.031999999999982265,-0.3585694190775791,-2.202656708106992,-0.16494400318903768,-0.11366776464439746
169.792,0.03200000000001069,-0.42173885835586483,-2.3901906564027917,-0.1852972274530215,-0.02035322426398381
169.824,0.03200000000001069,-0.41674511908976297,-2.510921489424571,-0.1953507731265769,-0.010053545673555403
169.856,0.031999999999982265,-0.42005019933512733,-2.5042761449138378,-0.19544245490647158,-9.168177989468673e-05
169.888,0.03200000000001069,-0.4148392917692726,-2.3517829623976656,-0.18423336442853697,0.011209090477934613
169.92000000000002,0.03200000000001069,-0.03174608945142495,-0.7256634297065496,-0.06400107521568989,0.12023228921284708
169.952,0.031999999999982265,-0.10842334100932023,-0.9252667182222747,-0.07173904708535014,-0.007737971869660257
169.984,0.03200000000001069,-0.13013406504606462,-1.105350592260248,-0.0854291619519229,-0.013690114866572761
170.016,0.031999999999982265,-0.004024867062824098,-0.40590574363260723,-0.03478214706316125,0.05064701488876165
170.048,0.03200000000001069,-0.3219421758872668,-1.980318943799095,-0.14764104495099842,-0.11285889788783716
170.08,0.03200000000001069,-0.41813447193513975,-2.5932436135524153,-0.1992309040917009,-0.05158985914070249
170.112,0.031999999999982265,-0.42020644843605376,-2.526244614324014,-0.19728201750522129,0.0019488865864796256
170.144,0.03200000000001069,-0.4171452117926757,-2.3020552097125346,-0.18068257048493405,0.016599447020287234
170.17600000000002,0.03200000000001069,-0.4024353200383835,-2.473596205017466,-0.1923394633657993,-0.011656892880865244
170.208,0.031999999999982265,-0.003496555186988003,-0.34294949755244647,-0.03632416357512862,0.1560152997906707
170.24,0.03200000000001069,-0.004798703115356002,-0.5582585580013222,-0.04315142126840698,-0.006827257693278362
170.272,0.031999999999982265,-0.07309523962718435,-0.92876640653512,-0.07079278366162814,-0.02764136239322116
170.304,0.03200000000001069,-0.10625575984344622,-0.8371791080575988,-0.06565314334696108,0.005139640314667057
170.336,0.03200000000001069,-0.017357103554853492,-0.5493895239897201,-0.044192325453528795,0.021460817893432287
170.368,0.031999999999982265,-0.11873356458302303,-0.9857566299367698,-0.07504394803778422,-0.030851622584255424
170.4,0.03200000000001069,-0.13117675700521486,-1.039877196213032,-0.08080502246085398,-0.005761074423069765
170.43200000000002,0.03200000000001069,-0.08214187804814559,-0.7341094580390354,-0.05865137525156683,0.022153647209287156
170.464,0.031999999999982265,-0.04918994810493718,-1.010275973619924,-0.07768181373675569,-0.019030438485188858
170.496,0.03200000000001069,-0.0033831141814307424,-0.4697971806618192,-0.03903349054604886,0.038648323190706824
170.528,0.031999999999982265,-0.059010169911564825,-0.73126878876068,-0.056031039773446714,-0.01699754922739785
170.56,0.03200000000001069,-0.004107883411412849,-0.6770544085347086,-0.05302535481371262,0.0030056849597340923
170.592,0.03200000000001069,-0.10314888455728406,-0.8775247427226325,-0.06759447317630511,-0.01456911836259249
170.624,0.031999999999982265,-0.0015674548967208495,-0.32408184953321734,-0.027735219221695605,0.03985925395460951
170.656,0.03200000000001069,-0.04882428263813149,-0.4907524162894196,-0.0376911724796625,-0.009955953257966894
170.68800000000002,0.03200000000001069,-0.127315268310468,-1.0407026521333351,-0.07870938538975365,-0.041018212910091154
170.72,0.031999999999982265,-0.000456741642910362,-0.21447075730579052,-0.020316048303923157,0.0583933370858305
170.752,0.03200000000001069,-0.1297707447843131,-1.1251922189275192,-0.0839197173735916,-0.06360366906966845
170.784,0.031999999999982265,-0.0047418351032169756,-0.5676132776953294,-0.046587016902014916,0.03733270047157669
170.816,0.03200000000001069,-0.0014641794091661453,-0.32120308555183535,-0.026310773188698122,0.020276243713316794
170.848,0.03200000000001069,-0.11190059036370588,-0.8493173113785236,-0.06397788412499276,-0.03766711093629464
170.88,0.031999999999982265,-0.003292840960188158,-0.3853891736894609,-0.032034991375759686,0.03194289274923308
170.912,0.03200000000001069,0.001629453703292356,-0.5025361650871363,-0.038805973916539754,-0.006770982540780068
170.94400000000002,0.03200000000001069,-0.015445795406491637,-0.4400863965465507,-0.03460428637086589,0.004201687545673863
170.976,0.031999999999982265,-0.032319576575467635,-0.6269151619332826,-0.048101156547610845,-0.013496870176744953
171.008,0.03200000000001069,-0.04382831750924208,-0.5177865404333342,-0.040854974873011374,0.007246181674599471
171.04,0.031999999999982265,-0.07251489028830656,-0.8501431661889193,-0.06487824102546207,-0.024023266152450692
171.072,0.03200000000001069,0.000900870910977694,-0.1656729753222046,-0.01592898915481632,0.04894925187064575
171.104,0.03200000000001069,-0.0035057925787324714,-0.5462967211557808,-0.041094350466415026,-0.025165361311598706
171.136,0.031999999999982265,-0.011914543285901535,-0.5075875176594916,-0.03970043997467476,0.0013939104917402648
171.168,0.03200000000001069,-0.0540564572767989,-0.6164306106208408,-0.04762431651720551,-0.007923876542530746
171.20000000000002,0.03200000000001069,-0.0029987077796433574,-0.2673681367704148,-0.02241162121167974,0.025212695305525768
171.232,0.031999999999982265,-0.005557097911519963,-0.31439081065285995,-0.024414173650833107,-0.0020025524391533676
171.264,0.03200000000001069,-0.026695953324606784,-0.5030969823948389,-0.03840727376899124,-0.01399310011815813
171.296,0.031999999999982265,0.0027558912970696,-0.47698012982210636,-0.03729444328068572,0.0011128304883055162
171.328,0.03200000000001069,-0.0018040716443461853,-0.44007976658948855,-0.034516539532639126,0.002777903748046595
171.36,0.03200000000001069,-0.0019078702881934473,-0.3276749268364862,-0.026089896335461677,0.008426643197177449
171.392,0.031999999999982265,-0.003943794487048858,-0.34493499234805836,-0.02687274312188526,-0.0007828467864235827
171.424,0.03200000000001069,-0.0025113313148555027,-0.4400242572977757,-0.03391082222741989,-0.007038079105534629
171.45600000000002,0.03200000000001069,0.00024052209671594164,-0.24075179148629378,-0.019662581771938404,0.014248240455481485
171.488,0.031999999999982265,-0.0025279071661702558,-0.31384928874926704,-0.02421565049567868,-0.0045530687237402764
171.52,0.03200000000001069,-0.00243935607101997,-0.3718897058620052,-0.028746800375137004,-0.004531149879458324
171.552,0.031999999999982265,0.0005971106193461619,-0.506010200598188,-0.0388716310407906,-0.010124830665653593
171.584,0.03200000000001069,-0.004750176053434916,-0.2564415029063889,-0.021102789621518566,0.01776884141927203
171.616,0.03200000000001069,-0.005084556664115449,-0.38164608113656745,-0.029284583835083065,-0.008181794213564499
171.648,0.031999999999982265,-0.0064093316027843406,-0.4335864316618328,-0.03357661641214686,-0.004292032577063797
171.68,0.03200000000001069,0.006009097432645655,-0.21965052940181373,-0.018091496785214663,0.0154851196269322
171.71200000000002,0.03200000000001069,0.009458070138038335,0.1712726408952962,0.011551023379828114,0.029642520165042777
171.744,0.031999999999982265,-0.0016781199350019882,-0.1242336885505308,-0.008469343667992773,-0.020020367047820887
171.776,0.03200000000001069,-0.00011533424308097167,-0.3656322837327375,-0.02737760836241446,-0.018908264694421688
171.808,0.031999999999982265,0.0006491307980820079,-0.2633027689041517,-0.020943829347598693,0.006433779014815767
171.84,0.03200000000001069,-0.0013622179499628696,-0.19485635477985866,-0.015538848420188529,0.0054049809274101645
171.872,0.03200000000001069,0.004770045673723538,0.014548150350781735,0.00017283088255138523,0.015711679302739916
171.904,0.031999999999982265,0.0019900809719862514,-0.24717908870466127,-0.01816762880290178,-0.018340459685453166
171.936,0.03200000000001069,-0.000417211333309683,-0.0001634543909813553,-0.0010608209296410688,0.017106807873260712
171.96800000000002,0.03200000000001069,0.001163011798102158,-0.07857779405840709,-0.005839868987216895,-0.004779048057575826
172.0,0.031999999999982265,-0.12697953220540953,-0.7092648688551693,-0.05249662935800372,-0.04665676037078682
172.032,0.03200000000001069,-0.031133398002005392,-0.24738925220301855,-0.021223643642377662,0.03127298571562606
172.064,0.031999999999982265,-0.00296806571761381,-0.21540003555471274,-0.01706578877878947,0.004157854863588193
172.096,0.03200000000001069,-0.10738838547667555,-0.5170715598745292,-0.03901075188012053,-0.02194496310133106
172.12800000000001,0.03200000000001069,-0.0029295037494304964,-0.1813662445962116,-0.01558976943830756,0.023420982441812968
172.16,0.031999999999982265,-0.00048531452811375844,-0.10007352408264228,-0.00825941264095556,0.007330356797352
172.192,0.03200000000001069,-0.08307815145374671,-0.39135624041558803,-0.029257234838854104,-0.020997822197898544
172.224,0.031999999999982265,-0.004267132325771226,-0.18120847091385206,-0.015015105181817366,0.014242129657036738
172.256,0.03200000000001069,0.003846985431723711,-0.19684441050295412,-0.015342790709713248,-0.0003276855278958827
172.288,0.03200000000001069,-0.0010639079499300242,-0.2132462833641376,-0.01656790513834847,-0.0012251144286352204
172.32,0.031999999999982265,5.5867920499095145e-05,-0.10968951389340208,-0.009023041581630064,0.007544863556718405
172.352,0.03200000000001069,-0.004460613633082831,-0.2946208091019305,-0.022187372903626275,-0.01316433132199621
172.38400000000001,0.03200000000001069,-0.005304851056256135,-0.24110114637296237,-0.019011489491271436,0.0031758834123548386
172.416,0.031999999999982265,-0.004445377705857132,-0.1218864746847492,-0.01006107471211923,0.008950414779152207
172.448,0.03200000000001069,0.0037832888906818973,-0.18890275622958078,-0.01447276804519741,-0.004411693333078181
172.48,0.031999999999982265,0.00020922079409127912,-0.3054307431404457,-0.023296945584345172,-0.008824177539147762
172.512,0.03200000000001069,0.003655809763134702,-0.25652332760175356,-0.020209694799637044,0.003087250784708128
172.544,0.03200000000001069,0.0003282288290391402,-0.05267745573247948,-0.0050405990697304425,0.015169095729906601
172.576,0.031999999999982265,-0.001093936849480328,-0.14703003646242646,-0.01110361132020627,-0.006063012250475828
172.608,0.03200000000001069,-0.0004657463605096003,-0.25646379574836237,-0.019501406871210786,-0.008397795551004516
172.64000000000001,0.03200000000001069,0.0009579975042487427,-0.012473905275002455,-0.0020431320538978467,0.01745827481731294
172.672,0.031999999999982265,0.004356507597913892,0.017310329956253433,0.0011550574565335802,0.003198189510431427
172.704,0.03200000000001069,-0.004330267187565195,-0.34526978587474516,-0.025324537856402873,-0.026479595312936453
172.736,0.031999999999982265,-0.004644456233430944,-0.05846843146265503,-0.005761743909393387,0.019562793947009487
172.768,0.03200000000001069,0.004758108874471262,-0.23045565603591647,-0.0172803813064267,-0.011518637397033314
172.8,0.03200000000001069,-0.001734833633406564,-0.11110085927587876,-0.009167962832874226,0.008112418473552475
172.832,0.031999999999982265,0.002233484495619979,0.06968767798286507,0.004595589583693101,0.013763552416567328
172.864,0.03200000000001069,-0.001398796968294352,-0.24414141626527658,-0.01768891590249136,-0.02228450548618446
172.89600000000002,0.03200000000001069,-0.005444272540719312,-0.32821646390632697,-0.02515827790041055,-0.0074693619979191925
172.928,0.031999999999982265,-0.0018277013347174212,-0.0006906176049727569,-0.0015031523574639684,0.023655125542946583
172.96,0.03200000000001069,-0.0018378470191966875,-0.1416069297880262,-0.010500581290530622,-0.008997428933066653
172.992,0.031999999999982265,0.003779327152767118,-0.07163924820990075,-0.00587455541424969,0.004626025876280932
173.024,0.03200000000001069,-0.0008028429755263716,0.07581561183214487,0.005236364600085223,0.011110920014334913
173.056,0.03200000000001069,0.00046160416903341005,-0.323567995468626,-0.023492973176758282,-0.028729337776843507
173.088,0.031999999999982265,0.1302487401653839,0.36948555154399526,0.02581582347405795,0.049308796650816236
173.12,0.03200000000001069,0.005023032865970435,-0.07653350449883627,-0.004137967574033003,-0.029953791048090955
173.15200000000002,0.03200000000001069,-0.000658322718870493,-0.021346106391342413,-0.001808678551033852,0.0023292890229991508
173.184,0.031999999999982265,0.0011637127854157903,0.014722228665579252,0.0009782626859109926,0.0027869412369448446
173.216,0.03200000000001069,3.1105947410515716e-05,-0.057962515938550646,-0.004206102348147559,-0.005184365034058552
173.248,0.031999999999982265,0.04475205750803511,0.2580708722084679,0.018735775986554792,0.02294187833470235
173.28,0.03200000000001069,0.005429888097804816,0.11763543167414965,0.009732535359876096,-0.009003240626678696
173.312,0.03200000000001069,-0.002142401208829725,0.09064658655200164,0.007228020797875009,-0.0025045145620010874
173.344,0.031999999999982265,0.062337943949341924,0.16607532931177965,0.012630484309318395,0.005402463511443386
173.376,0.03200000000001069,0.062112050025833344,0.3967169608806494,0.02990380137251539,0.017273317063196996
173.40800000000002,0.03200000000001069,0.04168996379934399,0.019829139643470484,0.0031845582968741772,-0.026719243075641212
173.44,0.031999999999982265,0.1320557637946321,0.7615890259321733,0.05619127108363138,0.053006712786757205
173.472,0.03200000000001069,0.0035733426682389284,0.28651489753077475,0.024314240721534444,-0.031877030362096936
173.504,0.031999999999982265,-0.002830707173680033,0.006108158218024212,0.0018528340332717127,-0.02246140668826273
173.536,0.03200000000001069,0.0030252448310596172,0.15094097747476792,0.011207196072281673,0.00935436203900996
173.568,0.03200000000001069,0.07269843779118053,0.44895278628671076,0.033663070687119566,0.022455874614837893
173.6,0.031999999999982265,0.0012901192879929595,-0.045376943070931514,-0.001393692644619992,-0.03505676333173956
173.632,0.03200000000001069,-0.0010768503104991523,0.12800319019356446,0.009332927008937914,0.010726619653557905
173.66400000000002,0.03200000000001069,0.02279139146839903,0.03622911993542277,0.0032030789555404495,-0.006129848053397465
173.696,0.031999999999982265,0.02885173184655937,0.4802376302057156,0.0355016948952651,0.03229861593972465
173.728,0.03200000000001069,0.0013896083292141781,0.04772152801787477,0.005558932086384606,-0.02994276280888049
173.76,0.031999999999982265,-0.0007595765007525386,0.1740544677842338,0.013120917007798626,0.00756198492141402
173.792,0.03200000000001069,-0.0006446525184203676,-0.05253248378764376,-0.0031057923177321544,-0.016226709325530782
173.824,0.03200000000001069,0.0016835538153829942,-0.1074874922855911,-0.008083949055376587,-0.004978156737644433
173.856,0.031999999999982265,-0.001777966051406661,0.0031102903125559303,-0.0002379474699157737,0.007846001585460814
173.888,0.03200000000001069,0.004816105731608572,0.34650534787768783,0.0254683452797326,0.025706292749648377
173.92000000000002,0.03200000000001069,0.052878506745388076,0.23443541918438382,0.018710697913588314,-0.006757647366144287
173.952,0.031999999999982265,0.07495082987723907,0.2975202141231867,0.022959855271757135,0.004249157358168821
173.984,0.03200000000001069,0.12295811437225891,0.5361091528967494,0.04075103980622729,0.017791184534470154
174.016,0.031999999999982265,0.0015234258868046676,0.16565641747638454,0.014534930410668698,-0.02621610939555859
174.048,0.03200000000001069,-0.001527721765000231,-0.15905836351882988,-0.010858099951938148,-0.025393030362606844
174.08,0.03200000000001069,0.12675640689807363,0.45261057650781233,0.032658256217498224,0.043516356169436374
174.112,0.031999999999982265,0.11451564278278793,0.5325467382564611,0.0410489387694659,0.008390682551967676
174.144,0.03200000000001069,0.11280336854455492,0.6650175481574121,0.05127525850062088,0.010226319731154981
174.17600000000002,0.03200000000001069,0.07912700202603548,0.6485000470648334,0.050650913736418654,-0.0006243447642022282
174.208,0.031999999999982265,0.07747619909020942,0.7329118378974108,0.05682253310637589,0.006171619369957235
174.24,0.03200000000001069,-0.001047667020402538,0.07288348858537322,0.008640180693769546,-0.04818235241260634
174.272,0.031999999999982265,0.132134399894229,0.794738303078858,0.05894402448326717,0.05030384378949762
174.304,0.03200000000001069,0.07397599382146484,0.51207226057862,0.04106069420488194,-0.017883330278385227
174.336,0.03200000000001069,0.11989349079251772,0.7975987800449397,0.0610259909542412,0.019965296749359263
174.368,0.031999999999982265,0.09366355508699917,0.4608280599752537,0.03741237408989065,-0.023613616864350553
174.4,0.03200000000001069,0.13474698423263393,0.6555776016524373,0.05037110717112821,0.012958733081237558
174.43200000000002,0.03200000000001069,0.13400614276677472,0.9162701373422439,0.07029059100394025,0.019919483832812043
174.464,0.031999999999982265,0.1323251729903286,0.8846127568459511,0.0691124335037538,-0.001178157500186447
174.496,0.03200000000001069,0.1461772135752207,0.8731579501583848,0.06820203047939635,-0.0009104030243574507
174.528,0.031999999999982265,0.41495384586956585,2.411765577111374,0.18129902713911605,0.1130969966597197
174.56,0.03200000000001069,0.13007112245585747,0.44870949894251033,0.043464423830468925,-0.13783460330864714
174.592,0.03200000000001069,0.4157432630302397,2.479048831419155,0.18481897368187036,0.14135454985140145
174.624,0.031999999999982265,0.16412760581704247,1.0332083273117383,0.0866518033278428,-0.09816717035402757
174.656,0.03200000000001069,0.36763195187206166,2.2766571672980214,0.17242821245112352,0.08577640912328073
174.68800000000002,0.03200000000001069,0.418565290469975,2.559027537546185,0.1981455864333223,0.025717373982198782
174.72,0.031999999999982265,0.4146497944500615,4.63325357484742,0.3521692793203102,0.15402369288698792
174.752,0.03200000000001069,0.4166415139365311,4.606352615986974,0.35908262246311345,0.00691334314280323
174.784,0.031999999999982265,0.42126465087302317,2.3540466791325327,0.19384663463495194,-0.1652359878281615
174.816,0.03200000000001069,0.42351926970056913,4.495156385244118,0.3417654061944812,0.14791877155952926
174.848,0.03200000000001069,0.2621034216969274,1.7336943653488837,0.14722607804173785,-0.19453932815274336
174.88,0.031999999999982265,0.08337943423569313,0.9758484893739454,0.08026334465632516,-0.06696273338541268
174.912,0.03200000000001069,0.1808137677360532,1.4620182338414074,0.11215068093812491,0.03188733628179975
174.94400000000002,0.03200000000001069,0.41839627090672366,2.4439039223777446,0.1861996033912467,0.07404892245312178
174.976,0.031999999999982265,0.4220266318503657,2.529794020786567,0.19679075668838766,0.01059115329714097
175.008,0.03200000000001069,0.4199980778373663,2.4175826794412667,0.18915012674228937,-0.007640629946098293
175.04,0.031999999999982265,0.4049940633441396,4.498496946001719,0.3417399467196952,0.15258981997740584
175.072,0.03200000000001069,0.4243106304852446,2.332734029718046,0.19127812089226406,-0.15046182582743114
175.104,0.03200000000001069,0.00015696987762220006,0.40401191983548734,0.04075343761846703,-0.15052468327379703
175.136,0.031999999999982265,0.37043951451836843,2.4152638280964633,0.1799717073560053,0.13921826973753826
175.168,0.03200000000001069,0.012008906999243625,0.5772393254589688,0.05283991143796389,-0.1271317959180414
175.20000000000002,0.03200000000001069,0.16759449882163402,1.0997937131452438,0.08392947813090494,0.03108956669294105
175.232,0.031999999999982265,0.39581901231971806,2.3402544261666263,0.17694801195024168,0.09301853381933674
175.264,0.03200000000001069,0.4222994699770379,2.4365518599655225,0.1893996212197722,0.012451609269530511
175.296,0.031999999999982265,0.41693126941476427,2.463012422204689,0.19206435688058612,0.0026647356608139328
175.328,0.03200000000001069,0.4054567478905113,3.401019672641976,0.2611994552723368,0.06913509839175067
175.36,0.03200000000001069,0.4189771592488334,2.4080223697225316,0.19216531417203384,-0.06903414110030295
175.392,0.031999999999982265,0.0006610817915450735,0.5782611345570546,0.05361898118709378,-0.13854633298494007
175.424,0.03200000000001069,0.12161994167232262,0.9495685678912991,0.0729268619005124,0.019307880713418615
175.45600000000002,0.03200000000001069,0.16013815680783192,0.9209254014564089,0.07193506310106715,-0.0009917987994452482
175.488,0.031999999999982265,0.19505064346673137,1.1659402651063064,0.08989625604064157,0.01796119293957442
175.52,0.03200000000001069,0.2897766413346601,1.3236805769646987,0.10253339740819253,0.012637141367550966
175.552,0.031999999999982265,0.1534492207007412,0.9643356183253343,0.07683661827406717,-0.025696779134125367
175.584,0.03200000000001069,0.135905413108479,1.0365436031228354,0.0806633584694792,0.003826740195412029
175.616,0.03200000000001069,0.13060964009887324,0.8973279733473108,0.07064632370538697,-0.010017034764092228
175.648,0.031999999999982265,0.16778115028737547,1.3855829411220801,0.10597443044791946,0.03532810674253249
175.68,0.03200000000001069,0.21630811659289295,1.5152754278913765,0.11755150432365004,0.011577073875730579
175.71200000000002,0.03200000000001069,0.4240020947905202,2.52878012344335,0.19275320299583876,0.07520169867218872
175.744,0.031999999999982265,0.41921270873628436,2.6417435591974328,0.2054018843616095,0.012648681365770742
175.776,0.03200000000001069,0.4197100986687946,2.3415543697834296,0.18405610008878456,-0.021345784272824936
175.808,0.031999999999982265,0.22263977929411716,1.3486630535383342,0.10980637535726062,-0.07424972473152394
175.84,0.03200000000001069,0.1551988235520534,1.2820876391310811,0.10062403616609286,-0.00918233919116776
175.872,0.03200000000001069,0.11154237989882218,1.1419184330205745,0.08978587302625071,-0.01083816313984215
175.904,0.031999999999982265,0.0023651685252401257,0.5921165170304138,0.048727638428888116,-0.041058234597362596
175.936,0.03200000000001069,-0.0019767045829463432,0.5035650053548326,0.03984528618337327,-0.008882352245514848
175.96800000000002,0.03200000000001069,0.11093253308938518,1.0059329483188608,0.07627676849336731,0.036431482309994045
176.0,0.031999999999982265,0.13692463985604128,1.0580634821620531,0.0822136156368103,0.005936847143442989
176.032,0.03200000000001069,0.12625263518893518,0.9104397267967991,0.07170005994055707,-0.01051355569625323
176.064,0.031999999999982265,0.10728246085229491,0.6938734311838778,0.0551667876332707,-0.01653327230728637
176.096,0.03200000000001069,0.18530304695531336,1.2917764044474846,0.09818225715102236,0.043015469517751655
176.12800000000001,0.03200000000001069,0.13375776193634537,0.9893089033658445,0.07842197199804361,-0.019760285152978743
176.16,0.031999999999982265,0.3284720740720287,2.011728111970861,0.15247016914173595,0.07404819714369233
176.192,0.03200000000001069,0.16365407648425295,1.1639931726616175,0.09440228382393588,-0.058067885317800064
176.224,0.031999999999982265,0.41596782014205075,2.430559902799165,0.18419368257103652,0.08979139874710064
176.256,0.03200000000001069,0.42044220372562324,2.624569351415842,0.2036447560107446,0.01945107343970809
176.288,0.03200000000001069,0.4197531708287122,2.7765793102841463,0.21594649534877047,0.012301739338025863
176.32,0.031999999999982265,0.41487598957692373,3.1165932136945544,0.24166136288743484,0.025714867538664365
176.352,0.03200000000001069,0.4219432247841407,2.270880687576304,0.18095196774841446,-0.06070939513902038
176.38400000000001,0.03200000000001069,0.42239847160747007,2.484165245715046,0.19313226506821235,0.01218029731979789
176.416,0.031999999999982265,0.41563041946760004,2.6070822403235145,0.20287476602456692,0.009742500956354566
176.448,0.03200000000001069,0.4195006356327169,2.2278943275994982,0.17555162663103274,-0.027323139393534174
176.48,0.031999999999982265,0.4171334568776709,2.8099542900511087,0.21677910846863283,0.04122748183760008
176.512,0.03200000000001069,0.41960083010288224,4.58334240259453,0.34957449645112565,0.13279538798249282
176.544,0.03200000000001069,0.42068294170827947,4.270712981421541,0.3342498132913424,-0.015324683159783248
176.576,0.031999999999982265,0.41687527577684713,3.1539941076767706,0.2512413745484979,-0.08300843874284453
176.608,0.03200000000001069,0.4199953864039233,4.713765082725501,0.36115528472908304,0.10991391018058516
176.64000000000001,0.03200000000001069,0.276958491562697,1.8877710757594683,0.15967627403087206,-0.20147901069821098
176.672,0.031999999999982265,0.2615631490552719,1.7642398400513328,0.13896056149180522,-0.020715712539066844
176.704,0.03200000000001069,0.25554109028776995,1.6714810572316703,0.130943160612056,-0.008017400879749226
176.736,0.031999999999982265,0.311255275211658,2.038004213780706,0.15743451940441022,0.02649135879235423
176.768,0.03200000000001069,0.42139116154133993,4.256863511318237,0.32213925643849817,0.16470473703408794
176.8,0.03200000000001069,0.4197855872409095,2.8803133562102596,0.23041569881706728,-0.09172355762143089
176.832,0.031999999999982265,0.4230180718366084,4.184113975976722,0.32100237531608466,0.09058667649901739
176.864,0.03200000000001069,0.41639601924014974,3.0232154479125226,0.24085911990996095,-0.08014325540612371
176.89600000000002,0.03200000000001069,0.41756295191484,3.146979565942057,0.2453341649559771,0.004475045046016146
176.928,0.031999999999982265,0.4224871989807218,2.2766350267299225,0.18158717062953114,-0.06374699432644595
176.96,0.03200000000001069,0.4057326665635264,2.6861777569750043,0.2080249805794371,0.026437809949905966
176.992,0.031999999999982265,0.25033253907614333,1.6876056190066482,0.13611598976036962,-0.07190899081906749
177.024,0.03200000000001069,0.41889780365678797,2.351660288650771,0.18079948085105613,0.044683491090686506
177.056,0.03200000000001069,0.4200121867424325,3.036267554567468,0.23372519098658234,0.052925710135526216
177.088,0.031999999999982265,0.4145738218622353,4.66993323623926,0.35692068768669855,0.1231954967001162
177.12,0.03200000000001069,0.41945412963087425,3.037036629012783,0.24394906374811304,-0.11297162393858551
177.15200000000002,0.03200000000001069,0.42121210669553244,4.72988476600273,0.36191975151088385,0.11797068776277081
177.184,0.031999999999982265,0.3624387898111669,2.0283408346981204,0.17005793790514517,-0.19186181360573867
177.216,0.03200000000001069,0.14770714108017724,1.159479544761761,0.09508567627719516,-0.07497226162795001
177.248,0.031999999999982265,0.2828884653053866,2.1321624878138747,0.16228892070094666,0.0672032444237515
177.28,0.03200000000001069,0.421905248153501,2.2353331150498574,0.17375569332255483,0.011466772621608168
177.312,0.03200000000001069,0.4196516621298153,2.456505765537216,0.190682746344714,0.01692705302215916
177.344,0.031999999999982265,0.40934836479131514,4.726415583530651,0.3585896116643073,0.1679068653195933
177.376,0.03200000000001069,0.4134645025176377,3.9593283557379464,0.31187095167630735,-0.046718659987999955
177.40800000000002,0.03200000000001069,0.408990106799583,2.3746771297192533,0.19263831642779483,-0.11923263524851252
177.44,0.031999999999982265,0.005577217901442858,0.3781628632896072,0.03893101497907237,-0.15370730144872247
177.472,0.03200000000001069,0.3260463878835605,2.0040292291312394,0.14962421502351897,0.1106932000444466
177.504,0.031999999999982265,0.4216684172638737,2.1769625028331197,0.168731983499528,0.019107768476009035
177.536,0.03200000000001069,0.4165971051534457,2.4936771558229713,0.1931263246705472,0.024394341171019185
177.568,0.03200000000001069,0.3997432907655067,3.1656439423794223,0.24395117717648193,0.05082485250593474
177.6,0.031999999999982265,0.41697994691970686,2.3421233814403535,0.18632336045917722,-0.057627816717304714
177.632,0.03200000000001069,0.41648598199023334,2.637096560339208,0.20468895413293586,0.018365593673758646
177.66400000000002,0.03200000000001069,0.023615156081882204,0.5057955452332705,0.049012823520195994,-0.15567613061273988
177.696,0.031999999999982265,0.178794436550406,1.3005460751102393,0.09847191804482963,0.04945909452463364
177.728,0.03200000000001069,0.007953897916273057,0.45554438982480994,0.03918553062876902,-0.05928638741606061
177.76,0.031999999999982265,0.16219054112699277,1.0409344957166855,0.07881270313724585,0.03962717250847683
177.792,0.03200000000001069,0.2125800895711045,1.4228758192286388,0.10918839470446953,0.03037569156722368
177.824,0.03200000000001069,0.4186404310959113,2.360519441033653,0.17989647969382716,0.07070808498935763
177.856,0.031999999999982265,0.41696518744377814,2.205685113327975,0.17259184070360561,-0.007304638990221546
177.888,0.03200000000001069,0.4192849265770992,2.5522796246184494,0.19765878949630677,0.02506694879270116
177.92000000000002,0.03200000000001069,0.42078649049421635,2.577807358987688,0.20098319670115375,0.003324407204846974
177.952,0.031999999999982265,0.11055707484544809,0.8641136753533518,0.07514969001057195,-0.1258335066905818
177.984,0.03200000000001069,-0.0018647785990682287,0.4393710244534324,0.03664976695923896,-0.03849992305133299
178.016,0.031999999999982265,0.18438035298140573,1.372159029126331,0.10302464304966419,0.06637487609042522
178.048,0.03200000000001069,0.11193064393847722,0.931944149023144,0.07448290144264821,-0.028541741607015975
178.08,0.03200000000001069,0.03617423279778363,0.7088153385056963,0.056426269755712244,-0.01805663168693597
178.112,0.031999999999982265,0.1129745584312279,0.853608791250924,0.06603202037131624,0.009605750615603995
178.144,0.03200000000001069,0.061076536466259865,0.7784370274228732,0.06105840295737288,-0.004973617413943358
178.17600000000002,0.03200000000001069,-0.002290890903639367,0.14321321878056817,0.01405677784248462,-0.04700162511488826
178.208,0.031999999999982265,0.13026886742523291,1.1887004005615607,0.08822878152433528,0.07417200368185066
178.24,0.03200000000001069,0.10344677054373141,0.8573562481300144,0.0681435388753212,-0.020085242649014082
178.272,0.031999999999982265,0.020897762439323214,0.7620131634289716,0.059972484295197734,-0.00817105458012346
178.304,0.03200000000001069,-0.00446343389198849,0.5167314469602202,0.041462703863211534,-0.0185097804319862
178.336,0.03200000000001069,0.004892436181344856,0.6483270838111967,0.050071724249435054,0.00860902038622352
178.368,0.031999999999982265,0.002994691043472376,0.4648592185860344,0.03707644669229599,-0.012995277557139064
178.4,0.03200000000001069,0.0022958950797040147,0.4907004698536247,0.03822661277445779,0.0011501660821617993
178.43200000000002,0.03200000000001069,0.0037399790729852477,0.4995102637036986,0.038940885036891304,0.0007142722624335143
178.464,0.031999999999982265,0.000712283143550381,0.4687223641518196,0.03671797020927925,-0.0022229148276120547
178.496,0.03200000000001069,-0.00047189975438132956,0.22543254290082132,0.01869805482534972,-0.018019915383929528
178.528,0.031999999999982265,-0.0024293680328238993,0.4590369226614047,0.034837100727997075,0.016139045902647354
178.56,0.03200000000001069,0.08451128370381111,0.7633569946373944,0.058148559987415215,0.02331145925941814
178.592,0.03200000000001069,0.0005170574786432339,0.3852774728834504,0.03169025536649296,-0.026458304620922253
178.624,0.031999999999982265,-0.0005467835751864404,0.36218144406529656,0.028464354649800967,-0.0032259007166919942
178.656,0.03200000000001069,0.005326041560444384,0.47044302901321217,0.03623970785507471,0.007775353205273741
178.68800000000002,0.03200000000001069,-0.0024568459995526802,0.45084510949632073,0.03524733638495031,-0.0009923714701243966
178.72,0.031999999999982265,0.003517639765705525,0.3852117739324276,0.030363357331564464,-0.004883979053385848
178.752,0.03200000000001069,-0.0015015945374564378,0.2674482290630664,0.021421051961196095,-0.008942305370368369
178.784,0.031999999999982265,-0.0889441828658229,0.035157458964174076,0.003822105070871673,-0.017598946890324423
178.816,0.03200000000001069,-0.06595344055345428,0.06291597195072711,0.0048475014289867165,0.0010253963581150437
178.848,0.03200000000001069,-0.03914273406738764,-0.08606239080518181,-0.0060492059261234915,-0.010896707355110207
178.88,0.031999999999982265,0.0034579055723534882,0.05762934824648948,0.0038888602437477963,0.009938066169871288
178.912,0.03200000000001069,-0.0007023927744149232,0.5097045894076395,0.03770829127070022,0.03381943102695242
178.94400000000002,0.03200000000001069,-0.09163096509161564,-0.12446139519673372,-0.006976054313077956,-0.04468434558377817
178.976,0.031999999999982265,0.0019052789523999669,0.3685770793186078,0.02670252071501997,0.03367857502809793
179.008,0.03200000000001069,-0.003715543226440151,0.33294520726714777,0.026026377851775147,-0.000676142863244824
179.04,0.031999999999982265,-0.12073724765747115,-0.33359379111769816,-0.023030084167087413,-0.04905646201886256
179.072,0.03200000000001069,0.0010069392649213634,0.1538974243509248,0.009988145924383084,0.033018230091470493
179.104,0.03200000000001069,-0.0467667094790928,0.2239864632071284,0.01704862169126115,0.007060475766878065
179.136,0.031999999999982265,-0.1284696135008426,-0.3856302995901585,-0.027375138370533788,-0.04442376006179494
179.168,0.03200000000001069,0.0013131360148635365,0.01376846790537182,-0.0005678052445578176,0.026807333125975972
179.20000000000002,0.03200000000001069,-0.022632476221557767,-0.028309806160708943,-0.002114688430481455,-0.0015468831859236376
179.232,0.031999999999982265,-0.006387086048333361,0.10829438734943797,0.007841914761840714,0.00995660319232217
179.264,0.03200000000001069,-0.008616683281647868,0.1372491197960291,0.01054603786469143,0.0027041231028507168
179.296,0.031999999999982265,-0.12638107590076264,-0.43347670559641477,-0.03126916207329254,-0.04181519993798397
179.328,0.03200000000001069,-0.006273411911384747,0.08281359826893506,0.004284990884056508,0.03555415295734905
179.36,0.03200000000001069,-0.020804248616549843,-0.04420913813576097,-0.003003781459904148,-0.007288772343960656
179.392,0.031999999999982265,0.002757628588814234,-0.14190176311739902,-0.010608893334565654,-0.007605111874661506
179.424,0.03200000000001069,-0.1223327318929089,-0.3834751081914082,-0.028813287943744832,-0.018204394609179178
179.45600000000002,0.03200000000001069,-0.13238175933361074,-0.48669591748815594,-0.0374550925521397,-0.008641804608394865
179.488,0.031999999999982265,-0.030267814133751347,-0.10287700839913265,-0.009727846451872505,0.027727246100267194
179.52,0.03200000000001069,-0.4186435615194583,-2.2169166731285213,-0.16359413388683933,-0.15386628743496683
179.552,0.031999999999982265,0.0006076253512028364,-0.005922849296620944,-0.009879706162508444,0.1537144277243309
179.584,0.03200000000001069,-0.05410785516115849,-0.20333819912362092,-0.015523883546197239,-0.0056441773836887945
179.616,0.03200000000001069,-0.13570710046379422,-0.4574832803566829,-0.03453960354025943,-0.01901571999406219
179.648,0.031999999999982265,-0.12264405039797047,-0.5279503456233653,-0.040819527460102145,-0.006279923919842716
179.68,0.03200000000001069,-0.12099668286146087,-0.6723821331291839,-0.05180360804422445,-0.010984080584122306
179.71200000000002,0.03200000000001069,0.0008891853633072764,-0.09959485755805794,-0.010314802902836751,0.0414888051413877
179.744,0.031999999999982265,-0.0005836119588384724,-0.26727252194544776,-0.020250745861463054,-0.009935942958626303
179.776,0.03200000000001069,0.0038685269254333846,-0.14528920843294288,-0.011853658180187628,0.008397087681275426
179.808,0.031999999999982265,-0.0005230152488238548,-0.24196979166401442,-0.0184788140414371,-0.006625155861249472
179.84,0.03200000000001069,-0.0035102899930003185,-0.15968550953713911,-0.012810073434304105,0.005668740607132995
179.872,0.03200000000001069,-0.10063803011681383,-0.6749152691470675,-0.050372935489998244,-0.03756286205569414
179.904,0.031999999999982265,-0.0014249663931222227,-0.31548394790941575,-0.026108744099798818,0.024264191390199426
179.936,0.03200000000001069,7.480807112453548e-05,-0.23564159699310036,-0.018836370136155495,0.0072723739636433235
179.96800000000002,0.03200000000001069,-0.004321483141740295,-0.29443092761526224,-0.02273992338374351,-0.0039035532475880166
180.0,0.031999999999982265,-0.0006092146129253138,-0.16819835625368076,-0.013682100022791544,0.009057823360951968
180.032,0.03200000000001069,0.00024372711491976409,-0.3108141723018791,-0.02364719964846083,-0.009965099625669287
180.064,0.031999999999982265,-0.002951004135691825,-0.37603695821869226,-0.029018974109628917,-0.005371774461168086
180.096,0.03200000000001069,-0.004766379852749121,-0.40928883473595246,-0.031774432226210556,-0.002755458116581639
180.12800000000001,0.03200000000001069,-0.0019327969500388114,-0.16804300792062205,-0.0141922295350932,0.017582202691117356
180.16,0.031999999999982265,0.0033902736254882134,-0.2684190330751331,-0.020558900813368235,-0.006366671278275036
180.192,0.03200000000001069,0.0007306231925887129,-0.02780951436677877,-0.0032319643701480246,0.01732693644322021
180.224,0.031999999999982265,-0.06712738401886192,-0.8467248433271642,-0.06245491508734596,-0.05922295071719793
180.256,0.03200000000001069,-0.05679265373769815,-0.2932316982697614,-0.025169790161297837,0.037285124926048116
180.288,0.03200000000001069,-0.006742255575502873,-0.23860173588529418,-0.018999854475798866,0.0061699356854989715
180.32,0.031999999999982265,-0.3358237400241114,-1.8785251889330659,-0.13924401196474245,-0.12024415748894358
180.352,0.03200000000001069,-0.000584333177371729,0.0019116326154567376,-0.007897846505137968,0.13134616545960448
180.38400000000001,0.03200000000001069,-0.4185202013002191,-2.1836211853421092,-0.1610399319641596,-0.15314208545902164
180.416,0.031999999999982265,-0.07575013726099392,-0.4165385662472919,-0.03992902727159562,0.121110904692564
180.448,0.03200000000001069,-0.2051903534235484,-1.314844203477446,-0.09899900646313049,-0.05906997919153487
180.48,0.031999999999982265,-0.002830714666710245,-0.37625183809419604,-0.03338476674273816,0.06561423972039233
180.512,0.03200000000001069,-0.10038700004672808,-0.7597482708107679,-0.05779933171818041,-0.024414564975442254
180.544,0.03200000000001069,-0.0009485978767881229,-0.43760160101746387,-0.03551802297516072,0.022281308743019694
180.576,0.031999999999982265,-0.11375104066025092,-0.9554888986227003,-0.07231729273850576,-0.03679926976334504
180.608,0.03200000000001069,0.0008530823449876665,-0.4715188149602674,-0.03885041107221609,0.03346688166628967
180.64000000000001,0.03200000000001069,0.001310724698624618,-0.27031934359293536,-0.02212214415977533,0.016728266912440757
180.672,0.031999999999982265,-0.057224428162414555,-0.7744474708540194,-0.058230133403400726,-0.03610798924362539
180.704,0.03200000000001069,-0.0208578146746994,-0.42832923106513593,-0.034861000572643436,0.02336913283075729
180.736,0.031999999999982265,-0.02126569422372333,-0.5780264776194317,-0.04452069150382092,-0.009659690931177481
180.768,0.03200000000001069,-0.11835223640527134,-1.04201634507485,-0.07920025650134942,-0.0346795649975285
180.8,0.03200000000001069,-0.000995582597948903,-0.5030665827228148,-0.04156778820976424,0.037632468291585175
180.832,0.031999999999982265,-0.000723891073757698,-0.4102235432640986,-0.032567602368639766,0.009000185841124476
180.864,0.03200000000001069,-0.0019594392268696545,-0.31990572073723444,-0.025406036813988574,0.007161565554651191
180.89600000000002,0.03200000000001069,-0.019032200536492162,-0.42599605332468277,-0.03279451332722928,-0.007388476513240708
180.928,0.031999999999982265,-0.0002542897856212074,-0.324863467595432,-0.02578373000127276,0.007010783325956522
180.96,0.03200000000001069,-0.02738121078814877,-0.49392813017950915,-0.037812057525408754,-0.012028327524135993
180.992,0.031999999999982265,0.0012552419697118404,-0.47138869035591946,-0.0368488862710226,0.0009631712543861567
181.024,0.03200000000001069,0.001505190424760059,-0.3244244267897805,-0.025985498052105694,0.010863388218916904
181.056,0.03200000000001069,-0.0021695546345738294,-0.38358535628163115,-0.029709072823395657,-0.0037235747712899628
181.088,0.031999999999982265,-0.005461363774626539,-0.3863461164080564,-0.03012705828610251,-0.00041798546270685466
181.12,0.03200000000001069,-0.15856781555548977,-0.9954805849176221,-0.07494707498692547,-0.04482001670082296
181.15200000000002,0.03200000000001069,-0.07536462654767534,-0.5198220886357341,-0.04255445966322037,0.032392615323705104
181.184,0.031999999999982265,-0.131279172854922,-0.8336469296209637,-0.06376321374147607,-0.021208754078255704
181.216,0.03200000000001069,-0.012306705423400496,-0.45971811942752133,-0.03748876615785998,0.026274447583616092
181.248,0.031999999999982265,0.0015339458979415318,0.059201981406058854,0.002189535223719574,0.03967830138157956
181.28,0.03200000000001069,-0.41775641022097304,-2.3650625682825095,-0.1738008371180975,-0.17599037234181705
181.312,0.03200000000001069,-0.0018234991393042386,-0.06443548363121977,-0.014771962109790138,0.15902887500830734
181.344,0.031999999999982265,-0.007448639016116058,-0.696586726606686,-0.05207991740424116,-0.03730795529445102
181.376,0.03200000000001069,0.0003796042385567248,-0.2810636764520288,-0.02367601203223695,0.02840390537200421
181.40800000000002,0.03200000000001069,-0.10133024835543095,-0.5933721959006971,-0.045003520028386756,-0.021327507996149807
181.44,0.031999999999982265,-0.14755748659917903,-0.9674979961934996,-0.07374803349137984,-0.028744513462993088
181.472,0.03200000000001069,-0.10967343019113161,-1.0325305756102285,-0.0801899383660069,-0.00644190487462705
181.504,0.031999999999982265,0.0036764986229631254,-0.39083892228980666,-0.03337167406288587,0.04681826430312103
181.536,0.03200000000001069,-0.1222605736540854,-0.7107788362057642,-0.054197352577226764,-0.020825678514340897
181.568,0.03200000000001069,-0.13648900292589816,-1.1695779503193953,-0.08913979056423872,-0.03494243798701196
181.6,0.031999999999982265,-0.08900195144030301,-0.8359707391061347,-0.06662343540955008,0.02251635515468864
181.632,0.03200000000001069,-0.011136981682978388,-0.2909035841508778,-0.02523922495568279,0.041384210453867296
181.66400000000002,0.03200000000001069,-0.0905254617054386,-0.6640734695738447,-0.05029315054890835,-0.02505392559322556
181.696,0.031999999999982265,-0.12085142024861692,-1.1658657263704169,-0.08864140679153623,-0.03834825624262788
181.728,0.03200000000001069,2.9175003507146048e-05,-0.5892086887522171,-0.04844772709836542,0.04019367969317081
181.76,0.031999999999982265,-0.0037346405261772827,-0.34229650542762813,-0.027969405147804455,0.020478321950560967
181.792,0.03200000000001069,0.0003951149802403551,-0.2454007911363479,-0.019661477730355523,0.008307927417448933
181.824,0.03200000000001069,-0.004267409078010694,-0.34419197950372254,-0.02644699511119662,-0.006785517380841096
181.856,0.031999999999982265,-0.02652219197957904,-0.490357628794442,-0.037587771727954945,-0.011140776616758327
181.888,0.03200000000001069,-0.0003044965393151039,-0.5483489625323569,-0.04249561430642753,-0.004907842578472585
181.92000000000002,0.03200000000001069,-0.027985558792629962,-0.5234886532735237,-0.040950706758646066,0.0015449075477814642
181.952,0.031999999999982265,-0.0971974947955026,-1.0862765295528771,-0.08224906856584896,-0.041298361807202894
181.984,0.03200000000001069,-0.0011699026666704326,-0.20555038950424592,-0.019864385080779333,0.06238468348506963
182.016,0.031999999999982265,-0.0006694642915761919,-0.4106275113199913,-0.03134439282309186,-0.011480007742312524
182.048,0.03200000000001069,0.0013268204798537022,-0.3553491888850949,-0.027941942730638478,0.0034024500924533796
182.08,0.03200000000001069,-0.003142832609775635,-0.3818048724352539,-0.029691079385115834,-0.001749136654477356
182.112,0.031999999999982265,-0.14833018276308832,-1.0812166568654582,-0.08122695647762716,-0.051535877092511326
182.144,0.03200000000001069,0.0006780924879779249,-0.198695574044506,-0.019301274810960677,0.06192568166666648
182.17600000000002,0.03200000000001069,-0.0019448049220216223,-0.4060046318216667,-0.030971917381105368,-0.01167064257014469
182.208,0.031999999999982265,0.0034162098374162404,-0.21886114693334116,-0.017883078546661924,0.013088838834443443
182.24,0.03200000000001069,-0.2631514211434967,-1.7877674098438228,-0.1325051938890243,-0.11462211534236237
182.272,0.031999999999982265,0.001983737097026194,-0.223656328620356,-0.024097139713431394,0.1084080541755929
182.304,0.03200000000001069,-0.001941980561870042,-0.3712787624084228,-0.028695029937010324,-0.00459789022357893
182.336,0.03200000000001069,-0.002610985261029065,-0.3312743524239552,-0.026018528528056206,0.0026765014089541184
182.368,0.031999999999982265,0.0036759096689838416,-0.3128822632504946,-0.02451145816627583,0.0015070703617803757
182.4,0.03200000000001069,-0.02988520190405415,-0.4984172353636524,-0.03806874025769811,-0.01355728209142228
182.43200000000002,0.03200000000001069,-0.001424986076412905,-0.43417648843406037,-0.03412711057040398,0.0039416296872941264
182.464,0.031999999999982265,-0.01165860590709463,-0.5478131205422151,-0.04225642758787926,-0.008129317017475275
182.496,0.03200000000001069,-0.034458054281425954,-0.4233216793362129,-0.033570596778401095,0.008685830809478164
182.528,0.031999999999982265,-0.002591579345107677,-0.4321714575727474,-0.033719986471818814,-0.00014938969341771885
182.56,0.03200000000001069,0.0011667386867632715,-0.49907796762910517,-0.03864893050518333,-0.004928944033364517
182.592,0.03200000000001069,-0.004646722137108316,-0.10898033654508485,-0.010245605750231928,0.0284033247549514
182.624,0.031999999999982265,0.0016180862570892248,-0.48260092784375763,-0.03608205091614132,-0.02583644516590939
182.656,0.03200000000001069,0.004676838070008796,-0.27546246830356835,-0.022340555837089226,0.013741495079052094
182.68800000000002,0.03200000000001069,0.0003425898996933358,-0.26724070527060023,-0.020942641682800064,0.0013979141542891614
182.72,0.031999999999982265,-0.003442232671381174,-0.4800625904339219,-0.03651291102771878,-0.015570269344918716
182.752,0.03200000000001069,0.002537192016127843,-0.17450530049613017,-0.014941016006242785,0.021571895021475995
182.784,0.031999999999982265,-0.001810023594408873,-0.19038650219358916,-0.01486359757011985,7.741843612293561e-05
182.816,0.03200000000001069,0.000703934363999229,-0.20034484483181134,-0.015591467048415606,-0.0007278694782957562
182.848,0.03200000000001069,-0.0044969985830142275,-0.18851267865609772,-0.0147633461015667,0.0008281209468489065
182.88,0.031999999999982265,0.00026039499753892077,-0.47624871962661125,-0.03587571306929998,-0.02111236696773328
182.912,0.03200000000001069,0.00016164513419797603,-0.18173435554841275,-0.01543585750167769,0.02043985556762229
182.94400000000002,0.03200000000001069,-0.0036844919946465034,-0.18962521429694484,-0.014836179028957334,0.0005996784727203552
182.976,0.031999999999982265,-0.0036468602704198202,-0.28006557452558467,-0.021452564720055606,-0.006616385691098271
183.008,0.03200000000001069,0.10496481544466761,0.24502257894851098,0.016780579176589743,0.03823314389664535
183.04,0.031999999999982265,0.001459400135733608,-0.22723317281789723,-0.015742051637319773,-0.03252263081390952
183.072,0.03200000000001069,0.0008710298229727116,-0.25858906193963654,-0.019925472310261254,-0.0041834206729414805
183.104,0.03200000000001069,0.11762558316423945,0.6043536659369414,0.043294026340151955,0.06321949865041321
183.136,0.031999999999982265,-0.006183643990416985,-0.10304492080558707,-0.005078622601012486,-0.04837264894116444
183.168,0.03200000000001069,-0.00044659443616933006,-0.2172050327122294,-0.016266491502722767,-0.011187868901710281
183.20000000000002,0.03200000000001069,-0.0006655855995196947,-0.1761870227498634,-0.013895883113656476,0.002370608389066291
183.232,0.031999999999982265,-0.004647561687306899,-0.06546199269468807,-0.005616286287609089,0.008279596826047387
183.264,0.03200000000001069,-0.002240507598699302,-0.11485606312330425,-0.00877076392550944,-0.0031544776379003516
183.296,0.031999999999982265,0.0007234934075264854,-0.19980686091967845,-0.015200169922135855,-0.006429405996626414
183.328,0.03200000000001069,0.002625099928121681,-0.029539649528025225,-0.0030498443092294362,0.012150325612906418
183.36,0.03200000000001069,-0.003065235823432397,-0.12010753966244447,-0.009008800371024384,-0.005958956061794947
183.392,0.031999999999982265,-0.003315447995220345,-0.12881605755912687,-0.009993231787790924,-0.0009844314167665406
183.424,0.03200000000001069,0.002243121505712439,-0.1841046286025706,-0.014115996143255366,-0.004122764355464442
183.45600000000002,0.03200000000001069,-0.0026664733203359027,-0.11315166213581508,-0.009136102302417307,0.00497989384083806
183.488,0.031999999999982265,0.004710230451301086,0.2710221310439151,0.01940361014388274,0.028539712446300047
183.52,0.03200000000001069,-0.0009493003683466018,-0.03127688795313218,-0.0011799569047054146,-0.020583567048588155
183.552,0.031999999999982265,-0.0013073597513050083,0.14245242627094676,0.010407865870036255,0.01158782277474167
183.584,0.03200000000001069,0.0049068403967503895,-0.04485580835141032,-0.002697869807576986,-0.013105735677613242
183.616,0.03200000000001069,0.0012399729165541349,0.06871105105280052,0.0048972807217129415,0.007595150529289928
183.648,0.031999999999982265,-0.11107315396885571,-0.36796862158347404,-0.02677778027775624,-0.03167506099946918
183.68,0.03200000000001069,0.0004979297726463747,-0.024740059494444352,-0.003365246140056111,0.023412534137700128
183.71200000000002,0.03200000000001069,0.0014069735484070894,0.01459786451881157,0.000879257706932455,0.004244503846988566
183.744,0.031999999999982265,-0.08013627454223275,-0.41220315167424215,-0.030262754403169598,-0.031142012110102053
183.776,0.03200000000001069,0.0020348287352223637,0.12313503722663117,0.007308337624661203,0.0375710920278308
183.808,0.031999999999982265,-0.02650018760548791,-0.16155591069585712,-0.011458954674253424,-0.018767292298914627
183.84,0.03200000000001069,-0.10611100314084276,-0.4331282015251615,-0.032513860931346554,-0.02105490625709313
183.872,0.03200000000001069,0.002049313020445386,0.05772791130137876,0.0023683284652354546,0.03488218939658201
183.904,0.031999999999982265,-0.08078114802375765,-0.4614922363005265,-0.03380152216909227,-0.036169850634327726
183.936,0.03200000000001069,0.0029584578851630633,-0.025775900175059655,-0.0038468962404616183,0.02995462592863065
183.96800000000002,0.03200000000001069,-0.07353130543247631,-0.3178460047326945,-0.023596544953776794,-0.019749648713315176
184.0,0.031999999999982265,-0.0008686960006638167,0.05539237254619378,0.002711360844056405,0.0263079057978332
184.032,0.03200000000001069,-0.004580655500327193,0.005963126744022449,0.0005950540525523405,-0.0021163067915040646
184.064,0.031999999999982265,-0.007226528162830973,0.17326386260014218,0.012776215622252961,0.012181161569700621
184.096,0.03200000000001069,-0.10068360015018303,-0.5109197840841019,-0.036835597501149675,-0.04961181312340264
184.12800000000001,0.03200000000001069,0.000715518143731418,-0.05555020220789306,-0.006211659526863917,0.03062393797428576
184.16,0.031999999999982265,0.0006125242269832524,-0.09970606403271177,-0.007690999908905718,-0.001479340382041801
184.192,0.03200000000001069,0.0007737147944891021,-0.1684663292197252,-0.012833046341242549,-0.005142046432336831
184.22400000000002,0.03200000000001069,-0.004943720591561545,-0.1522839919313486,-0.011939839190265039,0.00089320715097751
184.256,0.031999999999982265,-0.0004341621534041255,-0.08790503667779095,-0.007153832213718857,0.004786006976546182
184.288,0.03200000000001069,0.002936344590399547,0.09166764176157924,0.006328275001750988,0.013482107215469843
184.32,0.031999999999982265,-0.002791597130594402,-0.038226219490659435,-0.0024458393597797403,-0.008774114361530728
184.352,0.03200000000001069,-0.0011235111763071863,0.15041205539897123,0.010920140572256518,0.013365979932036259
184.38400000000001,0.03200000000001069,-0.0037235827169517424,-0.09056794411411098,-0.006029977479400619,-0.016950118051657137
184.416,0.031999999999982265,-0.03610997414954654,-0.13648623293363604,-0.010385333523677417,-0.004355356044276799
184.448,0.03200000000001069,-0.003182003986532408,-0.1513001549401999,-0.011726183391402169,-0.0013408498677247513
184.48,0.031999999999982265,-0.005980377697323638,-0.08177544380703566,-0.0066907264133906725,0.005035456978011496
184.512,0.03200000000001069,0.0032437627521718316,-0.12936935560412827,-0.009900101179485215,-0.003209374766094542
184.544,0.03200000000001069,-0.0018576816329957332,-0.20449714025693222,-0.015610289725167531,-0.005710188545682317
184.576,0.031999999999982265,-0.00034759307195790854,-0.17782196997624122,-0.013978235579533588,0.0016320541456339432
184.608,0.03200000000001069,0.056699561238876005,0.19815674979702946,0.01376554161399438,0.02774377719352797
184.64000000000001,0.03200000000001069,-0.0007737769715957942,-0.1605969427562775,-0.011015663523260178,-0.02478120513725456
184.672,0.031999999999982265,-0.004012299706018549,-0.3140026564407095,-0.02372775057408948,-0.012712087050829301
184.704,0.03200000000001069,-0.004640984521271503,-0.08086913400608656,-0.0073169155910241795,0.016410834983065302
184.736,0.031999999999982265,0.03420769209468157,0.14895160279246394,0.01053153581802544,0.017848451409049622
184.768,0.03200000000001069,0.002197530247348247,-0.030769313580272455,-0.0016548064394118608,-0.012186342257437302
184.8,0.03200000000001069,-0.002243435471205268,-0.15880906464229821,-0.01177438503436068,-0.010119578594948818
184.832,0.031999999999982265,-0.030465149122728085,-0.3438478115081874,-0.02596637033094282,-0.014191985296582142
184.864,0.03200000000001069,0.001514680949851797,-0.09751134379794589,-0.008670020922763347,0.017296349408179472
184.89600000000002,0.03200000000001069,-0.0946786483758735,-0.4129404036322252,-0.030868243128150785,-0.02219822220538744
184.928,0.031999999999982265,0.0016062899491486769,-0.10504923315502177,-0.009507339609547001,0.021360903518603785
184.96,0.03200000000001069,-0.0019175115460806462,-0.1764189542014665,-0.013522739799600007,-0.004015400190053005
184.992,0.031999999999982265,-0.1244488545957181,-0.4986597985879014,-0.037452209834577685,-0.02392947003497768
185.024,0.03200000000001069,-0.0756140305677555,-0.18335287089927815,-0.015645893191603297,0.021806316642974388
185.056,0.03200000000001069,-0.047709264519142335,-0.12198176629681459,-0.009873789708208793,0.005772103483394504
185.088,0.031999999999982265,-0.06681113555971764,-0.24864897402447744,-0.018855706644022748,-0.008981916935813955
185.12,0.03200000000001069,-0.10206245401978493,-0.7070666726939846,-0.05308636581920447,-0.03423065917518173
185.15200000000002,0.03200000000001069,0.00038658257357694745,-0.0659222987242696,-0.007912567722631646,0.04517379809657283
185.184,0.031999999999982265,-0.001089675423914744,-0.1440632459988774,-0.011051228979345731,-0.003138661256714085
185.216,0.03200000000001069,-0.002302413143447102,-0.16478963318084422,-0.012756644207209194,-0.0017054152278634625
185.248,0.031999999999982265,-0.0038780941196435194,-0.15822734227686458,-0.012372503896126178,0.0003841403110830151
185.28,0.03200000000001069,0.00021010484317140498,0.03672915637194476,0.0019868172388208343,0.014359321134947013
185.312,0.03200000000001069,0.004421794952062818,0.05134539682230516,0.0038906492392101425,0.0019038320003893082
185.344,0.031999999999982265,-0.07842038710468198,-0.5188889918090329,-0.03793461039537086,-0.041825259634581
185.376,0.03200000000001069,-0.0002386231879765837,-0.18241291028338807,-0.015604616814513472,0.02232999358085739
185.40800000000002,0.03200000000001069,0.00637515330992682,0.21376230903829588,0.01481928848646145,0.03042390530097492
185.44,0.031999999999982265,0.0004818820946825132,0.054396077813782966,0.004855803741407207,-0.009963484745054242
185.472,0.03200000000001069,0.002447878027681639,-0.2986638408080565,-0.021683485429552278,-0.026539289170959483
185.504,0.031999999999982265,-0.0022007119806814746,-0.08640675429565405,-0.00760613989982737,0.014077345529724908
185.536,0.03200000000001069,0.0008760522596304729,0.012603569854651638,0.00048777393979167167,0.008093913839619042
185.568,0.03200000000001069,-0.002458092154909028,-0.06750732951030665,-0.004936345563139446,-0.005424119502931118
185.6,0.031999999999982265,0.001202377101476134,-0.17150482125094785,-0.012897474078394786,-0.00796112851525534
185.632,0.03200000000001069,0.002331970448493052,0.15407925474328332,0.010586464008805958,0.023483938087200742
185.66400000000002,0.03200000000001069,-0.0016192288721299253,-0.024569315603134592,-0.0011956862300501478,-0.011782150238856107
185.696,0.031999999999982265,4.750636602373395e-05,-0.15377221687815812,-0.01137746952263182,-0.01018178329258167
185.728,0.03200000000001069,0.0012219434885132531,0.0388447943591706,0.002199844152368335,0.013577313675000154
185.76,0.031999999999982265,0.00031559697636466774,-0.131148511030806,-0.009517696232622212,-0.011717540384990547
185.792,0.03200000000001069,0.12455412731357385,0.5139987885494564,0.03725013950631327,0.04676783573893548
185.824,0.03200000000001069,-0.0018275940648084226,-0.10169787808745669,-0.005328468787689423,-0.042578608294002694
185.856,0.031999999999982265,-0.00343089628749295,0.18906313480347972,0.01359613816775581,0.018924606955445233
185.888,0.03200000000001069,0.0015315964987239743,-0.14910506692849226,-0.010180327876658622,-0.023776466044414434
185.92000000000002,0.03200000000001069,-0.005315375227487856,0.1501685925968906,0.010455731373269127,0.02063605924992775
185.952,0.031999999999982265,0.0027676424573152246,0.211520315277395,0.01615885162563695,0.005703120252367824
185.984,0.03200000000001069,-0.10613511049820758,-0.5318374195512231,-0.03817860869430049,-0.05433746031993744
186.016,0.031999999999982265,-0.0009447066073566774,-0.1553028883726978,-0.013625025459459013,0.024553583234841476
186.048,0.03200000000001069,-0.0014664427315506396,-0.022242354335110216,-0.002422267930635795,0.011202757528823219
186.08,0.03200000000001069,-0.0026339251356056435,0.07278953233336619,0.005213123401074944,0.007635391331710739
186.112,0.031999999999982265,-0.0011888336858319447,0.19525053894095276,0.01465971766515639,0.009446594264081445
186.144,0.03200000000001069,-0.13057237288716622,-0.6206118626742297,-0.04479364497036931,-0.059453362635525704
186.17600000000002,0.03200000000001069,-0.030196916362226968,-0.04240318793789337,-0.005704235861129083,0.039089409109240233
186.208,0.031999999999982265,-0.03497529513326607,-0.25342522314180294,-0.01896624858749737,-0.013262012726368289
186.24,0.03200000000001069,-0.03864167803710455,-0.16422778421770787,-0.01317225248999068,0.005793996097506691
186.272,0.031999999999982265,0.0018055102399660993,-0.06542929724818643,-0.005572107328491625,0.0076001451614990554
186.304,0.03200000000001069,-0.0025146402011521954,-0.1802796038808666,-0.013579475520939296,-0.00800736819244767
186.336,0.03200000000001069,0.001893787144392411,-0.08980149169732916,-0.007387952638716467,0.006191522882222829
186.368,0.031999999999982265,-0.0026788372615339754,-0.199870915882955,-0.015125052118278234,-0.007737099479561768
186.4,0.03200000000001069,0.003438118302747396,-0.025232017981500057,-0.002728723628059161,0.012396328490219074
186.43200000000002,0.03200000000001069,0.0019701158526379604,-0.03342821425427779,-0.002615845146514504,0.00011287848154465686
186.464,0.031999999999982265,0.019798947726958123,0.08653931518221221,0.006213110512001642,0.008828955658516146
186.496,0.03200000000001069,0.05818516572821198,0.024234770381187848,0.002140907643264387,-0.0040722028687372545
186.528,0.031999999999982265,0.002001770852444625,-0.04148170782197531,-0.002926981565084039,-0.005067889208348426
186.56,0.03200000000001069,0.0009016316558421945,0.1344368210784493,0.009717542326066943,0.012644523891150982
186.592,0.03200000000001069,0.02567358493577421,0.09775459283302354,0.007749879655757177,-0.0019676626703097663
186.624,0.031999999999982265,0.08383248227066611,0.4270266218211453,0.03185102789755219,0.02410114824179501
186.656,0.03200000000001069,-4.6129073845992965e-05,-0.14622302120272368,-0.008914543631647683,-0.04076557152919987
186.68800000000002,0.03200000000001069,0.0072908289998639885,0.11179988774283378,0.007707160684805879,0.016621704316453562
186.72,0.031999999999982265,0.07993761899719327,0.5557304200741535,0.04131346824619254,0.03360630756138666
186.752,0.03200000000001069,0.0008141656176801353,-0.04782783640346866,-0.0011322814995004791,-0.04244574974569302
186.784,0.031999999999982265,6.730013669851032e-05,0.052818946461100656,0.0038189517196641253,0.004951233219164604
186.816,0.03200000000001069,0.0015984137883900084,-0.029550079817966084,-0.0019526550020613138,-0.005771606721725439
186.848,0.03200000000001069,-0.0006647124293742841,0.030715314578210074,0.002146086218678625,0.004098741220739939
186.88,0.031999999999982265,0.12571984223562988,0.558675727430474,0.041209031115762365,0.03906294489708374
186.912,0.03200000000001069,-0.002764642048277295,-0.048094159845819974,-0.0011578960450026852,-0.04236692716076505
186.94400000000002,0.03200000000001069,0.03760076174522255,0.04205757341144209,0.003026079204009044,0.004183975249011729
186.976,0.031999999999982265,0.001378817159978834,0.14048251678354196,0.0105058088659133,0.007479729661904255
187.008,0.03200000000001069,0.0008161744505284985,0.19664857793443802,0.015068071620398584,0.004562262754485284
187.04,0.031999999999982265,0.06595769437206343,0.4418566435561058,0.03336410352832172,0.018296031907923137
187.072,0.03200000000001069,-0.0004153126425230177,0.27993287691793656,0.02251240610293198,-0.010851697425389738
187.104,0.03200000000001069,0.0017802425916564049,-0.11838342671868037,-0.0074063235716928045,-0.029918729674624785
187.136,0.031999999999982265,0.10429282904311231,0.6578448573673114,0.047950499585492905,0.05535682315718571
187.168,0.03200000000001069,0.0017089545223048007,-0.09572139782003572,-0.004271235155568744,-0.05222173474106165
187.20000000000002,0.03200000000001069,0.005990178870493047,0.3281074285703618,0.02388252014805415,0.028153755303622893
187.232,0.031999999999982265,-0.0006917380247214647,0.24838713914152302,0.019645162336942603,-0.004237357811111547
187.264,0.03200000000001069,-0.0010398227825490762,0.13079106198746582,0.010752501428295761,-0.008892660908646842
187.296,0.031999999999982265,-0.0017759866259746473,0.011892208666194597,0.0014952877105020423,-0.009257213717793719
187.328,0.03200000000001069,-0.0013764426905160335,0.0170079150994759,0.0013370875093557878,-0.00015820020114625443
187.36,0.03200000000001069,0.002838578133766962,-0.003965237610069798,-0.00021441564312586444,-0.0015515031524816524
187.392,0.031999999999982265,0.0005716301117535387,0.11270809969982203,0.008276201163404046,0.00849061680652991
187.424,0.03200000000001069,0.08971705640350791,0.3734101891602318,0.02793844735060332,0.01966224618719927
187.45600000000002,0.03200000000001069,0.003882890844897873,-0.09844901264094036,-0.005627101887830325,-0.03356554923843364
187.488,0.031999999999982265,0.07686465427193462,0.5010895869280371,0.036525394318729976,0.0421524962065603
187.52,0.03200000000001069,-0.002302839778236107,0.2455451009690921,0.020166019672694154,-0.01635937464603582
187.552,0.031999999999982265,-0.002793270865400174,0.030209144002368998,0.0033857530111364837,-0.016780266661557672
187.584,0.03200000000001069,-0.0017620552209750178,-0.13402956589331913,-0.009661108235003454,-0.013046861246139938
187.616,0.03200000000001069,0.04576311053290263,0.38107929854541406,0.02746693106198973,0.03712803929699318
187.648,0.031999999999982265,0.036828290897921064,0.06018192249029525,0.006011432811733872,-0.021455498250255858
187.68,0.03200000000001069,0.027509582773852893,0.35868016153902316,0.02672445479454583,0.02071302198281196
187.71200000000002,0.03200000000001069,-0.002456581949851899,-0.1663119462206317,-0.010687840065223799,-0.03741229485976963
187.744,0.031999999999982265,0.01885302598048832,0.3806044175300161,0.02737273592284273,0.03806057598806653
187.776,0.03200000000001069,-0.0009450341772396256,0.13700935429585703,0.011655901749910911,-0.01571683417293182
187.808,0.031999999999982265,0.0023937442921507794,0.2611452543685598,0.01987756561569641,0.0082216638657855
187.84,0.03200000000001069,-0.0008809942205161194,0.0789231031907256,0.0069515364170501005,-0.01292602919864631
187.872,0.03200000000001069,-9.571174898987611e-05,-0.10810861634507966,-0.007549026346352061,-0.014500562763402162
187.904,0.031999999999982265,-0.003996573924219437,0.11578258111618833,0.008078878911185612,0.015627905257537673
187.936,0.03200000000001069,0.0015488103742267688,0.20080316655735386,0.015233496580573214,0.007154617669387601
187.96800000000002,0.03200000000001069,0.0050553336321052505,0.18910388986080176,0.01478615860248211,-0.0004473379780911037
188.0,0.031999999999982265,0.001290707710088867,0.1235600713467989,0.009940226934089377,-0.004845931668392733
188.032,0.03200000000001069,0.005923563048710915,0.28059107039215814,0.021208571005693358,0.011268344071603981
188.064,0.031999999999982265,-0.0011122052196495767,-0.14900852102408016,-0.009733769141389239,-0.030942340147082595
188.096,0.03200000000001069,-0.0014531047002886252,0.23703517954572917,0.01686969927708035,0.02660346841846959
188.12800000000001,0.03200000000001069,0.00020941404350936326,0.1571132036200867,0.012528012763097132,-0.004341686513983218
188.16,0.031999999999982265,-0.0142214868436951,-0.0793312209934518,-0.0051108053371393255,-0.01763881810023646
188.192,0.03200000000001069,-0.07868409679576435,-0.3426954954614094,-0.025496946437054253,-0.020386141099914927
188.22400000000002,0.03200000000001069,0.004606966122280595,0.15713364092134155,0.010083728340068682,0.035580674777122935
188.256,0.031999999999982265,-0.12877781709692906,-0.6538485960837861,-0.047502049517343145,-0.05758577785741183
188.288,0.03200000000001069,-0.026433818315683387,0.24906937648814814,0.01557436884961272,0.06307641836695586
188.32,0.031999999999982265,-0.1264356025243347,-0.5994460474867325,-0.0431843041579487,-0.05875867300756142
188.352,0.03200000000001069,-0.0004720118035214285,0.18679331255227144,0.011243832459794214,0.054428136617742914
188.38400000000001,0.03200000000001069,-0.1103456895801444,-0.5386356228188922,-0.03896228962626516,-0.050206122086059374
188.416,0.031999999999982265,-0.12073472351129362,-0.2422126766566305,-0.020061632152761334,0.018900657473503828
188.448,0.03200000000001069,-0.13441918321565663,-0.7131621110629492,-0.053604242705020365,-0.03354261055225903
188.48,0.031999999999982265,-0.10458534339687928,-0.513071871713793,-0.04082594515643726,0.012778297548583104
188.512,0.03200000000001069,-0.032483678936585735,0.05372138375243859,0.0015938385648356622,0.042419783721272926
188.544,0.03200000000001069,-0.13158891162562572,-0.6153939394674734,-0.045164198867044966,-0.04675803743188063
188.576,0.031999999999982265,-0.13276655913332136,-0.4339347666700835,-0.03451894857925532,0.010645250287789648
188.608,0.03200000000001069,-0.13197784721818337,-0.8171599334808732,-0.06208687366639128,-0.027567925087135965
188.64000000000001,0.03200000000001069,-0.1237390132083312,-0.6409931053908932,-0.05072299611847406,0.01136387754791722
188.672,0.031999999999982265,-0.13072177679359384,-0.8387837046024716,-0.06461253541369862,-0.013889539295224552
188.704,0.03200000000001069,-0.13247623436592368,-0.9535777583339987,-0.07385634642107311,-0.009243811007374494
188.736,0.031999999999982265,-0.01931121527916686,-0.14298178875597767,-0.014778571900023537,0.05907777452104957
188.768,0.03200000000001069,-0.13445433331807313,-0.5881980629676088,-0.04410937210686331,-0.02933080020683977
188.8,0.03200000000001069,-0.40998174008778265,-2.253899602874272,-0.16829868068673037,-0.12418930857986707
188.832,0.031999999999982265,-0.12903777858103482,-0.5842391211994111,-0.05268080493738008,0.11561787574935029
188.864,0.03200000000001069,-0.41783047720740857,-2.186776375206743,-0.16385724423316564,-0.11117643929578555
188.89600000000002,0.03200000000001069,-0.3644045582391855,-2.213394248734013,-0.17223284199566463,-0.008375597762498993
188.928,0.031999999999982265,-0.0013475744266732692,-0.32186599220615575,-0.033612941106982826,0.1386199008886818
188.96,0.03200000000001069,-0.3733619068298017,-2.1113269263818073,-0.15720790448233482,-0.123594963375352
188.992,0.031999999999982265,-0.42047391539711293,-2.668846540374029,-0.20534304643275936,-0.04813514195042454
189.024,0.03200000000001069,-0.4156727128902907,-2.7149828615525817,-0.21151471929712443,-0.006171672864365069
189.056,0.03200000000001069,-0.41010337579283596,-4.4746416808708265,-0.3412767124223466,-0.12976199312522216
189.088,0.031999999999982265,-0.41963008977641353,-4.461006875553911,-0.3477650459483345,-0.006488333525987933
189.12,0.03200000000001069,-0.2706928232354351,-1.865856125515196,-0.15729163748967778,0.19047340845865673
189.15200000000002,0.03200000000001069,-0.15158768808557263,-1.0630079721565449,-0.08725414822664669,0.07003748926303109
189.184,0.031999999999982265,-0.30811938315092213,-2.1703297026649118,-0.16464363943394833,-0.07738949120730164
189.216,0.03200000000001069,-0.4264344028556475,-2.541544074541847,-0.19641045238251922,-0.031766812948570894
189.248,0.031999999999982265,-0.4221400232750148,-2.348279851075273,-0.1840316264300302,0.012378825952489014
189.28,0.03200000000001069,-0.4180161754953029,-4.7587933174622075,-0.3605867145322681,-0.17655508810223788
189.312,0.03200000000001069,-0.4204516754067561,-2.39996883697411,-0.19731059037225623,0.16327612416001186
189.344,0.031999999999982265,-0.42441506107184485,-3.5856632281136207,-0.2750810443856333,-0.07777045401337707
189.376,0.03200000000001069,-0.41970209532242775,-2.305182997116511,-0.18540385475505464,0.08967718963057866
189.40800000000002,0.03200000000001069,-0.008623055062100834,-0.206199068247072,-0.025867119740387547,0.15953673501466709
189.44,0.031999999999982265,-0.41700787176500004,-2.471994788428929,-0.1832843416256165,-0.15741722188522894
189.472,0.03200000000001069,-0.4216489659129113,-2.437132519489474,-0.1898081135215166,-0.006523771895900116
189.504,0.031999999999982265,-0.4168512572476076,-4.641570591965534,-0.3522996000205857,-0.16249148649906908
189.536,0.03200000000001069,-0.4181943894693998,-2.427692692424115,-0.19887100150318243,0.15342859851740326
189.568,0.03200000000001069,-0.4080388844364227,-4.6744239092847994,-0.3552388325830856,-0.15636783107990315
189.6,0.031999999999982265,-0.41743930880825497,-2.3326607903959453,-0.1920520130882238,0.16318681949486177
189.632,0.03200000000001069,-0.002349348858336699,-0.5114828151741959,-0.04870154768704601,0.1433504654011778
189.66400000000002,0.03200000000001069,-0.38847950381968255,-2.5509838414564743,-0.19041142494416866,-0.14170987725712264
189.696,0.031999999999982265,-0.42308818775829754,-2.5947415684435975,-0.20181015862809015,-0.011398733683921497
189.728,0.03200000000001069,-0.4200742486140336,-3.195339621682454,-0.2466363138847996,-0.04482615525670944
189.76,0.031999999999982265,-0.40527554440846597,-2.9419072451048733,-0.2305866121124019,0.0160497017723977
189.792,0.03200000000001069,-0.4069599328683711,-4.285065807658463,-0.3284362625508676,-0.09784965043846572
189.824,0.03200000000001069,-0.4264316012620041,-2.540482371389383,-0.20578797157610046,0.12264829097476715
189.856,0.031999999999982265,-0.0905180222469263,-0.812471326603355,-0.07162927520889792,0.13415869636720254
189.888,0.03200000000001069,-0.41970207020394473,-2.4597035968630414,-0.18502225164745006,-0.11339297643855215
189.92000000000002,0.03200000000001069,-0.4165620551815962,-2.233096907098127,-0.174903616314265,0.010118635333185078
189.952,0.031999999999982265,-0.4207527350285834,-2.5453453829554036,-0.19728230046787038,-0.022378684153605388
189.984,0.03200000000001069,-0.4104135279612882,-4.368320053871614,-0.33263617147660623,-0.13535387100873586
190.016,0.031999999999982265,-0.41131299050161424,-2.3250374712325526,-0.19018656168860776,0.14244960978799848
190.048,0.03200000000001069,-0.4243311952823428,-2.39483237708823,-0.18709581026722952,0.0030907514213782405
190.08,0.03200000000001069,-0.306764804083872,-1.7854357108640935,-0.14210221517310404,0.04499359509412548
190.112,0.031999999999982265,-0.0861403971440427,-0.7451330254727557,-0.06300068130487148,0.07910153386823256
190.144,0.03200000000001069,-0.21340778342132719,-1.5186941777767198,-0.11532208505670273,-0.05232140375183125
190.17600000000002,0.03200000000001069,-0.41398951387672217,-2.4294192563725114,-0.18531748000750278,-0.06999539495080005
190.208,0.031999999999982265,-0.4188495180661993,-2.573544883742122,-0.19995728089042594,-0.01463980088292316
190.24,0.03200000000001069,-0.42039568026898033,-2.360601679131548,-0.18514253159512664,0.014814749295299301
190.272,0.031999999999982265,-0.3942615324458234,-4.535494291135339,-0.34422938508880074,-0.1590868534936741
190.304,0.03200000000001069,-0.42259908139974495,-2.3468563631512844,-0.19246039347301022,0.15176899161579052
190.336,0.03200000000001069,0.0027387525622790698,-0.5674821380128906,-0.0528433259956761,0.13961706747733413
190.368,0.031999999999982265,-0.08422755542702151,-0.855352793454808,-0.06595343464931708,-0.013110108653640977
190.4,0.03200000000001069,-0.14021287758026202,-0.8665824032653915,-0.06753609718084316,-0.0015826625315260856
190.43200000000002,0.03200000000001069,-0.09043274329104956,-0.8926999276836963,-0.0695481514907088,-0.0020120543098656324
190.464,0.031999999999982265,-0.0032343309864326522,-0.4006808541416735,-0.033481111417993814,0.03606704007271498
190.496,0.03200000000001069,-0.1323931221428443,-1.0603862324198565,-0.07991387739983685,-0.04643276598184304
190.528,0.031999999999982265,-0.14013403394332194,-1.1786838228510716,-0.09129402975510688,-0.011380152355270026
190.56,0.03200000000001069,-0.0005284679717468518,-0.49152758979145555,-0.04141737043309416,0.04987665932201272
190.592,0.03200000000001069,-0.09739716842817701,-0.9919598859168428,-0.07533994129333885,-0.03392257086024469
190.624,0.031999999999982265,-0.05234424153020559,-0.6662743147788148,-0.05334726935535269,0.02199267193798616
190.656,0.03200000000001069,-0.007117174906614166,-0.38239893157222316,-0.031201392705999042,0.022145876649353646
190.68800000000002,0.03200000000001069,0.00034412061047119183,-0.30384832073329326,-0.02414630195672176,0.0070550907492772826
190.72,0.031999999999982265,-0.08196739337678412,-1.1580981423705117,-0.08656074344804664,-0.06241444149132488
190.752,0.03200000000001069,-0.08253731192680758,-0.9837519684279901,-0.0773424144752689,0.009218328972777731
190.784,0.031999999999982265,-0.058080163265142856,-0.634591780278415,-0.05113292952209891,0.026209484953169992
190.816,0.03200000000001069,0.0018567936242447319,-0.6039847215384714,-0.04736903009364017,0.003763899428458742
190.848,0.03200000000001069,-0.002572810142768735,-0.3236863098609329,-0.02653853496723345,0.020830495126406723
190.88,0.031999999999982265,-0.11297597317310072,-0.9773922882760422,-0.07340969541295193,-0.046871160445718485
190.912,0.03200000000001069,0.003526388627674529,-0.26196993989579825,-0.023503202735326186,0.049906492677625744
190.94400000000002,0.03200000000001069,-0.00197361889150033,-0.30641299446100034,-0.023890499235786983,-0.0003872965004607966
190.976,0.031999999999982265,-0.09605661531486676,-0.7360330193471226,-0.05550721144633147,-0.03161671221054449
191.008,0.03200000000001069,-0.0015654108581974672,-0.45205041985452465,-0.036448270395638686,0.019058941050692786
191.04,0.031999999999982265,-0.06254736471680816,-0.6297523507176052,-0.04841625555068257,-0.011967985155043881
191.072,0.03200000000001069,-0.0008511756253337665,-0.4833616482868551,-0.038341550882051836,0.010074704668630731
191.104,0.03200000000001069,-0.00046165838798007113,-0.43703366468492605,-0.0343529770648137,0.0039885738172381335
191.136,0.031999999999982265,-0.0130992393324758,-0.3485341913127847,-0.02761444905932221,0.006738528005491493
191.168,0.03200000000001069,-0.011521994669769926,-0.6517668625537347,-0.04952523937823964,-0.02191079031891743
191.20000000000002,0.03200000000001069,-0.0030792121676887314,-0.3881100281306027,-0.03140074577456396,0.018124493603675677
191.232,0.031999999999982265,-0.0033950850361747754,-0.3945926728544562,-0.03083117063446749,0.0005695751400964719
191.264,0.03200000000001069,0.0020867143431995408,-0.3614636614540942,-0.028361974584655916,0.002469196049811575
191.296,0.031999999999982265,-0.00043655267038626017,-0.5293666781392004,-0.040567056051489574,-0.012205081466833658
191.328,0.03200000000001069,-0.006474640144334973,-0.45691939880367494,-0.03594385481718593,0.004623201234303646
191.36,0.03200000000001069,0.003218949570589185,0.052444928443879255,0.0017818063253705178,0.037725661142556446
191.392,0.031999999999982265,0.0038009639123988675,-0.010031402591805353,-0.0006348495827613985,-0.002416655908131916
191.424,0.03200000000001069,-0.07216863559788206,-0.6605014463927831,-0.04861007525483533,-0.04797522567207393
191.45600000000002,0.03200000000001069,-0.08139424983577334,-0.5616874333874095,-0.044112835892223506,0.004497239362611823
191.488,0.031999999999982265,0.0011523840805140956,-0.15997721163774783,-0.014311353714748,0.029801482177475507
191.52,0.03200000000001069,-0.023224856047691405,-0.2263147165885049,-0.01746941677118562,-0.003158063056437621
191.552,0.031999999999982265,-0.11279292939071614,-1.0372391702412092,-0.07728729683825487,-0.05981788006706926
191.584,0.03200000000001069,-0.000786312262008838,-0.1873189270923349,-0.018237200699394395,0.059050096138860475
191.616,0.03200000000001069,-0.11156365699571538,-0.5717939832075125,-0.04310267581677726,-0.024865475117382862
191.648,0.031999999999982265,-0.0934351918818146,-0.6067807701496553,-0.04711107300086964,-0.004008397184092384
191.68,0.03200000000001069,-0.017233695167190744,-0.2400984052338699,-0.020376569902893996,0.026734503097975645
191.71200000000002,0.03200000000001069,-0.11612445634352565,-0.6085642494733523,-0.04593027333777938,-0.025553703434885385
191.744,0.031999999999982265,-0.04904386973289081,-0.6195741066905124,-0.048215132465117605,-0.0022848591273382235
191.776,0.03200000000001069,-0.0021103337846278703,-0.2725603121292415,-0.022827562223441594,0.02538757024167601
191.808,0.031999999999982265,-0.00860295542447745,-0.10754855334585368,-0.009226959088928911,0.013600603134512683
191.84,0.03200000000001069,0.0007076674488316245,-0.1518406457659047,-0.011699059321276208,-0.0024721002323472973
191.872,0.03200000000001069,-0.08431008759855795,-0.6013047683604181,-0.044895464768908655,-0.03319640544763244
191.904,0.031999999999982265,-0.0014741411899610684,-0.13846617077092885,-0.012774607340382566,0.03212085742852609
191.936,0.03200000000001069,-0.09043289095022648,-0.6759896318668058,-0.050449896942859694,-0.037675289602477124
191.96800000000002,0.03200000000001069,-0.00016114388824290266,-0.07429379670847275,-0.008376008663672423,0.042073888279187274
192.0,0.031999999999982265,0.003231698135736514,-0.33834874040151275,-0.025365782262280895,-0.01698977359860847
192.032,0.03200000000001069,-0.0012082447778448892,-0.22558312760816196,-0.018053777517579972,0.007312004744700923
192.064,0.031999999999982265,0.0019675583031311225,0.009425852260649209,-0.0003490486167562191,0.017704728900823752
192.096,0.03200000000001069,-0.0044679066233066925,-0.2322339983770363,-0.017098691097307685,-0.016749642480551465
192.12800000000001,0.03200000000001069,0.0008325939005764814,-0.05244307502056164,-0.004843767284302704,0.01225492381300498
192.16,0.031999999999982265,-0.12392374422168942,-0.7325816730699098,-0.05415384838859299,-0.04931008110429028
192.192,0.03200000000001069,-0.007981657652984381,-0.2561874194508197,-0.021966332580957874,0.03218751580763511
192.22400000000002,0.03200000000001069,0.0029318494306223987,-0.12453614494924245,-0.010426512430158434,0.01153982015079944
192.256,0.031999999999982265,-0.002217650161265036,-0.18223475640175033,-0.01400349820998858,-0.003576985779830146
192.288,0.03200000000001069,-0.0014170494597525618,-0.41740774797377783,-0.03150466936818788,-0.017501171158199304
192.32,0.031999999999982265,0.004377337017066817,-0.20193839894492135,-0.01666933110743851,0.014835338260749373
192.352,0.03200000000001069,0.0033083239661998304,-0.43564710740210877,-0.03299989206658685,-0.01633056095914834
192.38400000000001,0.03200000000001069,0.0004939449300015344,-0.07987324816312363,-0.007778950098205201,0.02522094196838165
192.416,0.031999999999982265,0.13250420638551494,0.3881957527590112,0.02809893197028387,0.035877882068489075
192.448,0.03200000000001069,-0.002526316263504801,-0.18118803160643646,-0.011702483454167056,-0.039801415424450926
192.48000000000002,0.03200000000001069,0.0014423379750420765,-0.2525837470376463,-0.019250639546195575,-0.007548156092028519
192.512,0.031999999999982265,0.0896553337701948,0.00176396357390117,-0.0009815993873997907,0.018269040158795782
192.544,0.03200000000001069,0.1264834543986677,0.5668438453952691,0.041629157955299326,0.04261075734269912
192.576,0.031999999999982265,0.006989543066740243,0.003572055263858648,0.0026659026517700116,-0.038963255303529315
192.608,0.03200000000001069,-0.0022522318637130433,0.0322072964562605,0.0025224319780776552,-0.00014347067369235638
192.64000000000001,0.03200000000001069,-0.0011043110982388435,-0.22758000202164957,-0.016590667224507912,-0.019113099202585568
192.672,0.031999999999982265,0.05760290978071172,0.12296663971629099,0.008085230618109448,0.02467589784261736
192.704,0.03200000000001069,0.00343886214590527,-0.30024624807589056,-0.021613424183017697,-0.029698654801127145
192.736,0.031999999999982265,0.03863817181191154,0.14554442021924668,0.009455646582995865,0.031069070766013562
192.768,0.03200000000001069,0.006782047537778903,-0.010751048396773778,-0.0002447687769614666,-0.009700415359957332
192.8,0.03200000000001069,0.08787911816367712,0.2288122596785776,0.016812775127861657,0.017057543904823124
192.832,0.031999999999982265,-0.000991455696965022,-0.19599196042085226,-0.013442707158808711,-0.030255482286670368
192.864,0.03200000000001069,0.024048943728904947,0.059883697687616484,0.0036278256043500248,0.017070532763158737
192.89600000000002,0.03200000000001069,0.014075170497096324,0.23920605769503542,0.017800698690575833,0.014172873086225809
192.928,0.031999999999982265,0.0008427776571382202,0.11281926012592916,0.009324371863364553,-0.00847632682721128
192.96,0.03200000000001069,0.001965248677214446,-0.00990167761871384,-0.00018988422606064606,-0.009514256089425199
192.992,0.031999999999982265,0.0028527229681325553,-0.0632546911019257,-0.004662726152329997,-0.004472841926269351
193.024,0.03200000000001069,-0.0017496998279611126,0.07749902830805344,0.005430121214772348,0.010092847367102345
193.056,0.03200000000001069,0.005385791419811685,0.035340133062970285,0.0029123972802299293,-0.0025177239345424186
193.088,0.031999999999982265,-0.002315314141483325,-0.16963157361834338,-0.012306614336914464,-0.015219011617144392
193.12,0.03200000000001069,0.003591427687731531,-0.1490705213625844,-0.011673129402637318,0.0006334849342771454
193.15200000000002,0.03200000000001069,0.04610825588428646,0.35591209247419775,0.025499976900509445,0.03717310630314676
193.184,0.031999999999982265,0.049278399278909764,0.29488143493502494,0.02315773766744557,-0.0023422392330638767
193.216,0.03200000000001069,0.0070573559073233115,-0.055072855616046475,-0.0027131954366158037,-0.025870933104061373
193.248,0.031999999999982265,0.08209544653163595,0.30804960655602925,0.022497407570104856,0.02521060300672066
193.28,0.03200000000001069,-0.0008055853709758014,-0.1212962511149556,-0.00762139918902951,-0.030118806759134364
193.312,0.03200000000001069,0.11120018298856651,0.6464517527613836,0.04710023197514306,0.05472163116417257
193.344,0.031999999999982265,-0.002619626629275671,-0.33880747374689524,-0.022196925404207087,-0.06929715737935015
193.376,0.03200000000001069,0.02223444513988931,-0.06722319304531867,-0.006225016876571644,0.015971908527635442
193.40800000000002,0.03200000000001069,0.0855486592449111,0.7227972129836863,0.0527953062755977,0.05902032315216934
193.44,0.031999999999982265,-0.005537020016738461,0.04502884068067658,0.006359255486617206,-0.04643605078898049
193.472,0.03200000000001069,0.019836453129886255,-0.1443406708715015,-0.010247731674842402,-0.016606987161459606
193.504,0.031999999999982265,0.12421503991547844,0.6312080991908787,0.04582759448640443,0.05607532616124683
193.536,0.03200000000001069,0.00206362028035841,-0.03795219474986639,-0.00014542823047793122,-0.04597302271688236
193.568,0.03200000000001069,0.0788346375764491,0.6286531130303672,0.04622289688700117,0.046368325117479105
193.6,0.031999999999982265,0.001667131841366346,0.048621678781052544,0.006244054481346409,-0.03997884240565477
193.632,0.03200000000001069,0.09739713188104573,0.6590035783460176,0.04882373592542098,0.04257968144407458
193.66400000000002,0.03200000000001069,-0.0009264333317180278,0.20170994363101627,0.017652344192710084,-0.0311713917327109
193.696,0.031999999999982265,0.0034390007979416297,0.2598846045517339,0.020131026234961852,0.0024786820422517675
193.728,0.03200000000001069,0.0012994067930260152,0.19124894524269215,0.01522663633160297,-0.004904389903358881
193.76,0.031999999999982265,0.0020690925448769225,-0.06051445874506822,-0.0035712273293690166,-0.018797863660971987
193.792,0.03200000000001069,-5.470613184455738e-05,0.2963305563779422,0.02158605257570139,0.02515727990507041
193.824,0.03200000000001069,-0.0017607264046920418,0.19807278959693297,0.015812460719874875,-0.005773591855826515
193.856,0.031999999999982265,0.04557199083831314,0.5446181401729095,0.04096418016164225,0.025151719441767376
193.888,0.03200000000001069,-0.0004317865285990418,0.16841699738097826,0.014750248478295884,-0.02621393168334637
193.92000000000002,0.03200000000001069,0.0027226510479987005,0.13931440870313475,0.011096731413339979,-0.0036535170649559055
193.952,0.031999999999982265,0.08586648146191957,0.5432738144715418,0.04059308344102174,0.029496352027681763
193.984,0.03200000000001069,-0.005627290384937071,0.07927384037190519,0.00817321744911805,-0.03241986599190369
194.016,0.031999999999982265,0.01826388270581734,0.3912739534921853,0.029246207470932706,0.021072990021814654
194.048,0.03200000000001069,-1.7485347283553968e-05,-0.002990465096537224,0.0014684371060556664,-0.02777777036487704
194.08,0.03200000000001069,-0.0006404409330018932,0.21942232533841566,0.016221139025347064,0.014752701919291396
194.112,0.031999999999982265,0.0981982383281117,0.5468175770507728,0.041149519869515386,0.024928380844168322
194.144,0.03200000000001069,0.0011484960504769726,0.0949110424260678,0.00935530339194274,-0.03179421647757265
194.17600000000002,0.03200000000001069,-0.002617941586606641,-0.071526602129777,-0.004720009484269889,-0.014075312876212628
194.208,0.031999999999982265,0.10346706022487305,0.44400195458154756,0.03237952251333988,0.037099531997609764
194.24,0.03200000000001069,0.11316206703178476,0.5416747519189807,0.04170412392204387,0.009324601408703989
194.272,0.031999999999982265,0.012020253407982602,0.23223399796241517,0.019486081426770083,-0.022218042495273784
194.304,0.03200000000001069,0.08382358247488804,0.6559281485837256,0.04936201812794088,0.029875936701170797
194.336,0.03200000000001069,0.0006614250300992828,-0.09521749263800758,-0.004152692190584938,-0.05351471031852582
194.368,0.031999999999982265,0.10656401308752862,0.5960557180639129,0.04359434142479068,0.04774703361537561
194.4,0.03200000000001069,0.0883866310592476,0.5527500791885258,0.043166027151565416,-0.00042831427322526094
194.43200000000002,0.03200000000001069,0.13206932610325187,0.839096702131198,0.06419929647339144,0.021033269321826024
194.464,0.031999999999982265,0.08550142587264042,0.46991961772360075,0.03826416130719319,-0.025935135166198248
194.496,0.03200000000001069,0.08324416377194306,0.354051318590904,0.02824596890844614,-0.010018192398747051
194.528,0.031999999999982265,0.0622627857223056,0.5105113774193931,0.039173736065048044,0.010927767156601903
194.56,0.03200000000001069,0.05549313616668298,0.31527171570861406,0.025446617040717517,-0.013727119024330527
194.592,0.03200000000001069,0.12227302263905208,0.6266649188459147,0.04755408980900706,0.02210747276828954
194.624,0.031999999999982265,0.017264122569480997,0.5919851846837202,0.04627997831914919,-0.001274111489857864
194.656,0.03200000000001069,0.004367762800033572,0.16464402293924227,0.01477965920869057,-0.03150031911045862
194.68800000000002,0.03200000000001069,0.11996011400419798,0.9329416622300574,0.06946195725171933,0.05468229804302876
194.72,0.031999999999982265,0.006310191077014953,0.32024135463746684,0.027560596490665282,-0.04190136076105405
194.752,0.03200000000001069,0.003972822316152595,0.1055540236526159,0.009353514626988392,-0.01820708186367689
194.784,0.031999999999982265,0.005245301649710345,0.46757051910471625,0.03492521165516268,0.025571697028174287
194.816,0.03200000000001069,0.0035329198357224047,0.38711385485163496,0.03048464082960271,-0.004440570825559969
194.848,0.03200000000001069,0.0018508831640633636,0.3693344713040174,0.028920790877721394,-0.001563849951881316
194.88,0.031999999999982265,0.0010187137122070063,0.41502421694968944,0.03219054550586121,0.003269754628139814
194.912,0.03200000000001069,-0.08762620477209893,-0.07502854311559178,-0.0036592855488667983,-0.035849831054728006
194.94400000000002,0.03200000000001069,-0.035323172314460555,0.15642109506577828,0.011291995580961748,0.014951281129828548
194.976,0.031999999999982265,-0.12008522298409856,-0.11212875581491374,-0.007594097608755609,-0.018886093189717356
195.008,0.03200000000001069,-0.09258546702145601,-0.13590150159697154,-0.010432627461379958,-0.00283852985262435
195.04,0.031999999999982265,-0.05098739483384792,0.06871669828734443,0.004451175594216882,0.01488380305559684
195.072,0.03200000000001069,0.005903134388606589,0.3296830683448749,0.024501929782786813,0.02005075418856993
195.104,0.03200000000001069,-0.09920399559004804,-0.07697835708413973,-0.00424653200504869,-0.0287484617878355
195.136,0.031999999999982265,-0.12560636264726266,-0.16172975615901794,-0.012138791276877565,-0.007892259271828876
195.168,0.03200000000001069,-0.11549358772707476,0.011152498395784124,0.00011939603202200592,0.012258187308899571
195.20000000000002,0.03200000000001069,-0.09263759775556119,-0.25475333626382957,-0.01872772542864335,-0.018847121460665358
195.232,0.031999999999982265,-0.03931276545434309,0.002457940402041399,-0.000900376824492104,0.017827348604151246
195.264,0.03200000000001069,0.004522451839522235,0.25290159097389764,0.018546462359661075,0.01944683918415318
195.296,0.031999999999982265,-0.007940029715645664,-0.004305639855839911,0.0007540324383360813,-0.017792429921324994
195.328,0.03200000000001069,0.004851520774380252,0.05378353324011029,0.003998782813958237,0.0032447503756221556
195.36,0.03200000000001069,-0.09873682256274174,-0.14701986236537568,-0.01058102793472705,-0.014579810748685288
195.392,0.031999999999982265,-0.028090688874645865,0.09484593968131286,0.0063641589022321015,0.016945186836959152
195.424,0.03200000000001069,0.0008201871820365388,-0.046174794938742575,-0.003028307854132253,-0.009392466756364355
195.45600000000002,0.03200000000001069,-0.0667937965411485,-0.2598948362782355,-0.019287546546825216,-0.016259238692692964
195.488,0.031999999999982265,0.0008595138596315538,0.12804262303747216,0.008302831225048858,0.027590377771874074
195.52,0.03200000000001069,0.001525079822900531,0.13240701948352687,0.010216556993321827,0.0019137257682729693
195.552,0.031999999999982265,0.0028311377173599415,-0.020325650498109513,-0.0009049605278976231,-0.01112151752121945
195.584,0.03200000000001069,0.0004445749563273196,0.0276283160726362,0.0019795500851769792,0.0028845106130746022
195.616,0.03200000000001069,0.000455789485499129,-0.07803346985947217,-0.005624321447463468,-0.007603871532640447
195.648,0.031999999999982265,0.002326455081715621,-0.06339028698886302,-0.004986422953752157,0.000637898493711311
195.68,0.03200000000001069,0.0003750955584455311,-0.10357650256364385,-0.00790490105768049,-0.0029184781039283325
195.71200000000002,0.03200000000001069,0.0005623560642163841,0.11335084946692664,0.007879504496002901,0.015784405553683392
195.744,0.031999999999982265,-0.00524496545335524,0.05130820182865479,0.004228093312105976,-0.003651411183896925
195.776,0.03200000000001069,0.0018356337720782823,-0.05933050644438578,-0.004119094954727356,-0.008347188266833332
195.808,0.031999999999982265,-0.003992861502468349,0.023066493347930716,0.001458523592327529,0.005577618547054885
195.84,0.03200000000001069,-0.0007508327715064757,-0.0846251370867834,-0.006139152527342718,-0.007597676119670247
195.872,0.03200000000001069,0.0016247226497533608,0.13635533834061014,0.0096731948526729,0.01581234738001562
195.904,0.031999999999982265,-0.11594761582135317,-0.7168177956959952,-0.05215651843922981,-0.06182971329190271
195.936,0.03200000000001069,-0.003434967629988146,0.04031010703753133,-4.653330910899194e-05,0.05210998513012082
195.96800000000002,0.03200000000001069,-0.06865298442542617,-0.28003359123593385,-0.02059642005321256,-0.020549886744103567
196.0,0.031999999999982265,0.0015799835195843231,-0.012257130637436355,-0.0020904044991328294,0.01850601555407973
196.032,0.03200000000001069,-0.135096898429819,-0.38462261046568413,-0.02840591101614233,-0.0263155065170095
196.064,0.031999999999982265,-0.09154968127534152,-0.6007368412689407,-0.04581817042334258,-0.017412259407200252
196.096,0.03200000000001069,-0.02577580229493676,-0.4476687640761122,-0.03556670303415474,0.010251467389187842
196.12800000000001,0.03200000000001069,0.0005479585163335608,-0.040059478760583314,-0.004999216108427327,0.030567486925727413
196.16,0.031999999999982265,-0.031557896024262004,-0.29444404638732125,-0.02194208199973795,-0.016942865891310624
196.192,0.03200000000001069,-0.1281025314219303,-0.5351956538002406,-0.040625105763350114,-0.018683023763612163
196.22400000000002,0.03200000000001069,-0.11969277914906878,-0.6254441643238636,-0.04834055540138943,-0.007715449638039315
196.256,0.031999999999982265,-0.0016577793081827262,-0.052265408788974316,-0.00663426568459075,0.041706289716798677
196.288,0.03200000000001069,-0.11939459338935657,-0.7375701207273229,-0.05462406378068294,-0.04798979809609219
196.32,0.031999999999982265,0.0025598778106441155,6.627361971422996e-05,-0.00314852305104588,0.05147554072963706
196.352,0.03200000000001069,-0.1293807104704564,-0.6834468082525383,-0.05044259441444399,-0.04729407136339811
196.38400000000001,0.03200000000001069,-0.12943606174256755,-0.83062966212436,-0.06399669795114711,-0.013554103536703117
196.416,0.031999999999982265,-0.12304675013862522,-0.8337500153717682,-0.06500863533338863,-0.0010119373822415206
196.448,0.03200000000001069,-0.07295237341176485,-0.4854698310095962,-0.03945444990044905,0.02555418543293958
196.48000000000002,0.03200000000001069,-0.0034015103386618494,-0.1603799338016057,-0.014072045666528768,0.025382404233920283
196.512,0.031999999999982265,-0.13401270144807326,-0.9682073578970143,-0.07201455462165314,-0.05794250895512437
196.544,0.03200000000001069,0.0004979231466482094,-0.311089852913413,-0.02703495207320273,0.04497960254845041
196.576,0.031999999999982265,-0.07315301782836954,-0.6961541558070505,-0.052756037151383633,-0.025721085078180904
196.608,0.03200000000001069,0.0013269328611859189,0.02125721463549757,-0.001482296994288762,0.05127374015709487
196.64000000000001,0.03200000000001069,-0.0816925986656016,-0.7844264353985042,-0.05777246937336526,-0.0562901723790765
196.672,0.031999999999982265,-0.0025805512479605748,-0.11586296555641828,-0.011855740109906605,0.04591672926345866
196.704,0.03200000000001069,-0.09707678459452479,-0.6240031415536552,-0.04657375331224679,-0.03471801320234019
196.736,0.031999999999982265,-0.05532497120988985,-0.5029894380553417,-0.039678617032317655,0.0068951362799291385
196.768,0.03200000000001069,0.005814753888177871,-0.250271681202078,-0.020695646092987744,0.01898297093932991
196.8,0.03200000000001069,-0.025921958557559552,-0.33725014217487465,-0.025996192407550377,-0.005300546314562633
196.832,0.031999999999982265,-0.003147865823482921,-0.3094671601833242,-0.024259021269543407,0.0017371711380069696
196.864,0.03200000000001069,-0.06884488869061635,-0.4534134477358052,-0.03474457857276046,-0.010485557303217055
196.89600000000002,0.03200000000001069,-0.0019903068791916004,-0.30028844864803184,-0.024089053009828564,0.010655525562931898
196.928,0.031999999999982265,-0.1290400781739486,-0.8847878647121286,-0.0664581387942965,-0.042369085784467936
196.96,0.03200000000001069,-0.0015175993253861602,-0.18393150253330537,-0.017362931422770123,0.04909520737152638
196.992,0.031999999999982265,-0.11136542279695896,-0.8476218167575557,-0.06333664641303355,-0.045973714990263426
197.024,0.03200000000001069,-0.00478649821156408,-0.3155858287521112,-0.026864619516571743,0.036472026896461805
197.056,0.03200000000001069,-0.004521938141958949,-0.08504560660407758,-0.0078051428831141636,0.01905947663345758
197.088,0.031999999999982265,-0.0816291463958508,-0.7162827663051364,-0.05312618057570092,-0.04532103769258675
197.12,0.03200000000001069,0.004501906608119424,-0.17875756356359096,-0.016212797125718208,0.03691338344998271
197.15200000000002,0.03200000000001069,-0.059517152528266636,-0.6215889461927705,-0.04664774172205172,-0.03043494459633351
197.184,0.031999999999982265,-0.0011197027452801618,-0.2614614386607751,-0.021920864532474313,0.024726877189577404
197.216,0.03200000000001069,-0.1256618400171821,-0.9733763284651392,-0.07284778696301894,-0.05092692243054463
197.248,0.031999999999982265,-0.0014544271166892202,-0.17115460009103506,-0.01679218361942969,0.05605560334358925
197.28,0.03200000000001069,-0.0018393629870834523,-0.36504051174217417,-0.02781455919130949,-0.011022375571879801
197.312,0.03200000000001069,-0.00776510187196752,-0.2751267092824629,-0.02183858936958677,0.005975969821722722
197.344,0.031999999999982265,-0.07731580291350205,-0.7310786786743794,-0.055024413246764596,-0.03318582387717783
197.376,0.03200000000001069,-0.07312028405126672,-0.5237491226031159,-0.041693137740978534,0.013331275505786062
197.40800000000002,0.03200000000001069,-0.11599559889577045,-0.9238156072278758,-0.07034451539598058,-0.028651377655002044
197.44,0.031999999999982265,0.0013235380985140777,-0.3707895770353169,-0.031328873482950555,0.03901564191303002
197.472,0.03200000000001069,-0.006505148922187858,-0.4600547702827434,-0.035641118985649325,-0.004312245502698771
197.504,0.031999999999982265,-0.012839728960124969,-0.3110664559723249,-0.024933426560969234,0.010707692424680091
197.536,0.03200000000001069,-0.12143294457323045,-0.8558363855768502,-0.06437778536749603,-0.03944435880652679
197.568,0.03200000000001069,-0.13312245561634833,-0.825562378097627,-0.06442851445882566,-5.0729091329637654e-05
197.6,0.031999999999982265,-0.00041517831480352525,-0.2526583345877967,-0.02229994987777429,0.042128564581051374
197.632,0.03200000000001069,-0.14255316506767685,-0.9852046286581672,-0.07373952708576408,-0.051439577207989785
197.66400000000002,0.03200000000001069,-0.11218403615717334,-0.768077527109499,-0.06074151021266537,0.012998016873098706
197.696,0.031999999999982265,-0.010475589994359897,-0.3913665238144249,-0.032287734176450006,0.028453776036215364
197.728,0.03200000000001069,-0.12442370650730951,-0.8113345112298285,-0.061529664844708176,-0.02924193066825817
197.76,0.031999999999982265,-0.03718295795286978,-0.27153430233013964,-0.023520744906106453,0.038008919938601726
197.792,0.03200000000001069,-0.13259990864230062,-0.7463754235596927,-0.05624644861825167,-0.03272570371214521
197.824,0.03200000000001069,-0.13360810551980737,-0.867174186478463,-0.0670192417005288,-0.010772793082277125
197.856,0.031999999999982265,-0.12800729517064413,-0.9944683051916711,-0.07700238343334212,-0.009983141732813325
197.888,0.03200000000001069,-0.08752479238340169,-0.853939857249392,-0.06724420710726324,0.00975817632607888
197.92000000000002,0.03200000000001069,-0.031702469619552365,-0.802835272452764,-0.062922633845563,0.00432157326170024
197.952,0.031999999999982265,-0.0013363536312796349,-0.38799971875279093,-0.03216605282553007,0.030756581020032932
197.984,0.03200000000001069,-0.027820253817369956,-0.49417980488602214,-0.03819901135123277,-0.006032958525702702
198.016,0.031999999999982265,-0.07293367115616006,-0.7043063625013679,-0.054000043124877606,-0.015801031773644836
198.048,0.03200000000001069,0.0005926885621018284,-0.516607781308134,-0.041108825942135815,0.01289121718274179
198.08,0.03200000000001069,0.0029444531459916143,-0.27468759766722295,-0.022573762761567844,0.01853506318056797
198.112,0.031999999999982265,-0.07023843833968277,-0.9066127259122112,-0.06797566772172686,-0.045401904960159015
198.144,0.03200000000001069,0.0032645479503190093,-0.34382291070170895,-0.02920898734102548,0.038766680380701385
198.17600000000002,0.03200000000001069,-0.0019449862716500398,-0.37536579836747974,-0.029290693736592495,-8.1706395567014e-05
198.208,0.031999999999982265,-0.0027226015948246455,-0.4204565527632353,-0.032611394862954876,-0.003320701126362381
198.24,0.03200000000001069,-0.004898229748286394,-0.40181849835251954,-0.031432449133691656,0.00117894572926322
198.272,0.031999999999982265,0.016167119560928703,-0.16159101341825616,-0.0136980060294311,0.017734443104260554
198.304,0.03200000000001069,-0.0011363453443584968,-0.5198058908848554,-0.03901741620958662,-0.025319410180155516
198.336,0.03200000000001069,0.0195233013503302,-0.1411449974391153,-0.012632274537699719,0.0263851416718869
198.368,0.031999999999982265,-0.0015349096088504634,-0.2558917180930898,-0.019547584468685403,-0.006915309930985684
198.4,0.03200000000001069,-0.001990346719820099,-0.4380928900864634,-0.03334591439140914,-0.013798329922723736
198.43200000000002,0.03200000000001069,0.003486444154209721,-0.495034049256204,-0.038329944995842045,-0.004984030604432907
198.464,0.031999999999982265,-0.004753900966442912,-0.3122989297404944,-0.025179286406988556,0.01315065858885349
198.496,0.03200000000001069,-0.001330150043609613,-0.49516285955315525,-0.0378679658319342,-0.012688679424945642
198.528,0.031999999999982265,-0.006891603468888811,-0.24557611023648135,-0.020245805516586973,0.017622160315347225
198.56,0.03200000000001069,-0.0009015682671394776,-0.15101858969738252,-0.012274712974547968,0.007971092542039005
198.592,0.03200000000001069,-0.003391126856197512,-0.03388173174559527,-0.0032002780872639673,0.009074434887284
198.624,0.031999999999982265,-0.0026495965884173493,-0.4118350710396668,-0.03047119350920496,-0.027270915421940992
198.656,0.03200000000001069,0.00357522519129766,-0.1658051360995677,-0.01395242116519294,0.01651877234401202
198.68800000000002,0.03200000000001069,-0.0003138639322596642,-0.13835792936423802,-0.010980333871077693,0.0029720872941152478
198.72,0.031999999999982265,-0.008632156018175394,-0.44923720358636,-0.03367089025409295,-0.02269055638301526
198.752,0.03200000000001069,0.001410832857839005,-12.807735845862657,-0.9438275845500897,-0.9101566942959968
198.784,0.031999999999982265,0.309194822258121,-22.144672401020816,-1.683010520289207,-0.7391829357391172
198.816,0.03200000000001069,0.003914150006524225,8.465527423318536,0.5253981589124509,2.208408679201658
198.848,0.03200000000001069,0.37546576308700086,2.6148869574488227,0.22263013032762882,-0.3027680285848221
198.88,0.031999999999982265,0.41632398018230077,-19.870413061506646,-1.448422445153659,-1.6710525754812877
198.912,0.03200000000001069,-0.00863934017632273,6.069133725051559,0.36270937679114107,1.8111318219448
198.94400000000002,0.03200000000001069,0.3885044888392304,-19.21963176199759,-1.3924771952652262,-1.7551865720563673
198.976,0.031999999999982265,-0.21293000502792245,6.382997001374277,0.38902062090683004,1.7814978161720563
199.008,0.03200000000001069,0.002168616519967957,-16.584282515324993,-1.1971540908893317,-1.5861747117961618
199.04,0.031999999999982265,-0.007839269861884424,8.667486847822161,0.5682983443502012,1.7654524352395329
199.072,0.03200000000001069,-0.004755901809750824,-15.596802203831846,-1.11418502746852,-1.6824833718187213
199.104,0.03200000000001069,-0.00945489861546003,10.171206284136742,0.6836719398127632,1.7978569672812834
199.136,0.031999999999982265,-0.005584456624303991,-15.572420879678077,-1.1057316080986217,-1.7894035479113848
199.168,0.03200000000001069,-0.0050781206781912724,10.421884331749675,0.702594868318301,1.8083264764169227
199.20000000000002,0.03200000000001069,-0.004303010915643131,-15.174175575878792,-1.0753521550411034,-1.7779470233594044
199.232,0.031999999999982265,-0.0028777541213384932,10.880476635976612,0.738073628053342,1.8134257830944454
199.264,0.03200000000001069,-0.0014326070530073184,-15.803907751958498,-1.1196146458256084,-1.8576882738789504
199.296,0.031999999999982265,-0.002655039900296493,10.940698395530585,0.739947117117038,1.8595617629426464
199.328,0.03200000000001069,0.0005954986607064214,-15.590419735811729,-1.1038065339663814,-1.8437536510834194
199.36,0.03200000000001069,-0.0034020201251692616,11.051789243014616,0.7490293509230037,1.852835884889385
199.392,0.031999999999982265,-0.0018971715837586293,-15.500534582099357,-1.096672050421003,-1.8457014013440067
199.424,0.03200000000001069,-0.0005459949862959711,11.129712082479564,0.7551716813427767,1.8518437317637797
199.45600000000002,0.03200000000001069,0.0005003253007956049,-15.370798247733392,-1.086776619935234,-1.8419483012780107
199.488,0.031999999999982265,0.0007430975564686073,11.203914384394555,0.761199789509148,1.847976409444382
199.52,0.03200000000001069,0.001332815131894187,-15.28887281533794,-1.080403807955086,-1.841603597464234
199.552,0.031999999999982265,0.0026093799355911803,11.302126917860521,0.768790258024399,1.849194065979485
199.584,0.03200000000001069,-0.0005251598544585711,-15.293132955710387,-1.0802789088955165,-1.8490691669199155
199.616,0.03200000000001069,-0.0008855424472137128,11.389840376898931,0.7752479359770518,1.8555268448725681
199.648,0.031999999999982265,0.0021690627142512153,-15.292323128100302,-1.0798465581966696,-1.8550944941737213
199.68,0.03200000000001069,-0.0002634911927116381,11.343207923492972,0.7718435339982781,1.8516900921949477
199.71200000000002,0.03200000000001069,0.00014562984560796796,-15.226891592624558,-1.0752312412439997,-1.8470747752422778
199.744,0.031999999999982265,-0.0005281769151487247,11.355296033580336,0.7729989343435649,1.8482301755875645
199.776,0.03200000000001069,0.00039184828119794604,-15.27036108878358,-1.078361297641115,-1.85136023198468
199.808,0.031999999999982265,-0.0014206855126927128,11.329815498281352,0.7709443947369522,1.849305692378067
199.84,0.03200000000001069,-0.0031170986047751835,-15.244777753467375,-1.0765985000440408,-1.847542894780993
199.872,0.03200000000001069,6.859425044622485e-05,11.51247640532147,0.7844790838937269,1.8610775839377678
199.904,0.031999999999982265,0.00031867533050601837,-15.192429261207353,-1.0719674349426958,-1.8564465188364228
199.936,0.03200000000001069,-0.0004337398116540593,11.336276707201307,0.7717886653016098,1.8437561002443057
199.96800000000002,0.03200000000001069,-0.00016966498307426515,-15.241940989946693,-1.0763411448510758,-1.8481298101526855
200.0,0.031999999999982265,-0.0008270367606391537,11.398480701771142,0.7761106709121229,1.8524518157631986
200.032,0.03200000000001069,0.0007456301390913692,-15.189647077680432,-1.0722459333000747,-1.8483566042121975
200.064,0.031999999999982265,0.0007665558880035915,11.453207900098413,0.7803717342592921,1.8526176675593669
200.096,0.03200000000001069,0.001778027911181527,-15.249269272867176,-1.0763845757812642,-1.8567563100405562
200.12800000000001,0.03200000000001069,0.001757984348565676,11.374517751946701,0.7743459229267841,1.8507304987080482
200.16,0.031999999999982265,-0.0008826367604715917,-15.235837495507125,-1.0757446643631121,-1.850090587289896
200.192,0.03200000000001069,0.0011277079966066322,11.34557414467964,0.7722543449885716,1.8479990093516836
200.22400000000002,0.03200000000001069,0.001316386043802913,-15.282434101980348,-1.0792921342229975,-1.851546479211569
200.256,0.031999999999982265,-0.001360568907153013,11.297052095660396,0.7684812303497089,1.8477733645727064
200.288,0.03200000000001069,-0.0008591038091520127,-15.283901696168407,-1.0796178798605593,-1.8480991102102684
200.32,0.031999999999982265,-0.0010854921412999212,11.303775090290893,0.7689568359023646,1.848574715762924
200.352,0.03200000000001069,-0.0002806517968700667,-15.214512196039362,-1.074487504034123,-1.8434443399364877
200.38400000000001,0.03200000000001069,0.001973587794179008,11.251712152784128,0.7654242875509149,1.8399117915850378
200.416,0.031999999999982265,0.0029183880346415458,-15.209900522537014,-1.074352291278831,-1.839776578829746
200.448,0.03200000000001069,-0.00023924056335559456,11.113601624438575,0.7552754137214804,1.8296277050003114
200.48000000000002,0.03200000000001069,0.000636597389910239,-15.225348807046199,-1.0760742467476714,-1.8313496604691517
200.512,0.031999999999982265,0.0004230024502169948,11.28649950692239,0.7678909562601461,1.8439652030078175
200.544,0.03200000000001069,-0.0005827059402776032,-15.215767178847386,-1.0746413280028806,-1.8425322842630267
200.576,0.031999999999982265,0.0017207271217078175,11.294446443055042,0.7685580968210605,1.8431994248239412
200.608,0.03200000000001069,-6.492044084339351e-05,-15.096929290053241,-1.065863449334366,-1.8344215461554265
200.64000000000001,0.03200000000001069,0.002160912047506868,9.865535989152512,0.6639824372279037,1.7298458865622697
200.672,0.031999999999982265,0.0005713139475226653,-15.20358094320716,-1.0797436924535413,-1.743726129681445
200.704,0.03200000000001069,0.0017799849959835164,11.321008227261444,0.7702169016535825,1.8499605941071238
200.736,0.031999999999982265,-0.0012533230009895494,-15.29747495741863,-1.080515861863551,-1.8507327635171336
200.768,0.03200000000001069,-0.0002799256608639282,11.458326234608913,0.7802707223890297,1.8607865842525808
200.8,0.03200000000001069,-0.0005858711620941921,-15.209959072458204,-1.0734995260613924,-1.8537702484504222
200.832,0.031999999999982265,0.00043952509870277747,11.471101141201375,0.7816152385088382,1.8551147645702306
200.864,0.03200000000001069,0.0010306008376080459,-15.023745974804553,-1.0597277550062594,-1.8413429935150976
200.89600000000002,0.03200000000001069,0.0010800135931097654,11.057671202069285,0.7520065387843338,1.8117342937905931
200.928,0.031999999999982265,0.0013789624931881865,-14.841191084015827,-1.0480119099183796,-1.8000184487027133
200.96,0.03200000000001069,-0.0007173053385268092,10.986313132199587,0.7474351950958713,1.7954471050142509
200.992,0.031999999999982265,0.0009929968817550389,-14.868430202956585,-1.0502789803505166,-1.797714175446388
201.024,0.03200000000001069,0.0007340933336428116,11.077414036535519,0.7540039003500782,1.8042828807005948
201.056,0.03200000000001069,0.00020211243817704305,-15.123552832045345,-1.068661550983272,-1.8226654513333502
201.088,0.031999999999982265,0.0026387058912017217,11.338296607658762,0.7721280548710762,1.840789605854348
201.12,0.03200000000001069,-0.0005328989661890874,-15.243611335306515,-1.0764443897803146,-1.8485724446513907
201.15200000000002,0.03200000000001069,-0.0003150182698177968,11.254149173731284,0.765490537413865,1.8419349271941796
201.184,0.031999999999982265,0.0033823677519916363,-15.13218839857913,-1.0686334995373765,-1.8341240369512415
201.216,0.03200000000001069,-0.004122292969137636,9.771464974463449,0.6569045210565235,1.7255380205939002
201.248,0.031999999999982265,0.0012360597134061907,-15.18986852461338,-1.0791438796575974,-1.7360484007141208
201.28,0.03200000000001069,-0.0008406472207289512,11.333223245530924,0.7711498235034351,1.8502937031610325
201.312,0.03200000000001069,-0.0007194538870950688,-15.210568151572886,-1.0740708589588681,-1.8452206824623032
201.344,0.031999999999982265,0.00024379226751551712,11.1699880826846,0.759438333460942,1.8335091924198101
201.376,0.03200000000001069,-0.00027428056047254756,-15.245983118184448,-1.0773513771449925,-1.8367897106059345
201.40800000000002,0.03200000000001069,-0.0011412380667333577,11.277899124575695,0.7671847546342753,1.8445361317792677
201.44,0.031999999999982265,-0.0026052941239511065,-15.291840408522983,-1.0802765389127134,-1.8474612935469885
201.472,0.03200000000001069,0.002587579901964446,11.290357207476005,0.7679320579812858,1.8482085968939992
201.504,0.031999999999982265,0.0010355214439093856,-15.294092930754294,-1.080399048774745,-1.8483311067560309
201.536,0.03200000000001069,-0.0032202167568101815,11.26724579083271,0.7662253667851548,1.8466244155598999
201.568,0.03200000000001069,0.0002798519359884103,-15.352531065915073,-1.0847951281797856,-1.8510204949649405
201.6,0.031999999999982265,-0.0003475766569118276,11.487412554516519,0.7821626988450793,1.8669578270248648
201.632,0.03200000000001069,-0.0009230456502074155,-15.342625083132447,-1.0831465924797072,-1.8653092913247864
201.66400000000002,0.03200000000001069,-0.0004280420974378701,11.529252052199665,0.785334753427202,1.8684813459069094
201.696,0.031999999999982265,-0.000734253245706977,-15.424504688071513,-1.088984917387201,-1.874319670814403
201.728,0.03200000000001069,0.001583336413935888,11.040789116853619,0.7490760374102563,1.8380609547974573
201.76,0.031999999999982265,-0.0007643307379132378,-16.34283111743321,-1.1586120332450478,-1.907688070655304
201.792,0.03200000000001069,-0.0011369134402545859,9.018348460895858,0.596325784291697,1.754937817536745
201.824,0.03200000000001069,2.6428903918441008e-05,-13.454260832308186,-0.9550040514516255,-1.5513298357433225
201.856,0.031999999999982265,-0.002460240439433311,8.946029140131628,0.6027615060848729,1.5577655575364984
201.888,0.03200000000001069,-0.0019033924861032768,-14.718683500904515,-1.047618452612729,-1.6503799586976018
201.92000000000002,0.03200000000001069,-0.0036333179561524945,8.742644346853258,0.5824579983491885,1.6300764509619174
201.952,0.031999999999982265,-0.0022024227334037456,-15.166044486960004,-1.0816895836340559,-1.6641475819832445
201.984,0.03200000000001069,-0.004140117535404427,7.482578707495071,0.4878255908473552,1.569515174481411
202.016,0.031999999999982265,-0.006252858174905874,-15.158780901390172,-1.0866184595216206,-1.5744440503689758
202.048,0.03200000000001069,-0.005668049832882221,6.029558007790229,0.3806855800166022,1.4673040395382229
202.08,0.03200000000001069,-0.002111624140334702,-10.485480315452017,-0.7491279699322683,-1.1298135499488704
202.112,0.031999999999982265,-0.007550691508225832,8.005309580634975,0.5454658129311769,1.294593782863445
202.144,0.03200000000001069,-0.005909861682398329,-12.734022250568955,-0.9049736422575364,-1.4504394551887132
202.17600000000002,0.03200000000001069,-0.013891053359463274,5.084233559704502,0.32165239377352073,1.2266260360310572
202.208,0.031999999999982265,-0.008589293964273175,-12.613900956428212,-0.9090604373669656,-1.2307128311404862
202.24,0.03200000000001069,-0.01399505274674192,-3.665570135170043,-0.32204607872504126,0.5870143586419243
202.272,0.031999999999982265,-0.002625146535431074,-5.972252129954074,-0.45779219751090094,-0.13574611878585968
202.304,0.03200000000001069,-0.020440969560660917,-1.7598417392243462,-0.1558470815024565,0.3019451160084444
202.336,0.03200000000001069,-0.010179057792333265,-3.7245819294547697,-0.2829035070182525,-0.12705642551579602
202.368,0.031999999999982265,-0.008081187539780666,-6.004994411715143,-0.4579404077602935,-0.17503690074204098
202.4,0.03200000000001069,-0.008096444746260674,-1.4776506568502155,-0.13510324142830166,0.32283716633199183
202.43200000000002,0.03200000000001069,-0.007914398305010898,-5.830634964848579,-0.43658560151270737,-0.3014823600844057
202.464,0.031999999999982265,-0.0083083174281567,-2.509426447359176,-0.2097474734921791,0.22683812802052827
202.496,0.03200000000001069,-0.008597069808770315,-5.572469215734242,-0.4219091765278425,-0.2121617030356634
202.528,0.031999999999982265,-0.00685827949949182,-2.6731325310140535,-0.22093919948436608,0.2009699770434764
202.56,0.03200000000001069,-0.005755142473072759,-2.919943204431041,-0.22748790086970644,-0.006548701385340361
202.592,0.03200000000001069,-0.005944385541844405,-5.706962736718438,-0.43282399903670815,-0.2053360981670017
202.624,0.031999999999982265,-0.0029587935862333157,-2.499064799659231,-0.208768321731361,0.22405567730534715
202.656,0.03200000000001069,-0.00583141035068732,-5.532225169520701,-0.41889309472568165,-0.21012477299432064
202.68800000000002,0.03200000000001069,-0.004452364995722872,-2.5383619014227365,-0.21085402123712285,0.2080390734885588
202.72,0.031999999999982265,-0.0046817691540324636,-5.566349931362063,-0.4215230429499341,-0.21066902171281124
202.752,0.03200000000001069,-0.0009623400802606617,-2.27330366328696,-0.19151340285355625,0.23000964009637784
202.784,0.031999999999982265,-0.002102286927015708,-2.2529119234818564,-0.17673554528032784,0.014777857573228415
202.816,0.03200000000001069,-1.1684069489260951e-06,-2.2157538676407977,-0.17314982134768753,0.003585723932640311
202.848,0.03200000000001069,-0.2596971591838653,-3.6801591749059743,-0.2806355188015818,-0.10748569745389425
202.88,0.031999999999982265,-0.26240255774114796,-5.043271480115537,-0.3870841566682438,-0.10644863786666203
202.912,0.03200000000001069,-0.22538839356033066,-3.526689437041128,-0.28169955140650826,0.10538460526173554
202.94400000000002,0.03200000000001069,-0.2577373278140284,-3.7542051244473686,-0.29234735051489025,-0.010647799108381983
202.976,0.031999999999982265,-0.25885764159270686,-3.997253073998563,-0.3108358393993787,-0.018488488884488452
203.008,0.03200000000001069,-0.25940281123515196,-3.9653505918860636,-0.30955704705210885,0.0012787923472698526
203.04,0.031999999999982265,-0.2578337366300983,-3.8377503748219994,-0.3000994746843583,0.009457572367750522
203.072,0.03200000000001069,-0.2610007226337035,-5.075623858197246,-0.39058699410387315,-0.09048751941951483
203.104,0.03200000000001069,-0.22458274473924716,-1.928113597988294,-0.1643421376937663,0.22624485641010686
203.136,0.031999999999982265,-0.25638094224631663,-1.7769124641247316,-0.14016186514298706,0.02418027255077923
203.168,0.03200000000001069,-0.2592490594600093,-1.8680431685826118,-0.14546773295483575,-0.005305867811848691
203.20000000000002,0.03200000000001069,-0.2590989721027643,-1.6700500913549967,-0.13121358006504946,0.014254152889786292
203.232,0.031999999999982265,-0.4226715381266872,-4.658149366325019,-0.3501361984612504,-0.21892261839620092
203.264,0.03200000000001069,-0.4164223755881518,-3.9092354433229657,-0.30769909980254795,0.04243709865870243
203.296,0.031999999999982265,-0.4187226256552278,-4.044593553895302,-0.3152035113428667,-0.007504411540318778
203.328,0.03200000000001069,-0.416247584033336,-4.133347533110184,-0.3221637218351474,-0.006960210492280683
203.36,0.03200000000001069,-0.4214101536756605,-2.910505757017254,-0.23263746717589678,0.08952625465925063
203.392,0.031999999999982265,-0.25749865237717817,-1.7116043868263897,-0.13930172073536318,0.0933357464405336
203.424,0.03200000000001069,-0.2593703988170713,-1.672849604738629,-0.13106349871421452,0.008238222021148656
203.45600000000002,0.03200000000001069,-0.003926420848083669,-0.49056213732481446,-0.043642225607844747,0.08742127310636977
203.488,0.031999999999982265,-0.0011455608534663314,-0.3753427559288461,-0.030122216725327562,0.013520008882517184
203.52,0.03200000000001069,0.0009538629959440121,-0.4885670747247783,-0.03766826113061924,-0.007546044405291677
203.552,0.031999999999982265,0.09681261456407195,0.14343390440500237,0.008373607840672618,0.04604186897129186
203.584,0.03200000000001069,-0.06770385241585919,-0.9219730359248789,-0.0673187052338543,-0.07569231307452692
203.616,0.03200000000001069,0.14436033603236612,0.4489037094524664,0.02912623369935952,0.09644493893321382
203.648,0.031999999999982265,-0.25972236402737614,-1.8512740304848656,-0.13446168091122726,-0.16358791461058678
203.68,0.03200000000001069,-0.001980965702857498,-2.204699116584574,-0.16989642124576318,-0.03543474033453592
203.71200000000002,0.03200000000001069,-0.0029714039433132266,-2.352074540053614,-0.18278005815057638,-0.0128836369048132
203.744,0.031999999999982265,-0.0013851736057939063,0.09228300023395777,-0.0037652114586148467,0.17901484669196152
203.776,0.03200000000001069,-0.0015754305369832368,-2.4763098666596592,-0.18232575067323664,-0.17856053921462178
203.808,0.031999999999982265,-0.18132880051949452,-3.5039110229118267,-0.2682039077210117,-0.08587815704777507
203.84,0.03200000000001069,-0.18319922803853345,-3.429824287443991,-0.2677132192237818,0.0004906884972299408
203.872,0.03200000000001069,-0.18493786568790124,-3.763098817945686,-0.29219397669042174,-0.02448075746663997
203.904,0.031999999999982265,-0.17942873229982167,-3.4240288409947555,-0.26867194533730965,0.023522031353112094
203.936,0.03200000000001069,-0.0012799312747618378,-0.8303562178575546,-0.07657476797671295,0.1920971773605967
203.96800000000002,0.03200000000001069,-0.2593930961137339,-3.3895576800007627,-0.2536894302737522,-0.17711466229703923
204.0,0.031999999999982265,-0.002656816970344754,-0.2879299203871144,-0.03581968842123914,0.21786974185251304
204.032,0.03200000000001069,-0.003957701265193158,-0.3954798085848946,-0.031151512280891847,0.004668176140347296
204.064,0.031999999999982265,0.0010421343662653062,-0.2559148467521492,-0.020618383872087757,0.01053312840880409
204.096,0.03200000000001069,-0.001220626869728626,-0.46156966865251803,-0.035134218266811804,-0.014515834394724047
204.12800000000001,0.03200000000001069,-0.16042611709755594,-1.4526052037695203,-0.1088531817259132,-0.0737189634591014
204.16,0.031999999999982265,-0.0010652528438844207,-0.45809797781724354,-0.039972622846895525,0.06888055887901767
204.192,0.03200000000001069,-0.0018089647825616688,-0.3661774847810934,-0.029236357825849858,0.010736265021045667
204.22400000000002,0.03200000000001069,-0.0050517240237267025,-0.4959289586187637,-0.03815851592234562,-0.008922158096495762
204.256,0.031999999999982265,-0.0015045198800422068,-0.537802766055486,-0.04175299316476889,-0.0035944772424232677
204.288,0.03200000000001069,-0.26012803534171014,-1.9798138663592213,-0.1480063219586384,-0.1062533287938695
204.32,0.031999999999982265,-0.0017466923395989052,-0.31671283964652736,-0.031835402440363175,0.11617091951827521
204.352,0.03200000000001069,-0.0018626328995165803,-0.37059596286170393,-0.029091539474730768,0.002743862965632407
204.38400000000001,0.03200000000001069,-0.0020893931613508903,-0.4589830138606822,-0.035433142546576396,-0.006341603071845628
204.416,0.031999999999982265,-0.0009629229997727897,-2.3695063430788013,-0.17629955581540402,-0.14086641326882762
204.448,0.03200000000001069,-0.005245640495683934,-0.2907040917275876,-0.03155605552600969,0.14474350028939434
204.48000000000002,0.03200000000001069,-0.004094254193830554,-1.1443706298619092,-0.08597897730915038,-0.0544229217831407
204.512,0.031999999999982265,-0.0010524566306359673,-0.24400026654349977,-0.022907321939342758,0.06307165536980763
204.544,0.03200000000001069,-0.0016531735546412203,-0.32975249575250726,-0.025572491798418247,-0.00266516985907549
204.576,0.031999999999982265,-0.0010285479740690972,-0.33156188505873435,-0.025859412495991517,-0.0002869206975732695
204.608,0.03200000000001069,0.00019179662555025568,-0.49313474047765415,-0.037758080547654616,-0.011898668051663099
204.64000000000001,0.03200000000001069,-0.0022868224180709338,-2.4335857966958256,-0.18114618987540332,-0.1433881093277487
204.672,0.031999999999982265,0.052680425105493214,0.345773406966181,0.014970852177819485,0.1961170420532228
204.704,0.03200000000001069,-0.39396503460775034,-2.11878276524391,-0.15495151097840282,-0.1699223631562223
204.73600000000002,0.03200000000001069,-0.4189605211249651,-2.779561071605326,-0.2133547586206333,-0.05840324764223048
204.768,0.031999999999982265,0.0001431189678469286,-0.2743382094904656,-0.0324916675251995,0.1808630910954338
204.8,0.03200000000001069,-0.003797807156761715,-0.46451033477365405,-0.03603590923525045,-0.003544241710050952
204.832,0.031999999999982265,0.24744619073277782,0.682863838311648,0.04813764153272366,0.08417355076797411
204.864,0.03200000000001069,0.09353419037881283,-0.2579621920551351,-0.016191656379757835,-0.06432929791248149
204.89600000000002,0.03200000000001069,0.18480906632520575,0.0674355469420205,0.004024496005582483,0.020216152385340316
204.928,0.031999999999982265,0.4137824432853274,1.5080694058244712,0.11113609613096437,0.10711160012538189
204.96,0.03200000000001069,0.1284114503869661,0.06404206188215181,0.01112545207714067,-0.1000106440538237
204.992,0.031999999999982265,0.38648981954944944,1.361416459977598,0.10076113692147032,0.08963568484432965
205.024,0.03200000000001069,-0.0028171567332003346,-0.5917636607203841,-0.037701586133036466,-0.1384627230545068
205.056,0.03200000000001069,0.4151125674960627,1.6401452596586665,0.11844017609532524,0.1561417622283617
205.088,0.031999999999982265,0.12924861252783798,0.1928873891979055,0.02102242443247064,-0.0974177516628546
205.12,0.03200000000001069,0.12902525589186817,0.38421354100252475,0.029468756006913826,0.008446331574443185
205.15200000000002,0.03200000000001069,0.22837219117944738,0.9118941553855164,0.06876210684298747,0.039293350836073646
205.184,0.031999999999982265,0.13328987660384764,0.5524937685553357,0.04460008989756441,-0.024162016945423068
205.216,0.03200000000001069,0.1366801061765343,0.533019245354971,0.041773078094172605,-0.002827011803391802
205.248,0.031999999999982265,0.13466002562855325,0.7854292458298266,0.06017216591658715,0.018399087822414548
205.28,0.03200000000001069,0.13747649190694874,0.7159412318941547,0.05612416400490333,-0.004048001911683821
205.312,0.03200000000001069,0.046155558449135874,0.5072671420437803,0.04054453675449547,-0.01557962725040786
205.344,0.031999999999982265,0.14051970103020922,0.7595735789524202,0.05819981175942779,0.017655275004932316
205.376,0.03200000000001069,0.13775025703182645,0.9587076481500008,0.07386339905729898,0.015663587297871193
205.40800000000002,0.03200000000001069,0.12018172889884562,0.7563152969059365,0.05988366415398706,-0.013979734903311919
205.44,0.031999999999982265,0.12523126417161295,0.7897203346310943,0.06153324099073203,0.0016495768367449648
205.472,0.03200000000001069,0.0006976013325074492,0.26040119299937275,0.022702219971841256,-0.03883102101889077
205.504,0.031999999999982265,0.13003014750970884,0.8436219442220787,0.06335072708486351,0.04064850711302226
205.536,0.03200000000001069,0.10706574518624559,0.6826191212154634,0.05385714384299759,-0.009493583241865923
205.568,0.03200000000001069,0.1281481787830144,0.9468523857408598,0.0727408621604363,0.018883718317438715
205.6,0.031999999999982265,0.13134688510342968,1.2551815305684086,0.096505596952813,0.023764734792376688
205.632,0.03200000000001069,-0.004294618010006381,0.21178221740061326,0.02114569135229971,-0.07535990560051328
205.66400000000002,0.03200000000001069,0.12498174588222914,1.0276605153822937,0.07679510833165532,0.055649416979355604
205.696,0.031999999999982265,0.08638179449577552,0.7885357209932999,0.06242240631222601,-0.014372702019429306
205.728,0.03200000000001069,0.1336321037692606,0.9171011712749757,0.07104741581336028,0.008625009501134276
205.76,0.031999999999982265,0.09967031126583642,0.9012460631323168,0.07037934141387002,-0.0006680743994902649
205.792,0.03200000000001069,0.10849127342330579,1.0367821712499832,0.0803081301853119,0.009928788771441877
205.824,0.03200000000001069,0.08825091338198629,0.7009795210102339,0.05618630704557315,-0.02412182313973875
205.856,0.031999999999982265,0.10320105763948205,0.994437221620043,0.07637472221288556,0.020188415167312415
205.888,0.03200000000001069,0.09005685336537472,0.9448906352395113,0.07389651361793105,-0.002478208594954512
205.92000000000002,0.03200000000001069,0.12842549998147704,1.022561214627484,0.079465360922015,0.005568847304083954
205.952,0.031999999999982265,0.13813582028348498,0.7579999500688184,0.06033095002151788,-0.019134410900497126
205.984,0.03200000000001069,0.11396075070418549,1.12603480374671,0.08629170462668051,0.02596075460516263
206.016,0.031999999999982265,0.1287325422878533,1.0356478805916032,0.08114332024735603,-0.0051483843793244805
206.048,0.03200000000001069,0.13020985796439735,0.7532293778524012,0.06007698810461653,-0.0210663321427395
206.08,0.03200000000001069,0.13280982232754243,1.1856232827267412,0.09065919388063429,0.030582205776017758
206.112,0.031999999999982265,0.11771597809407885,1.0430119806675453,0.08193700896189464,-0.008722184918739648
206.144,0.03200000000001069,0.0033008198787978296,0.44715536102688386,0.03761405449786521,-0.04432295446402943
206.17600000000002,0.03200000000001069,0.13269297384241835,0.9117451595075129,0.0692213702227046,0.03160731572483939
206.208,0.031999999999982265,0.13055231628653183,0.9163062161882185,0.07138145255280494,0.0021600823301003436
206.24,0.03200000000001069,0.1296704306154376,1.1419656821583455,0.08810120035389744,0.016719747801092505
206.272,0.031999999999982265,0.13105818641902056,1.0373474345288811,0.08137276634848438,-0.006728434005413064
206.304,0.03200000000001069,0.09041834093028665,1.073185064910421,0.08361984751389773,0.0022470811654133477
206.336,0.03200000000001069,0.03151038883258938,0.7258612106611186,0.05820729452563085,-0.025412552988266876
206.368,0.031999999999982265,0.013149873680161574,0.5137924993958266,0.04114467021609405,-0.017062624309536804
206.4,0.03200000000001069,0.00020134048461678436,0.7061074222297689,0.05430254363504947,0.013157873418955426
206.43200000000002,0.03200000000001069,0.12676524116847535,1.1033750488918594,0.08427728678080404,0.029974743145754566
206.464,0.031999999999982265,0.02058112518186303,0.5929903370576983,0.04847389374765624,-0.0358033930331478
206.496,0.03200000000001069,0.13386182218545437,1.2761612535737639,0.09664754082700941,0.04817364707935317
206.528,0.031999999999982265,0.09559259246115799,0.7418675607610897,0.060136481858383,-0.03651105896862641
206.56,0.03200000000001069,0.12804526249318252,1.1342857929414885,0.08688725777322541,0.026750775914842408
206.592,0.03200000000001069,0.09130441309280635,0.9541141660164595,0.07518169314373006,-0.011705564629495346
206.624,0.031999999999982265,0.006924803866575324,0.38079095307459837,0.03234362275278912,-0.042838070390940945
206.656,0.03200000000001069,0.13161689121958653,1.1778746269081233,0.08848833437042673,0.056144711617637615
206.68800000000002,0.03200000000001069,0.1323510380206807,0.9353561531519952,0.07389465330436683,-0.014593681066059905
206.72,0.031999999999982265,0.004976597456281561,0.5439287480617401,0.04426651352446448,-0.02962813977990235
206.752,0.03200000000001069,0.057416786640274484,0.6265920094357883,0.0486351833028749,0.004368669778410418
206.784,0.031999999999982265,0.13535398924380038,0.9212727750744127,0.07055827283182596,0.021923089528951063
206.816,0.03200000000001069,0.10737665483914748,0.8656022078533412,0.06772984644994297,-0.0028284263818829924
206.848,0.03200000000001069,0.0018072570429612336,0.48933051506421393,0.03989545848855855,-0.02783438796138442
206.88,0.031999999999982265,0.028507254379249905,0.9892307134911258,0.07505137876192412,0.03515592027336557
206.912,0.03200000000001069,-0.002421544918124282,0.4210600414741219,0.0352974977057091,-0.039753881056215024
206.94400000000002,0.03200000000001069,0.0020657015357069966,0.539433066243787,0.04170772186665455,0.0064102241609454505
206.976,0.031999999999982265,0.0991829634748238,1.1626575885245698,0.08790985072730502,0.04620212886065047
207.008,0.03200000000001069,0.0011016848364919255,0.4306963473859366,0.03674846155367488,-0.05116138917363014
207.04,0.031999999999982265,0.0028546924791137693,0.4557149895982509,0.03563483835254344,-0.001113623201131439
207.072,0.03200000000001069,0.000749893176796336,0.44521325469363393,0.034798249948549825,-0.0008365884039936156
207.104,0.03200000000001069,-0.000182497440191285,0.44252177966837974,0.03455202278849767,-0.0002462271600521537
207.136,0.031999999999982265,0.0005462159580347752,0.36646633424103536,0.028944673638035448,-0.005607349150462224
207.168,0.03200000000001069,-0.00011243912454747429,0.2966220673856101,0.02348460333809883,-0.005460070299936618
207.20000000000002,0.03200000000001069,-0.0012164692612153295,0.2361328121019496,0.018721004980317486,-0.004763598357781344
207.232,0.031999999999982265,0.09530693803903541,0.9481558321303558,0.07080834100896492,0.05208733602864744
207.264,0.03200000000001069,0.005768214244624399,0.33009242557335644,0.028362771971274736,-0.04244556903769019
207.296,0.031999999999982265,0.0019880904076737425,0.21804904468773348,0.017672732805205482,-0.010690039166069254
207.328,0.03200000000001069,0.07956300707094732,0.7554572349187156,0.05657672673707912,0.03890399393187364
207.36,0.03200000000001069,-0.002485120669648423,0.4086513137424311,0.03331843243352244,-0.02325829430355668
207.392,0.031999999999982265,0.001223440461902681,0.30728396837523536,0.024521175013645424,-0.008797257419877018
207.424,0.03200000000001069,-0.0038026287973157618,0.260080570630255,0.020541968893658384,-0.00397920611998704
207.45600000000002,0.03200000000001069,0.0020236251799644832,0.4633384547301289,0.03525988382936099,0.014717914935702604
207.488,0.031999999999982265,0.0009138176543406854,0.49654701465819007,0.03855170050479765,0.003291816675436661
207.52,0.03200000000001069,0.002830163828397976,0.21698619846393594,0.01818276830123563,-0.02036893220356202
207.552,0.031999999999982265,0.0017073028948523315,0.22217892129344785,0.017388762642294293,-0.0007940056589413359
207.584,0.03200000000001069,-0.002926997115990028,0.37477543766495397,0.0285649078054975,0.011176145163203206
207.616,0.03200000000001069,0.0014311709177900625,0.3587189829675981,0.028029301043897163,-0.0005356067616003359
207.648,0.031999999999982265,-0.0022836426507375812,0.27824506897305445,0.022080311096669636,-0.005948989947227527
207.68,0.03200000000001069,-0.0009996842731022483,0.24408623690523187,0.019224833145765372,-0.0028554779509042637
207.71200000000002,0.03200000000001069,0.0048860218401916775,0.3077130199545618,0.023739117074127635,0.004514283928362263
207.744,0.031999999999982265,-0.00013333194050838926,0.211677420151755,0.01693724276032837,-0.006801874313799264
207.776,0.03200000000001069,-0.0018475865637691143,0.18405338423980452,0.014513098970926775,-0.0024241437894015963
207.808,0.031999999999982265,0.0022392314767151005,0.2509215779648757,0.019290657497944785,0.00477755852701801
207.84,0.03200000000001069,-0.002186321902295858,0.24471174335498844,0.019109788902108772,-0.00018086859583601317
207.872,0.03200000000001069,-7.112365026544013e-05,0.23218814480729616,0.018178359251026,-0.000931429651082772
207.904,0.031999999999982265,2.527514842708257e-05,0.10579645575283715,0.008829715234953123,-0.009348644016072877
207.936,0.03200000000001069,0.07032812932061401,0.3889314275991971,0.02911183659792876,0.020282121362975636
207.96800000000002,0.03200000000001069,0.12314902548718566,0.8279778694990879,0.06257027954320209,0.03345844294527332
208.0,0.031999999999982265,0.0029288218879179122,0.14674412610335094,0.014403720807822075,-0.04816655873538001
208.032,0.03200000000001069,0.0720274980328498,0.6252509192672471,0.046812607743887874,0.0324088869360658
208.064,0.031999999999982265,0.0204640337813091,0.21160925540388711,0.01826424124745103,-0.028548366496436845
208.096,0.03200000000001069,0.10877056707690391,0.5992479829646672,0.045123210203259025,0.026858968955807996
208.12800000000001,0.03200000000001069,-0.0019780365238653767,0.18584910385539344,0.01627230650573259,-0.028850903697526433
208.16,0.031999999999982265,0.063338892656778,0.6208597366640143,0.0465975509097672,0.03032524440403461
208.192,0.03200000000001069,0.0017517851364166296,0.01965469370177579,0.004135444268711799,-0.0424621066410554
208.22400000000002,0.03200000000001069,0.1204207791106439,0.6784106992781974,0.05012921187153524,0.04599376760282344
208.256,0.031999999999982265,0.0021999783041705993,0.20308710367858185,0.01782898477700669,-0.03230022709452855
208.288,0.03200000000001069,-0.00021908707138273658,0.080607934046113,0.006957176577148349,-0.010871808199858342
208.32,0.031999999999982265,0.03395453701792182,0.45196212130961877,0.03363902816022064,0.026681851583072288
208.352,0.03200000000001069,0.04380141793368822,0.518016503562819,0.04003700107873159,0.0063979729185109566
208.38400000000001,0.03200000000001069,0.04348733373534624,0.5051102945297185,0.039457224619541306,-0.0005797764591902871
208.416,0.031999999999982265,0.0005251421153355619,0.3675688905248795,0.029308928655038934,-0.010148295964502372
208.448,0.03200000000001069,0.0019616195562807423,0.2577991790960501,0.020650587445966734,-0.0086583412090722
208.48000000000002,0.03200000000001069,0.000441263537174183,0.22104800749148204,0.017448059908557575,-0.003202527537409159
208.512,0.031999999999982265,0.0002706212602959234,0.4565826937837398,0.03458445512663314,0.017136395218075567
208.544,0.03200000000001069,0.006198042783911248,0.35944158902388196,0.02842994457260545,-0.00615451055402769
208.576,0.031999999999982265,0.04847717850838638,0.3364277137083697,0.02638220475054162,-0.00204773982206383
208.608,0.03200000000001069,0.09670611407439654,0.43369451452931673,0.0334170131827101,0.007034808432168478
208.64000000000001,0.03200000000001069,-0.002132962156059,0.12780157368466633,0.011327690030379008,-0.022089323152331093
208.672,0.031999999999982265,0.12570873075015726,0.7395016235705977,0.055037053996502806,0.0437093639661238
208.704,0.03200000000001069,0.004495281656345781,0.30703186206570465,0.025756431052578268,-0.02928062294392454
208.73600000000002,0.03200000000001069,0.006485079987635189,0.28019566994094564,0.022092548045096305,-0.0036638830074819627
208.768,0.031999999999982265,0.00359616728198699,0.1363723037266791,0.011304232529936734,-0.010788315515159571
208.8,0.03200000000001069,0.013095532963745084,0.3272932332963928,0.024721801429062593,0.013417568899125858
208.832,0.031999999999982265,-0.001652098815950127,0.2203812298061211,0.01763405235534161,-0.0070877490737209815
208.864,0.03200000000001069,0.019466198909527232,0.13814175194506237,0.011176973308133956,-0.0064570790472076554
208.89600000000002,0.03200000000001069,0.006481892904957083,0.2808058110749497,0.021295759311798414,0.010118786003664459
208.928,0.031999999999982265,0.0007863163343512434,0.08987701785109672,0.007838960796503786,-0.013456798515294629
208.96,0.03200000000001069,-0.0020423807566739187,0.1662682279830007,0.012679939124007661,0.004840978327503876
208.992,0.031999999999982265,0.00679723307638847,0.46319477054580954,0.03479544953361932,0.022115510409611662
209.024,0.03200000000001069,-0.006650310871035295,0.2984002677831317,0.02395313249500095,-0.010842317038618373
209.056,0.03200000000001069,0.004739782830849382,0.29177613635869615,0.02284007540574142,-0.0011130570892595275
209.088,0.031999999999982265,-0.0008367556797114665,0.1690598075342699,0.013751233028958443,-0.009088842376782978
209.12,0.03200000000001069,-0.00023411469228350266,0.22289985848135646,0.017185952081856803,0.0034347190528983603
209.15200000000002,0.03200000000001069,0.002412495749341693,0.10285856953665769,0.008556371666488842,-0.008629580415367962
209.184,0.031999999999982265,-0.0025960018792978595,0.09654513052536391,0.007593902212351644,-0.000962469454137198
209.216,0.03200000000001069,0.010468622115239912,0.25296667941802425,0.019041615874005022,0.01144771366165338
209.248,0.031999999999982265,0.11429505378123418,0.7226176568698874,0.054240721086261316,0.03519910521225629
209.28,0.03200000000001069,-0.0017030760185168926,0.13380109401948231,0.01297102956848047,-0.04126969151778084
209.312,0.03200000000001069,0.0008237809291571205,0.22512790182832965,0.017304762467979615,0.004333732899499145
209.344,0.031999999999982265,0.0018103266089815992,0.21637255754315285,0.016911074869871808,-0.00039368759810780654
209.376,0.03200000000001069,-0.003111581855122834,0.04975494015163024,0.004635250325377233,-0.012275824544494576
209.40800000000002,0.03200000000001069,-0.0019185693561940551,0.14126149413814293,0.010655991001879986,0.006020740676502753
209.44,0.031999999999982265,0.11728391269859886,0.7252715144483707,0.053951791983000916,0.04329580098112093
209.472,0.03200000000001069,0.05523100558005549,0.43948020188136877,0.035434060787470543,-0.018517731195530372
209.504,0.031999999999982265,0.0034650472145898187,0.22061013091048245,0.018269294648378204,-0.01716476613909234
209.536,0.03200000000001069,-6.762574717188893e-05,0.28338224055806505,0.021894663690031027,0.0036253690416528234
209.568,0.03200000000001069,-0.001407536336631999,0.12116474396688534,0.010174441459299874,-0.011720222230731154
209.6,0.031999999999982265,0.11682951335119535,0.7137526492837695,0.053076892618717446,0.04290245115941757
209.632,0.03200000000001069,0.112429119955587,0.5866812701665138,0.046208753557303056,-0.00686813906141439
209.66400000000002,0.03200000000001069,0.0018345233537051648,0.21178230499895498,0.018242107408548158,-0.0279666461487549
209.696,0.031999999999982265,0.008718883716799764,0.5923616086158525,0.044615506907748397,0.02637339949920024
209.728,0.03200000000001069,0.0002057955988791334,0.19508516282040686,0.01692221913097436,-0.027693287776774038
209.76,0.031999999999982265,0.002759961435984435,0.41614227363005696,0.031580101165456086,0.014657882034481727
209.792,0.03200000000001069,-0.0029892975310778815,-0.06830147188387971,-0.0031998155956020503,-0.034779916761058134
209.824,0.03200000000001069,0.13300993522548557,0.7182713810454864,0.052637117649870474,0.05583693324547252
209.856,0.031999999999982265,0.041563742730130145,0.4843941483224904,0.0386611476450683,-0.013975970004802177
209.888,0.03200000000001069,0.11881957744562037,0.47462959477609595,0.03713624030574162,-0.0015249073393266768
209.92000000000002,0.03200000000001069,0.11302692518151858,0.7060698983106117,0.05406838115536247,0.01693214084962085
209.952,0.031999999999982265,0.11777983386056855,0.8282294874769843,0.06402950188880305,0.009961120733440576
209.984,0.03200000000001069,0.010144618952716407,0.09233994574387662,0.010487064621752244,-0.0535424372670508
210.016,0.031999999999982265,0.1291200503447143,0.6536571122972671,0.04867550066372574,0.03818843604197349
210.048,0.03200000000001069,0.062339026346911776,0.46554337673725754,0.03704615713768806,-0.011629343526037679
210.08,0.03200000000001069,0.11127458833700972,0.6506600885658582,0.049988330777977895,0.012942173640289836
210.112,0.031999999999982265,0.11240258297912352,0.6343184481278702,0.049533702587776354,-0.0004546281902015406
210.144,0.03200000000001069,0.00016998337298095064,0.4912845532282846,0.03898871229296139,-0.010544990294814961
210.17600000000002,0.03200000000001069,0.01529826844352169,0.34610662253286517,0.027703541821064853,-0.01128517047189654
210.208,0.031999999999982265,0.02319696712281599,0.44906205206012717,0.03462342494408465,0.006919883123019797
210.24,0.03200000000001069,0.014145912581932762,0.3566222861634155,0.02822486209328739,-0.006398562850797259
210.272,0.031999999999982265,0.12640105680682204,0.8387161593856668,0.06330877159353562,0.03508390950024823
210.304,0.03200000000001069,0.016294438362983985,0.1890461072704157,0.017557250549444122,-0.0457515210440915
210.336,0.03200000000001069,0.042609886173226245,0.43576973962903176,0.03306016923888405,0.01550291868943993
210.368,0.031999999999982265,0.11828388456530341,0.8076174687435199,0.06130090466215942,0.02824073542327537
210.4,0.03200000000001069,0.0033954228503658363,0.356894059408365,0.02978491466157965,-0.031515990000579766
210.43200000000002,0.03200000000001069,-0.004806665053460345,0.42501351587774533,0.03297504588079757,0.003190131219217917
210.464,0.031999999999982265,0.016113723646124425,0.6080142820091294,0.04661712700585053,0.013642081125052961
210.496,0.03200000000001069,-0.002051057753162554,0.25956377209318293,0.021779542343931133,-0.024837584661919397
210.528,0.031999999999982265,0.0028590017253337153,0.37196174545891725,0.028611463906376172,0.00683192156244504
210.56,0.03200000000001069,0.0015351669117447259,0.3218381981833298,0.02531976741799052,-0.0032916964883856516
210.592,0.03200000000001069,0.00840264854079201,0.38005291039170447,0.029410863936963304,0.004091096518972784
210.624,0.031999999999982265,0.0009785235423298182,0.22471594299809317,0.018223523399662402,-0.011187340537300902
210.656,0.03200000000001069,0.0010891711659504037,0.20438709886965448,0.016082700745579458,-0.0021408226540829446
210.68800000000002,0.03200000000001069,0.00046657844436771845,0.40161492462890663,0.030463292007220658,0.0143805912616412
210.72,0.031999999999982265,-0.0008717021571326314,0.35434773338703024,0.027817430328923257,-0.0026458616782974002
210.752,0.03200000000001069,0.0028247073215140472,0.15842329507806452,0.01325635960334382,-0.014561070725579437
210.784,0.031999999999982265,0.0037129000434057862,0.0633169972430355,0.005421623733759404,-0.007834735869584416
210.816,0.03200000000001069,-0.0005907804157644403,0.2583949138411585,0.019315405829692572,0.013893782095933168
210.848,0.03200000000001069,-0.003265138042969161,0.33457564079867486,0.025719828973009524,0.006404423143316951
210.88,0.031999999999982265,-0.002967009201472116,0.14502172134331204,0.012149712243500846,-0.013570116729508678
210.912,0.03200000000001069,0.002437730825721965,0.3210760667626124,0.024313398358123295,0.012163686114622449
210.94400000000002,0.03200000000001069,-0.004871463925468225,0.11420753011281815,0.009802437698481022,-0.014510960659642273
210.976,0.031999999999982265,0.003708122287372809,0.08581365183996963,0.00687664108201774,-0.002925796616463282
211.008,0.03200000000001069,-0.0002801575248470752,0.3657236308641547,0.027292380799642493,0.020415739717624753
211.04,0.031999999999982265,0.0012863585017927354,0.11573356253674062,0.01008663637773643,-0.01720574442190606
211.072,0.03200000000001069,-0.01885331175030713,0.05569990129723834,0.004678475573890384,-0.0054081608038460465
211.104,0.03200000000001069,0.010728176757492332,0.21060966182535765,0.01575836631496261,0.011079890741072226
211.136,0.031999999999982265,-0.05014679277630676,-0.23163526793014333,-0.016124794114788767,-0.03188316042975138
211.168,0.03200000000001069,-0.05556885624198736,-0.13004781314681244,-0.010494615129204412,0.005630178985584355
211.20000000000002,0.03200000000001069,-0.128174516511204,-0.1873963155228844,-0.014387011942882031,-0.0038923968136776194
211.232,0.031999999999982265,-0.008926964998119439,-0.15556138776152925,-0.012270568623083662,0.002116443319798369
211.264,0.03200000000001069,-0.00013938757945906966,0.23024632480674506,0.01622399826721756,0.02849456689030122
211.296,0.031999999999982265,-0.09305713909761783,-0.45408350732143266,-0.03245680752181695,-0.04868080578903451
211.328,0.03200000000001069,-0.03732704515268174,-0.006184168166444227,-0.0023284866944455456,0.0301283208273714
211.36,0.03200000000001069,-0.13492416273567637,-0.3347383849993099,-0.024751158041950994,-0.022422671347505446
211.392,0.031999999999982265,-0.05390128202528731,-0.09396067685083775,-0.008338750986451631,0.016412407055499362
211.424,0.03200000000001069,-0.006697602558117603,-0.13845614696202083,-0.010663484812942003,-0.0023247338264903716
211.45600000000002,0.03200000000001069,-0.003548738390385007,0.09895340706693456,0.0066614628245900195,0.01732494763753202
211.488,0.031999999999982265,-0.12307880946147312,-0.5927428820730639,-0.043205885700526594,-0.049867348525116616
211.52,0.03200000000001069,-0.01980175694914934,0.05244044819623399,0.0013622465010531407,0.044568132201579735
211.552,0.031999999999982265,-0.12403731467593898,-0.5276108354235356,-0.03872197910870782,-0.04008422560976096
211.584,0.03200000000001069,-0.007251428433324808,-0.01256202583910869,-0.003159198370307716,0.0355627807384001
211.616,0.03200000000001069,-0.13759650669179674,-0.7054422705440517,-0.052060761969756085,-0.04890156359944837
211.648,0.031999999999982265,-0.05201009986381306,-0.3018462071319493,-0.02520325822019472,0.026857503749561366
211.68,0.03200000000001069,-0.0060242553360020665,-0.1959957222306135,-0.015868530661381552,0.009334727558813167
211.71200000000002,0.03200000000001069,-0.011603290541198885,-0.00056046689907213,-0.000957292503916506,0.014911238157465046
211.744,0.031999999999982265,-0.1301169685393102,-0.4670366068091336,-0.034401241463796736,-0.03344394895988023
211.776,0.03200000000001069,-0.12980478658849123,-0.7563984111434922,-0.057611662427752064,-0.023210420963955328
211.808,0.031999999999982265,-0.0011692047774688856,-0.11951932345976574,-0.012115346261623113,0.04549631616612895
211.84,0.03200000000001069,-0.011008834224563635,-0.2750228846609481,-0.020924652998699972,-0.008809306737076859
211.872,0.03200000000001069,0.0020677719779132004,-0.1506602949720855,-0.012287553138407485,0.008637099860292487
211.904,0.031999999999982265,-0.022316106011011826,-0.2496570297680993,-0.01906918362860341,-0.006781630490195924
211.936,0.03200000000001069,-0.12614491557307805,-0.8029815679775323,-0.06015229277290675,-0.04108310914430334
211.96800000000002,0.03200000000001069,0.0046657516848908655,-0.09795832853860059,-0.010676414058341842,0.04947587871456491
212.0,0.031999999999982265,-0.002683046143093709,-0.09389820550866557,-0.007521634839275181,0.0031547792190666614
212.032,0.03200000000001069,-0.003402187968017459,-0.08381272901649554,-0.0065978241186444,0.0009238107206307805
212.064,0.031999999999982265,-0.011884213903312166,-0.09383267189419282,-0.0072813622464574694,-0.0006835381278130692
212.096,0.03200000000001069,-0.08199754931122145,-0.6092978280788425,-0.04522824661290716,-0.03794688436644969
212.12800000000001,0.03200000000001069,-0.00043206595290866173,-0.11764399729716793,-0.011262551175783207,0.03396569543712395
212.16,0.031999999999982265,-0.023223037953728643,-0.4058086217884783,-0.030493434656675106,-0.0192308834808919
212.192,0.03200000000001069,-0.020164792535044943,-0.17864184634379376,-0.014897719705051016,0.01559571495162409
212.22400000000002,0.03200000000001069,-0.12331531163936418,-0.8532462247458824,-0.06360795225138605,-0.04871023254633503
212.256,0.031999999999982265,-0.005211255083027646,-0.050391132906955495,-0.007377803752338104,0.05623014849904794
212.288,0.03200000000001069,-0.0018567888587013824,-0.21884434329679764,-0.016519776381996105,-0.009141972629658001
212.32,0.031999999999982265,-0.0426618318237994,-0.21519169972843705,-0.016778917795874686,-0.00025914141387858164
212.352,0.03200000000001069,0.0007686842732204227,-0.25117011542586853,-0.019439738630359624,-0.0026608208344849373
212.38400000000001,0.03200000000001069,-0.10215071078505328,-0.550126275568927,-0.04157864909499628,-0.022138910464636653
212.416,0.031999999999982265,-0.0319434540563106,-0.4219162695910805,-0.033428115100062696,0.008150533994933581
212.448,0.03200000000001069,0.00035959386302785937,-0.0653858065092562,-0.0067382612783354464,0.026689853821727248
212.48000000000002,0.03200000000001069,-0.0022648184465560244,-0.2843673094463268,-0.02130142995659804,-0.014563168678262593
212.512,0.031999999999982265,-0.029240637342607227,-0.29269388790276524,-0.022754486720009903,-0.0014530567634118627
212.544,0.03200000000001069,-0.0005082221546491468,-0.19741432022119157,-0.015831489358464432,0.006922997361545471
212.576,0.031999999999982265,-6.604150299212015e-05,-0.35236488202069194,-0.026826930516773533,-0.0109954411583091
212.608,0.03200000000001069,-0.003959857469572099,-0.23587933071213046,-0.018895313367245013,0.00793161714952852
212.64000000000001,0.03200000000001069,-0.03310731164908334,-0.6597624222886391,-0.04960988698940479,-0.03071457362215978
212.704,0.03200000000001069,-0.41560012830758314,-2.2660577356978404,-0.16664639915412857,-0.16664639915412857
212.73600000000002,0.03200000000001069,0.0023233783561395194,0.43000705933919126,0.022002473599294036,0.1886488727534226
212.768,0.031999999999982265,0.0021395365264669976,0.06779133329736671,0.006255572516017982,-0.015746901083276053
212.8,0.03200000000001069,0.12307076390850637,0.5782934312109876,0.042888958349467696,0.036633385833449716
212.832,0.031999999999982265,0.14107415160231196,1.0618394283182824,0.08056385208285148,0.037674893733383785
212.864,0.03200000000001069,0.13959809323699068,0.4536537151282507,0.03801267385007274,-0.04255117823277874
212.89600000000002,0.03200000000001069,0.2246918999732536,1.0264006548330846,0.0776761732464621,0.039663499396389364
212.928,0.031999999999982265,0.1264434397588754,0.49376299783955235,0.04079561654934734,-0.036880556697114764
212.96,0.03200000000001069,0.1283694779811757,0.6007751322183021,0.04653623262314603,0.005740616073798693
212.99200000000002,0.03200000000001069,0.13180998173241854,0.5457692426807527,0.04282248751948244,-0.003713745103663589
213.024,0.031999999999982265,0.37362935262136304,1.9829879194187614,0.14830148346238822,0.10547899594290577
213.056,0.03200000000001069,0.11020999726668138,0.6109403257039715,0.05348999781011518,-0.09481148565227304
213.088,0.031999999999982265,0.08802509185781666,0.4994266376962051,0.03981587630365829,-0.013674121506456888
213.12,0.03200000000001069,0.13211966116160198,0.7521988239282789,0.05761540570868147,0.017799529405023176
213.15200000000002,0.03200000000001069,0.13706475367603857,0.9103974048899033,0.07027691560311944,0.01266150989443797
213.184,0.031999999999982265,0.09674047594192224,0.8939889677798485,0.06980117271130293,-0.00047574289181651075
213.216,0.03200000000001069,0.019709345239468122,0.30050901509668204,0.026129058367043302,-0.043672114344259626
213.248,0.031999999999982265,0.08130260939996847,0.6892206467652398,0.052193848917735604,0.0260647905506923
213.28,0.03200000000001069,0.00558285473563883,0.5639456253820369,0.04448579179162077,-0.007708057126114831
213.312,0.03200000000001069,0.0040225088258195206,0.33697451106370085,0.02734930560524512,-0.017136486186375654
213.344,0.031999999999982265,0.10869701601521034,0.8088636143864326,0.061062863603952786,0.03371355799870766
213.376,0.03200000000001069,0.003969756735106551,0.38895259739946136,0.03212876491605856,-0.028934098687894226
213.40800000000002,0.03200000000001069,0.009820816938812474,0.42742880447109843,0.03328797506473043,0.0011592101486718673
213.44,0.031999999999982265,0.04779592481450462,0.29072540923202783,0.02330169654786301,-0.009986278516867418
213.472,0.03200000000001069,0.002510594482176586,0.5004628603155917,0.03814933755741022,0.014847641009547212
213.504,0.031999999999982265,0.05019838293187014,0.6235834981175441,0.048060797771739314,0.009911460214329093
213.536,0.03200000000001069,0.0014367295027445637,0.48325557701749605,0.03831323012710041,-0.009747567644638903
213.568,0.03200000000001069,0.0016527688033673477,0.4706552764637211,0.0368238830793863,-0.0014893470477141124
213.6,0.031999999999982265,0.0027235195200167503,0.45479007606382404,0.03557117401685118,-0.0012527090625351206
213.632,0.03200000000001069,0.0015092907422508436,0.32246802231802035,0.025767862473985034,-0.009803311542866143
213.66400000000002,0.03200000000001069,0.0004851165411960727,0.5250572033722047,0.040100380601138616,0.014332518127153582
213.696,0.031999999999982265,0.0016699488230889343,0.31934869060405735,0.025799933032501186,-0.01430044756863743
213.728,0.03200000000001069,0.0014738699236455989,0.34951335425925933,0.02719269757977443,0.0013927645472732453
213.76,0.031999999999982265,-0.0005741665796171818,0.3935252851320252,0.030509747957945883,0.003317050378171451
213.792,0.03200000000001069,-0.003918092363282032,0.14936143682042988,0.01274537350841428,-0.017764374449531602
213.824,0.03200000000001069,0.0019931358985956545,0.19498300933209298,0.015074873329621869,0.0023294998212075885
213.856,0.031999999999982265,0.0028759836521625565,0.2738747506656086,0.02101106973300204,0.0059361964033801725
213.888,0.03200000000001069,-0.004342202866365592,0.173253649992137,0.013954062342443271,-0.00705700739055877
213.92000000000002,0.03200000000001069,0.0007674131385425147,0.12945969352846654,0.010326050335879137,-0.0036280120065641346
213.952,0.031999999999982265,0.009638050457189339,0.20210719891933365,0.015459122549860182,0.005133072213981045
213.984,0.03200000000001069,0.04451209913188591,0.5566460766300136,0.04182831944636372,0.026369196896503536
214.016,0.031999999999982265,0.08482066863715336,0.6225340471088991,0.04819600513857145,0.0063676856922077335
214.048,0.03200000000001069,0.0022968693328679454,0.42248972348684793,0.03385230089135362,-0.014343704247217835
214.08,0.03200000000001069,0.004503607217979516,0.13905952355744838,0.012180730971993011,-0.021671569919360607
214.112,0.031999999999982265,0.058994751812459924,0.44305242573035486,0.03328535810732235,0.021104627135329342
214.144,0.03200000000001069,0.02279846532509774,0.1035890543503939,0.009539495548216056,-0.023745862559106296
214.17600000000002,0.03200000000001069,0.13241157139082985,0.7787594884057931,0.05782085545015022,0.04828135990193416
214.208,0.031999999999982265,0.11495552359567464,0.8374727977531877,0.06492588390068801,0.007105028450537794
214.24,0.03200000000001069,-0.003973628141957789,0.18656558671350926,0.017468186908041576,-0.04745769699264644
214.272,0.031999999999982265,0.0034321035403680616,0.4591381433222245,0.0347735453776318,0.01730535846959022
214.304,0.03200000000001069,0.12623133487281105,0.8139825882010316,0.06186790861321316,0.027094363235581363
214.336,0.03200000000001069,0.0018900150115221956,0.32797727913234165,0.0276911007055239,-0.03417680790768926
214.368,0.031999999999982265,0.0028501832371971097,0.28442440877364195,0.022515217151601572,-0.005175883553922327
214.4,0.03200000000001069,0.1310806657923795,0.7718250397397733,0.0580599709665966,0.03554475381499503
214.43200000000002,0.03200000000001069,0.11165621550361235,0.9441836947723565,0.07278723135616523,0.014727260389568633
214.464,0.031999999999982265,0.0017570459839650894,0.2838608800584921,0.025077133157308557,-0.047710098198856674
214.496,0.03200000000001069,0.0038016444110863415,0.4131867773354643,0.031833528964844204,0.006756395807535648
214.528,0.031999999999982265,0.09111313335493325,1.0275562045624331,0.07740443629944373,0.04557090733459952
214.56,0.03200000000001069,-0.0006249250316467399,0.17508686547876434,0.017344414470791856,-0.060060021828651874
214.592,0.03200000000001069,0.019452486080899778,0.37916089642430983,0.02888485525694083,0.011540440786148975
214.624,0.031999999999982265,0.12670500070257223,1.1137467846894749,0.08357268687058195,0.054687831613641116
214.656,0.03200000000001069,0.002711755208374806,0.3859939985886749,0.03321066022812779,-0.05036202664245416
214.68800000000002,0.03200000000001069,0.0017551453107448392,0.3736332297656704,0.029394293134633823,-0.003816367093493967
214.72,0.031999999999982265,0.09495287631902677,0.8416044271074653,0.0635886856315747,0.03419439249694088
214.752,0.03200000000001069,0.024178663327004055,0.539101362685383,0.04331655250082138,-0.020272133130753323
214.784,0.031999999999982265,0.0022372315574824895,0.33300907417228637,0.026990187372071713,-0.016326365128749666
214.816,0.03200000000001069,0.02663582405126223,0.6233328913786704,0.0473981606461058,0.02040797327403409
214.848,0.03200000000001069,0.003666388121034651,0.4242904199231205,0.03393866568835958,-0.013459494957746225
214.88,0.031999999999982265,0.005976861959679639,0.3054650236413468,0.024423214899743275,-0.009515450788616302
214.912,0.03200000000001069,0.003026891357313773,0.29683286806318043,0.02323908602437703,-0.0011841288753662443
214.94400000000002,0.03200000000001069,0.06735093648622631,0.7650612051335033,0.05760434532009408,0.03436525929571704
214.976,0.031999999999982265,-0.0059303557752270085,0.17008905312440722,0.01583383322552442,-0.04177051209456965
215.008,0.03200000000001069,0.08813587874404667,0.9304691927299981,0.06934098777849938,0.05350715455297496
215.04,0.031999999999982265,-0.002301234124308603,0.41942679302451746,0.03484773263940576,-0.034493255139093626
215.072,0.03200000000001069,-0.0007154023914221552,0.40666811604535424,0.031918192834776274,-0.002929539804629483
215.104,0.03200000000001069,-0.001856420874255237,0.12515676979559706,0.011046665036836037,-0.020871527797940236
215.136,0.031999999999982265,0.0032054187430091913,0.33414524548020036,0.025210830823217876,0.01416416578638184
215.168,0.03200000000001069,-0.0016792229415198018,0.333239462850633,0.025961903592209075,0.000751072768991199
215.20000000000002,0.03200000000001069,0.0031268180510324035,0.31053263184517504,0.024335396835200702,-0.0016265067570083724
215.232,0.031999999999982265,-0.005103138886647462,0.4016658770325074,0.03094345959318576,0.006608062757985058
215.264,0.03200000000001069,0.002148933332099895,0.23253527448310465,0.018887034142061734,-0.012056425451124026
215.296,0.031999999999982265,0.0029132765266790773,0.2602278860866603,0.020227548748946812,0.001340514606885078
215.328,0.03200000000001069,0.0002622977005457749,0.2208667862515513,0.017410311223670726,-0.0028172375252760867
215.36,0.03200000000001069,-4.709254910728527e-06,0.10880289993195547,0.009006471116527208,-0.008403840107143517
215.392,0.031999999999982265,0.0023821060379493352,0.1305890035410762,0.010123480171168557,0.0011170090546413491
215.424,0.03200000000001069,-0.003370383083637184,0.26658041335780636,0.020188803154300165,0.010065322983131607
215.45600000000002,0.03200000000001069,0.001764049322445908,0.4818855313392106,0.036603452111732326,0.016414648957432162
215.488,0.031999999999982265,0.0006353881025354876,0.2602051856980278,0.021248631828631983,-0.015354820283100343
215.52,0.03200000000001069,0.0028019855944512897,0.17768957289485335,0.01429399535816513,-0.006954636470466853
215.552,0.031999999999982265,0.004964071885037546,0.12975249579917217,0.01036720710070097,-0.00392678825746416
215.584,0.03200000000001069,0.002206009996375972,0.17995980861146016,0.013832774392227564,0.003465567291526594
215.616,0.03200000000001069,-0.013937255825308035,0.24396002712768208,0.01873942896202241,0.004906654569794845
215.648,0.031999999999982265,-0.12082227116924854,-0.46971166708186435,-0.03346089243614331,-0.05220032139816572
215.68,0.03200000000001069,-0.047446214516994406,-0.13631515916850248,-0.011956314144056108,0.021504578292087198
215.71200000000002,0.03200000000001069,0.0019138039732688784,0.2843185237784009,0.020218621648427477,0.03217493579248359
215.744,0.031999999999982265,-0.08237030237711163,-0.4522786503543264,-0.03209347200767104,-0.05231209365609852
215.776,0.03200000000001069,0.002223710230405759,0.0707942204755088,0.003353496466354393,0.03544696847402543
215.808,0.031999999999982265,-0.05073545498937466,-0.24076504317275715,-0.01751232155071841,-0.020865818017072803
215.84,0.03200000000001069,-0.0011087004251204779,0.23078803522524693,0.015961234211496762,0.03347355576221517
215.872,0.03200000000001069,-0.03130863198318796,-0.08079266784398259,-0.005020083761432389,-0.020981317972929153
215.904,0.031999999999982265,-0.1299111449675267,-0.5380479980451832,-0.0398579764522656,-0.03483789269083321
215.936,0.03200000000001069,-0.0673005703730628,0.08717331111946217,0.004109780821034981,0.04396775727330059
215.96800000000002,0.03200000000001069,-0.12042844997900454,-0.48268800128498734,-0.03525973108843027,-0.039369511909465256
216.0,0.031999999999982265,0.00019879077925527414,0.05857528284698215,0.0022721278086898357,0.03753185889712011
216.032,0.03200000000001069,-0.05049012670813559,-0.1368406623527839,-0.009932125461315073,-0.012204253270004909
216.064,0.031999999999982265,-0.11928804919256475,-0.7529687072379029,-0.055946861724153196,-0.04601473626283813
216.096,0.03200000000001069,-0.0007450146899581849,-0.05595110384388996,-0.007344417583273291,0.04860244414087991
216.12800000000001,0.03200000000001069,-0.004038097885061721,-0.13439752868020358,-0.010307611154807553,-0.002963193571534262
216.16,0.031999999999982265,-0.00641031531278464,-0.14886945598354445,-0.011542942398887217,-0.0012353312440796637
216.192,0.03200000000001069,-0.036446627709030024,-0.2494966842381143,-0.019014406090692805,-0.007471463691805588
216.22400000000002,0.03200000000001069,-0.07566741135489617,-0.2757469877831861,-0.021376180067979113,-0.0023617739772863085
216.256,0.031999999999982265,-0.11567389573157817,-0.5951573639202821,-0.04500203451049019,-0.023625854442511075
216.288,0.03200000000001069,0.004122832647673485,-0.20474378889609957,-0.01765483056234993,0.027347203948140258
216.32,0.031999999999982265,-0.10740468290548186,-0.7644687442664678,-0.05723840169568411,-0.039583571133334175
216.352,0.03200000000001069,0.0006408833753516421,0.023078621425633397,-0.0016071130979172404,0.05563128859776687
216.38400000000001,0.03200000000001069,-0.010860441527845224,-0.15567312064219996,-0.011541013709667964,-0.009933900611750724
216.416,0.031999999999982265,-0.06310392072143632,-0.3608768590163238,-0.027205218030476038,-0.015664204320808076
216.448,0.03200000000001069,0.0005540375339474913,-0.11906867088680055,-0.010326869174931919,0.01687834885554412
216.48000000000002,0.03200000000001069,-0.07454401518937029,-0.6248661253611776,-0.04654895702776137,-0.03622208785282945
216.512,0.031999999999982265,-0.0016524108625054846,-0.07315164761938306,-0.008066817097086022,0.03848213993067535
216.544,0.03200000000001069,0.0012061390400451592,-0.1501794001975243,-0.011509917018586323,-0.0034430999215003012
216.576,0.031999999999982265,-0.021202465401807143,-0.2944457023019669,-0.022318060535487363,-0.01080814351690104
216.608,0.03200000000001069,-0.010458571943351527,-0.07793730930464679,-0.007019928432490394,0.01529813210299697
216.64000000000001,0.03200000000001069,-0.08968056291357385,-0.5087202288898768,-0.03781665485434488,-0.030796726421854485
216.672,0.031999999999982265,-0.0011836078261678728,-0.18974792647754274,-0.016137226102235877,0.021679428752109
216.704,0.03200000000001069,-0.02192730127635529,-0.14595262263981545,-0.01166497610899181,0.004472249993244068
216.73600000000002,0.03200000000001069,-0.11034474817263602,-0.7122685566444753,-0.05305379930063493,-0.04138882319164312
216.768,0.031999999999982265,-0.00387851863480678,-0.18683786360117555,-0.01680284571644168,0.03625095358419325
216.8,0.03200000000001069,0.0006985382513653644,-0.21559425345616892,-0.01682486301982465,-2.20173033829707e-05
216.832,0.031999999999982265,0.00039554431145886397,-0.05175746337634503,-0.00477753940630294,0.012047323613521711
216.864,0.03200000000001069,-0.1272709085043349,-0.8144381762419224,-0.06016977089835786,-0.05539223149205492
216.89600000000002,0.03200000000001069,-0.003851617349861504,-0.104557760498912,-0.011162746775564268,0.04900702412279359
216.928,0.031999999999982265,-0.004624252121380413,-0.41172536040768887,-0.030922791338910634,-0.019760044563346367
216.96,0.03200000000001069,-0.001652123431529794,-0.14903153755779375,-0.012744957255393336,0.018177834083517298
216.99200000000002,0.03200000000001069,-0.044872043417740676,-0.43694944329691315,-0.0328691156598321,-0.020124158404438767
217.024,0.031999999999982265,-0.006627916989052955,-0.31194625991753366,-0.024838102346705537,0.008031013313126566
217.056,0.03200000000001069,0.00016028092069737978,-0.3057237736837546,-0.023916876307245066,0.0009212260394604703
217.088,0.031999999999982265,0.002171660775703892,-0.2085505011241707,-0.016717550303379767,0.007199326003865299
217.12,0.03200000000001069,-0.0013427514294998008,-0.05222577873287119,-0.004805784359539955,0.011911765943839813
217.15200000000002,0.03200000000001069,-0.0021084113051234583,-0.05962558521808414,-0.004662312541573982,0.00014347181796597278
217.184,0.031999999999982265,-0.1141688648437267,-0.8420254338102222,-0.06219189212791276,-0.05752957958633878
217.216,0.03200000000001069,-0.08213918747383844,-0.41183230348533434,-0.03387652145946064,0.02831537066845212
217.248,0.031999999999982265,-0.00039586012294894925,-0.1862927682325447,-0.015655672714974356,0.018220848744486286
217.28,0.03200000000001069,-0.001837603583843679,-0.07178128500869475,-0.006182599506541375,0.009473073208432981
217.312,0.03200000000001069,-0.11081732425125132,-0.6553307403791524,-0.04855008685040354,-0.04236748734386216
217.344,0.031999999999982265,0.0015935953712591024,-0.01165723928501141,-0.003660027758683497,0.044890059091720044
217.376,0.03200000000001069,-0.11661367425807748,-0.8293762445916918,-0.06120380691147657,-0.05754377915279307
217.40800000000002,0.03200000000001069,-0.12848518967454203,-0.6964839520740107,-0.05475282692304161,0.0064509799884349545
217.44,0.031999999999982265,-0.08164644713026847,-0.4210387070416839,-0.03412411208826824,0.020628714834773375
217.472,0.03200000000001069,-0.030488530011600238,-0.36724966100870515,-0.028977576775849077,0.005146535312419161
217.504,0.031999999999982265,-0.12394245772224376,-0.5408442069793211,-0.041446654268889736,-0.012469077493040659
217.536,0.03200000000001069,-0.0988251860819712,-0.7542807912416155,-0.057862657364516394,-0.016416003095626658
217.568,0.03200000000001069,-0.0589797753428504,-0.7561839977667573,-0.05895030032342275,-0.0010876429589063569
217.6,0.031999999999982265,0.0032414923336339385,-0.425175701045147,-0.034670663832845554,0.024279636490577197
217.632,0.03200000000001069,-0.07457088382181412,-0.8363537922594833,-0.06350715277013289,-0.02883648893728733
217.66400000000002,0.03200000000001069,-0.0029591895550945164,-0.3265260317411234,-0.027679007697137645,0.03582814507299524
217.696,0.031999999999982265,-0.12216606756221145,-0.740065781874509,-0.05602248881576423,-0.028343481118626584
217.728,0.03200000000001069,-0.04899902823938155,-0.4836120048861715,-0.03879906299503945,0.01722342582072478
217.76,0.031999999999982265,-0.0012171983313456803,-0.18115763940138918,-0.015562207960913014,0.023236855034126435
217.792,0.03200000000001069,-0.13348959009815797,-0.8317940599416032,-0.062068715486903944,-0.046506507525990934
217.824,0.03200000000001069,-0.1333746226766016,-0.9623258892784786,-0.07435283357373865,-0.012284118086834703
217.856,0.031999999999982265,-0.0008076238207915863,-0.06223667813421429,-0.008869219921282477,0.06548361365245617
217.888,0.03200000000001069,-0.10673869383105795,-0.9122942445104977,-0.0676023372664145,-0.05873311734513202
217.92000000000002,0.03200000000001069,-0.0032682028980002007,-0.5478794156720423,-0.0441937969132356,0.0234085403531789
217.952,0.031999999999982265,-0.007961319393316953,-0.42647028234585593,-0.0339139883014227,0.0102798086118129
217.984,0.03200000000001069,-0.0030396261801723602,-0.4182569343381959,-0.03271653295740643,0.001197455344016267
218.016,0.031999999999982265,-0.08021251639430803,-0.8378226429922863,-0.06350236221237317,-0.030785829254966736
218.048,0.03200000000001069,0.0005407974321155728,-0.2817171990081902,-0.02438347943410083,0.039118882778272336
218.08,0.03200000000001069,0.0006110027880089058,-0.4594914258052521,-0.03519873931173858,-0.010815259877637748
218.112,0.031999999999982265,0.0014576044100839108,-0.3923793768132493,-0.030887659006689515,0.004311080305049064
218.144,0.03200000000001069,-0.0024113113484933355,-0.2554407825516017,-0.020568289077206425,0.01031936992948309
218.17600000000002,0.03200000000001069,-0.057591652213969974,-0.7542279348514707,-0.056653481525009396,-0.03608519244780297
218.208,0.031999999999982265,-0.003236022307375423,-0.24329583701124763,-0.021162584204175616,0.035490897320833784
218.24,0.03200000000001069,-0.07300758272312388,-0.6258099975810587,-0.04724390544060424,-0.026081321236428628
218.272,0.031999999999982265,-0.09111684810444294,-0.6159605007255495,-0.04802522183383026,-0.0007813163932260184
218.304,0.03200000000001069,5.460543411821545e-05,-0.3428169047721238,-0.027983284594181538,0.020041937239648724
218.336,0.03200000000001069,-0.013192015784067167,-0.3716990629111822,-0.028950282491367458,-0.00096699789718592
218.368,0.031999999999982265,-0.1341133371532339,-0.8957621199366139,-0.06754582230418718,-0.038595539812819726
218.4,0.03200000000001069,-0.1085258150989187,-0.6276931222820811,-0.05006005241880188,0.017485769885385298
218.43200000000002,0.03200000000001069,-0.04603319930687068,-0.7605616845236314,-0.05882179921108919,-0.008761746792287306
218.464,0.031999999999982265,-0.00533835076222537,-0.15737221638319465,-0.014968916661560498,0.04385288254952869
218.496,0.03200000000001069,-0.05682127962706,-0.5537755770043348,-0.04158892311984555,-0.02662000645828505
218.528,0.031999999999982265,-0.12484030942617176,-0.7539325616148052,-0.057845261528451535,-0.016256338408605985
218.56,0.03200000000001069,-0.0002263285691622646,-0.45330522449217836,-0.03667552248801388,0.021169739040437653
218.592,0.03200000000001069,-0.003577941251625953,-0.38074452272665327,-0.030117282532706586,0.0065582399553072955
218.624,0.031999999999982265,-0.04959368269025259,-0.5211132576187197,-0.040061429946087246,-0.00994414741338066
218.656,0.03200000000001069,-0.12788969863418853,-0.7925247462496803,-0.06059515875550513,-0.02053372880941788
218.68800000000002,0.03200000000001069,-0.04100585382286023,-0.5530614785948132,-0.04417036904087989,0.016424789714625236
218.72,0.031999999999982265,-0.05153297604508945,-0.6613461319104594,-0.05118545900923299,-0.007015089968353101
218.752,0.03200000000001069,0.0012859163779516175,-0.45217934534767906,-0.03620826082290976,0.014977198186323232
218.784,0.031999999999982265,-0.09077199521031439,-0.7695655716867491,-0.05868429595769475,-0.022476035134784987
218.816,0.03200000000001069,-0.0030548179671546745,-0.3193359651106114,-0.02687182949238136,0.03181246646531338
218.848,0.03200000000001069,-0.03138883895977189,-0.648954967217132,-0.04927558121552076,-0.0224037517231394
218.88,0.031999999999982265,-0.07695383502192724,-0.5185998178600298,-0.040982581932211624,0.008292999283309135
218.912,0.03200000000001069,-0.00044822159472974495,-0.40257907977561364,-0.03197164337346667,0.009010938558744956
218.94400000000002,0.03200000000001069,-0.0026512769594728134,-0.34186129483712224,-0.026986250543116163,0.004985392830350505
218.976,0.031999999999982265,-0.04198669950947402,-0.5648535013633739,-0.043097345789066044,-0.01611109524594988
219.008,0.03200000000001069,-0.08242937465313893,-0.8220512241323208,-0.06294180324876729,-0.019844457459701245
219.04,0.031999999999982265,0.001145891319582542,-0.16227173044904464,-0.015567072069372478,0.04737473117939481
219.072,0.03200000000001069,-0.07547623188507258,-0.6306304673889566,-0.047275380126740256,-0.03170830805736778
219.104,0.03200000000001069,0.0030766540279048363,-0.3738268426365875,-0.030220474778355537,0.01705490534838472
219.136,0.031999999999982265,-0.0015219271938289164,-0.5072020465918761,-0.03904435352940765,-0.00882387875105211
219.168,0.03200000000001069,-0.0025817186652726198,-0.3820901468953328,-0.030352990470357246,0.0086913630590504
219.20000000000002,0.03200000000001069,-0.0037625660999965243,-0.3696144134939253,-0.02893377783594321,0.0014192126344140348
219.232,0.031999999999982265,0.0029473167057710798,-0.06383993771897098,-0.006365123791747786,0.022568654044195426
219.264,0.03200000000001069,-0.06505710313600485,-0.7574247292872924,-0.05606863887805666,-0.04970351508630887
219.296,0.031999999999982265,-0.02309199036042104,-0.37581064423770355,-0.03087399071605957,0.02519464816199709
219.328,0.03200000000001069,-0.11693672979445185,-0.8302803545603613,-0.06284133234832093,-0.03196734163226136
219.36,0.03200000000001069,0.0013858010352078177,-0.12734284273808202,-0.012992593663150018,0.04984873868517091
219.392,0.031999999999982265,-0.006528769486519986,-0.21320508743544128,-0.01642920087226166,-0.0034366072091116424
219.424,0.03200000000001069,-0.06686945964796986,-0.4508018655481812,-0.03410051391623081,-0.017671313043969152
219.45600000000002,0.03200000000001069,-0.1327546174629742,-0.8035864819432278,-0.06106452311865487,-0.02696400920242406
219.488,0.031999999999982265,-0.02991924123825034,-0.12839264218848578,-0.012967222594251348,0.04809730052440352
219.52,0.03200000000001069,-0.024282904745668483,-0.37401607023238925,-0.028253812323053136,-0.015286589728801788
219.552,0.031999999999982265,0.0023879001505864006,-0.1807531578011444,-0.014923694695892125,0.013330117627161011
219.584,0.03200000000001069,-0.12487824100436896,-0.8787748316173715,-0.06548683129531158,-0.05056313659941945
219.616,0.03200000000001069,-0.0013265236509406855,-0.33222734707074225,-0.028212568733457996,0.03727426256185358
219.648,0.031999999999982265,0.0026517012434354157,-0.15836320439740434,-0.013274751496776647,0.014937817236681349
219.68,0.03200000000001069,-0.06888426479919182,-0.4536778965198169,-0.03412991443188605,-0.020855162935109403
219.71200000000002,0.03200000000001069,-0.0019497861821913484,-0.29352130544752947,-0.02355591177206648,0.010574002659819573
219.744,0.031999999999982265,-0.0006127550818039434,-0.2863138489266948,-0.02241544636474239,0.0011404654073240879
219.776,0.03200000000001069,-0.00643751614826715,-0.08027091325587724,-0.007197164189748493,0.015218282174993897
219.808,0.031999999999982265,-0.010047522620951531,-0.10420656885462486,-0.008078860328252495,-0.0008816961385040021
219.84,0.03200000000001069,-0.02044574044898824,-0.21178031698433164,-0.016040757636564925,-0.00796189730831243
219.872,0.03200000000001069,-0.12734031953270342,-0.8873892387356342,-0.06618482375940121,-0.050144066122836284
219.904,0.031999999999982265,-0.0017222682323512174,-0.09167305477425791,-0.010562446052756866,0.05562237770664435
219.936,0.03200000000001069,-0.000701328320603979,-0.12375923552942791,-0.009711042482779972,0.0008514035699768944
219.96800000000002,0.03200000000001069,0.001386282466425927,-0.11106653222791066,-0.008728467464104496,0.0009825750186754755
220.0,0.031999999999982265,-0.013684657962159893,-0.17521928767982992,-0.013389552481184876,-0.004661085017080379
220.032,0.03200000000001069,-0.13657300872640277,-0.6081464170175305,-0.045496191771970916,-0.03210663929078604
220.064,0.031999999999982265,-0.07017283951188112,-0.6345185149718903,-0.04928908850661034,-0.0037928967346394227
220.096,0.03200000000001069,0.002264429998743939,-0.08728479348732196,-0.009264357108766809,0.04002473139784353
220.12800000000001,0.03200000000001069,-0.002004513052536715,0.03333260913895137,0.0019164648336938831,0.011180821942460692
220.16,0.031999999999982265,-0.006302503109986842,-0.24238338314155675,-0.017714293149515153,-0.019630757983209037
220.192,0.03200000000001069,-0.11811502100444078,-0.9415518971243726,-0.07026456958719973,-0.052550276437684576
220.22400000000002,0.03200000000001069,-0.00043594376337267805,-0.20782352605089963,-0.01933969798329544,0.05092487160390429
220.256,0.031999999999982265,0.0013063095911214214,-0.28351799573902436,-0.021966440554192623,-0.0026267425708971816
220.288,0.03200000000001069,0.0017192712234880103,-0.23443607152565782,-0.018508584156545008,0.003457856397647615
220.32,0.031999999999982265,-0.0028592370370884575,-0.21752637750308962,-0.017065422566993487,0.0014431615895515205
220.352,0.03200000000001069,0.0026597561580586427,-0.23898716512448473,-0.018560341361933713,-0.001494918794940226
220.38400000000001,0.03200000000001069,-0.0002808046697637831,-0.21186364116891396,-0.01665197155008324,0.0019083698118504723
220.416,0.031999999999982265,0.000982049241442511,-0.2783489388422015,-0.02143114697080577,-0.00477917542072253
220.448,0.03200000000001069,-0.001543230147941836,-0.09183493250320673,-0.007990762088196005,0.013440384882609766
220.48000000000002,0.03200000000001069,-0.0011032173952259807,-0.32293432037936654,-0.024209962392896044,-0.01621920030470004
220.512,0.031999999999982265,0.0007743091446562372,-0.3057180979721191,-0.023880196973859572,0.0003297654190364714
220.544,0.03200000000001069,-0.005829289440008093,-0.32217372238595976,-0.025071310266983345,-0.0011911132931237724
220.576,0.031999999999982265,0.012820237623496844,-0.03096202828992623,-0.003724298194551269,0.021347012072432076
220.608,0.03200000000001069,-0.0014828968118245172,-0.1875941769278479,-0.014010718562330536,-0.010286420367779266
220.64000000000001,0.03200000000001069,0.0034884360082938722,-0.1125234322648782,-0.009083824557751703,0.004926894004578833
220.672,0.031999999999982265,-0.0015729958642549807,-0.288540822764187,-0.021743758276365793,-0.01265993371861409
220.704,0.03200000000001069,-0.0007638111254763421,-0.01779149301237659,-0.0025636375392942886,0.019180120737071503
220.73600000000002,0.03200000000001069,0.004284417013556441,-0.14191676645881496,-0.010584587581053169,-0.00802095004175888
220.768,0.031999999999982265,0.004301006444088028,0.024983582762599647,0.0012262598552340719,0.01181084743628724
220.8,0.03200000000001069,-0.004766060571204526,-0.2118917781482908,-0.015511778508746289,-0.01673803836398036
220.832,0.031999999999982265,-0.01998658815289077,-0.34698510127238197,-0.026412843609482848,-0.01090106510073656
220.864,0.03200000000001069,-0.04406689857779632,-0.3210915068677913,-0.025137931247333087,0.0012749123621497611
220.89600000000002,0.03200000000001069,-0.004075674793968224,0.03439564224910832,0.0010782737328983564,0.026216204980231445
220.928,0.031999999999982265,-0.09488770006552245,-0.47775422648429666,-0.0350719062806274,-0.03615018001352576
220.96,0.03200000000001069,0.0014743879031530237,-0.1515337500019733,-0.01316849510459375,0.021903411176033654
220.99200000000002,0.03200000000001069,-0.024164461714851874,-0.1401445516661082,-0.011066467151288005,0.0021020279533057445
221.024,0.031999999999982265,-0.002206287012395367,-0.19581967693052985,-0.015039480338600596,-0.003973013187312592
221.056,0.03200000000001069,-0.09875454616352446,-0.3757835637601143,-0.02850342372598292,-0.013463943387382323
221.088,0.031999999999982265,-0.030919980202138583,-0.4027502261518662,-0.03126381922170634,-0.0027603954957234195
221.12,0.03200000000001069,0.0012129025513841496,-0.05714489725943736,-0.006007280140349819,0.02525653908135652
221.15200000000002,0.03200000000001069,-0.01292712849045663,-0.19959863912246387,-0.015025323873557763,-0.009018043733207944
221.184,0.031999999999982265,-0.07778891690914164,-0.7259593510784251,-0.05425461320188027,-0.03922928932832251
221.216,0.03200000000001069,-0.0008470484859763888,-0.17874834408124687,-0.016277262497773413,0.037977350704106856
221.248,0.031999999999982265,0.0009803717709545624,-0.13296582955792732,-0.010718008576164102,0.0055592539216093115
221.28,0.03200000000001069,0.0007057125554245167,0.07901228411173156,0.005191840519153018,0.01590984909531712
221.312,0.03200000000001069,-0.111510144165685,-0.7911321027031546,-0.05788031386201055,-0.06307215438116356
221.344,0.031999999999982265,-0.0011559753857545987,0.04144931486441305,-0.00029318513878991257,0.05758712872322064
221.376,0.03200000000001069,-0.02421806962083095,-0.17495493148418384,-0.012883150597009407,-0.012589965458219493
221.40800000000002,0.03200000000001069,-0.01067506934873831,-0.2560686907878145,-0.0195750819242879,-0.006691931327278494
221.44,0.031999999999982265,0.0013907219169805448,-0.2226235360245088,-0.01750183669179841,0.002073245232489491
221.472,0.03200000000001069,-0.07130112967521324,-0.2521312413707364,-0.01955215349123387,-0.0020503167994354587
221.504,0.031999999999982265,-0.05419130702756307,-0.43241791590944845,-0.03292883927048588,-0.01337668577925201
221.536,0.03200000000001069,0.0009043245985121375,-0.02181644354008876,-0.0035053377237402685,0.02942350154674561
221.568,0.03200000000001069,-0.12325069123242283,-0.8475349752849661,-0.06253027396662025,-0.05902493624287999
221.6,0.031999999999982265,-0.002693455164431544,-0.022501630554180266,-0.005264590058683421,0.057265683907936835
221.632,0.03200000000001069,-0.0028769775320969353,0.021853974743746063,0.0013032263235534325,0.006567816382236854
221.66400000000002,0.03200000000001069,-0.03504166518012227,-0.2756050226283019,-0.020192821735866482,-0.021496048059419914
221.696,0.031999999999982265,-0.12950747164027432,-0.6858744824097655,-0.051605077766761334,-0.031412256030894856
221.728,0.03200000000001069,0.004653658454705534,-0.16567575340404822,-0.015162945981096916,0.03644213178566442
221.76,0.031999999999982265,-0.004375839525869069,-0.3002439285916879,-0.02295534940335704,-0.0077924034222601225
221.792,0.03200000000001069,-0.0004730996014155823,-0.03470290264528032,-0.0038772504726368286,0.01907809893072021
221.824,0.03200000000001069,0.008662987504095056,-0.12158111270062266,-0.00916493266080619,-0.005287682188169361
221.856,0.031999999999982265,-0.0004971355162774184,0.035745739586644704,0.0020996666750927964,0.011264599335898986
221.888,0.03200000000001069,-0.13671871573926106,-0.858075801133502,-0.06298187695201898,-0.06508154362711178
221.92000000000002,0.03200000000001069,-0.0029167448242120196,0.04650342362552991,-0.00021601336827511327,0.06276586358374386
221.952,0.031999999999982265,-0.0340580430294634,-0.17366430061932536,-0.01278378225573035,-0.012567768887455238
221.984,0.03200000000001069,-0.0025821208396026654,-0.21530453327986357,-0.016571540105207522,-0.003787757849477172
222.016,0.031999999999982265,0.003725333791918906,-0.35137036226219,-0.026796515755609495,-0.010224975650401973
222.048,0.03200000000001069,0.0012217784578955025,-0.12397911303120819,-0.010664390197040862,0.016132125558568633
222.08,0.03200000000001069,0.0013595274908032985,-0.24365469074574572,-0.01853406655761309,-0.007869676360572227
222.112,0.031999999999982265,0.0036918452104713812,-0.21395993446809553,-0.016804616613900706,0.0017294499437123835
222.144,0.03200000000001069,-0.0006104732209358182,-0.24451691290788724,-0.01895194417927631,-0.002147327565375605
222.17600000000002,0.03200000000001069,-0.0015208199260114048,-0.2068796678540745,-0.016308055893131813,0.0026438882861444975
222.208,0.031999999999982265,-0.0026810028659899976,-0.19265635921873983,-0.015109441321874414,0.0011986145712573996
222.24,0.03200000000001069,0.00797435746773362,0.022719912999883525,0.0007985734344912567,0.01590801475636567
222.272,0.031999999999982265,0.004034796364921955,-0.33904025479757155,-0.02488699622381938,-0.025685569658310637
222.304,0.03200000000001069,0.0033797499375474967,-0.2328094641317039,-0.018557564065848072,0.006329432157971309
222.336,0.03200000000001069,-0.0054989752595353035,-0.18834046551198083,-0.01492191155343959,0.0036356525124084816
222.368,0.031999999999982265,0.002285074746641035,-0.013018111908439546,-0.0018187830914759247,0.013103128461963666
222.4,0.03200000000001069,-0.0017908101628576387,-0.060648057681754054,-0.004565068569536892,-0.002746285478060967
222.43200000000002,0.03200000000001069,0.003967452223783687,-0.11613169394420098,-0.008803888275576367,-0.004238819706039475
222.464,0.031999999999982265,0.00031796748969787193,-0.060494745589148816,-0.004957037644173868,0.0038468506314024986
222.496,0.03200000000001069,0.0027964487702951185,-0.11606779348828225,-0.008821817034781493,-0.003864779390607625
222.528,0.031999999999982265,-0.03170001516226147,-0.24730749197237034,-0.018696324337746272,-0.00987450730296478
222.56,0.03200000000001069,0.005551390407585809,-0.14649277304471547,-0.011852433273264176,0.006843891064482096
222.592,0.03200000000001069,0.000553530084388784,-0.13560676642281808,-0.010656782360812652,0.0011956509124515236
222.624,0.031999999999982265,0.0028693167038045453,-0.02203476440432457,-0.002235647783318319,0.008421134577494334
222.656,0.03200000000001069,-0.13376130020684515,-0.7325413288523718,-0.054000317132098595,-0.051764669348780275
222.68800000000002,0.03200000000001069,-0.005055601783213187,-0.1334263947586509,-0.01292959580139346,0.041070721330705134
222.72,0.031999999999982265,-0.0011164085577607728,-0.08204295814250825,-0.0067798713668629305,0.00614972443453053
222.752,0.03200000000001069,0.001457108751792651,-0.16109439654784502,-0.012238314132286543,-0.0054584427654236125
222.784,0.031999999999982265,-0.0009977300703201835,-0.022669529757966073,-0.0023736289418893226,0.00986468519039722
222.816,0.03200000000001069,-0.0005238851124412977,-0.22021851189620387,-0.016331946655065963,-0.01395831771317664
222.848,0.03200000000001069,-0.012272368797203462,-0.23193322238484546,-0.017999249927126947,-0.0016673032720609833
222.88,0.031999999999982265,-0.0017748632506463676,-0.15189329785357697,-0.012209347628060864,0.005789902299066082
222.912,0.03200000000001069,-0.0014213410667480364,0.0658786136856485,0.00413989379302991,0.016349241421090774
222.94400000000002,0.03200000000001069,-0.029286512375359303,-0.030814942902593498,-0.0020271456298768214,-0.006167039422906731
222.976,0.031999999999982265,-0.023338494606096046,-0.263479103263231,-0.019493338180812197,-0.017466192550935376
223.008,0.03200000000001069,-0.0014320613054098477,-0.18577646918759702,-0.014787376059680437,0.00470596212113176
223.04,0.031999999999982265,0.0023957755280384087,0.13981592941188942,0.009428433534713948,0.024215809594394386
223.072,0.03200000000001069,-0.1361661740101609,-0.8260089514596817,-0.060200590611481926,-0.06962902414619587
223.104,0.03200000000001069,-0.0006207619937045014,-0.16897240097788604,-0.015901593220172035,0.044298997391309894
223.136,0.031999999999982265,-0.0021110801188433575,-0.11686046024168041,-0.009511929027762572,0.006389664192409463
223.168,0.03200000000001069,-0.008344290587515322,-0.07838950667446347,-0.006313896967293505,0.003198032060469067
223.20000000000002,0.03200000000001069,-0.004112384887236229,-0.21140415604888713,-0.015911204968981654,-0.009597308001688148
223.232,0.031999999999982265,-0.005152275800477337,-0.02032047272230153,-0.002412911356298877,0.013498293612682778
223.264,0.03200000000001069,-0.0005811678436860003,-0.2629869452291418,-0.019479414667144902,-0.017066503310846026
223.296,0.031999999999982265,-0.005890949307979565,-0.03940093107588964,-0.0040220820407117506,0.015457332626433153
223.328,0.03200000000001069,-0.008302734918798063,-0.06093059101354106,-0.004713040551220752,-0.0006909585105090016
223.36,0.03200000000001069,-0.0012274025272594853,-0.2954015568054646,-0.02199597688176003,-0.01728293633053928
223.392,0.031999999999982265,-0.04617028270983885,-0.17190697268215485,-0.013911885169461426,0.008084091712298604
223.424,0.03200000000001069,-3.6184753499086165e-06,-0.11531389494993784,-0.009283330255034935,0.004628554914426491
223.45600000000002,0.03200000000001069,-0.005992993573959221,-0.35034396493751574,-0.026300292630366096,-0.01701696237533116
223.488,0.031999999999982265,-0.0028690946125330147,-0.27329900069279184,-0.021616762053804178,0.004683530576561918
223.52,0.03200000000001069,-0.002856215696992679,0.17749354147225693,0.01180499950434039,0.033421761558144567
223.552,0.031999999999982265,-0.09632404160426668,-0.6838066054276891,-0.04960580091313296,-0.06141080041747335
223.584,0.03200000000001069,-0.002687752921880402,-0.23148309261235114,-0.019887016203056367,0.02971878471007659
223.616,0.03200000000001069,0.0028356046747289574,-0.22503078956832379,-0.017696874340912123,0.0021901418621442445
223.648,0.031999999999982265,-0.0033983435492048212,-0.10995204125593312,-0.009107522254268946,0.008589352086643177
223.68,0.03200000000001069,-0.001278627690367203,-0.20922384392677246,-0.01591213773322353,-0.006804615478954584
223.71200000000002,0.03200000000001069,-0.0031014489768256275,-0.0751136270039018,-0.006442466180650262,0.009469671552573267
223.744,0.031999999999982265,0.0014765122017719203,-0.250156497438876,-0.018768483114479075,-0.012326016933828812
223.776,0.03200000000001069,-0.001799118784467793,-0.07501035273003061,-0.0065997655519118015,0.012168717562567273
223.808,0.031999999999982265,0.0021383102931296907,-0.2614993727021141,-0.019611721478185382,-0.01301195592627358
223.84,0.03200000000001069,-0.0008680340232895887,0.015639135271406562,1.7938955069204126e-05,0.019629660433254585
223.872,0.03200000000001069,0.0016282994774224323,-0.1421976934622998,-0.010456214986216388,-0.010474153941285593
223.904,0.031999999999982265,-0.0008397364029161129,0.03762392197022636,0.002163244095164472,0.01261945908138086
223.936,0.03200000000001069,-0.0215771225000984,-0.3430598652785837,-0.025103818110301483,-0.027267062205465955
223.96800000000002,0.03200000000001069,-0.0029676680775028103,-0.31617982581266263,-0.024701156275132318,0.00040266183516916507
224.0,0.031999999999982265,0.004862081107507554,0.09793010953181978,0.005775827464027129,0.030476983739159448
224.032,0.03200000000001069,-0.0031737731241075168,-0.11454941868676935,-0.008090557003052511,-0.013866384467079641
224.064,0.031999999999982265,0.00026048083611000155,-0.13383993471690733,-0.010309679509067771,-0.0022191225060152597
224.096,0.03200000000001069,-0.003936472264969603,-0.02138293040308134,-0.002167673835689038,0.008142005673378732
224.12800000000001,0.03200000000001069,-0.0025117948746411142,-0.07709229648557032,-0.005794522756772042,-0.0036268489210830035
224.16,0.031999999999982265,-0.004372384725641451,-0.19490708295043796,-0.01466802348246095,-0.008873500725688908
224.192,0.03200000000001069,-0.00468277895898933,-0.09003732321014833,-0.007468136611551711,0.007199886870909239
224.22400000000002,0.03200000000001069,0.0036382198892458643,-0.08420609718968942,-0.0066236640998497956,0.0008444725117019158
224.256,0.031999999999982265,-0.003475736372763273,-0.19071540640671755,-0.014407632205111019,-0.007783968105261223
224.288,0.03200000000001069,-0.0010637521937703473,-0.12730116279221293,-0.010193495666511626,0.004214136538599393
224.32,0.031999999999982265,-0.0031133094609835997,-0.17814707358388024,-0.013689437246807755,-0.0034959415802961295
224.352,0.03200000000001069,-0.004421327354300616,-0.02604402861415262,-0.0027055623512940658,0.010983874895513689
224.38400000000001,0.03200000000001069,0.0011406748111119646,0.02444449357505593,0.0016414639747970353,0.004347026326091101
224.416,0.031999999999982265,0.0006590024686049324,0.06110611529336855,0.004588517760963687,0.002947053786166652
224.448,0.03200000000001069,-2.3474824021040735e-05,-0.08059842417851398,-0.005662335471110272,-0.01025085323207396
224.48000000000002,0.03200000000001069,0.0009743232269813506,-0.11055809917979248,-0.008457349060495223,-0.0027950135893849504
224.512,0.031999999999982265,-0.0005284988728627323,-0.1865645192846019,-0.014208231967722508,-0.005750882907227285
224.544,0.03200000000001069,0.006264415939248132,-0.12371609184774875,-0.009918337545404537,0.004289894422317971
224.576,0.031999999999982265,0.010934711013326963,-0.11792708027576337,-0.009244960674283419,0.0006733768711211178
224.608,0.03200000000001069,0.11010147143271624,0.502961526934501,0.036454201559434365,0.04569916223371778
224.64000000000001,0.03200000000001069,0.0031174686535565,-0.11175508813187517,-0.006114027056017001,-0.04256822861545137
224.672,0.031999999999982265,0.07616317775055959,0.3860063635194618,0.028034038261544967,0.03414806531756197
224.704,0.03200000000001069,0.0010313644020816483,-0.15270795662132033,-0.009611798542874505,-0.03764583680441947
224.73600000000002,0.03200000000001069,-0.0012262760237639208,0.09926166640835593,0.006744845164891854,0.01635664370776636
224.768,0.031999999999982265,0.002220946872505009,-0.10379868123770382,-0.007244004837716113,-0.013988850002607967
224.8,0.03200000000001069,-0.0040933251137378595,-0.054218350642254456,-0.0044054195057995,0.0028385853319166125
224.832,0.031999999999982265,0.013490459501655032,0.008886073062023074,0.0003991630202949305,0.004804582526094431
224.864,0.03200000000001069,-0.0005449117354239864,0.026425628153596552,0.0019663899929789727,0.0015672269726840422
224.89600000000002,0.03200000000001069,-0.0032113613360965267,0.12302800015977333,0.009161024878972041,0.007194634885993069
224.928,0.031999999999982265,0.004195201983729554,-0.02231562234051712,-0.0011122384034802227,-0.010273263282452264
224.96,0.03200000000001069,-0.0003730051918714592,0.06709932432162921,0.004870291011538258,0.005982529415018481
224.99200000000002,0.03200000000001069,-4.259570960239791e-05,-0.21923773444269523,-0.015841635240376354,-0.020711926251914613
225.024,0.031999999999982265,0.003386666336701823,0.039106904141751955,0.001961407595091669,0.017803042835468023
225.056,0.03200000000001069,-0.0005980402756803508,0.010044290436812377,0.0008518896454595776,-0.0011095179496320917
225.088,0.031999999999982265,0.0024476093745492114,0.08501048494795535,0.006300869121903302,0.005448979476443724
225.12,0.03200000000001069,-0.004401508558282421,0.11104758821081338,0.008530208153515772,0.00222933903161247
225.15200000000002,0.03200000000001069,-0.09070173446767524,-0.378349401379487,-0.02733145962486962,-0.03586166777838539
225.184,0.031999999999982265,-0.0008717805441903842,-0.10674712145231569,-0.009428027449465975,0.017903432175403647
225.216,0.03200000000001069,-0.002597955767586942,-0.16621846206504304,-0.012768014679575954,-0.003339987230109979
225.24800000000002,0.03200000000001069,-0.0013517570275374323,-0.01855302705434083,-0.0021014795247689334,0.010666535154807021
225.28,0.031999999999982265,-0.002350118086295896,0.025500151407831795,0.0017539704354234578,0.0038554499601923913
225.312,0.03200000000001069,0.0007174866689768782,-0.09482872788146779,-0.006872471031744402,-0.00862644146716786
225.344,0.031999999999982265,-0.00335095096812351,0.04335398138118438,0.002791520195710033,0.009663991227454434
225.376,0.03200000000001069,-0.06450995451355973,-0.28171403654539484,-0.020556162170301696,-0.02334768236601173
225.40800000000002,0.03200000000001069,-0.025335177895649534,-0.05132438373511709,-0.0049610950903665185,0.015595067079935177
225.44,0.031999999999982265,0.0042774757778673905,0.135762678202376,0.009697618661305947,0.014658713751672466
225.472,0.03200000000001069,-0.09301384798048273,-0.48811982331501996,-0.03533660778540188,-0.04503422644670783
225.504,0.031999999999982265,-0.003461152152569538,0.08546366174189883,0.00424506726212372,0.039581675047525605
225.536,0.03200000000001069,-0.049324047166585325,-0.15524163248232223,-0.011171440997319834,-0.015416508259443554
225.568,0.03200000000001069,-0.028040196374883638,-0.1768419682225063,-0.013649915385012675,-0.002478474387692841
225.6,0.031999999999982265,-0.005268015773932668,-0.09155830997550947,-0.007521215881213738,0.006128699503798937
225.632,0.03200000000001069,-0.06073093486110363,-0.317407741866573,-0.02377643008775745,-0.01625521420654371
225.66400000000002,0.03200000000001069,-0.0009731131167350805,-0.16588867702203955,-0.013572082265107305,0.010204347822650143
225.696,0.031999999999982265,0.005512170048799985,0.05136936879036484,0.0029942112231398444,0.01656629348824715
225.728,0.03200000000001069,-0.01343097594432709,-0.14203303789246713,-0.010272288724981787,-0.01326649994812163
225.76,0.031999999999982265,0.0036288571298232868,-0.06474553778432843,-0.0053544112688218215,0.004917877456159966
225.792,0.03200000000001069,-0.06668847444178001,-0.2623085816232752,-0.019599337731232555,-0.014244926462410733
225.824,0.03200000000001069,-0.0024646859503151433,-0.08100275946068375,-0.007088412971003184,0.012510924760229372
225.856,0.031999999999982265,-0.0018376574959432866,-0.021778140066713265,-0.0020107768972606826,0.005077636073742502
225.888,0.03200000000001069,-0.004756426825082392,0.07592178345153597,0.005467224855654238,0.007478001752914921
225.92000000000002,0.03200000000001069,-0.09641978529655458,-0.671460099625791,-0.049063709965737785,-0.05453093482139203
225.952,0.031999999999982265,0.0031669942646580626,0.10332911432353213,0.004766443741758197,0.053830153707495984
225.984,0.03200000000001069,-0.003261623856052744,-0.16912891515656614,-0.012162616327348578,-0.016929060069106775
226.016,0.031999999999982265,-0.0002926132443285094,-0.2608180604577977,-0.019882755866654382,-0.007720139539305804
226.048,0.03200000000001069,0.004504252698990829,-0.09197644293544202,-0.00791178160691026,0.011970974259744123
226.08,0.03200000000001069,-0.0023166262846861393,-0.06146483442973656,-0.00497687770195331,0.0029349039049569496
226.112,0.031999999999982265,-0.020088745753513233,0.03793855799535529,0.0025026995881248667,0.007479577290078176
226.144,0.03200000000001069,-0.00042435310837238207,-0.048329010283025615,-0.003409647823676099,-0.005912347411800966
226.17600000000002,0.03200000000001069,0.0025233580661849016,-0.1010188282013967,-0.007625783331591589,-0.00421613550791549
226.208,0.031999999999982265,-0.020947356628707857,0.05744201381973538,0.0037840692678655662,0.011409852599457156
226.24,0.03200000000001069,-0.05111845703702701,-0.3513348706813637,-0.02561879513943883,-0.029402864407304396
226.272,0.031999999999982265,-0.13118021700408208,-0.6926283367888771,-0.05241499418836128,-0.02679619904892245
226.304,0.03200000000001069,0.0051254696353317825,0.12483195995132376,0.0061543013320679634,0.05856929552042924
226.336,0.03200000000001069,-0.0021693831677551912,-0.1732470629091284,-0.012385346107034494,-0.01853964743910246
226.368,0.031999999999982265,0.003210145169979024,0.06071041441107382,0.00374966301787408,0.016135009124908575
226.4,0.03200000000001069,-0.12780970253543475,-0.43437408716843384,-0.031727504169686914,-0.03547716718756099
226.43200000000002,0.03200000000001069,-0.02895389285373632,-0.2710634120736285,-0.021765664277602053,0.009961839892084861
226.464,0.031999999999982265,0.005858112760353582,-0.037737776579378116,-0.004031756363972329,0.017733907913629724
226.496,0.03200000000001069,-0.11031879431295112,-0.520240102301658,-0.03849132453650362,-0.03445956817253129
226.528,0.031999999999982265,-0.001985349442606379,0.055563761538981266,0.0018641029399783734,0.04035542747648199
226.56,0.03200000000001069,0.002757073944341044,-0.07372805444819175,-0.005314364880152135,-0.007178467820130508
226.592,0.03200000000001069,-0.0065868036506978,-0.3831407248510257,-0.02848304907206538,-0.023168684191913248
226.624,0.031999999999982265,-0.0032330123308468663,-0.0726708809132825,-0.006988533198621401,0.02149451587344398
226.656,0.03200000000001069,-0.0023852988919957027,-0.08894012619683131,-0.006944118602570166,4.441459605123571e-05
226.68800000000002,0.03200000000001069,0.00429429404573443,0.18239124799844042,0.013012216127035067,0.019956334729605233
226.72,0.031999999999982265,-0.008196566882261582,-0.23675696460276788,-0.01665997756604246,-0.029672193693077525
226.752,0.03200000000001069,-0.0445569547472337,-0.30433317854590397,-0.02334249602406584,-0.0066825184580233815
226.784,0.031999999999982265,-0.0005183441810150029,-0.13165790514548353,-0.011029692934576792,0.012312803089489049
226.816,0.03200000000001069,-0.0011389177964762495,0.073752375511567,0.004787032398729536,0.015816725333306327
226.848,0.03200000000001069,-0.002222650207472068,-0.17955519697518987,-0.012928178889703426,-0.01771521128843296
226.88,0.031999999999982265,0.002511799451666313,-0.17154415933883643,-0.013361728178206621,-0.0004335492885031954
226.912,0.03200000000001069,0.00012439632453132966,-0.17599310674644253,-0.013713933178874448,-0.00035220500066782644
226.94400000000002,0.03200000000001069,0.00023291020081407204,0.07621871339055823,0.004813448731073818,0.018527381909948265
226.976,0.031999999999982265,-0.0041347281170831095,-0.23983577507455586,-0.01735970126641145,-0.022173149997485268
227.008,0.03200000000001069,-8.4735339154021e-05,-0.03696967838078958,-0.003720918066989452,0.013638783199421998
227.04,0.031999999999982265,0.0007973978924073981,0.02759724247821901,0.0018147022941338645,0.005535620361123317
227.072,0.03200000000001069,0.002835646554972014,-0.16155631220876338,-0.01177612670303488,-0.013590828997168744
227.104,0.03200000000001069,0.0041889633091380775,-0.1023860407634217,-0.008209317563266956,0.0035668091397679236
227.136,0.031999999999982265,0.004009447948589445,0.057763252186027375,0.0037740063170218275,0.011983323880288783
227.168,0.03200000000001069,-0.0011029787500604212,-0.3896558088871478,-0.02843750653980627,-0.0322115128568281
227.20000000000002,0.03200000000001069,0.11137732701419062,0.46390681042735316,0.032474140887895665,0.060911647427701936
227.232,0.031999999999982265,0.004328444685249327,-0.10113746517423172,-0.005562969890957024,-0.03803711077885269
227.264,0.03200000000001069,-0.0030836947703386255,0.11378621234927248,0.008046718707521048,0.013609688598478073
227.296,0.031999999999982265,-0.0007661820823660404,-0.43311006833268795,-0.031386482875958514,-0.039433201583479564
227.328,0.03200000000001069,0.006743208522644129,-0.04198857015278992,-0.004899761671600041,0.026486721204358472
227.36,0.03200000000001069,-0.00039602308609456026,-0.021472738699750374,-0.0018619687904071482,0.003037792881192893
227.392,0.031999999999982265,0.015485232297016068,0.029604856326232012,0.0020696580986735106,0.003931626889080659
227.424,0.03200000000001069,0.11772481623216165,0.42909837907010123,0.0316754714426798,0.02960581334400629
227.45600000000002,0.03200000000001069,0.0006067880431659784,-0.10787670988027522,-0.006104681923648446,-0.03778015336632824
227.488,0.031999999999982265,0.09135391321763182,0.42453871040523694,0.03086825526512523,0.036972937188773675
227.52,0.03200000000001069,0.0010829129741935135,-0.15104166938838862,-0.00932564266842663,-0.04019389793355186
227.552,0.031999999999982265,-0.0037784145618230793,0.13995401353110587,0.009753889104014632,0.01907953177244126
227.584,0.03200000000001069,-0.00028589440970479675,-0.0523094998158047,-0.0032837694417674076,-0.01303765854578204
227.616,0.03200000000001069,0.002044924297327179,-0.07573799259890256,-0.005759358112273126,-0.002475588670505718
227.648,0.031999999999982265,-0.000291398792142573,0.14860593486678336,0.01059603167735321,0.016355389789626334
227.68,0.03200000000001069,0.011483332933982755,-0.0050612147685205645,0.000239496256670224,-0.010356535420682987
227.71200000000002,0.03200000000001069,0.13639654652631827,0.6883005546766252,0.05063160459171285,0.050392108335042624
227.744,0.031999999999982265,0.0015694950775490906,-0.11082771280195577,-0.005227379261469421,-0.05585898385318227
227.776,0.03200000000001069,0.0006367534023546467,0.08869593799615742,0.006220947586108539,0.011448326847577961
227.808,0.031999999999982265,0.02686727737800168,0.08455018303347227,0.006576969178450322,0.00035602159234178216
227.84,0.03200000000001069,0.08352704700897566,0.39537229153963677,0.029455450238617464,0.02287848106016714
227.872,0.03200000000001069,0.12050416566698383,0.6043930772707785,0.04614763977850369,0.016692189539886226
227.904,0.031999999999982265,0.0038156932106551008,0.006020871980994172,0.0031068369765494606,-0.04304080280195423
227.936,0.03200000000001069,0.001065338568788537,-0.20449560385543944,-0.014859298193031924,-0.017966135169581385
227.96800000000002,0.03200000000001069,0.017088961614018218,0.12204752718462686,0.00811758921187651,0.022976887404908435
228.0,0.031999999999982265,-0.0010240916807098602,0.11703249894796464,0.00907521742015647,0.0009576282082799596
228.032,0.03200000000001069,0.11397394478084784,0.4772958094603741,0.035624345869627656,0.026549128449471188
228.064,0.031999999999982265,0.003054190186340104,0.04855026675198615,0.005626958248245614,-0.029997387621382043
228.096,0.03200000000001069,0.0022723664850126148,-0.028320375133892493,-0.0017578476915001975,-0.007384805939745811
228.12800000000001,0.03200000000001069,-0.0027129104943840413,0.21067323159967544,0.015391478243995277,0.017149325935495476
228.16,0.031999999999982265,0.0006840074176021027,0.08353722676952977,0.0070318824232288605,-0.008359595820766418
228.192,0.03200000000001069,-0.006302067164026605,0.18131454429207824,0.01373985674322054,0.00670797431999168
228.22400000000002,0.03200000000001069,-0.004450851509282412,-0.038929466336469654,-0.0020696925130932143,-0.015809549256313754
228.256,0.031999999999982265,-0.0013305426242172813,0.057138850000836704,0.00408252253111182,0.0061522150442050345
228.288,0.03200000000001069,0.0028411848913330027,0.12839548764933476,0.009677913504651973,0.005595390973540153
228.32,0.031999999999982265,0.0011312684678308894,0.151754980516207,0.011718792661961967,0.002040879157309994
228.352,0.03200000000001069,-0.0025456874203358825,0.09956135151637334,0.00799827943491789,-0.003720513227044076
228.38400000000001,0.03200000000001069,-0.00048085211815488224,0.1444321188609226,0.011083304031279096,0.0030850245963612057
228.416,0.031999999999982265,-8.909572824633682e-05,0.06606468488936149,0.00549824081143665,-0.005585063219842446
228.448,0.03200000000001069,0.0020905139600751097,0.07573158790215007,0.005886726499421079,0.000388485687984429
228.48000000000002,0.03200000000001069,-0.0006247834258605175,0.25389997101902717,0.019011696670177432,0.013124970170756353
228.512,0.031999999999982265,-0.0051591724617686486,0.19435457935474149,0.015390407504105807,-0.003621289166071625
228.544,0.03200000000001069,0.0036482643684449456,0.20742571297608794,0.016142607947257758,0.0007522004431519506
228.576,0.031999999999982265,-0.00436808878763719,0.04135518936773841,0.00397316786338695,-0.012169440083870808
228.608,0.03200000000001069,0.0019479054661581331,-0.15504131596744408,-0.011172406176988184,-0.015145574040375134
228.64000000000001,0.03200000000001069,-0.0062772658431418694,0.045975804992527944,0.0027360984073828663,0.01390850458437105
228.672,0.031999999999982265,0.003654815129150609,0.13227111983573428,0.009885200550487559,0.007149102143104692
228.704,0.03200000000001069,-0.0004896541280701689,0.11089746285423302,0.008726088048710527,-0.0011591125017770317
228.73600000000002,0.03200000000001069,-0.0010398367045722243,-0.17212084508164013,-0.012154056917443916,-0.020880144966154444
228.768,0.031999999999982265,0.0771514716410692,0.3700809329358452,0.026514193135435484,0.0386682500528794
228.8,0.03200000000001069,0.0011932917683199831,0.17800930555116373,0.014621484568501292,-0.011892708566934192
228.832,0.031999999999982265,-0.0016774068827535734,0.24528741366140805,0.01888257677950298,0.004261092211001689
228.864,0.03200000000001069,0.005150301800202338,0.0008840822826307621,0.0011550893553861304,-0.01772748742411685
228.89600000000002,0.03200000000001069,0.0016732609879515127,0.15565203168866243,0.011513367909445545,0.010358278554059415
228.928,0.031999999999982265,0.001991715791943427,-0.006134706665138381,0.00021350839415916841,-0.011299859515286377
228.96,0.03200000000001069,0.003963051632570143,0.06748525007592814,0.004975206218954484,0.004761697824795316
228.99200000000002,0.03200000000001069,-0.0031897046906424957,-0.15303144299071766,-0.010966752912842947,-0.015941959131797433
229.024,0.031999999999982265,-0.0013188709853813032,0.11936839471078313,0.008145278252257788,0.019112031165100733
229.056,0.03200000000001069,-0.00185694144371835,0.04964708146810027,0.004121277018394075,-0.004024001233863713
229.088,0.031999999999982265,0.0030367248948573408,0.03398843107890401,0.002737434441707851,-0.001383842576686224
229.12,0.03200000000001069,0.002687649320730493,0.10115036584711874,0.007596650381222194,0.004859215939514343
229.15200000000002,0.03200000000001069,0.005574985611139373,-0.020577717880527112,-0.0010747424129480578,-0.008671392794170252
229.184,0.031999999999982265,0.0007805195368481015,0.1094853458727945,0.007989533245964868,0.009064275658912926
229.216,0.03200000000001069,-0.0015976636553369354,0.0928802313209017,0.007291661635459929,-0.0006978716105049392
229.24800000000002,0.03200000000001069,-0.0004577972249922514,0.07004845609311755,0.005572320229221474,-0.0017193414062384553
229.28,0.031999999999982265,0.0023750783831979656,0.02827724202912251,0.0024011996917974237,-0.00317112053742405
229.312,0.03200000000001069,0.0033537074612072,0.22002690842583555,0.01631944772642275,0.013918248034625325
229.344,0.031999999999982265,-0.003466759706920982,-0.012465087412522563,2.542131583462983e-05,-0.01629402641058812
229.376,0.03200000000001069,0.0003586591137744363,0.0017046579536104667,0.0001268284811399214,0.00010140716530529156
229.40800000000002,0.03200000000001069,-0.003201599758789355,0.16557088568459935,0.012183442126952064,0.012056613645812142
229.44,0.031999999999982265,-0.0022896842517717486,-0.10452699098859558,-0.006983599714585836,-0.0191670418415379
229.472,0.03200000000001069,-0.022249608363181888,-0.21807105952190667,-0.01644015188247217,-0.009456552167886333
229.504,0.031999999999982265,-0.0015892495528518982,-0.12467951527926845,-0.01011803460119202,0.006322117281280149
229.536,0.03200000000001069,0.0013127114887064308,0.12907807051443954,0.008908325735586396,0.019026360336778417
229.568,0.03200000000001069,0.006488969521673162,0.1158877090498506,0.009036677802050736,0.00012835206646434096
229.6,0.031999999999982265,-0.0018123355067554002,-0.047819597534822615,-0.0029949849580977192,-0.012031662760148457
229.632,0.03200000000001069,-0.08355617056909295,-0.438361613613393,-0.03241011007541548,-0.02941512511731776
229.66400000000002,0.03200000000001069,-0.0032835221712829215,-0.08017596935677188,-0.0077671647128969715,0.024642945362518508
229.696,0.031999999999982265,-0.005720970036485357,0.05158685331161729,0.00334531762112025,0.011112482334017222
229.728,0.03200000000001069,-0.003204068877040591,0.15644731889446747,0.011698293368660602,0.008352975747540353
229.76,0.031999999999982265,-0.001267268977047691,0.20415831842012694,0.01568918066734266,0.0039908872986820585
229.792,0.03200000000001069,0.0005554943158616598,-0.10479395203657055,-0.006800849037557476,-0.022490029704900136
229.824,0.03200000000001069,-0.002044419315576424,-0.06847916082354846,-0.005428579740993608,0.0013722692965638678
229.856,0.031999999999982265,0.002980482294411321,0.007417149066634961,0.00023207192013200315,0.005660651661125611
229.888,0.03200000000001069,0.0006398865635911256,-0.03188216582025991,-0.0023312243979229513,-0.0025632963180549544
229.92000000000002,0.03200000000001069,0.0026816737636082937,0.018297831291263812,0.0012110472230397334,0.0035422716209626845
229.952,0.031999999999982265,-0.0013156837220501141,0.03830917510274643,0.0028871780535985156,0.0016761308305587822
229.984,0.03200000000001069,0.0019411456188672415,-0.09527780323856008,-0.006840077104462806,-0.009727255158061322
230.016,0.031999999999982265,-0.00033979408618642213,-0.14866703065006395,-0.011327878451027154,-0.004487801346564348
230.048,0.03200000000001069,5.791941001012218e-05,0.038922613451237056,0.0022084298328563564,0.01353630828388351
230.08,0.03200000000001069,0.005085265875555559,0.06983130311086548,0.005262900465484462,0.0030544706326281054
230.112,0.031999999999982265,-0.003074136528191391,0.0043755806121819965,0.0006256035797607955,-0.004637296885723666
230.144,0.03200000000001069,-0.0020984635757218643,-0.10829691968019002,-0.007928064485224135,-0.008553668064984931
230.17600000000002,0.03200000000001069,-9.862788738670374e-06,-0.12513026037427796,-0.009659787541931086,-0.0017317230567069509
230.208,0.031999999999982265,0.00031636198477280966,-0.0497984639157977,-0.004219840942507251,0.005439946599423835
230.24,0.03200000000001069,0.0018819481624637786,-0.013794189172950225,-0.0012580353223134591,0.002961805620193792
230.272,0.031999999999982265,0.009368199954096917,0.10993792977838963,0.00801223503826839,0.00927027036058185
230.304,0.03200000000001069,-0.0018060835036272736,0.16111013066774,0.01231061444129877,0.00429837940303038
230.336,0.03200000000001069,-0.0042061942920164856,-0.1349147244367657,-0.009210978974874698,-0.02152159341617347
230.368,0.031999999999982265,-0.0029539310643842322,-0.1380235209936459,-0.010682022318644105,-0.001471043343769407
230.4,0.03200000000001069,0.01362376080107124,-0.042461949640422575,-0.0037393246919075005,0.006942697626736605
230.43200000000002,0.03200000000001069,0.06931172068447826,0.3848737260184229,0.02808783322071448,0.03182715791262198
230.464,0.031999999999982265,0.0046875725156315315,-0.18106943913898405,-0.011694402857826384,-0.03978223607854087
230.496,0.03200000000001069,0.021963115456385768,0.08330923468605585,0.005451472896209893,0.017145875754036276
230.528,0.031999999999982265,-0.0029901072573628134,-0.055794169031750815,-0.003788407325211505,-0.009239880221421398
230.56,0.03200000000001069,-0.0029312340767697355,0.06964467604340822,0.004902983989786527,0.00869139131499803
230.592,0.03200000000001069,0.002037727165122137,0.238292225450924,0.01780710897800459,0.012904124988218062
230.624,0.031999999999982265,0.0012199935693101164,0.07308941425760566,0.006403000059224832,-0.011404108918779757
230.656,0.03200000000001069,-0.0013331439681792759,0.07487607246751932,0.005876042617591617,-0.000526957441633215
230.68800000000002,0.03200000000001069,-0.11659452533273328,-0.23857914987531173,-0.017205946199478035,-0.023081988817069653
230.72,0.031999999999982265,-0.1249431066327664,-0.474214443931005,-0.03586712102497391,-0.018661174825495872
230.752,0.03200000000001069,-0.0032231904241853526,-0.09582003427963606,-0.009117202844847815,0.026749918180126092
230.784,0.031999999999982265,-0.113163895194147,-0.5541362882802953,-0.041277635866561316,-0.0321604330217135
230.816,0.03200000000001069,0.0021493853368622744,-0.11697682201455104,-0.010985421839226479,0.030292214027334837
230.848,0.03200000000001069,0.0032784340300110212,0.233009630140407,0.016501402706031343,0.02748682454525782
230.88,0.031999999999982265,-0.10242418044596815,-0.5615230871607466,-0.040341924256251806,-0.05684332696228315
230.912,0.03200000000001069,-0.13339578978496358,-0.5860019695143878,-0.04542361965403335,-0.005081695397781541
230.94400000000002,0.03200000000001069,-0.12194893240105413,-0.6080527306130877,-0.04733859920881776,-0.00191497955478441
230.976,0.031999999999982265,-0.12548932103236957,-0.6123163529027306,-0.047762696961439366,-0.00042409775262160915
231.008,0.03200000000001069,-0.0903901175863874,-0.34721319724536337,-0.028291433619656806,0.01947126334178256
231.04,0.031999999999982265,-0.414390235188073,-2.0850068553611334,-0.15496511477809707,-0.12667368115844027
231.072,0.03200000000001069,-0.05561072144107038,-0.28406566368880515,-0.02983624641782699,0.1251288683602701
231.104,0.03200000000001069,-0.41564877074557255,-2.074083774995375,-0.15425100959209948,-0.12441476317427248
231.136,0.031999999999982265,-0.41747741160589513,-2.09552405550741,-0.16301008222070953,-0.00875907262861006
231.168,0.03200000000001069,-0.3949671172071272,-2.016761290051347,-0.15772350379427885,0.0052865784264306825
231.20000000000002,0.03200000000001069,-0.26749452990166644,-1.5640971027540624,-0.12412928763292921,0.03359421616134964
231.232,0.031999999999982265,-0.4157982545583099,-2.2896967876846173,-0.17555068969528362,-0.051421402062354404
231.264,0.03200000000001069,-0.4185582276447228,-4.685373783442652,-0.35469782871403516,-0.17914713901875154
231.296,0.031999999999982265,-0.4193746988101804,-2.4204228033804442,-0.19847481974709236,0.1562230089669428
231.328,0.03200000000001069,-0.4111184255301351,-4.606798219760499,-0.35024275285056383,-0.15176793310347148
231.36,0.03200000000001069,-0.4203721687166196,-4.591878636305984,-0.3579069861224942,-0.007664233271930387
231.392,0.031999999999982265,-0.4206361076615844,-2.297991829008926,-0.18965647985844125,0.16825050626405297
231.424,0.03200000000001069,-0.4176685818182871,-2.3781434384438294,-0.18583790080399365,0.0038185790544476017
231.45600000000002,0.03200000000001069,-0.4149737561046737,-2.4667467825736544,-0.19213336775296289,-0.006295466948969236
231.488,0.031999999999982265,-0.42454338650480855,-2.5586325157673246,-0.1992540968858215,-0.007120729132858605
231.52,0.03200000000001069,-0.42055913325267735,-2.408395840206118,-0.18861673086200087,0.010637366023820621
231.552,0.031999999999982265,-0.41891727272433077,-4.67541699163605,-0.35471989449644953,-0.16610316363444866
231.584,0.03200000000001069,-0.4194794732267141,-2.2984659024132967,-0.18950735546352473,0.1652125390329248
231.616,0.03200000000001069,-0.4011466550786058,-4.662127748816955,-0.35379401550638484,-0.1642866600428601
231.648,0.031999999999982265,-0.41938294249582747,-2.248583388512789,-0.1857855339524416,0.16800848155394324
231.68,0.03200000000001069,-0.4249846081601846,-2.620063576417566,-0.20340529640904786,-0.017619762456606264
231.71200000000002,0.03200000000001069,-0.40780844632595425,-2.4321894303911606,-0.19060616179381257,0.012799134615235297
231.744,0.031999999999982265,-0.41838070016024814,-2.4295468062690557,-0.18967294037926152,0.0009332214145510442
231.776,0.03200000000001069,-0.4184924432468103,-2.18116720770645,-0.17135317443036993,0.018319765948891592
231.808,0.031999999999982265,-0.3989106717641519,-4.649038480085329,-0.3517834035897315,-0.18043022915936155
231.84,0.03200000000001069,-0.4198346387883447,-3.76394530553451,-0.2971095217938262,0.054673881795905266
231.872,0.03200000000001069,-0.4198898440139881,-3.8611228274589697,-0.3010997059911107,-0.003990184197284474
231.904,0.031999999999982265,-0.4145731722341327,-2.4703017260792306,-0.19904875682322784,0.10205094916788285
231.936,0.03200000000001069,-0.42132974265861073,-2.5319531524734633,-0.19769130949990418,0.0013574473233236573
231.96800000000002,0.03200000000001069,-0.41849766279311035,-2.6986267481081567,-0.20987015929295347,-0.012178849793049285
232.0,0.031999999999982265,-0.4178419396332918,-4.529882140915844,-0.3452441694338,-0.13537401014084652
232.032,0.03200000000001069,-0.4196720072122245,-3.9535528480534112,-0.31067579946013707,0.034568369973662916
232.064,0.031999999999982265,-0.4189258032031908,-3.9299977852703427,-0.30694795468793573,0.0037278447722013386
232.096,0.03200000000001069,-0.4192649035541197,-4.1510639604927935,-0.3229900062452436,-0.016042051557307868
232.12800000000001,0.03200000000001069,-0.4210124684615996,-4.250469408654812,-0.33122639826131256,-0.00823639201606896
232.16,0.031999999999982265,-0.4196042103892335,-4.290903502392855,-0.3346754099888207,-0.0034490117275081666
232.192,0.03200000000001069,-0.4171877125952087,-3.902392260378363,-0.30630331351813406,0.02837209647068667
232.22400000000002,0.03200000000001069,-0.2696539962478457,-1.494831373553171,-0.1276128456144217,0.17869046790371235
232.256,0.031999999999982265,-0.4199000045980713,-4.712882479671943,-0.3539534169347892,-0.2263405713203675
232.288,0.03200000000001069,-0.31993109608277825,-1.8050806542723874,-0.15317944451876722,0.200773972416022
232.32,0.031999999999982265,-0.416830343997001,-4.5961505151315505,-0.3468448579996163,-0.19366541348084906
232.352,0.03200000000001069,-0.4173331141904352,-4.537874731697675,-0.35373936940927886,-0.006894511409662574
232.38400000000001,0.03200000000001069,-0.319899006111359,-3.842146761733432,-0.30297339069861123,0.050765978710667625
232.416,0.031999999999982265,-0.4195026978045655,-4.8864180905059245,-0.37683866761320295,-0.07386527691459172
232.448,0.03200000000001069,-0.2683870953507433,-1.6815816620476358,-0.1454184450745698,0.23142022253863315
232.48000000000002,0.03200000000001069,-0.4151122413761679,-4.683645370805405,-0.3528312141630345,-0.20741276908846468
232.512,0.031999999999982265,-0.41068727562886,-4.629994786735327,-0.360859485943029,-0.008028271779994545
232.544,0.03200000000001069,-0.26226146172356785,-1.7964276212991828,-0.1529417795090793,0.20791770643394972
232.576,0.031999999999982265,-0.41467399451428516,-2.9997421419675474,-0.22943090446258085,-0.07648912495350155
232.608,0.03200000000001069,-0.4184710459246102,-4.614296728390095,-0.35258126109672167,-0.12315035663414081
232.64000000000001,0.03200000000001069,-0.41759848107572567,-3.0604143598352156,-0.2454177562726976,0.10716350482402406
232.672,0.031999999999982265,-0.42571425196901447,-4.569997929410149,-0.350246423597898,-0.10482866732520038
232.704,0.03200000000001069,-0.4186190479476365,-2.882870623248155,-0.23222636165410387,0.11802006194379411
232.73600000000002,0.03200000000001069,-0.42294699122927315,-4.754777376065645,-0.36307361891190737,-0.1308472572578035
232.768,0.031999999999982265,-0.4147303224137127,-2.5812535604538276,-0.21078587669507828,0.1522877422168291
232.8,0.03200000000001069,-0.4167578159533668,-2.5358831026640747,-0.198657892033366,0.012127984661712277
232.832,0.031999999999982265,-0.4093196190627896,-2.2153107892202875,-0.17438279412167082,0.024275097911695187
232.864,0.03200000000001069,-0.42012920282764465,-2.486718532350828,-0.1929408020103206,-0.01855800788864978
232.89600000000002,0.03200000000001069,-0.39824554172277093,-4.602747839805438,-0.3496254132507383,-0.15668461124041771
232.928,0.031999999999982265,-0.4217165151098368,-4.578273235521719,-0.3568708034213523,-0.007245390170613986
232.96,0.03200000000001069,-0.4133930217951467,-2.4250364841656693,-0.1989395547030027,0.1579312487183496
232.99200000000002,0.03200000000001069,-0.4063128512738825,-4.808970863692495,-0.36513740359864333,-0.16619784889564063
233.024,0.031999999999982265,-0.41978793629236794,-2.2517457306168263,-0.18667293664081197,0.17846446695783136
233.056,0.03200000000001069,-0.41865613172232735,-2.3247299941872406,-0.18173762681646402,0.00493530982434795
233.088,0.031999999999982265,-0.42071648253608906,-2.5828655020758307,-0.20043605965044525,-0.018698432833981232
233.12,0.03200000000001069,-0.422229223359046,-2.491544615407307,-0.19479974424422022,0.005636315406225029
233.15200000000002,0.03200000000001069,-0.3949434436265644,-4.6087041909156525,-0.35017075968137706,-0.15537101543715684
233.184,0.031999999999982265,-0.4211368273610114,-2.481769419508524,-0.2027249202719815,0.14744583940939557
233.216,0.03200000000001069,-0.41431186115064483,-2.472053760862823,-0.19349851619917105,0.009226404072810446
233.24800000000002,0.03200000000001069,-0.4183071986047827,-2.4102683203863866,-0.18842216911330606,0.005076347085864991
233.28,0.031999999999982265,-0.10061145841607082,-0.8537557243809942,-0.07366282741101188,0.11475934170229418
233.312,0.03200000000001069,-0.41235170759334233,-2.476668682150486,-0.1863872629554442,-0.11272443554443232
233.344,0.031999999999982265,-0.4021589561005451,-2.2224345038487985,-0.1741983016082381,0.012188961347206095
233.376,0.03200000000001069,-0.402377937856331,-4.707434615547355,-0.3562421151867791,-0.18204381357854102
233.40800000000002,0.03200000000001069,-0.39866233776394544,-3.0336546075036726,-0.24366117575564744,0.11258093943113168
233.44,0.031999999999982265,-0.4028326704554919,-2.109180743417759,-0.16917596458199313,0.07448521117365431
233.472,0.03200000000001069,-0.42448375259261256,-2.4626284540349066,-0.19086862672685476,-0.021692662144861624
233.504,0.031999999999982265,-0.23824685347425248,-1.4605187678123213,-0.1184255508010665,0.07244307592578826
233.536,0.03200000000001069,-0.4199520802566545,-2.4148440423823265,-0.18442477568474508,-0.06599922488367858
233.568,0.03200000000001069,-0.412891027397535,-2.1244175793771047,-0.16687682220103173,0.017547953483713352
233.6,0.031999999999982265,-0.4116561106427624,-2.360048372867514,-0.18319213695361994,-0.01631531475258821
233.632,0.03200000000001069,-0.39752828143650687,-4.72431253491296,-0.35800252702026414,-0.1748103900666442
233.66400000000002,0.03200000000001069,-0.40600215471758183,-2.050461604675975,-0.1714585665823564,0.18654396043790775
233.696,0.031999999999982265,-0.42070922132532584,-2.3120927910788858,-0.17992997248463272,-0.008471405902276324
233.728,0.03200000000001069,-0.42287115076470977,-2.490570734661978,-0.19354432733213814,-0.013614354847505422
233.76,0.031999999999982265,-0.3531834914615681,-2.1240514490607056,-0.16737636020123797,0.026167967130900166
233.792,0.03200000000001069,-0.41852655657672516,-2.703026969193584,-0.20844369848150873,-0.04106733828027076
233.824,0.03200000000001069,-0.42087016801360405,-2.4226179408587356,-0.1901931345908751,0.01825056389063362
233.856,0.031999999999982265,-0.3994323661569176,-4.385050024808327,-0.3334572463202062,-0.14326411172933107
233.888,0.03200000000001069,-0.3976619513585582,-2.2154340962006738,-0.18217370455670215,0.15128354176350403
233.92000000000002,0.03200000000001069,-0.39383757817398984,-4.66877106199124,-0.3538592013581594,-0.17168549680145725
233.952,0.031999999999982265,-0.42200211956925204,-2.404241942101721,-0.19723646235974965,0.15662273899840976
233.984,0.03200000000001069,-0.41135418301650006,-2.348056213988762,-0.1840628649022772,0.013173597457472458
234.016,0.031999999999982265,-0.1304838978624399,-0.7919828454721306,-0.06886837729227961,0.11519448760999758
234.048,0.03200000000001069,-0.3917740397532026,-2.4959960180045995,-0.18753182042793343,-0.11866344313565381
234.08,0.03200000000001069,-0.4224093180311352,-2.4703071309212823,-0.192492984994647,-0.004961164566713583
234.112,0.031999999999982265,-0.4209247112931067,-2.6154354669331212,-0.2034521591523694,-0.010959174157722379
234.144,0.03200000000001069,-0.3936417647799267,-2.444032291211014,-0.19147979380391408,0.011972365348455305
234.17600000000002,0.03200000000001069,-0.3960366037210066,-4.648740802359617,-0.3529234034781357,-0.16144360967422164
234.208,0.031999999999982265,-0.417804897150379,-2.195886475604446,-0.18185993141158865,0.17106347206654707
234.24,0.03200000000001069,-0.13822186567469477,-0.941681422833963,-0.07975007125989558,0.10210986015169307
234.272,0.031999999999982265,-0.13451308867486717,-0.8359703047000735,-0.06608134362693716,0.013668727632958427
234.304,0.03200000000001069,-0.25695500033607394,-1.5083944106777916,-0.11474248164619334,-0.04866113801925619
234.336,0.03200000000001069,-0.41524608678801433,-2.113733942452253,-0.1620684505474713,-0.04732596890127795
234.368,0.031999999999982265,-0.4159169528466173,-2.5124982491595373,-0.19412575252532005,-0.03205730197784876
234.4,0.03200000000001069,-0.4193541694217872,-2.3279119263024954,-0.18240187101300717,0.011723881512312878
234.43200000000002,0.03200000000001069,-0.4036421067290942,-2.1433335187420606,-0.1681511242452766,0.014250746767730582
234.464,0.031999999999982265,-0.40231507239924075,-2.2276576872627434,-0.1735296602290988,-0.005378535983822208
234.496,0.03200000000001069,-0.4162511526324084,-2.330038193244943,-0.1813692437509035,-0.007839583521804694
234.528,0.031999999999982265,-0.14910970315075125,-1.09986820773928,-0.09135483630561402,0.09001440744528948
234.56,0.03200000000001069,-0.18880106235269511,-1.1234180666443832,-0.08789024953259965,0.0034645867730143665
234.592,0.03200000000001069,-0.13396690261835575,-0.9697974276512547,-0.07639294554598804,0.011497303986611612
234.624,0.031999999999982265,-0.18876014486612525,-1.550341818094066,-0.11842258275832229,-0.042029637212334256
234.656,0.03200000000001069,-0.13283557265543813,-0.7122180196156822,-0.05921310097668518,0.05920948178163711
234.68800000000002,0.03200000000001069,-0.4193802281958872,-2.5682911294987725,-0.19229102910468232,-0.13307792812799712
234.72,0.031999999999982265,-0.41863745499883387,-2.2297840141161323,-0.17507960523336574,0.017211423871316578
234.752,0.03200000000001069,-0.4202132001154474,-2.6142120669208517,-0.20235693168326546,-0.02727732644989972
234.784,0.031999999999982265,-0.41198140569593794,-2.339907156919258,-0.18375918137157093,0.018597750311694528
234.816,0.03200000000001069,-0.42265627575051967,-2.311527396262084,-0.18059849636996372,0.0031606850016072108
234.848,0.03200000000001069,-0.05595684911856234,-0.5502449770008693,-0.05089092488978458,0.12970757148017914
234.88,0.031999999999982265,-0.1366372640883676,-0.9902100003577503,-0.07575815387529278,-0.024867228985508194
234.912,0.03200000000001069,-0.0005340270620200212,-0.41126592113460403,-0.034618037353045215,0.04114011652224756
234.94400000000002,0.03200000000001069,-0.11143995498090882,-0.9579184901484749,-0.07244401010962019,-0.037825972756574976
234.976,0.031999999999982265,-0.03194577018708972,-0.672489010622296,-0.05363712005871068,0.018806890050909512
235.008,0.03200000000001069,-0.07525996023516446,-0.7884122010324357,-0.06107643331949725,-0.007439313260786569
235.04,0.031999999999982265,-0.002614699208118672,-0.47702070630132315,-0.03860609695963586,0.022470336359861384
235.072,0.03200000000001069,-0.054394427111374356,-0.779471451301414,-0.0595512014571796,-0.020945104497543734
235.104,0.03200000000001069,-0.12685707119353312,-1.0882683454150572,-0.08346933656118129,-0.02391813510400169
235.136,0.031999999999982265,-0.008014868289480481,-0.6173314464378122,-0.050217302223734335,0.03325203433744695
235.168,0.03200000000001069,-0.002861277985972432,-0.3404797339038777,-0.027937955298537223,0.022279346925197112
235.20000000000002,0.03200000000001069,-0.06565896351890585,-0.908063476163546,-0.06839202611214132,-0.040454070813604096
235.232,0.031999999999982265,-0.001991443733788785,-0.4070471067825013,-0.03388254502724902,0.034509481084892296
235.264,0.03200000000001069,-0.11744153020470416,-0.8177840190275664,-0.062096030068683396,-0.028213485041434373
235.296,0.031999999999982265,-0.02882383936513326,-0.7271225117680111,-0.057057500762753906,0.00503852930592949
235.328,0.03200000000001069,-0.0645710954443167,-0.9213736973047962,-0.07105190729545212,-0.013994406532698213
235.36,0.03200000000001069,-0.03608077269439678,-0.444737606888841,-0.03680786542989932,0.0342440418655528
235.392,0.031999999999982265,-0.11201476561812951,-0.7855936083722975,-0.05989761602697223,-0.02308975059707291
235.424,0.03200000000001069,-0.09787892051497919,-0.9509317242541889,-0.0733895685273836,-0.013491952500411367
235.45600000000002,0.03200000000001069,-0.07908062359419721,-0.8158037659752653,-0.06423110584418748,0.009158462683196117
235.488,0.031999999999982265,-0.0001941300991662351,-0.5530696724201001,-0.04438087148902686,0.019850234355160618
235.52,0.03200000000001069,-0.11334495698627836,-0.8687995938727869,-0.0664537857031676,-0.022072914214140732
235.552,0.031999999999982265,-0.02067641992182117,-0.334843327948956,-0.028460769946017248,0.03799301575715035
235.584,0.03200000000001069,-0.08037467286847168,-0.5846393437283313,-0.04463752376349131,-0.016176753817474063
235.616,0.03200000000001069,-0.13854011462407276,-0.9170194426520596,-0.07001470060350053,-0.025377176840009216
235.648,0.031999999999982265,-0.08326033806358146,-0.9178734228104174,-0.07154250351405834,-0.0015278029105578184
235.68,0.03200000000001069,0.003122350425507317,-0.3378980391890181,-0.028979181088950867,0.04256332242510748
235.71200000000002,0.03200000000001069,-0.13287855608805338,-1.2237054098912208,-0.09166451441727072,-0.06268533332831985
235.744,0.031999999999982265,-0.021659654284830278,-0.5456371727465393,-0.045417989157530286,0.046246525259740434
235.776,0.03200000000001069,-0.1265662107147287,-0.9722768953821639,-0.07412340174075784,-0.02870541258322755
235.808,0.031999999999982265,-0.06568992440448067,-0.7041803152512195,-0.05606465550946568,0.018058746231292153
235.84,0.03200000000001069,-0.07961210617856328,-0.6853078503811555,-0.05363425540197721,0.0024304001074884757
235.872,0.03200000000001069,-0.02834109196708856,-0.5561545147404304,-0.043995985088320526,0.009638270313656681
235.904,0.031999999999982265,-0.1408788906721479,-1.0573023108748987,-0.08029409907113032,-0.03629811398280979
235.936,0.03200000000001069,-0.04560109499305206,-0.5128312062537658,-0.04234902735877357,0.03794507171235675
235.96800000000002,0.03200000000001069,-0.09253935301473315,-0.9767369522427611,-0.0742742269980437,-0.03192519963927013
236.0,0.031999999999982265,-0.11137731012491357,-0.8800355622722282,-0.06900579721030244,0.005268429787741266
236.032,0.03200000000001069,-0.11320413620426202,-0.9742603106946609,-0.07563096495843126,-0.006625167748128824
236.064,0.031999999999982265,-0.0333486071519311,-0.4071188025812683,-0.034305714816416887,0.04132525014201437
236.096,0.03200000000001069,-0.1273980759960599,-0.9763887837246635,-0.07378428959078914,-0.039478574774372256
236.12800000000001,0.03200000000001069,-0.058666312611001935,-1.0034352578812569,-0.07805235514119917,-0.0042680655504100246
236.16,0.031999999999982265,-0.0008760568370843333,-0.5126728657163863,-0.0422079691500388,0.03584438599116037
236.192,0.03200000000001069,-0.0663098033656829,-0.7934598087394615,-0.06078784119151655,-0.01857987204147775
236.22400000000002,0.03200000000001069,-0.02414107431530062,-0.604747796101499,-0.0479825159168142,0.01280532527470235
236.256,0.031999999999982265,-0.129356019449349,-0.8441033239142195,-0.06484553602801284,-0.01686302011119864
236.288,0.03200000000001069,-0.00013583360239565137,-0.5649553097794242,-0.04529041444046288,0.019555121587549955
236.32,0.031999999999982265,-0.10347151077394698,-1.1312220731167741,-0.08580490134229574,-0.040514486901832854
236.352,0.03200000000001069,0.0015213967123141265,-0.5238594829117503,-0.04347818285523257,0.04232671848706317
236.38400000000001,0.03200000000001069,-0.05093680767660644,-0.7073879685002162,-0.05453142683053197,-0.011053243975299401
236.416,0.031999999999982265,-0.037467496903149565,-0.5418303025887367,-0.04299437216139904,0.011537054669132928
236.448,0.03200000000001069,-0.06049611467122187,-0.5640756142151581,-0.04396427389041449,-0.0009699017290154474
236.48000000000002,0.03200000000001069,-0.04711741095917107,-0.6118472251492697,-0.047533400511343214,-0.003569126620928724
236.512,0.031999999999982265,-0.021167550882456004,-0.6419846949657587,-0.049955759256299685,-0.002422358744956471
236.544,0.03200000000001069,0.0013024409224028065,-0.24841030551508606,-0.021152050046424568,0.028803709209875118
236.576,0.031999999999982265,-0.017388467100141747,-0.6882010898430817,-0.05183155237016657,-0.030679502323742
236.608,0.03200000000001069,0.00048370473725963247,-0.31347344619640627,-0.02604509595580137,0.025786456414365198
236.64000000000001,0.03200000000001069,-0.00012906840678653743,-0.4662682713223737,-0.03579303365551388,-0.009747937699712512
236.672,0.031999999999982265,-5.1577598412156075e-05,-0.3952717707470895,-0.031134674376133837,0.004658359279380044
236.704,0.03200000000001069,-0.004470729462374753,-0.4059731521406363,-0.03165273360243428,-0.0005180592263004415
236.73600000000002,0.03200000000001069,0.0013863706271875036,-0.44015932273588065,-0.03419669941269242,-0.0025439658102581406
236.768,0.031999999999982265,-0.005042248427892029,-0.28964143655826535,-0.023274440770497784,0.010922258642194635
236.8,0.03200000000001069,-0.0013681668074995892,-0.455372806227891,-0.034831831315835546,-0.011557390545337762
236.832,0.031999999999982265,0.003857588096942528,-0.4116423878104137,-0.03228308393832509,0.0025487473775104574
236.864,0.03200000000001069,0.0005481601588366553,-0.2646948677638598,-0.021329393194252463,0.010953690744072625
236.89600000000002,0.03200000000001069,-0.004148442482569153,-0.3723323464373513,-0.02861273129098687,-0.0072833380967344055
236.928,0.031999999999982265,-7.421823755587542e-05,-0.37364133157918594,-0.0291294547464782,-0.0005167234554913323
236.96,0.03200000000001069,-0.00039609904282414415,-0.30254783615155123,-0.023931052958342153,0.005198401788136048
236.99200000000002,0.03200000000001069,-0.00044286732941158183,-0.43480656081842795,-0.033357290586169035,-0.009426237627826881
237.024,0.031999999999982265,0.12785582395202322,0.28129567005920275,0.01876086166708781,0.05211815225325685
237.056,0.03200000000001069,0.05311607585453883,0.047155298946166525,0.004550858608238745,-0.014210003058849063
237.088,0.031999999999982265,-0.0008235756247434609,-0.3226436057547284,-0.02346456697655986,-0.028015425584798605
237.12,0.03200000000001069,-0.0037868310357157147,-0.14018797944894482,-0.011664043574462737,0.011800523402097123
237.15200000000002,0.03200000000001069,0.0017335093125693563,-0.18529224319479978,-0.014299788012998457,-0.0026357444385357205
237.184,0.031999999999982265,0.060367883665380234,0.02007241396894148,0.0006506162949505582,0.014950404307949016
237.216,0.03200000000001069,0.0005358686236613808,-0.24709993032733338,-0.018134225366656653,-0.01878484166160721
237.24800000000002,0.03200000000001069,0.11138207627471836,0.40021550934208316,0.02838506710025428,0.04651929246691093
237.28,0.031999999999982265,0.0013139136378487548,-0.3379417032699782,-0.023213665656440546,-0.051598732756694826
237.312,0.03200000000001069,-0.0027657078747157357,-0.11098616801565779,-0.009502051445504017,0.013711614210936529
237.344,0.031999999999982265,-0.0008561606984217793,-0.2173515260324166,-0.01653262512260165,-0.007030573677097633
237.376,0.03200000000001069,0.002055731217398317,-0.15373381238354364,-0.012260032586026322,0.004272592536575328
237.40800000000002,0.03200000000001069,-0.00025879128875019966,-0.3078533865552724,-0.023347368152324098,-0.011087335566297776
237.44,0.031999999999982265,-0.002866894332013115,-0.061006953241712646,-0.005834287192328803,0.017513080959995295
237.472,0.03200000000001069,0.00023148374937406258,-0.13816186349339615,-0.010497262754770868,-0.004662975562442065
237.50400000000002,0.03200000000001069,1.7764826340850863e-05,-0.08258655668508927,-0.006679431383114017,0.003817831371656851
237.536,0.031999999999982265,0.00023277118002465593,-0.06034791404554797,-0.004823596681960029,0.001855834701153988
237.568,0.03200000000001069,0.02456808432887644,-0.03682610954763424,-0.0029866622255458786,0.00183693445641415
237.6,0.031999999999982265,-0.003269944695691341,-0.12158567702358519,-0.00911385548394166,-0.006127193258395782
237.632,0.03200000000001069,0.0034292386717147726,-0.04008076864270131,-0.0034736832767756666,0.005640172207165993
237.66400000000002,0.03200000000001069,0.0005432002683847445,8.20789904303512e-05,-0.00019449642460939455,0.003279186852166272
237.696,0.031999999999982265,0.10082970805205597,0.369030247444362,0.027127339884618594,0.02732183630922799
237.728,0.03200000000001069,-0.000550674758345003,-0.040850425144861105,-0.0014381132030765924,-0.028565453087695186
237.76,0.031999999999982265,0.003589502258333687,0.1061889934887964,0.007726141684393386,0.00916425488746998
237.792,0.03200000000001069,-0.002931590701828098,-0.10572632226989483,-0.007329114652717019,-0.015055256337110405
237.824,0.03200000000001069,0.0025566044020719826,0.06186158008824862,0.004126211581546239,0.011455326234263258
237.856,0.031999999999982265,-0.0035448913471204917,0.024759871835172455,0.002059048972399342,-0.0020671626091468974
237.888,0.03200000000001069,0.0005077241883022947,-0.2558491388067484,-0.018696336620342324,-0.020755385592741666
237.92000000000002,0.03200000000001069,-0.001712790135486844,-0.12335058988057425,-0.010150552590641489,0.008545784029700835
237.952,0.031999999999982265,0.001214249402469861,0.11606433736297349,0.007949415618423291,0.01809996820906478
237.984,0.03200000000001069,0.0038044008257837876,0.11200332967783913,0.008695662666443699,0.0007462470480204073
238.016,0.031999999999982265,-0.0019584530262986965,-0.018181473381535633,-0.0008350770840106876,-0.009530739750454386
238.048,0.03200000000001069,0.0011765822691780464,-0.06227008528128312,-0.004627564405959075,-0.003792487321948388
238.08,0.03200000000001069,-0.0027291912159556624,-0.04547732383873179,-0.0036115577215332893,0.0010160066844257859
238.112,0.031999999999982265,0.0018125259462845095,0.15086272143675888,0.010885986808747996,0.014497544530281285
238.144,0.03200000000001069,0.000618012598445798,0.06704438609448099,0.005558897318675405,-0.005327089490072591
238.17600000000002,0.03200000000001069,-0.0007103349969885106,0.005184655537550427,0.0007021907583990749,-0.00485670656027633
238.208,0.031999999999982265,-0.0012274308474648984,-0.04001156557669038,-0.0029019227703593986,-0.0036041135287584736
238.24,0.03200000000001069,-0.004177715567623316,-0.234701931238738,-0.017427558509594803,-0.014525635739235404
238.272,0.031999999999982265,0.003958569475572279,-0.16245511105560528,-0.012953062544906399,0.004474495964688404
238.304,0.03200000000001069,-0.0038700993045126726,0.23443815680961813,0.016492866797460405,0.029445929342366804
238.336,0.03200000000001069,0.0021851232142631387,0.08407305050496974,0.007134869167596422,-0.009357997629863984
238.368,0.031999999999982265,0.0006604500945544573,-0.18623630170570485,-0.013283970393377089,-0.020418839560973512
238.4,0.03200000000001069,0.0033585250479573397,0.043572316302364744,0.002437446649769358,0.015721417043146446
238.43200000000002,0.03200000000001069,0.12761759976132123,0.6355201691818304,0.04687700873671859,0.04443956208694923
238.464,0.031999999999982265,-0.005102039831534683,-0.10456874127061115,-0.004983842433614286,-0.05186085117033287
238.496,0.03200000000001069,0.10926086091506476,0.4525171176505617,0.03299049870129243,0.03797434113490671
238.528,0.031999999999982265,0.0002536343937444613,0.08255302559240492,0.00797547926701864,-0.025015019434273787
238.56,0.03200000000001069,0.13298316009848096,0.30205040473633926,0.022673272243046688,0.014697792976028048
238.592,0.03200000000001069,0.13501335469287679,0.5374988153898093,0.04083669172676871,0.01816341948372202
238.624,0.031999999999982265,0.12035051291394976,0.5154787033309025,0.040265885154906304,-0.0005708065718624047
238.656,0.03200000000001069,0.12629565637967335,0.4406210145004323,0.03472788162575627,-0.005538003529150036
238.68800000000002,0.03200000000001069,0.13055837548329338,0.5443888318666323,0.04203928658205994,0.007311404956303669
238.72,0.031999999999982265,0.12949171293211162,0.40918019169349984,0.032518093224034185,-0.009521193358025752
238.752,0.03200000000001069,0.1346105646461891,0.7036203609489996,0.05362164025076235,0.02110354702672816
238.784,0.031999999999982265,0.13820723812136623,0.7734811932794776,0.05997750999237579,0.006355869741613444
238.816,0.03200000000001069,0.3426912205701668,1.8163226395339387,0.13703522465641665,0.07705771466404086
238.848,0.03200000000001069,0.04652284869127726,0.31259067760345816,0.030898906380257773,-0.10613631827615888
238.88,0.031999999999982265,0.1365121121915881,0.8279461181670852,0.06267111043356284,0.03177220405330507
238.912,0.03200000000001069,0.24781851925832837,1.299498181907522,0.0991833360492623,0.03651222561569946
238.94400000000002,0.03200000000001069,0.1348780028371969,0.7557383705511883,0.06130293347182374,-0.03788040257743856
238.976,0.031999999999982265,0.41467869478442027,2.1739503715577055,0.16341176454869005,0.10210883107686632
239.008,0.03200000000001069,0.13021408713601035,0.7081724106881004,0.06151276995578925,-0.1018989945929008
239.04,0.031999999999982265,0.13764885109244757,0.9803582965846834,0.07564684666862612,0.014134076712836868
239.072,0.03200000000001069,0.13977409072295982,0.9974429367815552,0.07771920219270677,0.002072355524080652
239.104,0.03200000000001069,0.4210802496595035,2.567102754568202,0.19327197590009387,0.1155527737073871
239.136,0.031999999999982265,0.4168602702872844,2.1891880273948865,0.17215079632861158,-0.021121179571482296
239.168,0.03200000000001069,0.4043688700606892,2.4956033875885364,0.19346534510269867,0.02131454877408709
239.20000000000002,0.03200000000001069,0.4055670106816784,4.626152226453822,0.35137685853503753,0.15791151343233886
239.232,0.031999999999982265,0.41726706794728624,2.204976799350007,0.18243915526548105,-0.16893770326955648
239.264,0.03200000000001069,0.16420173089075937,1.0490050766598586,0.08767611513040603,-0.09476304013507501
239.296,0.031999999999982265,0.41828047529943374,2.517982108915531,0.1902344358944624,0.10255832076405637
239.328,0.03200000000001069,0.41885389936511097,2.1485063636923707,0.16898370318205058,-0.02125073271241182
239.36,0.03200000000001069,0.4187701772193668,2.392536720625057,0.18570296570252734,0.016719262520476758
239.392,0.031999999999982265,0.39809881186264784,4.478591682129799,0.34007710767806165,0.1543741419755343
239.424,0.03200000000001069,0.40691885331403815,2.3284842637009464,0.19086959797236538,-0.14920750970569627
239.45600000000002,0.03200000000001069,0.4185807753900696,2.388032831430566,0.18663520119421037,-0.004234396778155014
239.488,0.031999999999982265,0.3220555300828965,1.9697550564525284,0.15563051105971346,-0.031004690134496915
239.52,0.03200000000001069,0.07052913096555596,0.5761338358310313,0.05135341866545862,-0.10427709239425484
239.552,0.031999999999982265,0.13807087310862456,0.9774640687423595,0.07484751451645422,0.0234940958509956
239.584,0.03200000000001069,0.16562638115181202,0.9972736537452853,0.077660608371871,0.0028130938554167817
239.616,0.03200000000001069,0.41666060084434375,2.6571465459273007,0.19989043414466978,0.12222982577279878
239.648,0.031999999999982265,0.41982741497052894,2.618185667889126,0.20408145747114959,0.004191023326479804
239.68,0.03200000000001069,0.39467221175958783,2.2957804688383314,0.18061365001861918,-0.02346780745253041
239.71200000000002,0.03200000000001069,0.40042040599137524,4.746718217236344,0.3595013923004089,0.17888774228178972
239.744,0.031999999999982265,0.4160362505394078,2.36647709481334,0.19478494541617597,-0.16471644688423293
239.776,0.03200000000001069,0.0017282147799666853,0.6064383581396341,0.055842369487522595,-0.1389425759286534
239.808,0.031999999999982265,0.10954945967087457,0.8328262779421679,0.06446996161125704,0.008627592123734443
239.84,0.03200000000001069,0.13066810683989916,1.0389677720813424,0.0801277167190895,0.01565775510783246
239.872,0.03200000000001069,0.1007503075421199,0.9879382618358439,0.07727890274013305,-0.0028488139789564493
239.904,0.031999999999982265,0.1265783202119716,1.0264299751012977,0.07994513264835286,0.002666229908219811
239.936,0.03200000000001069,0.1364320932767108,1.1179139914409844,0.08682680692527882,0.006881674276925959
239.96800000000002,0.03200000000001069,0.1748745920815381,1.2003811525790324,0.09328873334426946,0.006461926418990641
240.0,0.031999999999982265,0.2722739215405486,1.6708578257225206,0.1282607355050575,0.03497200216078805
240.032,0.03200000000001069,0.4217667642662971,2.570138568714993,0.19641294646907362,0.06815221096401611
240.064,0.031999999999982265,0.41896870831388355,2.546486581020551,0.19860793822611955,0.002194991757045933
240.096,0.03200000000001069,0.40629124281795553,2.395937705394557,0.18766325466260192,-0.010944683563517632
240.12800000000001,0.03200000000001069,0.4189468061056518,2.4293023285281232,0.18948507011606602,0.001821815453464104
240.16,0.031999999999982265,0.4216653287648806,2.6526397820792487,0.2060145287630799,0.016529458647013884
240.192,0.03200000000001069,0.026534078247855267,0.42001698680178123,0.042781173104927114,-0.16323335565815278
240.22400000000002,0.03200000000001069,0.3154085446477095,1.8271954795538303,0.13684208710407397,0.09406091399914686
240.256,0.031999999999982265,0.4198226926490014,2.7431402904131,0.20963092578245315,0.07278883867837918
240.288,0.03200000000001069,0.41480848531556147,2.4778909400019917,0.194326461004649,-0.015304464777804144
240.32,0.031999999999982265,0.404062989697289,2.3677489226180852,0.18534307946071002,-0.00898338154393899
240.352,0.03200000000001069,0.39858472864347905,4.747706257596742,0.35984707861254595,0.17450399915183593
240.38400000000001,0.03200000000001069,0.42384341166890954,2.3885044990386977,0.19642480186421135,-0.1634222767483346
240.416,0.031999999999982265,0.4182701532610235,2.426137923031638,0.1897581550592031,-0.006666646805008253
240.448,0.03200000000001069,0.13649013218486664,1.2854164143053455,0.10548437755749522,-0.08427377750170788
240.48000000000002,0.03200000000001069,0.42073374648299644,2.4459060622587727,0.18596200166505414,0.08047762410755892
240.512,0.031999999999982265,0.42248808096008766,2.3186055210975702,0.18124619005770243,-0.004715811607351711
240.544,0.03200000000001069,0.4205162586530153,2.311171421091561,0.18042724520421072,-0.0008189448534917099
240.576,0.031999999999982265,0.39879491918430526,4.614109215094957,0.3497385352684411,0.1693112900642304
240.608,0.03200000000001069,0.40164120444567386,3.08999868851461,0.24742928656422533,-0.10230924870421579
240.64000000000001,0.03200000000001069,0.4200791523949934,2.5348563975609353,0.2006977781669254,-0.04673150839729992
240.672,0.031999999999982265,0.42446175084096893,2.469563393038435,0.19319834894098187,-0.0074994292259435436
240.704,0.03200000000001069,0.41898235919368687,2.6287158753085156,0.20446952340249938,0.011271174461517514
240.73600000000002,0.03200000000001069,0.057322775821022603,0.36586449964108836,0.038709595198709396,-0.16575992820378999
240.768,0.031999999999982265,0.38937629957882974,2.3702332026353212,0.17654215582190821,0.13783256062319882
240.8,0.03200000000001069,0.41981593179060755,2.4260496740176496,0.18860385838636914,0.01206170256446093
240.832,0.031999999999982265,0.4208376861137893,2.421012924358145,0.18892976564137698,0.0003259072550078346
240.864,0.03200000000001069,0.39922148741369784,4.532300208365081,0.3442131250473277,0.15528335940595073
240.89600000000002,0.03200000000001069,0.3969557669677169,4.177713348984481,0.3271010922302275,-0.01711203281710022
240.928,0.031999999999982265,0.42275693194661623,2.479657393214896,0.20123781075273015,-0.12586328147749734
240.96,0.03200000000001069,0.41866718534943004,2.6108872063126025,0.20362250976272214,0.0023846990099919974
240.99200000000002,0.03200000000001069,0.16850540752094986,1.2826371169483548,0.10608036381174377,-0.09754214595097838
241.024,0.031999999999982265,0.019730801941534336,0.5991237682179947,0.05018361919475023,-0.05589674461699354
241.056,0.03200000000001069,0.41250023094028154,2.5730957691357315,0.1921230997355207,0.14193948054077046
241.088,0.031999999999982265,0.4167212277289907,2.464809756840159,0.19235375717991926,0.00023065744439856872
241.12,0.03200000000001069,0.41985658330998443,2.665278253049315,0.2071095714395905,0.014755814259671235
241.15200000000002,0.03200000000001069,0.39636482522292366,4.530294623769326,0.34511513732529814,0.13800556588570764
241.184,0.031999999999982265,0.4169152229675953,2.2520714202797527,0.185541020964856,-0.15957411636044214
241.216,0.03200000000001069,0.4223974761175052,2.594700110033429,0.2015259458369496,0.015984924872093603
241.24800000000002,0.03200000000001069,0.42048344288071365,2.438293509108476,0.19094656394988097,-0.01057938188706864
241.28,0.031999999999982265,0.005712437876299353,0.3133298922438578,0.03406552029302209,-0.15688104365685887
241.312,0.03200000000001069,0.4087027390282671,2.6231557327794133,0.19487403781507837,0.16080851752205627
241.344,0.031999999999982265,0.4224555361460439,2.529178657475506,0.19724626983088267,0.002372232015804304
241.376,0.03200000000001069,0.4234960078425659,2.2929245014938644,0.1800090324541188,-0.01723723737676386
241.40800000000002,0.03200000000001069,0.40150511031694985,2.4665284321558514,0.19178081501929214,0.011771782565173333
241.44,0.031999999999982265,0.40413669573357397,3.4430352710455345,0.26427292328545954,0.0724921082661674
241.472,0.03200000000001069,0.41703160018971835,2.52513106158539,0.20095494237126604,-0.0633179809141935
241.50400000000002,0.03200000000001069,0.2622252766722236,1.6422612876874316,0.13237321057867887,-0.06858173179258717
241.536,0.031999999999982265,0.11840650609256849,0.6958047752849313,0.05881142414981572,-0.07356178642886316
241.568,0.03200000000001069,0.3372378760649362,2.1444208993977307,0.16109632794200146,0.10228490379218574
241.6,0.031999999999982265,0.42543355080813383,2.366685454840835,0.18334652686242875,0.02225019892042729
241.632,0.03200000000001069,0.41532910335001916,2.3807340351215003,0.1856641461029936,0.002317619240564839
241.66400000000002,0.03200000000001069,0.39892499941522663,2.667290689823342,0.20687138141742842,0.02120723531443483
241.696,0.031999999999982265,0.4105163514793557,2.5172611181473203,0.1970624468715989,-0.009808934545829512
241.728,0.03200000000001069,0.416321851529903,2.3411792969911023,0.18354708911496598,-0.013515357756632929
241.76,0.031999999999982265,0.06343441928833868,0.6957022619294282,0.06175810611006592,-0.12178898300490006
241.792,0.03200000000001069,0.30822583476042686,1.8722355674316304,0.1412498662103274,0.07949176010026147
241.824,0.03200000000001069,0.02963505961867596,0.38882499639981727,0.03674850282210062,-0.10450136338822677
241.856,0.031999999999982265,0.2495807376688612,1.588237328866304,0.11892079008542823,0.08217228726332762
241.888,0.03200000000001069,0.4243641672133345,2.5180754320088394,0.19204502516737024,0.073124235081942
241.92000000000002,0.03200000000001069,0.4205678341912803,2.5589287120986617,0.19927077929512038,0.007225754127750145
241.952,0.031999999999982265,0.42010689809593377,2.9530514903978453,0.22867179380383254,0.02940101450871216
241.984,0.03200000000001069,0.42195707622920975,2.43967187922783,0.19261503437004251,-0.036056759433790025
242.016,0.031999999999982265,0.4238713149008683,2.486882839879304,0.1940054156390489,0.0013903812690063966
242.048,0.03200000000001069,0.0005939775678173269,0.31650815232619406,0.034475834946525036,-0.15952958069252388
242.08,0.03200000000001069,0.4170098610681368,2.5834864777430053,0.19198043890101688,0.15750460395449184
242.112,0.031999999999982265,0.020941976983349063,0.509076252735268,0.04852043662836934,-0.14346000227264755
242.144,0.03200000000001069,0.14609491586448695,1.2810770160388683,0.09701173398971452,0.04849129736134518
242.17600000000002,0.03200000000001069,0.15350522346452938,1.2097855914246627,0.09456830435406594,-0.0024434296356485863
242.208,0.031999999999982265,0.4182535519155376,2.478081856060959,0.18769804198991769,0.09312973763585175
242.24,0.03200000000001069,0.4153629580473936,2.3805395513674483,0.18590105267903614,-0.0017969893108815416
242.272,0.031999999999982265,0.3973776945794398,2.4399378113531274,0.19016547563657674,0.004264422957540592
242.304,0.03200000000001069,0.4171414728096497,2.5196775070778723,0.19627573212623803,0.006110256489661292
242.336,0.03200000000001069,0.4244150926480027,2.213935151559254,0.1741441095218672,-0.02213162260437082
242.368,0.031999999999982265,0.031429568087011875,0.2443579439231936,0.02802331739210614,-0.14612079212976106
242.4,0.03200000000001069,0.4180985021655571,2.5970704468206107,0.19260690917586512,0.16458359178375898
242.43200000000002,0.03200000000001069,0.41965983812053065,2.516378963433378,0.19617409818623563,0.0035671890103705084
242.464,0.031999999999982265,0.4189981424752158,2.6174962519604743,0.20381621701990504,0.007642118833669415
242.496,0.03200000000001069,0.4120808550801789,3.164572181774588,0.24448947728601364,0.040673260266108596
242.528,0.031999999999982265,0.4202271218986452,2.3789578758128287,0.18906325308739147,-0.05542622419862217
242.56,0.03200000000001069,0.4236221215370327,2.6293270240546844,0.20427575214945481,0.015212499062063345
242.592,0.03200000000001069,0.019344583864364297,0.283547430820857,0.03264479307678916,-0.17163095907266565
242.624,0.031999999999982265,0.4187220733295832,2.5048485448812956,0.18609168314800523,0.15344689007121606
242.656,0.03200000000001069,0.42005876548415566,2.496005801693471,0.19429973326699918,0.008208050118993948
242.68800000000002,0.03200000000001069,0.42089990842379366,2.346897043118267,0.18380808455161501,-0.010491648715384161
242.72,0.031999999999982265,0.41799046822141206,2.310242188182945,0.18050680501220495,-0.0033012795394100625
242.752,0.03200000000001069,0.3963863162695451,3.7198174085954596,0.2839767061722342,0.10346990116002924
242.784,0.031999999999982265,0.4200377183609416,2.3622656674946283,0.19011526561551934,-0.09386144055671486
242.816,0.03200000000001069,0.41587376080182553,2.5666712326871997,0.19972876277359775,0.00961349715807841
242.848,0.03200000000001069,0.0009650539922756918,0.36720356464677606,0.038534390603327716,-0.16119437217027002
242.88,0.031999999999982265,0.16791612700768216,1.1836381941896634,0.08926957573270154,0.050735185129373826
242.912,0.03200000000001069,0.25604382694582706,1.647709066296227,0.12632634823109265,0.03705677249839111
242.94400000000002,0.03200000000001069,0.20700467169475947,1.2605194224386618,0.09999158742462638,-0.026334760806466267
242.976,0.031999999999982265,0.4229369825070313,2.434465012688892,0.1848035305792928,0.08481194315466642
243.008,0.03200000000001069,0.4206253067249167,2.5013102605212243,0.19461546051080814,0.009811929931515334
243.04,0.031999999999982265,0.4214419626163989,2.4341751677481684,0.1902447642483566,-0.00437069626245154
243.072,0.03200000000001069,0.4165999315383807,2.324232456149101,0.18190723607030895,-0.008337528178047643
243.104,0.03200000000001069,0.4212564612069386,2.476644854170417,0.19263436052990213,0.010727124459593174
243.136,0.031999999999982265,-0.0019630150032611247,0.44073995869432114,0.04353272037875381,-0.14910164015114832
243.168,0.03200000000001069,0.12127675019777776,1.0598590449902714,0.08045537803262193,0.03692265765386812
243.20000000000002,0.03200000000001069,0.07518113038349603,0.9603502082702146,0.07526898661757779,-0.0051863914150441365
243.232,0.031999999999982265,0.0024392292727273687,0.3323320116732655,0.02878498059773967,-0.046484006019838126
243.264,0.03200000000001069,0.04464343253666326,0.6328135588528868,0.04819898283733729,0.019414002239597623
243.296,0.031999999999982265,0.1134594830291806,0.8434535067682914,0.06481024476361238,0.016611261926275094
243.328,0.03200000000001069,0.0720115461869461,0.9585444697238561,0.07423301308010677,0.009422768316494384
243.36,0.03200000000001069,0.0026540622695485935,0.44862455460032347,0.03727735474836059,-0.03695565833174618
243.392,0.031999999999982265,0.04546555262342392,0.7162336553829084,0.0548239725592272,0.01754661781086661
243.424,0.03200000000001069,0.0037734160739715064,0.5417140632172525,0.04300271228682496,-0.01182126027240224
243.45600000000002,0.03200000000001069,0.001127507190702541,0.6901350583892256,0.053235195435680484,0.010232483148855526
243.488,0.031999999999982265,0.005219759570393828,0.5839244797095836,0.04601515723831392,-0.007220038197366566
243.52,0.03200000000001069,-0.0031558832356279533,0.21373379007768573,0.0183744439262952,-0.027640713312018717
243.552,0.031999999999982265,-0.00018280814304047024,0.36365273349336463,0.027803844092918542,0.009429400166623341
243.584,0.03200000000001069,0.0024119853973664763,0.5143625893786002,0.03943143160696729,0.01162758751404875
243.616,0.03200000000001069,0.0026184311873594024,0.39479597621229723,0.031309725696702935,-0.008121705910264357
243.648,0.031999999999982265,0.06959350328173054,0.8858925125812278,0.06695621762414616,0.03564649192744323
243.68,0.03200000000001069,0.003606459342656162,0.44081735033091185,0.03628312848697357,-0.030673089137172593
243.71200000000002,0.03200000000001069,-0.000486490083961688,0.3810727489257478,0.030118767817916017,-0.006164360669057553
243.744,0.031999999999982265,0.00227554321949036,0.3064330817636978,0.02427388693195778,-0.0058448808859582375
243.776,0.03200000000001069,0.0011984314887408538,0.5583195815801496,0.042460257598303894,0.018186370666346114
243.808,0.031999999999982265,-0.00197764824699718,0.4179842570931073,0.033189848456227085,-0.009270409142076809
243.84,0.03200000000001069,0.005173730219376863,0.5008896095892009,0.03875155468652296,0.005561706230295872
243.872,0.03200000000001069,0.001329728071902737,0.11913665359822201,0.01099842800611432,-0.027753126680408635
243.904,0.031999999999982265,-0.0031512656786824747,0.3550684052897984,0.026746740055493316,0.015748312049378994
243.936,0.03200000000001069,-0.009277995467190525,0.42409306019211723,0.032731964342968045,0.005985224287474729
243.96800000000002,0.03200000000001069,-0.001352624662282288,0.1999142322235757,0.016591324035358554,-0.01614064030760949
244.0,0.031999999999982265,0.003126179028883998,0.27392150361522727,0.021102051256286492,0.004510727220927938
244.032,0.03200000000001069,-0.0005364499537911963,0.4200991742650142,0.032112390388380575,0.011010339132094083
244.064,0.031999999999982265,-0.0014774380815560397,0.05822994529346326,0.006136062049444183,-0.025976328338936393
244.096,0.03200000000001069,0.0020011843025815614,0.46637574391255626,0.03465160704672525,0.028515544997281067
244.12800000000001,0.03200000000001069,0.005763186140928297,0.2879377981828346,0.0231754162166873,-0.011476190830037949
244.16,0.031999999999982265,0.002050387489149796,0.3115162382638354,0.024246870127513965,0.001071453910826664
244.192,0.03200000000001069,-0.0005463410173850331,0.27562909472085917,0.021669575508968794,-0.0025772946185451708
244.22400000000002,0.03200000000001069,0.005878515177416374,0.4592614420674923,0.035025155084720754,0.01335557957575196
244.256,0.031999999999982265,0.0011414591162443146,0.20846233366219685,0.017352337138086676,-0.017672817946634077
244.288,0.03200000000001069,-0.019288899268897562,0.14390419265568954,0.011584481343512837,-0.00576785579457384
244.32,0.031999999999982265,-0.10324351011547327,-0.14229563310932947,-0.009795691664558896,-0.021380173008071733
244.352,0.03200000000001069,0.0019514908565568586,-0.10368034425568368,-0.008190172246827651,0.0016055194177312451
244.38400000000001,0.03200000000001069,0.00017740994049847083,0.3348817875394986,0.0241544714168068,0.03234464366363445
244.416,0.031999999999982265,0.0016614887383208413,-0.007040713765345293,0.0008766396747204034,-0.023277831742086398
244.448,0.03200000000001069,-0.000961004044825786,0.011077875967540472,0.0008652771078243851,-1.1362566896018305e-05
244.48000000000002,0.03200000000001069,-0.0018327625542067056,-0.016886146184367453,-0.0011918593656953457,-0.0020571364735197306
244.512,0.031999999999982265,0.006471258949357224,0.271758049798108,0.019916343594354843,0.021108202960050188
244.544,0.03200000000001069,0.0016572203590044122,0.147753839344787,0.012015602961196909,-0.007900740633157934
244.576,0.031999999999982265,0.0008343096897925856,0.2581636650765369,0.019679064083032535,0.0076634611218356265
244.608,0.03200000000001069,0.00121409015307864,0.20774211012067198,0.01641345605426184,-0.003265608028770694
244.64000000000001,0.03200000000001069,0.002314808720465982,0.02112795171033242,0.002501288035955873,-0.013912168018305969
244.672,0.031999999999982265,-0.0005865859497145801,-0.008872764053850025,-0.0005081080265939597,-0.003009396062549833
244.704,0.03200000000001069,-0.0008004484079383253,0.023834244803587038,0.001723443153604264,0.0022315511801982236
244.73600000000002,0.03200000000001069,-0.0015152818746907658,0.00508376247609164,0.0004733538278916743,-0.0012500893257125895
244.768,0.031999999999982265,0.001569537561760562,0.046524278132357585,0.0034487322317438263,0.002975378403852152
244.8,0.03200000000001069,0.0011482559687363348,0.2578776715588133,0.01916347450806973,0.015714742276325903
244.832,0.031999999999982265,0.0036678199262443704,-0.022787864456018037,-0.0005695350027344683,-0.019733009510804197
244.864,0.03200000000001069,0.015487980662027426,0.33706464183001417,0.024754931376148523,0.02532446637888299
244.89600000000002,0.03200000000001069,-9.48457444535456e-05,0.028982465451920326,0.003560456433460576,-0.021194474942687946
244.928,0.031999999999982265,-0.0006765446672636777,0.09860512670790994,0.007456985219015774,0.0038965287855551975
244.96,0.03200000000001069,-0.0011050080492112126,0.13807516467922937,0.010584563764976964,0.00312757854596119
244.99200000000002,0.03200000000001069,-0.002472542287482697,-0.08668411059303881,-0.005763732022174724,-0.016348295787151686
245.024,0.031999999999982265,0.001351981548216648,0.12080883962846481,0.008551574495591826,0.014315306517766548
245.056,0.03200000000001069,0.0006697933346593932,-0.10565637322717343,-0.007276319109290619,-0.015827893604882445
245.088,0.031999999999982265,0.04192909585414835,0.1791323392930078,0.012753377613782514,0.020029696723073132
245.12,0.03200000000001069,0.00017527779530702913,0.06085543317672459,0.005211563068358865,-0.007541814545423649
245.15200000000002,0.03200000000001069,0.002646839343503995,0.08386932841068456,0.00646862813791339,0.0012570650695545244
245.184,0.031999999999982265,0.0243307494527131,0.25985306119961593,0.01948308091541976,0.013014452777506371
245.216,0.03200000000001069,0.005273201433466782,0.17124347356751482,0.013718024127527527,-0.005765056787892233
245.24800000000002,0.03200000000001069,0.0008112071081380748,-0.02995926022148538,-0.0014112819003806642,-0.015129306027908192
245.28,0.031999999999982265,0.00299689218816735,-0.01998627474211294,-0.0015512671741367671,-0.00013998527375610288
245.312,0.03200000000001069,0.06842470734187454,0.16443406829083554,0.012002965403672464,0.013554232577809232
245.344,0.031999999999982265,0.07006577935089253,0.5449933117994368,0.040771851716525934,0.02876888631285347
245.376,0.03200000000001069,0.003994744955751027,-0.0789031643872457,-0.003448835180892253,-0.044220686897418184
245.40800000000002,0.03200000000001069,0.0015292138777044306,0.036323381945456076,0.002472131661160145,0.005920966842052398
245.44,0.031999999999982265,0.00226773125150659,-0.12481482470557362,-0.00903619659887946,-0.011508328260039604
245.472,0.03200000000001069,0.009153679249616685,0.10181217843510648,0.006965639366449927,0.016001835965329385
245.50400000000002,0.03200000000001069,-0.00300739989826973,0.1319040746487815,0.01010237546340967,0.0031367360969597434
245.536,0.031999999999982265,-0.00045776960436333635,0.32310024633986617,0.02434406611844703,0.01424169065503736
245.568,0.03200000000001069,0.0008332857937019996,0.14396033834810482,0.011992236376752884,-0.012351829741694147
245.6,0.031999999999982265,0.00344798435484311,-0.16610963715757715,-0.011523439594192242,-0.023515675970945126
245.632,0.03200000000001069,0.004761690471283456,-0.00910309580142349,-0.0013346812680441536,0.010188758326148089
245.66400000000002,0.03200000000001069,-0.012407734838373131,0.2194990983528206,0.016064963491499187,0.01739964475954334
245.696,0.031999999999982265,-0.4158717904169556,-2.0615225376737145,-0.15067741883607058,-0.16674238232756977
245.728,0.03200000000001069,-0.002284930941100306,0.16294881652675008,0.0032848244403908427,0.15396224327646144
245.76,0.031999999999982265,-0.15925226318369856,-0.4890628216812271,-0.03577616079537581,-0.03906098523576665
245.792,0.03200000000001069,-0.17172262450829326,-0.5875568584465047,-0.045274389224214937,-0.009498228428839128
245.824,0.03200000000001069,-0.21063945448117813,-0.6451978823478793,-0.050061647145822036,-0.004787257921607099
245.856,0.031999999999982265,-0.26664239673645174,-1.2113968629110619,-0.09197641240774615,-0.041914765261924114
245.888,0.03200000000001069,-0.1306854199841048,-0.4677677829891446,-0.03970946218041074,0.05226695022733541
245.92000000000002,0.03200000000001069,-0.19200592786005283,-0.9602080686378929,-0.07290630949033058,-0.03319684730991984
245.952,0.031999999999982265,-0.004874162599013873,-0.12056780916722745,-0.013075398008320116,0.05983091148201047
245.984,0.03200000000001069,-0.41800466925780566,-2.2820043851761946,-0.16857395003770598,-0.15549855202938587
246.016,0.031999999999982265,-0.001851471077030815,-0.02265430610617035,-0.01139762148005365,0.15717632855765232
246.048,0.03200000000001069,0.0007268638667959817,-0.15553007418763715,-0.012095691061147173,-0.0006980695810935231
246.08,0.03200000000001069,-0.13166903577765637,-0.8320090354321183,-0.06188440600934835,-0.04978871494820118
246.112,0.031999999999982265,-0.1271268914318723,-0.7916312965912307,-0.061789274548357774,9.513146099057734e-05
246.144,0.03200000000001069,-0.0011394469448246837,-0.33263343228475406,-0.02802897579094094,0.03376029875741683
246.17600000000002,0.03200000000001069,-0.11819934835182656,-0.8032590170706213,-0.060689936980917035,-0.03266096118997609
246.208,0.031999999999982265,-0.10848939963064098,-0.853550875050911,-0.06627389877782988,-0.005583961796912847
246.24,0.03200000000001069,-0.0977655712148393,-0.6772559582955353,-0.05363148763319103,0.012642411144638849
246.272,0.031999999999982265,-0.09123817307553463,-0.7807718099291544,-0.06051423207245252,-0.0068827444392614845
246.304,0.03200000000001069,-0.0019416826435610741,-0.4364839676792799,-0.03559256066010848,0.02492167141234404
246.336,0.03200000000001069,0.0019170293730387008,-0.33428553591557764,-0.02663815973185489,0.008954400928253586
246.368,0.031999999999982265,-0.06116014966860123,-0.6655046745542923,-0.05047916090188251,-0.023841001170027618
246.4,0.03200000000001069,-0.07851419417295094,-0.5790138716384604,-0.04549492667645523,0.004984234225427278
246.43200000000002,0.03200000000001069,-0.0854029917845053,-0.9332775723545045,-0.07125982422382128,-0.02576489754736605
246.464,0.031999999999982265,-0.00020543264249070118,-0.2998285063017094,-0.026163220202780484,0.04509660402104079
246.496,0.03200000000001069,-0.08570999392274797,-0.9145913913909797,-0.06876963665613783,-0.042606416453357346
246.528,0.031999999999982265,0.002081804845811749,-0.44679695264112484,-0.03682755680366179,0.031942079852476046
246.56,0.03200000000001069,-0.000839117657637547,-0.3864910772664942,-0.030548662256020643,0.006278894547641144
246.592,0.03200000000001069,0.004058780694499349,-0.4818303480558283,-0.037197459032711024,-0.006648796776690381
246.624,0.031999999999982265,-0.00014064258764529775,-0.4248855094346609,-0.03339355160871739,0.003803907423993634
246.656,0.03200000000001069,-0.007212891972632174,-0.46088964224748386,-0.03582170762320393,-0.0024281560144865377
246.68800000000002,0.03200000000001069,0.0009720057746172049,-0.2830620977853713,-0.022884404932312575,0.012937302690891352
246.72,0.031999999999982265,-7.057079447019307e-05,-0.21963044600359066,-0.01747276833912752,0.005411636593185054
246.752,0.03200000000001069,-0.11093529009471761,-0.9836857719352338,-0.07334916127970649,-0.05587639294057897
246.784,0.031999999999982265,-0.03903687771360163,-0.47835214123387143,-0.03941250425345205,0.03393665702625444
246.816,0.03200000000001069,-0.02133354192865461,-0.3478825550221929,-0.02785860941764618,0.011553894835805871
246.848,0.03200000000001069,-0.1332612547449303,-0.8152767136340198,-0.061563886014625084,-0.0337052765969789
246.88,0.031999999999982265,-0.1312027592778526,-0.7482551538515362,-0.058580879862701635,0.0029830061519234494
246.912,0.03200000000001069,-0.1350211116679128,-0.8975490167415062,-0.06938777816103302,-0.010806898298331383
246.94400000000002,0.03200000000001069,-0.20612272669727064,-1.2052293741493985,-0.09263853360831073,-0.023250755447277713
246.976,0.031999999999982265,-0.4168249486648456,-2.359844452015052,-0.1788914326296202,-0.08625289902130948
247.008,0.03200000000001069,-0.25960287233621204,-1.6450473351678725,-0.13130439107090192,0.04758704155871829
247.04,0.031999999999982265,-0.4143272269057329,-3.305989410816378,-0.25070329149926723,-0.11939890042836532
247.072,0.03200000000001069,-0.4224055023431133,-4.627691350549844,-0.35479433993063453,-0.1040910484313673
247.104,0.03200000000001069,-0.33162984873194895,-1.891902196317541,-0.15961286609524114,0.1951814738353934
247.136,0.031999999999982265,-0.4121014197296312,-4.569506709279535,-0.34525686197707744,-0.1856439958818363
247.168,0.03200000000001069,-0.42465418838918784,-4.528724280106816,-0.3529747695807341,-0.0077179076036566485
247.20000000000002,0.03200000000001069,-0.41961636848892725,-4.651559345222003,-0.3624536357804735,-0.009478866199739422
247.232,0.031999999999982265,-0.33138799270371044,-3.184896821497437,-0.25514214778534405,0.10731148799512946
247.264,0.03200000000001069,-0.41814433117840927,-4.600062489902762,-0.35301875834051016,-0.09787661055516611
247.296,0.031999999999982265,-0.26001108076694973,-1.5960253788858196,-0.1377515152362936,0.21526724310421658
247.328,0.03200000000001069,-0.39634761977965016,-2.159443519163633,-0.1667582334625771,-0.029006718226283507
247.36,0.03200000000001069,-0.42093045489366643,-2.3540320481916686,-0.18274284905572816,-0.015984615593151064
247.392,0.031999999999982265,-0.4150627046543331,-4.622453590798119,-0.3504858602225964,-0.16774301116686827
247.424,0.03200000000001069,-0.42063946650062817,-4.559357017617343,-0.35552937328225337,-0.0050435130596569455
247.45600000000002,0.03200000000001069,-0.41650448671567564,-2.653745314906108,-0.2156814143942254,0.13984795888802798
247.488,0.031999999999982265,-0.4200223050397243,-4.624237209231407,-0.35251854092740653,-0.13683712653318114
247.52,0.03200000000001069,-0.4156658486190549,-2.422860123262862,-0.19852825252911283,0.1539902883982937
247.552,0.031999999999982265,-0.13992325990600266,-1.043629066238824,-0.08820957085410923,0.1103186816750036
247.584,0.03200000000001069,-0.42235892320551305,-2.4153139370679946,-0.18271499118903298,-0.09450542033492375
247.616,0.03200000000001069,-0.4211820456629493,-2.608501841267971,-0.20237778418527444,-0.019662792996241463
247.648,0.031999999999982265,-0.4191692925218317,-2.5042890167333725,-0.19584906437114374,0.006528719814130696
247.68,0.03200000000001069,-0.4041371152694406,-4.651377283361476,-0.35336952484871476,-0.157520460477571
247.71200000000002,0.03200000000001069,-0.4187286626575813,-2.3821939640347907,-0.19558678048544134,0.15778274436327341
247.744,0.031999999999982265,-0.41997572100036357,-2.448904644359828,-0.19138404670105155,0.004202733784389789
247.776,0.03200000000001069,-0.23016255395104257,-1.3833905932653963,-0.11278328209484642,0.07860076460620513
247.808,0.031999999999982265,-0.10219147103956211,-0.819897024020027,-0.06680628772352415,0.04597699437132227
247.84,0.03200000000001069,-0.41805386831958524,-2.6754311625284326,-0.20060847906981902,-0.13380219134629487
247.872,0.03200000000001069,-0.4110903355015764,-2.335270562013198,-0.18331726857501146,0.017291210494807557
247.904,0.031999999999982265,-0.41101666230676964,-2.363187968959546,-0.1843721153692403,-0.0010548467942288475
247.936,0.03200000000001069,-0.3900059062500262,-4.343852637345525,-0.3300915390432695,-0.14571942367402918
247.96800000000002,0.03200000000001069,-0.39456155292377304,-4.372797065054781,-0.34063236676009323,-0.010540827716823742
248.0,0.031999999999982265,-0.4211387935405008,-2.1315259408027063,-0.17641729288934987,0.16421507387074336
248.032,0.03200000000001069,-0.14606603626441822,-1.116576190588063,-0.09229767359216079,0.08411961929718909
248.064,0.031999999999982265,-0.416692344375064,-2.396522992635173,-0.1815691032802632,-0.08927142968810242
248.096,0.03200000000001069,-0.42530105560776654,-2.396123577107051,-0.18669328748213396,-0.005124184201870746
248.12800000000001,0.03200000000001069,-0.4230215154920688,-2.6988513911419587,-0.20925177392377067,-0.022558486441636716
248.16,0.031999999999982265,-0.39717941763879383,-4.720191149008822,-0.3592038381775983,-0.14995206425382765
248.192,0.03200000000001069,-0.41530246566751133,-2.622192160741236,-0.21357311175986546,0.14563072641773286
248.22400000000002,0.03200000000001069,-0.41682490991815696,-2.417539082467482,-0.19011575049264423,0.023457361267221227
248.256,0.031999999999982265,-0.4272650272887312,-2.521257482849861,-0.19638905331567777,-0.006273302823033539
248.288,0.03200000000001069,-0.4075282873180986,-2.4226963195989213,-0.1895029950324848,0.0068860582831929695
248.32,0.031999999999982265,-0.41566029714328195,-2.3532105595779744,-0.18399547070734482,0.005507524325139984
248.352,0.03200000000001069,-0.41913406859136787,-2.4974648833467725,-0.19428602205118678,-0.010290551343841964
248.38400000000001,0.03200000000001069,-0.40547814772811114,-4.575661869458018,-0.3477111631687159,-0.15342514111752914
248.416,0.031999999999982265,-0.4045189996121873,-4.573651751253286,-0.35642043052954314,-0.008709267360827222
248.448,0.03200000000001069,-0.4229010211396985,-2.4732059947101632,-0.2024559518073139,0.15396447872222924
248.48000000000002,0.03200000000001069,-0.42006165416438923,-2.450071286411407,-0.19186639274747375,0.010589559059840159
248.512,0.031999999999982265,-0.4185873327182127,-2.2578580034026534,-0.17711965889906017,0.014746733848413573
248.544,0.03200000000001069,-0.4140745039049701,-2.302704146877283,-0.1795663391022978,-0.002446680203237628
248.576,0.031999999999982265,-0.4201955298014427,-4.78754814918627,-0.3624435744507702,-0.1828772353484724
248.608,0.03200000000001069,-0.42329624194349597,-2.51866278293925,-0.20614656485388325,0.15629700959688694
248.64000000000001,0.03200000000001069,-0.41574405580651647,-4.910343957462665,-0.37300845792564813,-0.16686189307176488
248.672,0.031999999999982265,-0.41603475470292256,-2.330633379767645,-0.19292874093537865,0.18007971699026948
248.704,0.03200000000001069,-0.4163035066118569,-2.427496024156947,-0.18965620575019998,0.003272535185178671
248.73600000000002,0.03200000000001069,-0.41738655369173555,-2.346099400814313,-0.1834813591946036,0.006174846555596386
248.768,0.031999999999982265,-0.4201074031980989,-2.402985334794326,-0.18730829546713412,-0.003826936272530529
248.8,0.03200000000001069,-0.4189277088211192,-2.52474233979802,-0.19648325869537583,-0.009174963228241712
248.832,0.031999999999982265,-0.41523378332962296,-2.3688547112124616,-0.18554890934610468,0.01093434934927115
248.864,0.03200000000001069,-0.392121993285929,-4.517768366875643,-0.3429492764165565,-0.1574003670704518
248.89600000000002,0.03200000000001069,-0.4006175805942609,-4.483385251484775,-0.3495073123600362,-0.006558035943479701
248.928,0.031999999999982265,-0.4186006293824889,-1.9534085897992628,-0.1638308449773416,0.18567646738269458
248.96,0.03200000000001069,-0.4169203194339215,-2.2211005635834007,-0.1727980421305055,-0.008967197153163908
248.99200000000002,0.03200000000001069,-0.4155529373779415,-2.3321748575796972,-0.18148413889190645,-0.008686096761400947
249.024,0.031999999999982265,-0.4191150229390267,-2.259184959138556,-0.17661788558381397,0.004866253308092483
249.056,0.03200000000001069,-0.4169010914056625,-2.3595154966029264,-0.18371529171835713,-0.007097406134543155
249.088,0.031999999999982265,-0.42233593088346205,-2.442996528766385,-0.19026423244339571,-0.006548940725038588
249.12,0.03200000000001069,-0.4135518499963994,-2.4058313415291086,-0.1879091604645664,0.0023550719788293095
249.15200000000002,0.03200000000001069,-0.3934259618047226,-4.503812978401324,-0.3420592491076635,-0.1541500886430971
249.184,0.031999999999982265,-0.4088618085479979,-2.1957934234313927,-0.18122591072076102,0.16083333838690247
249.216,0.03200000000001069,-0.41864172108970266,-2.3348972350244406,-0.18217087622740388,-0.0009449655066428586
249.24800000000002,0.03200000000001069,-0.422602171058156,-2.356850241784271,-0.18383985730421995,-0.0016689810768160673
249.28,0.031999999999982265,-0.07182192464265719,-0.7446163744191623,-0.06537216225937453,0.11846769504484542
249.312,0.03200000000001069,-0.13446712759094645,-1.0425122716605049,-0.08044046323239548,-0.015068300973020948
249.344,0.031999999999982265,-0.3998348854072155,-2.3693986426594056,-0.1788898666198585,-0.09844940338746302
249.376,0.03200000000001069,-0.41537102695962186,-2.5729266524402554,-0.1995407558270955,-0.020650889207236983
249.40800000000002,0.03200000000001069,-0.4200993142120306,-2.522132486373467,-0.19699749813926584,0.0025432576878296476
249.44,0.031999999999982265,-0.4220504877914673,-2.7761568506849184,-0.21553168750729826,-0.018534189368032417
249.472,0.03200000000001069,-0.4212945549085426,-2.6129017249841713,-0.20459583024543318,0.010935857261865078
249.50400000000002,0.03200000000001069,-0.4182985068238933,-2.3061195666127277,-0.18140368387670192,0.023192146368731265
249.536,0.031999999999982265,-0.31087199638591556,-1.8436702026979126,-0.14605619168562461,0.0353474921910773
249.568,0.03200000000001069,-0.014416652552474962,-0.34899514010209376,-0.034096870905670616,0.11195932077995399
249.6,0.031999999999982265,-0.13147896097131168,-0.9911425639162924,-0.07485722956149755,-0.04076035865582694
249.632,0.03200000000001069,-0.13643760734578783,-1.1825178706391153,-0.0912840708813716,-0.01642684131987404
249.66400000000002,0.03200000000001069,-0.11686984369370462,-1.0782583370403693,-0.08456510756598366,0.0067189633153879325
249.696,0.031999999999982265,-0.04274910578795884,-0.6686215682729234,-0.05405244725049423,0.03051266031548943
249.728,0.03200000000001069,-0.13122219334297316,-1.0147322002944625,-0.07774403378335788,-0.02369158653286365
249.76000000000002,0.03200000000001069,-0.26632488342873256,-1.7098656571424853,-0.13023199909269165,-0.052487965309333764
249.792,0.031999999999982265,-0.0564998902382689,-0.7317622204271204,-0.06133213264560106,0.06889986644709059
249.824,0.03200000000001069,-0.35230584148606575,-2.3707640407123662,-0.1778871719987618,-0.11655503935316075
249.856,0.031999999999982265,-0.4149309253938628,-2.4493879343098106,-0.1903978058779849,-0.012510633879223104
249.888,0.03200000000001069,-0.4229473427873387,-2.359019524738452,-0.18447431992592073,0.005923485952064184
249.92000000000002,0.03200000000001069,-0.4159604739772785,-2.4313461985703886,-0.189451282520388,-0.004976962594467282
249.952,0.031999999999982265,-0.4173540892316486,-2.532029520053349,-0.19714287224826102,-0.0076915897278730105
249.984,0.03200000000001069,-0.00604435177243196,-0.41493561546535174,-0.0418953353566875,0.15524753689157353
250.016,0.031999999999982265,-0.016613398661325197,-0.5361214027762728,-0.04184506846825066,5.0266888436838186e-05
250.048,0.03200000000001069,-0.16479048211596856,-1.4000771981533742,-0.10537767148852412,-0.06353260302027346
250.08,0.03200000000001069,-0.049060581574699565,-0.6087812771436055,-0.05085326880880254,0.05452440267972158
250.112,0.031999999999982265,-0.40489323485880613,-2.4524560194160365,-0.18328988347043287,-0.13243661466163034
250.144,0.03200000000001069,-0.41930109083120515,-2.6705386593584963,-0.2069731738404755,-0.02368329037004263
250.17600000000002,0.03200000000001069,-0.41566704064536114,-2.476098656994448,-0.19404122653766886,0.01293194730280664
250.208,0.031999999999982265,-0.424242581663355,-2.6053079577739626,-0.2027967583913835,-0.008755531853714638
250.24,0.03200000000001069,-0.1659425938827815,-1.2202575827033793,-0.10144528886899656,0.10135146952238694
250.272,0.031999999999982265,-0.1482469655678676,-0.7941060322354927,-0.06425508045283534,0.03719020841616122
250.304,0.03200000000001069,-0.2682165116768443,-1.628820824117071,-0.12349323887869883,-0.05923815842586348
250.336,0.03200000000001069,-0.0007964609750034323,-0.5909397216650735,-0.0505869917770887,0.07290624710161013
250.368,0.031999999999982265,-0.12360514401342686,-0.9368214626184582,-0.07181440293892284,-0.021227411161834145
250.4,0.03200000000001069,-0.12484564007785313,-0.9957407372226871,-0.07737277860933531,-0.005558375670412466
250.43200000000002,0.03200000000001069,-0.02145439116719793,-0.6272569855136949,-0.05059527994719982,0.02677749866213549
250.464,0.031999999999982265,-0.06649966762811471,-1.0855960557681144,-0.08275579868559098,-0.03216051873839116
250.496,0.03200000000001069,-0.0005366359704532985,-0.5164767299460012,-0.04275923164540302,0.03999656704018796
250.528,0.031999999999982265,-0.075179134157663,-0.8920777188022262,-0.06807204851035943,-0.025312816864956414
250.56,0.03200000000001069,0.0035773571621346614,-0.3263707156097557,-0.027931112935018963,0.04014093557534047
250.592,0.03200000000001069,-0.1347673351332582,-1.3121495302550195,-0.0981082110537586,-0.07017709811873964
250.624,0.031999999999982265,-0.11400799309619758,-1.1772886912729592,-0.09224177356597732,0.005866437487781276
250.656,0.03200000000001069,0.0005497919271831579,-0.45660216094710165,-0.0389036588613321,0.05333811470464522
250.68800000000002,0.03200000000001069,-0.0026690019154557197,-0.5097443209401672,-0.03973258517034217,-0.0008289263090100751
250.72,0.031999999999982265,-0.00270961899945269,-0.5470391075630157,-0.042523105377388896,-0.0027905202070467247
250.752,0.03200000000001069,-0.138576885874145,-1.1191040269135166,-0.08475398327950925,-0.04223087790212036
250.784,0.031999999999982265,-0.025453860975549043,-0.6971351499648357,-0.05616024612731655,0.028593737152192704
250.816,0.03200000000001069,-0.003835443652635562,-0.5851974153545784,-0.04627762969293439,0.009882616434382159
250.848,0.03200000000001069,-0.0006836997297510662,-0.6100243341935836,-0.047532892594685766,-0.001255262901751375
250.88,0.031999999999982265,-0.06876459464989405,-0.7594123981155826,-0.058591389822209954,-0.011058497227524187
250.912,0.03200000000001069,-0.046184524055153865,-0.7133169633346035,-0.05583991795448142,0.0027514718677285332
250.94400000000002,0.03200000000001069,-0.004679755022267814,-0.5393652183592168,-0.04288862729471133,0.01295129065977009
250.976,0.031999999999982265,-0.042554160073635154,-0.8270389853329421,-0.06329655521100827,-0.02040792791629694
251.008,0.03200000000001069,0.00306183686663399,-0.5325543369016614,-0.04281821832198139,0.02047833688902688
251.04,0.031999999999982265,-0.000559193597905151,-0.46675493625050246,-0.036797119990679354,0.006021098331302037
251.072,0.03200000000001069,-0.042383787705271465,-0.7449552086486585,-0.05690843858224311,-0.020111318591563752
251.104,0.03200000000001069,-0.004354597928532836,-0.39425368297887187,-0.03227877682496931,0.024629661757273796
251.136,0.031999999999982265,0.0016867907625560073,-0.422754963686523,-0.03295291980395087,-0.0006741429789815581
251.168,0.03200000000001069,-0.0039050829075221337,-0.348527865677386,-0.02753315985611762,0.005419759947833249
251.20000000000002,0.03200000000001069,-0.0035546129185774146,-0.4680738410124822,-0.036011720216174034,-0.008478560360056415
251.232,0.031999999999982265,0.0028565691081595215,-0.17507532574782025,-0.014954002509009917,0.021057717707164116
251.264,0.03200000000001069,-0.14151092079888639,-1.016249764442716,-0.0755985186359971,-0.06064451612698719
251.296,0.031999999999982265,-0.003324683396170133,-0.3816181320072678,-0.032428516630131306,0.0431700020058658
251.328,0.03200000000001069,-0.09418632433167005,-0.8064439497982602,-0.06117813909052164,-0.028749622460390332
251.36,0.03200000000001069,-0.003403640705939324,-0.40587400490691716,-0.03337982380445482,0.02779831528606682
251.392,0.031999999999982265,-0.0017842381281583067,-0.28556216859154887,-0.02292729300470995,0.010452530799744869
251.424,0.03200000000001069,-0.005682035123865243,-0.17285666551602433,-0.014035489816496664,0.008891803188213285
251.45600000000002,0.03200000000001069,0.002567092223859903,-0.29024776440281186,-0.022155142220088374,-0.00811965240359171
251.488,0.031999999999982265,-0.001114342309205569,-0.4007161202021167,-0.030747750172443453,-0.008592607952355079
251.52,0.03200000000001069,-0.060238658989674225,-0.529990428587904,-0.040750655425303144,-0.010002905252859691
251.552,0.031999999999982265,0.0010786045421253593,-0.3023693946105857,-0.02458881152518375,0.016161843900119394
251.584,0.03200000000001069,-0.0005460394642423866,-0.28499125507667517,-0.02237781086365233,0.0022110006615314176
251.616,0.03200000000001069,-0.03672593775333834,-0.5167789853593903,-0.039295894020249834,-0.016918083156597503
251.648,0.031999999999982265,0.005214395390287761,-0.08308863187190284,-0.008378872531092731,0.030917021489157103
251.68,0.03200000000001069,-0.004991914758680573,-0.23283943735982415,-0.01760676954675187,-0.00922789701565914
251.71200000000002,0.03200000000001069,-0.07377498022388769,-0.7893551563864563,-0.05906577956174853,-0.04145901001499666
251.744,0.031999999999982265,0.005000516231951367,-0.3164411775755873,-0.026680968858034997,0.03238481070371353
251.776,0.03200000000001069,-0.002822795868950794,-0.20337373064400693,-0.01649641794363615,0.010184550914398845
251.808,0.031999999999982265,0.00211172495578,-0.1403730977283159,-0.01127539239697531,0.0052210255466608405
251.84,0.03200000000001069,0.0029315693275930284,-0.1666725050404702,-0.012908051777621402,-0.0016326593806460909
251.872,0.03200000000001069,-0.007085414342773589,-0.21791223863076695,-0.016770485312266492,-0.0038624335346450905
251.904,0.031999999999982265,0.002216654350872402,-0.2118693999250066,-0.016549068311158686,0.00022141700110780635
251.936,0.03200000000001069,0.0030136259010369614,-0.2535194094362776,-0.019599237245222615,-0.0030501689340639293
251.96800000000002,0.03200000000001069,0.003006564925555096,-0.22589431539626592,-0.017743765012043364,0.0018554722331792506
252.0,0.031999999999982265,-0.052616830616445585,-0.15569246226421538,-0.01247399013080375,0.005269774881239614
252.032,0.03200000000001069,-0.11684764665150037,-0.7860443189747346,-0.05852598920631089,-0.04605199907550714
252.064,0.031999999999982265,-0.0005795084118668704,-0.2518086048906874,-0.02189671322383008,0.03662927598248081
252.096,0.03200000000001069,-0.024440990722786556,-0.2795507129127157,-0.02182229980831169,7.441341551839287e-05
252.12800000000001,0.03200000000001069,0.0018049131886391464,-0.11818754933382641,-0.009951320391480445,0.011870979416831243
252.16,0.031999999999982265,0.0025014321625903757,-0.33748772049975384,-0.025393403956983817,-0.015442083565503372
252.192,0.03200000000001069,0.0014515466869867908,-0.31454568019553114,-0.024597698360182628,0.000795705596801189
252.22400000000002,0.03200000000001069,0.005255441326319826,-0.3962056024535076,-0.030557052189016838,-0.00595935382883421
252.256,0.031999999999982265,0.0014478221429283767,-0.03399104175737373,-0.004263739353269007,0.02629331283574783
252.288,0.03200000000001069,-0.0010265437368237975,-0.1116735799162104,-0.008458642102406719,-0.004194902749137712
252.32,0.031999999999982265,-0.03294423956769695,-0.426404992573525,-0.031846229344309036,-0.02338758724190232
252.352,0.03200000000001069,0.0004665148985339436,-0.2522239795894424,-0.020387062040353364,0.011459167303955672
252.38400000000001,0.03200000000001069,-0.002081459320684171,-0.1825204899820884,-0.01459952446563949,0.005787537574713874
252.416,0.031999999999982265,-0.00041796000859783803,-0.21991893595973377,-0.017015705446776053,-0.002416180981136563
252.448,0.03200000000001069,0.0013293466311981043,-0.30420771600302704,-0.02335380532274939,-0.006338099875973339
252.48000000000002,0.03200000000001069,0.0064036421856771535,-0.2777673964963874,-0.02177527089827516,0.001578534424474233
252.512,0.031999999999982265,-0.0011995220182603678,-0.06650052548493225,-0.0061475300147138,0.015627740883561357
252.544,0.03200000000001069,0.0016807482836945448,-0.2290913145992959,-0.017202318404239317,-0.011054788389525517
252.576,0.031999999999982265,-0.002761581775311259,-0.10003104440716942,-0.008349379640719023,0.008852938763520293
252.608,0.03200000000001069,0.0025711372106545865,-0.2369790138019974,-0.017909492338576395,-0.009560112697857372
252.64000000000001,0.03200000000001069,-0.0015027951623362327,-0.22706469746905997,-0.01773228775958541,0.00017720457899098388
252.672,0.031999999999982265,0.003394419364397755,-0.07804248301982303,-0.0067629304979480494,0.010969357261637362
252.704,0.03200000000001069,-0.003038959965188359,-0.08871196137745957,-0.00691431547421303,-0.00015138497626498038
252.73600000000002,0.03200000000001069,-0.00014281172976225015,-0.03342623395846203,-0.0028573298724606016,0.004056985601752428
252.768,0.031999999999982265,0.0009630809073901226,-0.3077864089855352,-0.022799633250140963,-0.01994230337768036
252.8,0.03200000000001069,0.0003022538712022811,-0.22047006369216335,-0.017529620223086042,0.005270013027054921
252.832,0.031999999999982265,-0.00028430836363904963,-0.05493913545553557,-0.005052205275088844,0.012477414947997197
252.864,0.03200000000001069,-0.001962907834708664,-0.1580033985888106,-0.011911264872022015,-0.006859059596933171
252.89600000000002,0.03200000000001069,0.0004286419957991237,0.06535686735800984,0.004118732492533649,0.016029997364555664
252.928,0.031999999999982265,0.00035361757839055,-0.2983349073418859,-0.02170184603141984,-0.02582057852395349
252.96,0.03200000000001069,0.0032976380244423196,-0.16653896251921274,-0.013500140583459134,0.008201705447960705
252.99200000000002,0.03200000000001069,0.004757967239536977,-0.023978488093597435,-0.0025427341117526736,0.010957406471706461
253.024,0.031999999999982265,0.0017279560700511746,-0.1962770221013303,-0.014581046358218571,-0.012038312246465899
253.056,0.03200000000001069,0.0035260013223285024,0.07788591419662144,0.004885997411782604,0.019467043770001177
253.088,0.031999999999982265,-0.004518938879279713,-0.1642739850770221,-0.011798681946519543,-0.016684679358302146
253.12,0.03200000000001069,-0.006995056414771356,-0.05433777411494721,-0.004677139244224522,0.007121542702295021
253.15200000000002,0.03200000000001069,0.002372723974816411,-0.15874552352446417,-0.011944188691806176,-0.007267049447581654
253.184,0.031999999999982265,0.00030073035915105994,-0.13002445512497066,-0.010251554879249778,0.0016926338125563978
253.216,0.03200000000001069,0.0008224979919488582,-0.16961181549473994,-0.013065104138472642,-0.002813549259222864
253.24800000000002,0.03200000000001069,-0.0021211905233867157,0.05124807167422545,0.0030145583854628935,0.016079662523935535
253.28,0.031999999999982265,-0.0001646545053312013,-0.05427707139822865,-0.003817520449010169,-0.006832078834473062
253.312,0.03200000000001069,-0.0025339532750543446,-0.2374103709417204,-0.017679594388453696,-0.013862073939443527
253.344,0.031999999999982265,0.0013827064409349297,0.065339619164937,0.003784463713046098,0.021464058101499796
253.376,0.03200000000001069,-0.0005568989235962854,0.029698669125318378,0.00240252045448298,-0.001381943258563118
253.40800000000002,0.03200000000001069,-0.0040205886440783265,-0.36573342595049546,-0.026757423694199613,-0.029159944148682594
253.44,0.031999999999982265,0.1339586559318628,0.31187685716268065,0.02139081332274849,0.048148237016948106
253.472,0.03200000000001069,0.12941879257733874,0.425357117179254,0.03251573066904041,0.011124917346291924
253.50400000000002,0.03200000000001069,-0.0019426285669885551,-0.25886464479330495,-0.017159861466252993,-0.049675592135293406
253.536,0.031999999999982265,0.13030494009106736,0.8791856400310791,0.06366488812914183,0.08082474959539482
253.568,0.03200000000001069,3.5126318913464236e-05,-0.12800636965034995,-0.005738302137738905,-0.06940319026688073
253.6,0.031999999999982265,0.118990895477188,0.6460373261140531,0.0471784644018185,0.0529167665395574
253.632,0.03200000000001069,0.0017723568243963766,0.15945113504638114,0.014449641829813844,-0.03272882257200466
253.66400000000002,0.03200000000001069,-0.004997824254472625,-0.014630104480687618,-0.00024173669982966236,-0.014691378529643506
253.696,0.031999999999982265,0.12239375323937103,0.5635929038409986,0.041432794567703504,0.04167453126753317
253.728,0.03200000000001069,0.007192469526311654,0.1724452941505049,0.015073543012660109,-0.026359251555043393
253.76000000000002,0.03200000000001069,0.11598103635494875,0.6032695184341537,0.04523475876592821,0.0301612157532681
253.792,0.031999999999982265,0.007378602419075101,0.008997668374316876,0.0032730514785682097,-0.04196170728736
253.824,0.03200000000001069,-0.0016378246683856398,0.10708642540438618,0.008064110223199163,0.004791058744630953
253.856,0.031999999999982265,-0.0034300270070465044,0.16778674407097502,0.012804608809838679,0.004740498586639516
253.888,0.03200000000001069,-0.0006103952704596895,-0.11479190525488778,-0.007702624455005472,-0.02050723326484415
253.92000000000002,0.03200000000001069,0.08390846124946436,0.5142434183834987,0.037372912059591076,0.045075536514596545
253.952,0.031999999999982265,0.002303257204935738,0.1159936826256798,0.010687705441422179,-0.026685206618168898
253.984,0.03200000000001069,-0.0028532218906810987,0.0012251431267339043,0.0007070886820304688,-0.00998061675939171
254.016,0.031999999999982265,-0.0017645983778831868,0.0507971246602411,0.0037764516308012217,0.003069362948770753
254.048,0.03200000000001069,-0.0038519366172615668,-0.0892090429251872,-0.006342442152890738,-0.010118893783691959
254.08,0.03200000000001069,0.07910115237370872,0.3890790540609232,0.028246818427041034,0.03458926057993177
254.112,0.031999999999982265,0.00234055507609246,0.031537352178325935,0.003949926801261446,-0.02429689162577959
254.144,0.03200000000001069,0.13249921801557885,0.5620908726953654,0.041564315725426945,0.0376143889241655
254.17600000000002,0.03200000000001069,0.0023762511206890974,0.16478024169132155,0.014517445913794799,-0.027046869811632145
254.208,0.031999999999982265,0.13669023749633288,0.780679427114115,0.05824942066160052,0.04373197474780572
254.24,0.03200000000001069,0.0017547894024306024,0.020053284245364608,0.004837408403053464,-0.053412012258547054
254.272,0.031999999999982265,0.011777561869094351,0.11183947472432224,0.008503959429380733,0.003666551026327268
254.304,0.03200000000001069,0.11844161064050387,0.6076749706244504,0.04517948071602546,0.03667552128664473
254.336,0.03200000000001069,0.09903189939584413,0.6824780314511427,0.05279775877432142,0.0076182780582959575
254.368,0.031999999999982265,0.1280680482106168,0.5919267555045686,0.04657839359776518,-0.006219365176556239
254.4,0.03200000000001069,0.0036249590908050493,0.23064385145348204,0.019650528785683755,-0.026927864812081426
254.43200000000002,0.03200000000001069,0.012288899969120175,0.29897695561876975,0.0231212399408392,0.0034707111551554454
254.464,0.031999999999982265,0.13022696549080306,0.6279966282260548,0.047517782142933784,0.024396542202094584
254.496,0.03200000000001069,0.1313097116411327,0.9180090679015064,0.07025375252858578,0.02273597038565199
254.528,0.031999999999982265,0.048621953810580654,0.29660941825522924,0.025868408147534126,-0.04438534438105165
254.56,0.03200000000001069,0.12348408577923115,0.8445315766460335,0.06360040278289805,0.037731994635363926
254.592,0.03200000000001069,0.1301383372311453,0.6607054543199637,0.052260021363769574,-0.011340381419128479
254.624,0.031999999999982265,0.13287683911766437,0.6545009665243854,0.05114907216465248,-0.0011109491991170908
254.656,0.03200000000001069,0.42306413467061366,2.4083314442077506,0.18006202867017226,0.1289129565055198
254.68800000000002,0.03200000000001069,0.0076440648999613805,0.10365037701640598,0.018017287065928166,-0.1620447416042441
254.72,0.031999999999982265,0.41571189803362035,2.326391206292202,0.17212345761427822,0.15410617054835005
254.752,0.03200000000001069,0.0311453640638161,0.48346507237718167,0.045490659406117816,-0.1266327982081604
254.784,0.031999999999982265,0.4222259959706682,2.3035111557715733,0.1720268659659785,0.12653620655986067
254.816,0.03200000000001069,0.42139067779948575,2.3296249352905307,0.18125209774039003,0.009225231774411535
254.848,0.03200000000001069,0.4150764326056037,2.458314422481291,0.19124851589994832,0.00999641815955829
254.88,0.031999999999982265,0.40248061028744203,4.5568651464475,0.3461534954720517,0.1549049795721034
254.912,0.03200000000001069,0.41913620501551774,4.539243646444481,0.3538001279886779,0.007646632516626173
254.94400000000002,0.03200000000001069,0.280908364879788,1.7817351050008705,0.1514537583079852,-0.2023463696806927
254.976,0.031999999999982265,0.28427235356159447,1.7742746629277437,0.13922384638913898,-0.012229911918846204
255.008,0.03200000000001069,0.26197755251096927,1.7264766394131845,0.13500274737672147,-0.004221099012417517
255.04,0.031999999999982265,0.41824534242285766,2.3849052945553897,0.1831800596592231,0.04817731228250163
255.072,0.03200000000001069,0.41671004290664015,4.13525578740553,0.3146824631738505,0.13150240351462741
255.104,0.03200000000001069,0.41766021603557163,2.2940984325035982,0.1868748467491595,-0.12780761642469102
255.136,0.031999999999982265,0.42026811767282346,4.720721721853816,0.3579510572548835,0.17107621050572402
255.168,0.03200000000001069,0.4162445926184183,2.1255950663173753,0.1769809270673966,-0.18097013018748692
255.20000000000002,0.03200000000001069,0.42064365411611415,2.438093143259778,0.18951486770169762,0.012533940634301022
255.232,0.031999999999982265,0.0022870222284881304,0.6059998959591718,0.05550588815303753,-0.1340089795486601
255.264,0.03200000000001069,0.025810532179762192,0.38720147646802955,0.03167918801795588,-0.023826700135081653
255.296,0.031999999999982265,0.41734264087907763,2.549389167602128,0.18931146714194905,0.15763227912399316
255.328,0.03200000000001069,0.4200586258580409,2.5928659913770282,0.20160872871624194,0.012297261574292895
255.36,0.03200000000001069,0.41776767220749617,2.45228318392022,0.1919801467835321,-0.009628581932709851
255.392,0.031999999999982265,0.41682347656551544,2.816695924525037,0.21822329311296584,0.026243146329433753
255.424,0.03200000000001069,0.42180986530545844,2.480789577531886,0.19503565690730726,-0.023187636205658585
255.45600000000002,0.03200000000001069,0.10009318090620034,0.9622199219388389,0.08202109961840529,-0.11301455728890197
255.488,0.031999999999982265,0.3649283387860972,2.186890483439077,0.1655594239328964,0.08353832431449112
255.52,0.03200000000001069,0.0019121060519904458,0.34279348478447136,0.03476670338077622,-0.13079272055212018
255.552,0.031999999999982265,0.1727409049897586,1.2628484263401456,0.09487720903765663,0.06011050565688041
255.584,0.03200000000001069,0.41744954773500875,2.4168082870756296,0.18320980263054787,0.08833259359289124
255.616,0.03200000000001069,0.4216605599606756,2.472826815195793,0.19242877704521053,0.009218974414662656
255.648,0.031999999999982265,0.4193703559429248,2.766048513983451,0.21452457008118408,0.02209579303597356
255.68,0.03200000000001069,0.4025474051939338,2.297603637733382,0.18135059753251298,-0.033173972548671105
255.71200000000002,0.03200000000001069,0.41845462996763144,2.4524422563357,0.19082236177369633,0.009471764241183345
255.744,0.031999999999982265,0.2123736606580065,0.9762429730605662,0.08280912833158684,-0.10801323344210949
255.776,0.03200000000001069,0.2789017193778397,1.6570043319372532,0.12663696850106992,0.04382784016948309
255.808,0.031999999999982265,0.12911039573894842,1.0363175918563623,0.08352166584274909,-0.043115302658320837
255.84,0.03200000000001069,0.09732876252448625,0.7682271861191567,0.061317230019540724,-0.022204435823208364
255.872,0.03200000000001069,0.1344496084482169,0.9586552183280974,0.07403950903761118,0.012722279018070458
255.904,0.031999999999982265,0.07746464649606408,0.8096797377353772,0.06381826388659376,-0.010221245151017425
255.936,0.03200000000001069,0.11212791354626579,0.8101782845572637,0.06326486407620531,-0.0005533998103884469
255.96800000000002,0.03200000000001069,0.13294016304783826,1.2886093757232557,0.09841684762634777,0.03515198355014246
256.0,0.031999999999982265,0.1277795649750578,1.0656076381462205,0.08404654092755577,-0.014370306698791996
256.032,0.031999999999982265,0.12392687014516826,1.187233593790382,0.0921613567008761,0.008114815773320322
256.064,0.03200000000003911,-0.0006892818326818088,0.28640566244703014,0.026382727420004255,-0.06577862928087183
256.096,0.031999999999982265,0.13468644242122962,1.1823503758582552,0.08847336497153688,0.06209063755153262
256.128,0.031999999999982265,0.11473985383358211,1.291767633587146,0.10010437013456407,0.011631005163027189
256.16,0.03200000000003911,5.898969214064871e-05,0.7779468801351171,0.0629893227453118,-0.03711504738925227
256.192,0.031999999999982265,0.02364730462788979,0.7092755972475969,0.055796603588959166,-0.007192719156352632
256.224,0.031999999999982265,0.11730832830719623,1.300622566763049,0.09886916462570834,0.043072561036749175
256.25600000000003,0.03200000000003911,0.11258796084319646,1.0441857093947715,0.08249727927827273,-0.01637188534743561
256.288,0.031999999999982265,0.052020066294730216,0.7721262921910931,0.06154483427155002,-0.020952445006722713
256.32,0.031999999999982265,0.09633384714631087,0.8288035726366143,0.06450332898512877,0.0029584947135787507
256.35200000000003,0.03200000000003911,0.12920336683873676,1.2120619104505466,0.09285902512898019,0.028355696143851417
256.384,0.031999999999982265,0.3106764994964664,2.0615670519215064,0.15696877383789937,0.06410974870891918
256.416,0.031999999999982265,0.40139312535490573,2.432022667007525,0.187913160352278,0.03094438651437864
256.448,0.031999999999982265,0.41591097585584835,2.4573028984514904,0.19155866519547202,0.0036455048431940085
256.48,0.03200000000003911,0.41540881054389367,2.501570972860066,0.19502460104710334,0.0034659358516313243
256.512,0.031999999999982265,0.4221441806725194,3.5758105885924176,0.27422451098796835,0.07919990994086501
256.544,0.031999999999982265,0.41901286838179164,2.3027359731040153,0.18517445317175837,-0.08905005781620998
256.576,0.03200000000003911,0.4178220853903399,2.4827830693308104,0.19327437969338437,0.008099926521626
256.608,0.031999999999982265,0.4167159375146566,2.47813118412838,0.19339988029031374,0.00012550059692936766
256.64,0.031999999999982265,0.4153573384632899,2.5647115527964455,0.19977426524667904,0.006374384956365303
256.672,0.03200000000003911,0.4174043904577066,2.588525537937952,0.2018935384730545,0.002119273226375451
256.704,0.031999999999982265,0.4190516923739903,4.685615355978486,0.3562363423797495,0.154342803906695
256.736,0.031999999999982265,0.4167015531562488,4.580046214675239,0.3573828315519445,0.0011464891721950088
256.76800000000003,0.03200000000003911,0.4138268920721195,2.31691929633884,0.19101815113304285,-0.16636468041890165
256.8,0.031999999999982265,0.41439154371429826,2.575614110557473,0.20043854678606496,0.009420395653022107
256.832,0.031999999999982265,0.42509178030832717,2.6296696743128933,0.2049576359420469,0.0045190891559819535
256.86400000000003,0.03200000000003911,0.41612218454728556,2.4614721972403872,0.19284923823024666,-0.01210839771180025
256.896,0.031999999999982265,0.39148230236387765,2.3577162018518156,0.18451999219462858,-0.008329246035618076
256.928,0.031999999999982265,0.4173257461125885,2.366024097761787,0.1846501170491668,0.0001301248545382272
256.96,0.031999999999982265,0.41658241548970304,4.604333122230093,0.3492633816821362,0.1646132646329694
256.992,0.03200000000003911,0.4228269151881641,4.056140205747764,0.3184521223980174,-0.03081125928411882
257.024,0.031999999999982265,0.41860163246590654,4.0242455155893095,0.31432787407499285,-0.004124248323024549
257.056,0.031999999999982265,0.41818665709537445,4.10787760255455,0.32024010764108096,0.00591223356608811
257.088,0.03200000000003911,0.4221396074809952,3.040045969056428,0.24205283523714344,-0.07818727240393752
257.12,0.031999999999982265,0.38261959529140377,2.2732087156508967,0.18114577079806254,-0.060907064439080894
257.152,0.031999999999982265,0.33780453142535133,2.0270018574255193,0.15952355401544333,-0.02162221678261922
257.184,0.03200000000003911,0.018268881154205947,0.45639575310845126,0.04277259472058937,-0.11675095929485396
257.216,0.031999999999982265,0.3510641621574456,2.2174092309522866,0.16553799954463516,0.1227654048240458
257.248,0.031999999999982265,0.41473057882444714,2.2539175338226305,0.17530996201391152,0.009771962469276363
257.28000000000003,0.03200000000003911,0.41644128033907224,4.7201803997237,0.35724361817212974,0.18193365615821822
257.312,0.031999999999982265,0.4120607325375885,3.7188914848939474,0.2941114667715156,-0.06313215140061412
257.344,0.031999999999982265,0.4178874814107187,3.8763941668089568,0.3020496887942783,0.007938222022762675
257.37600000000003,0.03200000000003911,0.42376153033321823,2.440794454579114,0.19693362702475528,-0.10511606176952301
257.408,0.031999999999982265,0.26429656111709254,1.933763377535027,0.15357819346591114,-0.043355433558844136
257.44,0.031999999999982265,0.1665025303789645,1.3200916609987225,0.10594576723558338,-0.04763242623032776
257.472,0.031999999999982265,0.26129208525911074,1.7192031813947728,0.1325467428059057,0.026600975570322316
257.504,0.03200000000003911,0.42226425343362195,2.5453041341965705,0.1948340437784385,0.062287300972532794
257.536,0.031999999999982265,0.4252522201946022,3.0032928866088446,0.23211042881121624,0.03727638503277775
257.568,0.031999999999982265,0.41662290484420145,4.5788712031396095,0.3501307464153856,0.11802031760416937
257.6,0.03200000000003911,0.41981770218030684,4.449373217629675,0.34742063932679457,-0.0027101070885910405
257.632,0.031999999999982265,0.23308871853927485,1.5738927029449157,0.13580069898635455,-0.21161994034044002
257.664,0.031999999999982265,0.10348886379935025,0.755650131055455,0.06341033091335073,-0.07239036807300382
257.696,0.03200000000003911,0.15710827188326296,0.9565806581707599,0.07400777819809826,0.010597447284747527
257.728,0.031999999999982265,0.3324930753696175,2.1948146747522035,0.16567956910117007,0.09167179090307181
257.76,0.031999999999982265,0.41686818360079353,2.359330149905118,0.1830702023569302,0.017390633255760124
257.79200000000003,0.03200000000003911,0.4223597536929201,2.3543992246753387,0.18371152621896816,0.000641323862037968
257.824,0.031999999999982265,0.41148622727841216,2.433655227276737,0.1895770536371986,0.005865527418230432
257.856,0.031999999999982265,0.4166436776171773,2.414396304533415,0.1884993595851313,-0.001077694052067285
257.88800000000003,0.03200000000003911,0.4199449178868278,2.2321977872174408,0.1750382250692579,-0.013461134515873413
257.92,0.031999999999982265,0.00010594001914962933,0.26300067129543725,0.029445924251713832,-0.14559230081754407
257.952,0.031999999999982265,0.0596449770765616,1.0156860535158485,0.07639366848458919,0.04694774423287536
257.984,0.031999999999982265,0.03817004183595169,0.653270760334955,0.05245181571520499,-0.023941852769384195
258.016,0.03200000000003911,0.05138409313322311,0.6991410764889764,0.05444298807364409,0.0019911723584390972
258.048,0.031999999999982265,0.4117987806511982,2.5568088645205465,0.19117124651848483,0.13672825844484074
258.08,0.031999999999982265,0.41959335257159375,2.503555125989359,0.19514815079470285,0.003976904276218024
258.112,0.03200000000003911,0.41800961823157873,2.4437488275346113,0.19097956507636807,-0.004168585718334783
258.144,0.031999999999982265,0.42121992342696135,2.5046962020466594,0.19522100019352906,0.004241435117160991
258.176,0.031999999999982265,0.3191140487486278,1.8963281520188513,0.15072633013463535,-0.04449467005889371
258.208,0.03200000000003911,-4.782028756023177e-05,0.22121569943709868,0.02496954468251121,-0.12575678545212415
258.24,0.031999999999982265,0.1333955182634496,0.8506117944358765,0.06399565281744726,0.03902610813493605
258.272,0.031999999999982265,0.23060664797172975,1.3767118149359057,0.10493810872169448,0.04094245590424722
258.30400000000003,0.03200000000003911,0.12192635239121048,0.8608887746839663,0.06936793572808475,-0.03557017299360973
258.336,0.031999999999982265,0.06504218803575461,0.6872084643651813,0.05454201308366877,-0.014825922644415984
258.368,0.031999999999982265,0.0053526561104047295,0.45437346000831474,0.0365633872833501,-0.017978625800318664
258.4,0.031999999999982265,0.07108263156200861,1.0929560966115708,0.08248700953294606,0.04592362224959596
258.432,0.03200000000003911,-0.0013532082182783245,0.41677834584397083,0.03541187294656078,-0.047075136586385284
258.464,0.031999999999982265,0.016379489557827615,0.5779668365325459,0.044548106838917204,0.009136233892356425
258.496,0.031999999999982265,0.004457020977488968,0.46358951434023127,0.03666419901520674,-0.007883907823710463
258.528,0.03200000000003911,0.04271376870598718,0.8335924308009167,0.06341916657066142,0.02675496755545468
258.56,0.031999999999982265,0.002592413253823167,0.5944747252188388,0.04737893594475717,-0.016040230625904248
258.592,0.031999999999982265,0.07357369809905638,0.8841206298182234,0.06775357365310028,0.020374637708343107
258.624,0.03200000000003911,-0.0013902867929748391,0.3745397167301046,0.03145508692806209,-0.03629848672503819
258.656,0.031999999999982265,0.005025459515702355,0.42663541580173464,0.03319073827329485,0.0017356513452327568
258.688,0.031999999999982265,0.003681497758750916,0.5098512569328899,0.03941064763034463,0.006219909357049781
258.72,0.03200000000003911,0.002863117421540494,0.40732291620302635,0.03222975986121833,-0.007180887769126301
258.752,0.031999999999982265,0.00047492918503486885,0.3035385599300429,0.024182888764605035,-0.008046871096613294
258.784,0.031999999999982265,-0.003285660390527637,0.4979404622161805,0.03801471024388847,0.013831821479283437
258.81600000000003,0.03200000000003911,-0.002976468801837384,0.29743640348309064,0.024068094648076414,-0.013946615595812058
258.848,0.031999999999982265,0.0016443287453130697,0.4675387469816937,0.03577233426095262,0.011704239612876203
258.88,0.031999999999982265,-0.0032786998296366705,0.2824628458142017,0.022837485527948925,-0.012934848733003691
258.912,0.031999999999982265,0.004726688471959238,0.5274170809506208,0.04010475857405947,0.017267273046110546
258.944,0.03200000000003911,0.0021128745618527694,0.46317016638182607,0.036376849673662504,-0.0037279089003969673
258.976,0.031999999999982265,-0.003335629477382495,0.22641677918628422,0.018750743210774325,-0.017626106462888178
259.008,0.031999999999982265,-0.06418241572338139,0.17975736412356408,0.014301860387117364,-0.004448882823656962
259.04,0.03200000000003911,-0.12482412820302057,-0.17151651526367165,-0.011787730170597477,-0.026089590557714842
259.072,0.031999999999982265,0.005724357607986994,0.39039126115482264,0.028028966978298545,0.03981669714889602
259.104,0.031999999999982265,-0.0805332852913875,0.13230439253547405,0.011347781410019004,-0.016681185568279543
259.136,0.03200000000003911,-0.12899995430218672,-0.12820997186845756,-0.008773493415325241,-0.020121274825344246
259.168,0.031999999999982265,0.0020277612297497794,0.19451509053811838,0.013798198132599504,0.022571691547924745
259.2,0.031999999999982265,0.0009938036591096138,0.36989817414869264,0.02799895276384639,0.014200754631246886
259.232,0.03200000000003911,-0.10498150306614452,-0.22792624694373578,-0.015145394103847356,-0.04314434686769374
259.264,0.031999999999982265,-0.06256494284868154,-0.1502849372684223,-0.01192631796146069,0.0032190761423866662
259.296,0.031999999999982265,-0.05152268341221968,0.02572353311423259,0.0012032191141701683,0.013129537075630858
259.32800000000003,0.03200000000003911,-0.0015659519357148477,0.11754301097946238,0.008713600381238855,0.007510381267068687
259.36,0.031999999999982265,-0.001704116048272517,0.21760521252017748,0.016505764731537725,0.0077921643502988705
259.392,0.031999999999982265,-6.598444103844976e-05,0.16052384184320095,0.01275782226485204,-0.0037479424666856855
259.424,0.031999999999982265,-0.11437264473938995,-0.19595485720765032,-0.013674067269432377,-0.026431889534284415
259.456,0.03200000000003911,-0.0026831138687637194,0.25738708566606605,0.01813891328574508,0.03181298055517746
259.488,0.031999999999982265,-0.11412659958964072,-0.3828700359332091,-0.027109206427702544,-0.045248119713447624
259.52,0.031999999999982265,0.0004842918366890908,0.061740543751735336,0.0029754240848646005,0.030084630512567143
259.552,0.03200000000003911,-0.11882621666023967,-0.6344493082309319,-0.046485777344044216,-0.049461201428908814
259.584,0.031999999999982265,0.0002964700462246248,0.12938871182038292,0.006831694117172246,0.05331747146121646
259.616,0.031999999999982265,-0.08989896347788733,-0.3749118414867603,-0.027176714340695695,-0.03400840845786794
259.648,0.03200000000003911,-0.021978048110322206,0.013038587925531857,-0.0006100259473388929,0.026566688393356803
259.68,0.031999999999982265,-0.19598337472888747,-0.7039436831458544,-0.05180339413991142,-0.05119336819257252
259.712,0.031999999999982265,-0.13015100875822844,-0.4391453987464879,-0.03528541426285618,0.016517979877055236
259.744,0.03200000000003911,-0.4167931439052642,-2.0388207753121677,-0.1519723360426908,-0.11668692177983463
259.776,0.031999999999982265,-0.0016794278706157117,0.13747839688911087,0.0013369696349167944,0.15330930567760762
259.808,0.031999999999982265,-0.1320025957962319,-0.5104036914610058,-0.03745802105439006,-0.038794990689306856
259.84000000000003,0.03200000000003911,-0.06804466193440507,-0.0754121262693679,-0.007708241858881019,0.029749779195509043
259.872,0.031999999999982265,-0.06757074579956589,-0.4032805794343285,-0.030102334850239013,-0.022394092991357993
259.904,0.031999999999982265,-0.04572635384686029,-0.25358270387033033,-0.020386309510793347,0.009716025339445666
259.936,0.031999999999982265,-0.08606352376292982,-0.5538906258334652,-0.041910124930095445,-0.021523815419302098
259.968,0.03200000000003911,-0.0694511051678424,-0.7052593084086064,-0.054284362147281315,-0.01237423721718587
260.0,0.031999999999982265,-0.0014826235445037127,-0.06715459056064738,-0.008072349966632093,0.04621201218064922
260.032,0.031999999999982265,0.0038945656300897226,-0.14349536085991804,-0.01101869065919431,-0.0029463406925622163
260.064,0.03200000000003911,-0.02538910742883635,-0.3125626111460637,-0.023622024070711223,-0.012603333411516914
260.096,0.031999999999982265,0.00027181963906505155,-0.1330299128867137,-0.011146727590985587,0.012475296479725636
260.128,0.031999999999982265,-0.0009221644971514926,-0.23745559276998068,-0.01810602838129904,-0.006959300790313453
260.16,0.03200000000003911,9.71161289742126e-05,-0.14184672516695862,-0.011476684618787935,0.006629343762511106
260.192,0.031999999999982265,-0.011560811416553437,-0.3300899665841244,-0.024937429328568385,-0.01346074470978045
260.224,0.031999999999982265,-0.0014928901984193933,-0.29332250056159753,-0.02301061792796909,0.0019268114005992938
260.25600000000003,0.03200000000003911,-0.1096127132181906,-0.6168186461275877,-0.04668936470076801,-0.02367874677279892
260.288,0.031999999999982265,-5.847412581063641e-05,-0.09724762997619839,-0.00984694670291964,0.03684241799784837
260.32,0.031999999999982265,-0.023770364264680724,-0.2923612604780828,-0.02206876846888327,-0.012221821765963632
260.35200000000003,0.03200000000003911,-0.1256887091169643,-0.9270998582306985,-0.06945314321802999,-0.047384374749146724
260.384,0.031999999999982265,5.5074533060877586e-05,-0.27155845100069465,-0.023979935904313,0.04547320731371699
260.416,0.031999999999982265,-0.00431653059816222,-0.0709138583526504,-0.006599360791111642,0.01738057511320136
260.448,0.031999999999982265,-0.09274591189305559,-0.6681481782010864,-0.04951674337565149,-0.04291738258453985
260.48,0.03200000000003911,0.0011704747716003452,-0.14737467618804653,-0.013696522998818425,0.035820220376833065
260.512,0.031999999999982265,-0.2805675665309505,-1.7683275804261847,-0.1308338984394953,-0.11713737544067689
260.544,0.031999999999982265,-0.0011905531610657879,-0.20438730704775576,-0.022583609157431943,0.10825028928206336
260.576,0.03200000000003911,-0.34373555002042083,-1.991961944243862,-0.14779306349701765,-0.12520945433958572
260.608,0.031999999999982265,-0.0014126046021342782,-0.13103597820880003,-0.018168372779376298,0.12962469071764135
260.64,0.031999999999982265,-0.26292249658399053,-1.555500534987914,-0.11544070507572617,-0.09727233229634986
260.672,0.03200000000003911,-6.431980398093061e-05,-0.08681388846094894,-0.013048598466347549,0.10239210660937861
260.704,0.031999999999982265,-0.29618082107635596,-1.8112495355605407,-0.13395298465631883,-0.12090438618997128
260.736,0.031999999999982265,-0.006210010894200094,-0.3452212551647942,-0.033120631572290365,0.10083235308402846
260.76800000000003,0.03200000000003911,0.0013655395662975519,-0.3764258921376141,-0.029594468886737908,0.003526162685552458
260.8,0.031999999999982265,-0.005245128261069983,-0.38311328191745136,-0.029882698925837666,-0.0002882300390997586
260.832,0.031999999999982265,-0.0035236013502538475,-0.3121946708602251,-0.024683967459700522,0.005198731466137144
260.86400000000003,0.03200000000003911,-0.0021968462194008717,-0.5150741773210545,-0.03930365434453004,-0.014619686884829515
260.896,0.031999999999982265,-0.0020422928651362008,-0.35045350313107015,-0.028041393719041494,0.011262260625488543
260.928,0.031999999999982265,-0.11153482343592802,-0.8888823669667014,-0.06698741440183476,-0.038946020682793264
260.96,0.031999999999982265,-0.0005904775543166328,-0.46592290593580005,-0.03813119769386971,0.028856216707965045
260.992,0.03200000000003911,-0.08443997952338227,-1.1112864079047642,-0.08392553302650771,-0.045794335332638
261.024,0.031999999999982265,0.0010370369994371392,-0.5346463714588158,-0.04416295888252863,0.03976257414397908
261.056,0.031999999999982265,-0.0041462392348909785,-0.31617334339758535,-0.025800946177406258,0.01836201270512237
261.088,0.03200000000003911,-0.004561457100003352,-0.40884472169525704,-0.03155599826772473,-0.005755052090318475
261.12,0.031999999999982265,-0.0024659545573969817,-0.5571646198649666,-0.04279571102405725,-0.011239712756332516
261.152,0.031999999999982265,7.000072436887338e-05,-0.25384116821054786,-0.021138093937669716,0.021657617086387533
261.184,0.03200000000003911,0.0003317937643430705,-0.2517011815617959,-0.019730444572942096,0.00140764936472762
261.216,0.031999999999982265,-0.0004000519281360581,-0.4164396601810338,-0.03176408730480904,-0.012033642731866946
261.248,0.031999999999982265,-0.007370751230567951,-0.5445685222534232,-0.04188140394085147,-0.010117316636042428
261.28000000000003,0.03200000000003911,-0.003877025101255237,-0.2707672683160105,-0.02233006106850852,0.01955134287234295
261.312,0.031999999999982265,-0.10792601220683042,-0.81217600748173,-0.06101670138406451,-0.03868664031555599
261.344,0.031999999999982265,-0.002936825942666834,-0.18479079219160444,-0.017111994615244524,0.04390470676881998
261.37600000000003,0.03200000000003911,-0.133613267067821,-1.1477178023282788,-0.08539128681432899,-0.06827929219908446
261.408,0.031999999999982265,-0.0026368970436057627,-0.32394862890887494,-0.028752815786007,0.05663847102832199
261.44,0.031999999999982265,-0.10932380865813644,-0.657897307837665,-0.050041790574325666,-0.021288974788318666
261.472,0.031999999999982265,-0.28161230361352046,-1.5077613331985382,-0.11376997637883393,-0.06372818580450826
261.504,0.03200000000003911,-0.0021487955539049347,-0.3695920282564334,-0.03374771729032343,0.0800222590885105
261.536,0.031999999999982265,-0.0020727373328555316,-0.36746383643720154,-0.028971598360796106,0.0047761189295273225
261.568,0.031999999999982265,0.0007791738734048481,-0.13379101330308987,-0.011511525078417033,0.01746007328237907
261.6,0.03200000000003911,-0.2573477029483253,-1.4448665036014814,-0.10692035966966014,-0.09540883459124311
261.632,0.031999999999982265,-0.0015449863298132378,-0.2648852311843776,-0.02565213366120465,0.08126822600845549
261.664,0.031999999999982265,-0.1280020716160723,-1.0140217907461688,-0.07605226619136744,-0.05040013253016279
261.696,0.03200000000003911,-0.0004771620108081959,-0.31721287054184405,-0.02771833354184935,0.04833393264951809
261.728,0.031999999999982265,-0.22059970650817048,-1.3560511119519534,-0.10132445975748677,-0.07360612621563742
261.76,0.031999999999982265,-0.06534181296008633,-0.3776377886077943,-0.033620936131594455,0.06770352362589233
261.79200000000003,0.03200000000003911,-0.12547424500444596,-1.054412974627512,-0.07948267462059226,-0.04586173848899781
261.824,0.031999999999982265,-0.03751495692568975,-0.3586739395220088,-0.03096542426085996,0.0485172503597323
261.856,0.031999999999982265,-0.13315053629275467,-1.006890435945803,-0.07583455611049994,-0.044869131849639976
261.88800000000003,0.03200000000003911,-0.1255099968315039,-0.8771209155410203,-0.06888152979024582,0.006953026320254116
261.92,0.031999999999982265,-0.022538075087519538,-0.34759296727733724,-0.029538532737364332,0.039342997052881495
261.952,0.031999999999982265,-0.001369058055367397,-0.3849828961121967,-0.03001696163487481,-0.0004784288975104786
261.984,0.031999999999982265,-0.10199859947364276,-0.9467188923793275,-0.07135477329480101,-0.0413378116599262
262.016,0.03200000000003911,0.00019740523574198637,-0.45032521631526007,-0.03723626366757456,0.034118509627226457
262.048,0.031999999999982265,0.001531636161239152,-0.4230564421659584,-0.03326128174327139,0.003974981924303164
262.08,0.031999999999982265,0.0014761131148244872,-0.5803020775412784,-0.044595689344737934,-0.011334407601466541
262.112,0.03200000000003911,0.0006075596926963394,-0.4766396791564587,-0.03762665798588601,0.006969031358851921
262.144,0.031999999999982265,0.00015464288796269068,-0.31179831814680586,-0.025101871206480834,0.012524786779405179
262.176,0.031999999999982265,-0.004206321396184331,-0.4568986243732756,-0.035049536201673996,-0.009947664995193162
262.208,0.03200000000003911,-0.000293412389464549,-0.3243456806031435,-0.025875832219551226,0.00917370398212277
262.24,0.031999999999982265,-0.007036459332737353,-0.32982269783608076,-0.025749023836478042,0.00012680838307318337
262.272,0.031999999999982265,-0.12329969758161942,-1.1648889830327767,-0.08715266706459861,-0.061403643228120565
262.30400000000003,0.03200000000003911,-0.0028701827901624396,-0.31254191130389414,-0.028015646047183707,0.0591370210174149
262.336,0.031999999999982265,0.0017306069076677227,-0.4419815572180451,-0.034120741238791316,-0.00610509519160761
262.368,0.031999999999982265,0.005272239749773324,-0.2820146194761666,-0.02270917791944534,0.011411563319345976
262.4,0.031999999999982265,-0.23399275046871937,-1.5516847701939003,-0.11542222936171972,-0.09271305144227439
262.432,0.03200000000003911,-0.004685335790334336,-0.32904060074101926,-0.03086093916678697,0.08456129019493275
262.464,0.031999999999982265,-0.006855936029449559,-0.4831367526865813,-0.03731155978324085,-0.006450620616453878
262.496,0.031999999999982265,-0.005143567303272222,-0.4955622722716432,-0.038597723687416326,-0.0012861639041754774
262.528,0.03200000000003911,-0.0022288436616511678,-0.4785875924385917,-0.03742365094375743,0.0011740727436588966
262.56,0.031999999999982265,0.0026300051721855613,-0.18888214874498777,-0.01605086885834956,0.021372782085407868
262.592,0.031999999999982265,-0.031423738318436714,-0.3820711670976226,-0.029024202026138184,-0.012973333167788623
262.624,0.03200000000003911,0.00243098928762156,-0.2608436296614707,-0.020858040024414555,0.00816616200172363
262.656,0.031999999999982265,-0.25864069163798,-1.683390636100002,-0.12500104408877535,-0.1041430040643608
262.688,0.031999999999982265,-0.003502669021739704,-0.3193830730792585,-0.030703698535736665,0.09429734555303869
262.72,0.03200000000003911,0.0012319295310122057,-0.2267579676710822,-0.01844832850578287,0.012255370029953794
262.752,0.031999999999982265,-0.003391958665578721,-0.3850992282175371,-0.02938528946128671,-0.010936960955503838
262.784,0.031999999999982265,-0.0014682403832715026,-0.4760792654637254,-0.03670736267766109,-0.007322073216374379
262.81600000000003,0.03200000000003911,-0.001595346440559577,-0.5022505905957929,-0.03905470439018656,-0.002347341712525472
262.848,0.031999999999982265,-0.0014937110194923981,-0.39705642097042954,-0.031454211201406526,0.007600493188780033
262.88,0.031999999999982265,0.0028918773822913285,-0.2831915385467698,-0.022641792494475215,0.008812418706931311
262.912,0.031999999999982265,-0.005287674083739482,-0.4148202195091041,-0.03181306270166694,-0.009171270207191728
262.944,0.03200000000003911,0.06488157386898936,-0.05141912438841241,-0.005617912826093614,0.02619514987557333
262.976,0.031999999999982265,0.06904367944892179,0.14073705540531894,0.010025518005356336,0.01564343083144995
263.008,0.031999999999982265,-0.002445225278245199,-0.24311927206595765,-0.017300282426220982,-0.02732580043157732
263.04,0.03200000000003911,0.0010012906289809114,-0.3424335016039304,-0.026181366620717298,-0.008881084194496316
263.072,0.031999999999982265,0.08884905684480042,0.02352456884145525,0.0002185759703038804,0.02639994259102118
263.104,0.031999999999982265,0.09757636292316524,0.1990013641432872,0.01464722358287805,0.01442864761257417
263.136,0.03200000000003911,-0.0038856716019482285,-0.4778231298230964,-0.034293650486140394,-0.048940874069018446
263.168,0.031999999999982265,0.1002506170005975,0.0971014280972367,0.005161120198971649,0.039454770685112044
263.2,0.031999999999982265,0.1046998525863316,0.352202205746089,0.02619897669527002,0.02103785649629837
263.232,0.03200000000003911,0.001560745977199841,-0.3810434474834738,-0.026509578671693398,-0.05270855536696342
263.264,0.031999999999982265,-0.004727444973765218,-0.10845456510997535,-0.009506146813300092,0.017003431858393307
263.296,0.031999999999982265,0.00016746521281814312,-0.2253451164533628,-0.017120711994543562,-0.00761456518124347
263.32800000000003,0.03200000000003911,0.12060980469470642,0.2455229974402759,0.017067453928854184,0.03418816592339775
263.36,0.031999999999982265,0.001991221514823538,-0.09279568173302008,-0.005838927077428264,-0.02290638100628245
263.392,0.031999999999982265,0.0017475386870234074,-8.756101028910279e-05,-0.0003435151320834159,0.005495411945344848
263.424,0.031999999999982265,-0.0023930755754861346,-0.09753977710411744,-0.007192928113163915,-0.006849412981080499
263.456,0.03200000000003911,-0.0007259101662785025,0.05083166245599944,0.003322930863889231,0.010515858977053146
263.488,0.031999999999982265,0.0014151940228425257,-0.01585151439146765,-0.0009738942243943671,-0.004296825088283598
263.52,0.031999999999982265,0.0006744413527903355,-0.18142633194876742,-0.013398355560738122,-0.012424461336343754
263.552,0.03200000000003911,0.004872822632319115,0.06611008220694137,0.004088275709057357,0.01748663126979548
263.584,0.031999999999982265,-0.00865174732515709,0.11110169130178589,0.008406455929798199,0.004318180220740842
263.616,0.031999999999982265,-0.002863317573252281,-0.11152022321147562,-0.00771592552629681,-0.016122381456095007
263.648,0.03200000000003911,0.002004677510069941,0.15538346197115455,0.010981501723268977,0.018697427249565787
263.68,0.031999999999982265,-0.06002014531647362,-0.21767880304963302,-0.015374196513962853,-0.026355698237231828
263.712,0.031999999999982265,-0.0895527084547103,-0.5576634787481817,-0.041898236726845305,-0.026524040212882453
263.744,0.03200000000003911,-0.0021571577155096652,-0.13163308471842097,-0.012099073433519233,0.029799163293326072
263.776,0.031999999999982265,0.0010083366149964126,-0.05932394536872627,-0.00506116473113979,0.007037908702379443
263.808,0.031999999999982265,0.0013929962971835918,0.007309527031039469,0.00024536790094828166,0.005306532632088072
263.84000000000003,0.03200000000003911,0.0015783927593104904,0.18232074569379583,0.013422073797326094,0.013176705896377813
263.872,0.031999999999982265,-0.12773127786894745,-0.7061852267266621,-0.05115817758462723,-0.06458025138195332
263.904,0.031999999999982265,0.0030529919796126875,0.014896308043427474,-0.0018578365465880939,0.04930034103803913
263.936,0.031999999999982265,0.0012352064888940693,0.22294381648205652,0.016288087571185828,0.01814592411777392
263.968,0.03200000000003911,0.001181194524347479,-0.026398277652708635,-0.0010010390431922163,-0.017289126614378043
264.0,0.031999999999982265,-0.028733579932298463,-0.3269079188421118,-0.02409867145837753,-0.023097632415185313
264.032,0.031999999999982265,-0.0892851044098697,-0.5816549779816321,-0.044166232907520114,-0.020067561449142585
264.064,0.03200000000003911,-0.007507789658397779,-0.070897696991302,-0.007763508591241748,0.03640272431627837
264.096,0.031999999999982265,0.0030788122618127557,-0.029807623072445142,-0.002640239543798346,0.005123269047443401
264.128,0.031999999999982265,0.0026839071058090973,0.14299704053312656,0.010363616156143908,0.013003855699942253
264.16,0.03200000000003911,-0.05464702973432184,-0.5006035094841549,-0.03621621347268583,-0.04657982962882974
264.192,0.031999999999982265,0.004043207531361711,-0.10823407343766692,-0.010050286881432953,0.02616592659125288
264.224,0.031999999999982265,-0.01188998250310282,-0.06355741458313682,-0.005254220457792446,0.004796066423640507
264.25600000000003,0.03200000000003911,-0.0003112905698966478,-0.029543499557559364,-0.0024759569507961784,0.0027782635069962675
264.288,0.031999999999982265,0.0008209818208193463,-0.18459790948750945,-0.013718306787313167,-0.01124234983651699
264.32,0.031999999999982265,-0.0012144793488994266,0.05703950199939501,0.0034027526968196916,0.01712105948413286
264.35200000000003,0.03200000000003911,-0.03624748483366089,-0.3965273010127122,-0.02896426975626627,-0.03236702245308596
264.384,0.031999999999982265,-0.0019506304058015524,-0.09344054783502556,-0.008543719634776775,0.020420550121489495
264.416,0.031999999999982265,0.0017671417064878644,-0.13413406077650739,-0.010357470266936841,-0.0018137506321600667
264.448,0.031999999999982265,-0.005408919274237976,-0.2371855913894491,-0.018040609321149766,-0.007683139054212924
264.48,0.03200000000003911,0.0003728680330710479,0.05652853439219083,0.0031156534839747213,0.021156262805124487
264.512,0.031999999999982265,-0.0023585804140020344,-0.016609262533199942,-0.0010415851263626845,-0.004157238610337406
264.544,0.031999999999982265,-0.0002821825662972079,0.2914307603500359,0.02137175437754384,0.022413339503906525
264.576,0.03200000000003911,-0.0033573616128477995,0.24620756451956746,0.01933993173304452,-0.002031822644499321
264.608,0.031999999999982265,-0.008245359361202333,-0.1985851519172781,-0.013487520628536413,-0.03282745236158093
264.64,0.031999999999982265,-0.07891114503006089,-0.40986966020640675,-0.03092052977642358,-0.017433009147887167
264.672,0.03200000000003911,0.002863074375758977,0.03508650148359363,0.0007952555970805353,0.03171578537350411
264.704,0.031999999999982265,-0.0017166546237209178,-0.043468876202785875,-0.0031508016295835896,-0.003946057226664125
264.736,0.031999999999982265,0.0016200305323628712,-0.09899460720248218,-0.007461978708759031,-0.004311177079175442
264.76800000000003,0.03200000000003911,-0.0020026953603292557,-0.023424062517286213,-0.0021533840126240662,0.005308594696134965
264.8,0.031999999999982265,0.0005699578836092662,0.01412114659291712,0.0009141594457278443,0.0030675434583519105
264.832,0.031999999999982265,-0.0036817755014841805,0.059493559837607346,0.0044279434477499414,0.003513784002022097
264.86400000000003,0.03200000000003911,-0.0004164218457936871,-0.02385023820204992,-0.001498330827736889,-0.00592627427548683
264.896,0.031999999999982265,2.2744477217597996e-05,-0.10201371498573102,-0.007588608963487607,-0.006090278135750717
264.928,0.031999999999982265,-0.004156351734392053,-0.07600935447038727,-0.006027828541456467,0.0015607804220311395
264.96,0.031999999999982265,8.919186049319136e-05,-0.20514897005751667,-0.015434682707939401,-0.009406854166482934
264.992,0.03200000000003911,-0.13293200620071668,-0.9174155897176622,-0.06835798026499446,-0.052923297557055056
265.024,0.031999999999982265,0.0002921091731502611,-0.07764236377634606,-0.009656080179759281,0.058701900085235174
265.056,0.031999999999982265,-0.004974768553241129,-0.019865419625515492,-0.0020183440628494284,0.0076377361169098525
265.088,0.03200000000003911,-0.08975322200124405,-0.48157533220316906,-0.03553167615035342,-0.033513332087504
265.12,0.031999999999982265,-0.10731643913668029,-0.5765832621720872,-0.04445327459553718,-0.00892159844518376
265.152,0.031999999999982265,0.003013124885598834,0.07411772440963044,0.0028843876932000113,0.047337662288737196
265.184,0.03200000000003911,0.0003144390758985852,-0.27514260196809337,-0.020067536228043196,-0.022951923921243206
265.216,0.031999999999982265,-0.03175537328859653,-0.1317060272223977,-0.010844171434138227,0.009223364793904969
265.248,0.031999999999982265,-0.051918379960904544,-0.362064231855217,-0.02725230963605056,-0.01640813820191233
265.28000000000003,0.03200000000003911,-2.4112281046263713e-06,-0.29671394316086386,-0.0233936612902753,0.0038586483457752584
265.312,0.031999999999982265,-0.0733420113018129,-0.28502976506350347,-0.02231164797590598,0.0010820133143693185
265.344,0.031999999999982265,-0.0014808900543476751,-0.2454979084320172,-0.019342002654294997,0.0029696453216109843
265.37600000000003,0.03200000000003911,-0.0005907135101804106,-0.159415070154424,-0.01284001634343621,0.006501986310858788
265.408,0.031999999999982265,0.004713543743718408,-0.03238982494435441,-0.003123197365344303,0.009716818978091906
265.44,0.031999999999982265,-0.003005879061787928,-0.1864445603487278,-0.013891474502171134,-0.01076827713682683
265.472,0.031999999999982265,0.0034070737335982915,-0.09151987755506269,-0.0075323345373780725,0.006359139964793061
265.504,0.03200000000003911,-0.000859791805016909,-0.26892330164303335,-0.02021151524157046,-0.012679180704192388
265.536,0.031999999999982265,-0.001205417678642255,-0.030663529626442032,-0.003421795050086398,0.016789720191484062
265.568,0.031999999999982265,-0.0026475377761320798,-0.06920375732176588,-0.005286797061044543,-0.0018650020109581447
265.6,0.03200000000003911,-8.117026411723283e-05,-0.08927766970004611,-0.006870701970360794,-0.0015839049093162513
265.632,0.031999999999982265,-0.006615221592819095,-0.2790874254295984,-0.020920791769108077,-0.014050089798747282
265.664,0.031999999999982265,-0.006210941002324896,0.04054995941206284,0.001774315184094205,0.02269510695320228
265.696,0.03200000000003911,-0.0001442930505239257,-0.3086692891626988,-0.02259717986050778,-0.024371495044601985
265.728,0.031999999999982265,0.025316990741197233,0.0532608822021865,0.0026123029865927263,0.025209482847100506
265.76,0.031999999999982265,0.06790555656712526,0.08388330889013654,0.0063196033780417585,0.0037073003914490322
265.79200000000003,0.03200000000003911,0.10843654408921234,0.32135671282705575,0.023997470324960912,0.017677866946919155
265.824,0.031999999999982265,0.0006288317428719498,-0.21400964692197263,-0.014352966077134748,-0.038350436402095664
265.856,0.031999999999982265,0.0014559167713532701,-0.12991657957932415,-0.010382678184282611,0.003970287892852137
265.88800000000003,0.03200000000003911,0.08492375885948412,0.1641839214787223,0.011474740337112842,0.02185741852139545
265.92,0.031999999999982265,-0.003988938616190344,0.05674053711294465,0.00483513812895854,-0.006639602208154302
265.952,0.031999999999982265,-0.0008041540988023075,-0.10415552630890278,-0.007380492931142103,-0.012215631060100644
265.984,0.031999999999982265,-0.00037691922126519716,-0.11896841830097711,-0.009175033479329582,-0.0017945405481874788
266.016,0.03200000000003911,0.005102092158603942,-0.28117135728576,-0.021207071522799947,-0.012032038043470365
266.048,0.031999999999982265,0.136229041082124,0.5240622333236358,0.03731539065879084,0.05852246218159078
266.08,0.031999999999982265,0.0058956571839941276,-0.15390587386566196,-0.009164089733674888,-0.04647948039246573
266.112,0.03200000000003911,0.0006094656618002983,-0.15169671554495534,-0.01168484527032579,-0.002520755536650902
266.144,0.031999999999982265,0.0015750054765576909,0.03696566527758298,0.002043908055624153,0.013728753325949944
266.176,0.031999999999982265,-0.0014675759820305717,0.03937873283112271,0.0030139138590077707,0.0009700058033836178
266.208,0.03200000000003911,0.0021793513489739564,-0.03225003239055667,-0.0021976842190936587,-0.005211598078101429
266.24,0.031999999999982265,-0.0019588365222469708,-0.04575115899315388,-0.003491420878448478,-0.0012937366593548192
266.272,0.031999999999982265,-0.002116926841754812,0.043254837202931065,0.002979414017748861,0.0064708348961973385
266.30400000000003,0.03200000000003911,-0.0031581092672892845,0.04650658257186515,0.0035921034399027797,0.0006126894221539186
266.336,0.031999999999982265,-0.0024781688374829,-0.04409678514834697,-0.003035518748935379,-0.006627622188838158
266.368,0.031999999999982265,-0.02471763406569998,-0.1956710955706423,-0.01456493438656836,-0.011529415637632982
266.4,0.031999999999982265,-0.03362184602348971,-0.05387967002632723,-0.004803143368126444,0.009761791018441917
266.432,0.03200000000003911,-5.6744964422302995e-05,0.1439013765747276,0.010305258790318307,0.01510840215844475
266.464,0.031999999999982265,-0.1321177780207434,-0.41884517950639455,-0.030207056284453204,-0.04051231507477151
266.496,0.031999999999982265,-0.041614013293063336,-0.24177169035271234,-0.019523770373290786,0.010683285911162417
266.528,0.03200000000003911,-0.0013846720299659449,-0.024121045911585228,-0.0029009564387864756,0.01662281393450431
266.56,0.031999999999982265,-0.003886518048002794,-0.17373566035891633,-0.01294402935456418,-0.010043072915777704
266.592,0.031999999999982265,-0.00200365756718018,-0.01736222589213994,-0.0020240689024468906,0.01091996045211729
266.624,0.03200000000003911,0.0015820567152397254,-0.11319792642479615,-0.008441448780204218,-0.006417379877757328
266.656,0.031999999999982265,0.0026196603269759236,-0.09940998816777057,-0.007797950100031687,0.0006434986801725313
266.688,0.031999999999982265,0.0006710213384743904,-0.13247133210948372,-0.010192140236653081,-0.002394190136621395
266.72,0.03200000000003911,-0.001776815712660853,-0.10316352859892222,-0.008175052116832981,0.0020170881198201002
266.752,0.031999999999982265,0.12873183302932334,0.48280383368733754,0.03503356506659976,0.043208617183432746
266.784,0.031999999999982265,0.05509631041730655,0.2592910587515748,0.021090778594562116,-0.013942786472037647
266.81600000000003,0.03200000000003911,0.003645764445847579,-0.07322383593454075,-0.004167346281645057,-0.025258124876207173
266.848,0.031999999999982265,-0.0035445650224649908,0.025045461176787607,0.001601271830099738,0.0057686181117447945
266.88,0.031999999999982265,0.04223899284522865,0.06635594802763718,0.004972271393900976,0.0033709995638012387
266.912,0.031999999999982265,0.0859754744117797,0.4352310902529149,0.03229403760090654,0.027321766207005563
266.944,0.03200000000003911,-0.0017316487367594066,0.14861412871948027,0.012793421697028377,-0.01950061590387816
266.976,0.031999999999982265,-0.002167910706839222,-0.2926271113991461,-0.020781311616927402,-0.03357473331395578
267.008,0.031999999999982265,0.002626851048641731,-0.04387738459988061,-0.004426438757109032,0.01635487285981837
267.04,0.03200000000003911,0.06394857855807855,0.3849674663095263,0.028055060441623446,0.03248149919873248
267.072,0.031999999999982265,0.0008199035558679492,0.21840807716151217,0.017681372231812514,-0.010373688209810931
267.104,0.031999999999982265,0.09555033482721037,0.2575575902248128,0.019961572836210147,0.0022802006043976322
267.136,0.03200000000003911,0.037418474590785,0.08880952958309528,0.007683436112628345,-0.0122781367235818
267.168,0.031999999999982265,-0.004590357562375815,-0.16607422828781462,-0.011769578683585922,-0.019453014796214266
267.2,0.031999999999982265,0.09861323514629763,0.48481097950354957,0.03497366232070412,0.04674324100429004
267.232,0.03200000000003911,0.06991165123195184,0.23646652153613384,0.019408798827613368,-0.01556486349309075
267.264,0.031999999999982265,0.03443819941067452,0.3234251595514103,0.024905211548101693,0.005496412720488324
267.296,0.031999999999982265,0.0007103714709607947,0.010541871895325853,0.0022130065421816208,-0.02269220500592007
267.32800000000003,0.03200000000003911,0.10950141776954997,0.4208954810727088,0.03108050383941178,0.028867497297230156
267.36,0.031999999999982265,-0.0005878333150490314,0.039650649085647624,0.004710166539166486,-0.026370337300245295
267.392,0.031999999999982265,0.06073623401682477,0.34368218669494943,0.0255463794255181,0.020836212886351617
267.424,0.031999999999982265,-0.00194120960873787,0.26807228422748314,0.021188865427012416,-0.004357513998505685
267.456,0.03200000000003911,0.0030705101398656827,0.131198190501073,0.010871558307197951,-0.010317307119814465
267.488,0.031999999999982265,-0.00042516973728029707,0.15064629471889435,0.011706167670984315,0.0008346093637863639
267.52,0.031999999999982265,0.00207641377123901,0.10644082020350133,0.008503468291309312,-0.003202699379675003
267.552,0.03200000000003911,-0.0018799805837698207,0.014948946707809465,0.0015902463094931074,-0.0069132219818162045
267.584,0.031999999999982265,-0.0027268058101621922,0.0015201799960359796,0.0002035978341659118,-0.0013866484753271957
267.616,0.031999999999982265,0.09017666551511382,0.4800471295973889,0.035314528158347486,0.035110930324181576
267.648,0.03200000000003911,0.0007839328607971404,0.1942276631833825,0.016322221487548555,-0.01899230667079893
267.68,0.031999999999982265,-0.002940569981822617,0.14143977146115308,0.011343779624126981,-0.004978441863421574
267.712,0.031999999999982265,-0.0004725110719169907,-0.02416895605937764,-0.001122524566439032,-0.012466304190566014
267.744,0.03200000000003911,-0.004451355634666666,0.08726207047664046,0.006352470120016607,0.007474994686455638
267.776,0.031999999999982265,0.05774549382370433,0.43702858650686643,0.03250590348220911,0.026153433362192502
267.808,0.031999999999982265,-3.1416164890537367e-05,0.05781114801407676,0.006127980750670018,-0.02637792273153909
267.84000000000003,0.03200000000003911,-0.00010812420964151034,0.0702702351201647,0.0055214516847654545,-0.0006065290659045637
267.872,0.031999999999982265,-0.000823613998793114,0.13289341998462587,0.010091760520456445,0.004570308835690991
267.904,0.031999999999982265,-0.004641594425971874,0.2235789224461574,0.01702463262646828,0.006932872106011836
267.936,0.031999999999982265,-0.0011500673202288311,0.06331645533948604,0.005639122808594179,-0.011385509817874102
267.968,0.03200000000003911,0.00042555106907772973,0.29462386182969275,0.021992246891781083,0.016353124083186905
268.0,0.031999999999982265,-0.00038006733561721966,0.03398056950225289,0.0037685309098618204,-0.018223715981919263
268.032,0.031999999999982265,0.0006398723403816574,-0.022601786050242077,-0.0014445866514193665,-0.005213117561281187
268.064,0.03200000000003911,0.0007455267858371801,0.2720567123417806,0.019923717592323604,0.02136830424374297
268.096,0.031999999999982265,0.0011654045724713877,-0.05782117719583513,-0.0031020046246404685,-0.023025722216964074
268.128,0.031999999999982265,0.004054458059129551,0.11753150606685249,0.008464217711171475,0.011566222335811943
268.16,0.03200000000003911,0.006614211951756869,0.15245219442494434,0.01170000039183806,0.003235782680666585
268.192,0.031999999999982265,0.0038696383512314093,0.14683758509417633,0.011473899500056568,-0.00022610089178149231
268.224,0.031999999999982265,-0.0039024065747369444,0.08395589481158172,0.006836513157753061,-0.004637386342303507
268.25600000000003,0.03200000000003911,-0.00027262574831188037,0.12615380013728444,0.009672044636425988,0.0028355314786729265
268.288,0.031999999999982265,-0.0007575982047653353,0.08486318354846031,0.006799215957350693,-0.002872828679075295
268.32,0.031999999999982265,-0.0021895251078496753,0.1165819928997375,0.008965978631141182,0.0021667626737904896
268.35200000000003,0.03200000000003911,0.001090086771839983,0.17392302867865705,0.013307936601272457,0.004341957970131274
268.384,0.031999999999982265,-0.07842588863776985,-0.5180479091962085,-0.03732910567467345,-0.050637042275945905
268.416,0.031999999999982265,0.002037398822591891,0.09672801888483021,0.00495842557215852,0.04228753124683197
268.448,0.031999999999982265,-0.06250834660183062,-0.12364918172615966,-0.008806943495515165,-0.013765369067673686
268.48,0.03200000000003911,-0.1298370859776255,-0.21048326878039314,-0.01598740398767264,-0.007180460492157474
268.512,0.031999999999982265,-0.1260949783584704,-0.6629867825011744,-0.049679136242939945,-0.03369173225526731
268.544,0.031999999999982265,-0.005386693308426279,0.061257990854760344,0.0016369958011510878,0.05131613204409103
268.576,0.03200000000003911,-0.11537840469857108,-0.7087100767050447,-0.05202419730851163,-0.05366119310966271
268.608,0.031999999999982265,0.0030415033738798347,0.12327726353918057,0.006062528949257166,0.05808672625776879
268.64,0.031999999999982265,-0.12629895857717702,-0.5075133974960496,-0.036972666000212,-0.04303519494946916
268.672,0.03200000000003911,-0.06713744314916892,-0.31314956808821826,-0.02516348807901049,0.011809177921201508
268.704,0.031999999999982265,-0.1342767299179023,-0.4896828686214167,-0.0374640540346698,-0.012300565955659308
268.736,0.031999999999982265,-0.07780015831319184,-0.23726832608435555,-0.019611531732723293,0.017852522301946505
268.76800000000003,0.03200000000003911,-0.14052164019524044,-0.7945450270161696,-0.05956317689559915,-0.03995164516287586
268.8,0.031999999999982265,-0.12582941855207438,-0.5717414084482069,-0.04548451995229094,0.014078656943308211
268.832,0.031999999999982265,-0.048018850482211155,-0.22423254266332981,-0.019115891368280496,0.026368628584010446
268.86400000000003,0.03200000000003911,-0.1321894283829964,-0.539326646121801,-0.04076574649550678,-0.021649855127226284
268.896,0.031999999999982265,-0.1291038608803284,-0.6711406183635922,-0.05170920204166531,-0.010943455546158533
268.928,0.031999999999982265,-0.3187607334020517,-1.906221385749134,-0.14316907702249163,-0.0914598749808263
268.96,0.031999999999982265,-0.13718822465559885,-0.7113283744203819,-0.06057626856030576,0.08259280846218586
268.992,0.03200000000003911,-0.13129731728078706,-0.8884384867203986,-0.06883297966908652,-0.008256711108780762
269.024,0.031999999999982265,-0.28525762994397263,-1.5646311454296842,-0.11903699326885697,-0.05020401359977045
269.056,0.031999999999982265,-0.13539734846133428,-0.9479907354129176,-0.07658734925202017,0.042449644016836804
269.088,0.03200000000003911,-0.41612584503507427,-2.529188913500083,-0.1904184426138343,-0.11383109336181414
269.12,0.031999999999982265,-0.023059227399535247,-0.3231096833310384,-0.034754240387034736,0.15566420222679958
269.152,0.031999999999982265,-0.41873510113984197,-2.35488908073261,-0.17518540663600765,-0.14043116624897292
269.184,0.03200000000003911,-0.41935261898318676,-2.248691652376828,-0.17548258542330444,-0.00029717878729679237
269.216,0.031999999999982265,-0.41858605346500194,-4.527083426496579,-0.3430531884140221,-0.16757060299071766
269.248,0.031999999999982265,-0.4172258060571595,-2.798776378596086,-0.2256267930211129,0.1174263953929092
269.28000000000003,0.03200000000003911,-0.41761898248629487,-3.9466024017265893,-0.30325926123313446,-0.07763246821202155
269.312,0.031999999999982265,-0.421502438578851,-2.3032455630793596,-0.1868880778899375,0.11637118334319696
269.344,0.031999999999982265,-0.35396262954573454,-1.9957362861817765,-0.157555774917295,0.0293323029726425
269.37600000000003,0.03200000000003911,-0.005463906103065723,-0.2944286476888417,-0.03074789902918946,0.12680787588810555
269.408,0.031999999999982265,-0.42029371036302665,-2.3695099857896134,-0.176029348913629,-0.14528144988443956
269.44,0.031999999999982265,-0.4172660903713849,-2.6275912250952898,-0.20339566583265833,-0.027366316919029327
269.472,0.031999999999982265,-0.41575421872259194,-4.641184304944784,-0.3530555892501413,-0.14965992341748297
269.504,0.03200000000003911,-0.42122653171735497,-4.0372154908304365,-0.31727931522222363,0.035776274027917665
269.536,0.031999999999982265,-0.4195267072574105,-4.2550746951662175,-0.33123539914808525,-0.013956083925861618
269.568,0.031999999999982265,-0.4223438200422577,-2.1887999349298144,-0.18008675711583036,0.1511486420322549
269.6,0.03200000000003911,-0.18931425692221926,-1.1683651434156175,-0.09631807969933404,0.08376867741649632
269.632,0.031999999999982265,-0.18167269571963499,-1.18173821123452,-0.09246564963954239,0.0038524300597916478
269.664,0.031999999999982265,-0.41361947258943266,-2.487336019612192,-0.1882572109559665,-0.09579156131642412
269.696,0.03200000000003911,-0.4218437358093447,-2.427660516857079,-0.18939861946297343,-0.001141408507006919
269.728,0.031999999999982265,-0.4186815404139856,-2.6899433171837157,-0.20875284846757977,-0.019354229004606344
269.76,0.031999999999982265,-0.41384298024084976,-4.7127941720798745,-0.3586310603123198,-0.14987821184474
269.79200000000003,0.03200000000003911,-0.4161520796437829,-2.4923839013287923,-0.2039939170226477,0.15463714328967207
269.824,0.031999999999982265,-0.42130998394464847,-2.3414143287183338,-0.183964520781079,0.020029396241568714
269.856,0.031999999999982265,-0.08694276236835871,-0.7795095536600564,-0.0679454112717461,0.1160191095093329
269.88800000000003,0.03200000000003911,-0.36203542410143785,-2.354280463031917,-0.1770567444389055,-0.10911133316715942
269.92,0.031999999999982265,-0.4144713365850952,-2.5259312980059674,-0.19597888236435565,-0.01892213792545014
269.952,0.031999999999982265,-0.4196904210767133,-3.1958535411569144,-0.24633747343822132,-0.05035859107386567
269.984,0.031999999999982265,-0.41329871741212537,-3.0115562034892696,-0.23569136050435896,0.010646112933862362
270.016,0.03200000000003911,-0.4080611063241942,-4.503197048838755,-0.34477237585193976,-0.1090810153475808
270.048,0.031999999999982265,-0.4209377001147239,-2.486179694363059,-0.20273760916361463,0.14203476668832513
270.08,0.031999999999982265,-0.16718633511699546,-1.203722975998501,-0.10022591551639495,0.10251169364721968
270.112,0.03200000000003911,-0.34012449045594934,-2.00720930833854,-0.15339657685092734,-0.05317066133453238
270.144,0.031999999999982265,-0.4209469630027881,-2.44179964706298,-0.18842594204228255,-0.035029365191355216
270.176,0.031999999999982265,-0.4166703499998881,-2.5266336254602915,-0.19668686497745866,-0.008260922935176107
270.208,0.03200000000003911,-0.4231900177342876,-2.6552149730987846,-0.2066196618698404,-0.009932796892381746
270.24,0.031999999999982265,-0.4064170552348877,-4.452485557114811,-0.3393647589117985,-0.1327450970419581
270.272,0.031999999999982265,-0.4215795860060102,-2.298856986697123,-0.1886496780734582,0.15071508083834032
270.30400000000003,0.03200000000003911,-0.13616834285142404,-1.040763344972072,-0.08742854406969676,0.10122113400376144
270.336,0.031999999999982265,-0.22179880878109476,-1.4326169098574706,-0.1104021412672586,-0.02297359719756184
270.368,0.031999999999982265,0.0017960940068631,-0.4709320591659608,-0.041005864102129634,0.06939627716512897
270.4,0.031999999999982265,-0.4209927255328047,-2.430541791041408,-0.18110982455961025,-0.1401039604574806
270.432,0.03200000000003911,-0.4160534050023376,-2.595487923812947,-0.20132807295868813,-0.020218248399077876
270.464,0.031999999999982265,-0.4139620491266799,-2.3686695777779816,-0.18581498125095983,0.0155130917077283
270.496,0.031999999999982265,-0.4121104514273392,-2.3952720521450708,-0.18687577676327943,-0.0010607955123196067
270.528,0.03200000000003911,-0.41576902275349154,-2.5692625625737406,-0.19973231705639907,-0.01285654029311964
270.56,0.031999999999982265,-0.2915807959322248,-1.714626321467387,-0.13762437052189,0.06210794653450907
270.592,0.031999999999982265,0.0002238545705327256,-0.32779699976600984,-0.0320511936038898,0.1055731769180002
270.624,0.03200000000003911,0.0009113457825521836,-0.32035180643128147,-0.025409030255209217,0.0066421633486805805
270.656,0.031999999999982265,-0.16697382238272762,-1.1094296674778499,-0.0830545489210317,-0.05764551866582249
270.688,0.031999999999982265,-0.11127827068620387,-0.9864434790049952,-0.07733793939608803,0.005716609524943669
270.72,0.03200000000003911,-0.07765502421232369,-0.645101061724038,-0.05190552611780903,0.025432413278279005
270.752,0.031999999999982265,-0.010347975885010538,-0.4516953361009673,-0.03621423548341281,0.01569129063439622
270.784,0.031999999999982265,-0.10947135599186147,-0.7480846566286956,-0.05710492951045556,-0.02089069402704275
270.81600000000003,0.03200000000003911,-0.13640952909294785,-1.327063762605143,-0.10088918460588694,-0.043784255095431386
270.848,0.031999999999982265,-0.003431015892248015,-0.49683797529554163,-0.042361816826824744,0.0585273677790622
270.88,0.031999999999982265,0.0020290675810507347,-0.5052912269436646,-0.03960473989945007,0.0027570769273746742
270.912,0.031999999999982265,-0.11248261181042234,-1.1122809817268091,-0.08408374044329148,-0.04447900054384141
270.944,0.03200000000003911,-0.0035350443646079747,-0.6314180494634709,-0.051288703170426136,0.03279503727286534
270.976,0.031999999999982265,-0.006424915641315562,-0.436791934724863,-0.035082627350613876,0.01620607581981226
271.008,0.031999999999982265,-0.05675844355070966,-0.9384132348546903,-0.07103640956941625,-0.03595378221880237
271.04,0.03200000000003911,0.0032936383055446037,-0.5426425215536512,-0.04400692036076209,0.027029489208654153
271.072,0.031999999999982265,0.0010923563503189718,-0.4642504059464552,-0.03668155893731824,0.007325361423443852
271.104,0.031999999999982265,-0.0016511688525634996,-0.3832717246281732,-0.030303482011617002,0.006378076925701238
271.136,0.03200000000003911,0.002454822458346849,-0.40476570361628716,-0.031515953595779266,-0.0012124715841622634
271.168,0.031999999999982265,-0.10748411432238385,-0.9519308400810589,-0.07182459653285377,-0.0403086429370745
271.2,0.031999999999982265,-0.004018093437498169,-0.5100479861855346,-0.04165541215353911,0.030169184379314658
271.232,0.03200000000003911,-9.186505374802465e-07,-0.590362702073251,-0.04582013535915423,-0.004164723205615124
271.264,0.031999999999982265,0.0007882557264860964,-0.4299931005862626,-0.03426694417143688,0.011553191187717353
271.296,0.031999999999982265,-0.004844090264100405,-0.45656292253519504,-0.03555393982275136,-0.0012869956513144806
271.32800000000003,0.03200000000003911,-0.001428175017943864,-0.4504564547723618,-0.035179165872424,0.00037477395032736033
271.36,0.031999999999982265,-0.004605865895689048,-0.2499927936093997,-0.020415387470161236,0.014763778402262763
271.392,0.031999999999982265,-0.0023253053652782076,-0.3184492330579874,-0.024597390220772467,-0.00418200275061123
271.424,0.031999999999982265,-0.00431933082007695,-0.502031741983996,-0.03833951267151805,-0.013742122450745582
271.456,0.03200000000003911,-0.0016855135367333486,-0.28999305109517565,-0.02353945937213688,0.01480005329938117
271.488,0.031999999999982265,-1.2553238577291564e-05,-0.23635440250569048,-0.018740467577056767,0.004798991795080112
271.52,0.031999999999982265,-0.005803457413038283,-0.5237964409209696,-0.03960197881813201,-0.020861511241075242
271.552,0.03200000000003911,-0.009525135620058111,-0.27849903124096653,-0.022767067555022807,0.016834911263109202
271.584,0.031999999999982265,-0.005011526797201179,-0.44877129984392267,-0.03431706485325898,-0.011549997298236171
271.616,0.031999999999982265,0.004209126057001291,-0.20639475185810421,-0.017159409307832954,0.017157655545426025
271.648,0.03200000000003911,-0.005537877691574666,-0.15533713795757542,-0.012414125184896624,0.00474528412293633
271.68,0.031999999999982265,-0.03433108277002807,-0.4417360810186487,-0.033202027451742354,-0.02078790226684573
271.712,0.031999999999982265,-0.11272599000082736,-0.5103581740904602,-0.03944857814679203,-0.006246550695049674
271.744,0.03200000000003911,-0.13666136070295032,-0.7794007895453053,-0.05959464063763326,-0.020146062490841235
271.776,0.031999999999982265,0.002032276607955218,-0.19286447837507711,-0.017623641070423534,0.04197099956720973
271.808,0.031999999999982265,-0.02642629465439247,-0.4526880561794362,-0.03430817873361661,-0.016684537663193073
271.84000000000003,0.03200000000003911,-0.10172322969219964,-0.6574774656844846,-0.05033162126712557,-0.016023442533508965
271.872,0.031999999999982265,-0.06591482288362717,-0.7635743112742897,-0.05905902588387875,-0.008727404616753177
271.904,0.031999999999982265,0.007151300230582648,-0.2359223667278469,-0.02075920738687246,0.03829981849700629
271.936,0.031999999999982265,-0.004640995083045069,-0.0289543793742816,-0.0033277215158829592,0.0174314858709895
271.968,0.03200000000003911,-0.06279990878888873,-0.6960478594374971,-0.05137962353489228,-0.04805190201900932
272.0,0.031999999999982265,-0.000722244165104632,-0.2334016704024442,-0.020130509992449967,0.031249113542442315
272.032,0.031999999999982265,-0.024871696114271154,-0.5253303823364871,-0.03979503108402414,-0.019664521091574176
272.064,0.03200000000003911,-5.377270745619065e-05,-0.12510715908761502,-0.011497739262286658,0.028297291821737486
272.096,0.031999999999982265,-0.005507057241253925,-0.399549904104204,-0.03004674433189432,-0.018549005069607664
272.128,0.031999999999982265,0.0006562177097991368,-0.24002875266753768,-0.01938633967995843,0.010660404651935892
272.16,0.03200000000003911,-0.0037018839513669236,-0.3946564337866947,-0.030142279043643333,-0.010755939363684904
272.192,0.031999999999982265,-0.003113244781807366,-0.13519325810537391,-0.011682228795016467,0.018460050248626868
272.224,0.031999999999982265,-0.04406336698463613,-0.3677882522662201,-0.02772163567218032,-0.016039406877163855
272.25600000000003,0.03200000000003911,0.0027008734859553037,-0.24572073978344527,-0.01967070332299653,0.00805093234918379
272.288,0.031999999999982265,-0.0011962561724903,-0.40616400562029087,-0.03100496453366989,-0.011334261210673359
272.32,0.031999999999982265,-0.002037418112828057,-0.05553727594073608,-0.005874111862014042,0.025130852671655848
272.35200000000003,0.03200000000003911,0.001156605370906994,-0.0992722136788757,-0.007639608140208614,-0.0017654962781945716
272.384,0.031999999999982265,-0.0003647446740508863,-0.058433247950869745,-0.004738221822395462,0.0029013863178131514
272.416,0.031999999999982265,0.0023000474089539774,-0.3563512423387381,-0.02647968425278118,-0.02174146243038572
272.448,0.031999999999982265,-0.006069130843056736,-0.3835387054346424,-0.029734171023170733,-0.0032544867703895516
272.48,0.03200000000003911,-0.0010104331659356047,-0.20833858158684887,-0.017037792751878063,0.01269637827129267
272.512,0.031999999999982265,-0.0009950055058359714,-0.08534284162580479,-0.0072597079670561155,0.009778084784821946
272.544,0.031999999999982265,-0.006945807377008609,0.012980933469876638,0.0005355245415309299,0.007795232508587046
272.576,0.03200000000003911,0.0018412473143884277,-0.2620224072202951,-0.019238271838152177,-0.019773796379683108
272.608,0.031999999999982265,-0.0006674965281968048,-0.10493617478287948,-0.008827637753774742,0.010410634084377436
272.64,0.031999999999982265,0.00029202291220444655,-0.24009830804772223,-0.018166495343759036,-0.009338857589984295
272.672,0.03200000000003911,0.07735308232031937,0.34911054892529325,0.0246249338197119,0.04279142916347094
272.704,0.031999999999982265,0.0010834726354180528,-0.168280741689368,-0.010953829139645106,-0.03557876295935701
272.736,0.031999999999982265,0.0028760649522256904,-0.19353235274618116,-0.014864767511457756,-0.003910938371812649
272.76800000000003,0.03200000000003911,0.0014336855454400944,-0.15096513220549698,-0.011960139336813598,0.002904628174644158
272.8,0.031999999999982265,0.10753268988796516,0.47103141392897513,0.033949309056447746,0.045909448393261346
272.832,0.031999999999982265,-0.0008352757980256024,-0.07739508491200021,-0.0037317897707522234,-0.03768109882719997
272.86400000000003,0.03200000000003911,0.006670858352594581,-0.03669866029378439,-0.002914260572424245,0.0008175291983279786
272.896,0.031999999999982265,0.005921056996236798,0.014383229850655599,0.0008895084057436804,0.003803768978167925
272.928,0.031999999999982265,0.10493544758279666,0.39729050832686724,0.029268184470170322,0.028378676064426643
272.96,0.031999999999982265,-0.002663287907105556,-0.21486959742287232,-0.014111933564773393,-0.04338011803494372
272.992,0.03200000000003911,0.0004768065121051679,-0.02584748604491619,-0.0027154988890471616,0.011396434675726232
273.024,0.031999999999982265,0.0028089645977858106,0.019936173443849372,0.0013093474640349571,0.0040248463530821186
273.056,0.031999999999982265,0.0040246763657841205,-0.24773167003567026,-0.018142655704986233,-0.019452003169021192
273.088,0.03200000000003911,-0.0013753602212788652,-0.08991929115357189,-0.0076600438212962255,0.010482611883690008
273.12,0.031999999999982265,0.07609942520011964,0.28555099584228916,0.020557277646901868,0.028217321468198095
273.152,0.031999999999982265,0.0007317624630299447,0.01986266887054114,0.0026474578484600017,-0.017909819798441865
273.184,0.03200000000003911,0.04136882882486539,0.15472475368045557,0.011531328731541158,0.008883870883081155
273.216,0.031999999999982265,0.002585666508311378,-0.09263516481311292,-0.006146718029037586,-0.017678046760578745
273.248,0.031999999999982265,-0.0004956529752190154,-0.06294153396746922,-0.004983579027817601,0.0011631390012199856
273.28000000000003,0.03200000000003911,0.004741036866550921,0.10379224529910795,0.0073452078071974646,0.012328786835015065
273.312,0.031999999999982265,0.005083033912234081,0.05359609537177866,0.0043655010663648085,-0.002979706740832656
273.344,0.031999999999982265,0.005830570134072128,-0.01646790179856352,-0.0009590368775898769,-0.005324537943954685
273.37600000000003,0.03200000000003911,0.1346718548914483,0.36950759396066646,0.027118307840252858,0.028077344717842734
273.408,0.031999999999982265,0.022272307431547476,-0.0060135676462245834,0.001123275776465209,-0.02599503206378765
273.44,0.031999999999982265,0.05495393271802745,0.26606322734437776,0.019631195677960213,0.018507919901495005
273.472,0.031999999999982265,0.05608150669556187,0.3404440892412683,0.026169626257425138,0.006538430579464925
273.504,0.03200000000003911,0.06976130526088989,0.49301124814135455,0.037766907247641805,0.011597280990216667
273.536,0.031999999999982265,-0.0011161867440126316,-0.0125670257839401,0.0012560668043431916,-0.036510840443298616
273.568,0.031999999999982265,0.0009198545772287392,-0.10992852532724644,-0.008011657073528241,-0.009267723877871432
273.6,0.03200000000003911,0.07247980875896556,0.3374504542272447,0.024353677263165535,0.03236533433669378
273.632,0.031999999999982265,3.3264252081881005e-07,0.02659210544825086,0.0033615047874566706,-0.020992172475708865
273.664,0.031999999999982265,0.017914572158683202,0.14049199113520175,0.010525869421485163,0.007164364634028492
273.696,0.03200000000003911,0.079564653767996,0.3193445963943351,0.02409232268643925,0.013566453264954086
273.728,0.031999999999982265,0.1231614985750849,0.9415158941129822,0.07063011968097051,0.046537796994531255
273.76,0.031999999999982265,-2.8256913730086353e-05,-0.10805671266238251,-0.003869103449979457,-0.07449922313094996
273.79200000000003,0.03200000000003911,0.0013033128016188007,0.13664030521280304,0.009825199220809617,0.013694302670789074
273.824,0.031999999999982265,-0.0011373828443521081,0.03502770623224422,0.003143145140504469,-0.006682054080305148
273.856,0.031999999999982265,0.0045590412766490125,0.08048298107283243,0.0061001875281753515,0.0029570423876708824
273.88800000000003,0.03200000000003911,0.09455125075784437,0.5330699884445586,0.03955424589308546,0.03345405836491011
273.92,0.031999999999982265,0.0418632337772308,0.46114840730386636,0.03619638846374014,-0.003357857429345322
273.952,0.031999999999982265,0.002634423257007514,0.05075089023814192,0.00582181608929092,-0.03037457237444922
273.984,0.031999999999982265,0.000570005447514546,0.00029681055402574607,0.00035791558936013523,-0.005463900499930785
274.016,0.03200000000003911,0.07163694823748361,0.4126330992737954,0.03036579372050618,0.030007878131146047
274.048,0.031999999999982265,0.03520885670503738,0.18728393636229515,0.01552589236894341,-0.014839901351562771
274.08,0.031999999999982265,-0.004213781004047135,0.39792273302432557,0.03015962336622637,0.014633730997282959
274.112,0.03200000000003911,-0.0020776756338483854,-0.09317632255759276,-0.005111120621790342,-0.03527074398801671
274.144,0.031999999999982265,0.07915003957541013,0.4216482812749485,0.030713049829889916,0.03582417045168026
274.176,0.031999999999982265,0.05031549157726407,0.5738502608950705,0.043974114208819984,0.013261064378930067
274.208,0.03200000000003911,0.00041077939619406904,0.17793975936886292,0.015624315268626754,-0.02834979894019323
274.24,0.031999999999982265,0.00471841290517262,0.10612288021397459,0.008706277959982835,-0.00691803730864392
274.272,0.031999999999982265,0.0027267975922684296,0.15647873072006444,0.01201008669794462,0.0033038087379617855
274.30400000000003,0.03200000000003911,0.09523387779475541,0.42073975618901904,0.03163462819877229,0.019624541500827666
274.336,0.031999999999982265,0.0032823740965470328,-0.018104138682815914,0.0004948554532446196,-0.03113977274552767
274.368,0.031999999999982265,0.09046219470906196,0.5067358510825862,0.037294036815221594,0.036799181361976976
274.40000000000003,0.03200000000003911,0.0012975840957532535,0.0016079896333608679,0.0022712022748426104,-0.03502283454037898
274.432,0.031999999999982265,0.1137110900506037,0.5949595792811132,0.04388457663383326,0.04161337435899065
274.464,0.031999999999982265,0.03138109117984591,0.16831273411852582,0.014911172729525291,-0.028973403904307967
274.496,0.031999999999982265,0.08282917011546291,0.6269528641975983,0.04696706389103366,0.032055891161508365
274.528,0.03200000000003911,0.01971234483016634,0.16959969775300687,0.015183765473412875,-0.03178329841762079
274.56,0.031999999999982265,0.1182788624442964,0.8022023416213176,0.059870686683184786,0.04468692120977191
274.592,0.031999999999982265,0.11115302656814957,0.5399139987551029,0.043161677290881224,-0.01670900939230356
274.624,0.03200000000003911,0.11523810167016814,0.5857766667252551,0.04556983257821715,0.002408155287335928
274.656,0.031999999999982265,0.09131466336428043,0.594240235416838,0.04633126592077794,0.0007614333425607911
274.688,0.031999999999982265,0.004792236685340603,0.07964085971873955,0.008531468117851907,-0.037799797802926034
274.72,0.03200000000003911,0.08337140633212911,0.6990336896479281,0.05189960965733504,0.04336814153948313
274.752,0.031999999999982265,0.08431976552041091,0.3001548010482395,0.025069568659306332,-0.026830040998028708
274.784,0.031999999999982265,0.13068333674884106,0.8977377309577692,0.06746707915541438,0.04239751049610804
274.81600000000003,0.03200000000003911,0.05061523335249297,0.4182447672669619,0.034652627180759094,-0.03281445197465528
274.848,0.031999999999982265,0.0041429322499509265,0.21595918055988483,0.017882151264655147,-0.016770475916103946
274.88,0.031999999999982265,-0.0006865357263463948,0.4585677040337378,0.034755492923701434,0.016873341659046286
274.912,0.031999999999982265,-0.0009100271801635909,0.09255313503651305,0.00881278106939393,-0.025942711854307503
274.944,0.03200000000003911,0.09214149428049086,0.6567102913054598,0.04880337729408251,0.03999059622468858
274.976,0.031999999999982265,-0.0014459685029742323,0.35896265219508117,0.029215568713850268,-0.019587808580232242
275.008,0.031999999999982265,-0.00023740447017946706,0.40589390395517183,0.03153611747283014,0.0023205487589798707
275.04,0.03200000000003911,-0.0002751169959191308,0.235089926110782,0.019109117394245746,-0.012427000078584393
275.072,0.031999999999982265,0.004767361520658076,0.23501157874650308,0.018385956456904395,-0.0007231609373413508
275.104,0.031999999999982265,0.0035433165282777596,0.31692860436911086,0.024368405661698837,0.005982449204794443
275.136,0.03200000000003911,-0.03594423518363087,0.10597411279986427,0.009200125845293268,-0.01516827981640557
275.168,0.031999999999982265,-0.11648238227279249,-0.22420763047065145,-0.015957165147970014,-0.025157290993263283
275.2,0.031999999999982265,-0.07772975878849729,-0.0833540557366218,-0.007051068567273,0.008906096580697014
275.232,0.03200000000003911,-0.021236187426243593,0.28281042470554457,0.020390891004576795,0.027441959571849795
275.264,0.031999999999982265,-0.11385908681461027,-0.06490062317161874,-0.0035956591949570485,-0.023986550199533843
275.296,0.031999999999982265,-0.08336061398289596,-0.24816141553142915,-0.01845742079713711,-0.01486176160218006
275.32800000000003,0.03200000000003911,-0.022449942071048345,0.2122030088428226,0.014539927453821882,0.03299734825095899
275.36,0.031999999999982265,-0.11540675687106326,-0.2601007457558127,-0.01828849115344628,-0.032828418607268164
275.392,0.031999999999982265,-0.0021001179635225294,0.07865890282736482,0.004728815801728893,0.023017306955175173
275.424,0.031999999999982265,0.003586737412241136,0.03912913912055841,0.0031505559291745543,-0.001578259872554339
275.456,0.03200000000003911,0.0024178635663650956,0.054135785556107055,0.0041630366201286274,0.001012480690954073
275.488,0.031999999999982265,0.0021372311107521243,0.3890060563047513,0.028847921756990167,0.02468488513686154
275.52,0.031999999999982265,-0.12831192115520376,-0.48309646341777535,-0.03386165942333711,-0.06270958118032728
275.552,0.03200000000003911,-0.002559677355660633,-0.008788472998952346,-0.002601108666441534,0.03126055075689558
275.584,0.031999999999982265,0.0012819119797123362,-0.031482841534849614,-0.0024654149020448754,0.00013569376439665848
275.616,0.031999999999982265,-0.002090125278839152,0.2457541977195471,0.017930493235876,0.020395908137920877
275.648,0.03200000000003911,-0.05003383796812929,-0.23283536467623805,-0.016087654617302206,-0.03401814785317821
275.68,0.031999999999982265,0.005307227281012809,0.1484464815838686,0.009988062414273156,0.026075717031575362
275.712,0.031999999999982265,0.0015828159625465661,-0.1220096677396279,-0.008396016968997166,-0.018384079383270323
275.744,0.03200000000003911,-0.0008916634210659203,0.07765739119618906,0.005226247821409492,0.013622264790406659
275.776,0.031999999999982265,-0.0005760149148530368,-0.02672396672777736,-0.001663580099130086,-0.006889827920539578
275.808,0.031999999999982265,0.0038100612120529295,-0.24148756059653914,-0.017855086849121654,-0.016191506749991567
275.84000000000003,0.03200000000003911,-0.002038861977476811,-0.20319176164101221,-0.015973525872743984,0.0018815609763776706
275.872,0.031999999999982265,0.0021455091635755492,0.17810036746798938,0.012175404446086583,0.02814893031883057
275.904,0.031999999999982265,-0.0008180251189952378,0.06999733598021055,0.005850494813236395,-0.006324909632850188
275.936,0.031999999999982265,0.0004299970310445659,-0.08669907122259639,-0.006038125665112945,-0.01188862047834934
275.968,0.03200000000003911,0.0016735181048359042,0.14007376787975845,0.009952481190810766,0.01599060685592371
276.0,0.031999999999982265,-0.001268387423071921,0.2813576488847888,0.021265652788614153,0.011313171597803387
276.032,0.031999999999982265,-0.004355392037900841,-0.23600800837714517,-0.016128435868369102,-0.03739408865698325
276.064,0.03200000000003911,0.0004481340070183607,0.1351644861208815,0.009008947195485494,0.025137383063854594
276.096,0.031999999999982265,-0.11429876471768245,-0.5359738827833677,-0.038895562526467975,-0.04790450972195347
276.128,0.031999999999982265,-0.014139525553460139,-0.0025505484141675507,-0.0024329728634685183,0.03646258966299946
276.16,0.03200000000003911,-0.07647124708737454,-0.10292941796078775,-0.0077099059904846695,-0.005276933127016151
276.192,0.031999999999982265,-0.1076613842394368,-0.375396875044321,-0.02805185698241296,-0.02034195099192829
276.224,0.031999999999982265,-0.12666470611743702,-0.43913358778832756,-0.03391339134575097,-0.0058615343633380106
276.25600000000003,0.03200000000003911,-0.09816647103828958,-0.06603223118304197,-0.00681381404540789,0.02709957730034308
276.288,0.031999999999982265,-0.13469004574323007,-0.4483792903259649,-0.0333672697714083,-0.026553455726000413
276.32,0.031999999999982265,-0.13154536353677268,-0.4730707035033351,-0.03671598840078619,-0.0033487186293778837
276.35200000000003,0.03200000000003911,-0.08106064607636579,-0.5080883686802146,-0.03948451386783584,-0.00276852546704965
276.384,0.031999999999982265,-0.12437604154211568,-0.5253264140950383,-0.04091202805422044,-0.0014275141863846
276.416,0.031999999999982265,-0.007314533639965907,-0.3154187112669838,-0.025557777120866806,0.01535425093335363
276.448,0.031999999999982265,-0.017032759616169908,-0.11680177958439077,-0.010065056230642095,0.015492720890224711
276.48,0.03200000000003911,-0.1435807617424566,-0.6793063696469485,-0.05053739070363307,-0.04047233447299098
276.512,0.031999999999982265,-0.13190428633027476,-0.7799423166577287,-0.060274611587004014,-0.009737220883370944
276.544,0.031999999999982265,-0.09285272736320901,-0.6983500424497493,-0.05483641804276713,0.005438193544236886
276.576,0.03200000000003911,-0.005232489956693804,-0.39306328340788355,-0.03207161873595056,0.022764799306816567
276.608,0.031999999999982265,-0.04285244418993041,-0.3632748980987218,-0.02856678326271827,0.0035048354732322914
276.64,0.031999999999982265,-0.10706187893584462,-0.642589137124598,-0.048905284746715086,-0.020338501483996817
276.672,0.03200000000003911,-0.018609292723563937,-0.2638386425401548,-0.022226010521130032,0.026679274225585053
276.704,0.031999999999982265,-0.1336930344605648,-0.7144627103614158,-0.053824836639248634,-0.0315988261181186
276.736,0.031999999999982265,-0.016103310574599003,-0.3647695656757084,-0.029932494663738676,0.02389234197550996
276.76800000000003,0.03200000000003911,-0.10852471771472927,-0.5883600495151862,-0.04499610662054868,-0.015063611956810007
276.8,0.031999999999982265,-0.13919867131599242,-0.8639792341221612,-0.06613481231205265,-0.021138705691503966
276.832,0.031999999999982265,0.0006910111777310715,-0.29717913267633933,-0.02567252245486841,0.04046228985718424
276.86400000000003,0.03200000000003911,-0.08910563343053476,-0.6649593031747862,-0.050383308817609794,-0.024710786362741384
276.896,0.031999999999982265,-0.005342917574560704,-0.48639470909608695,-0.038678159032056965,0.01170514978555283
276.928,0.031999999999982265,-0.003694184219970165,-0.2131784489462573,-0.017910045873394762,0.020768113158662203
276.96,0.031999999999982265,0.0010308806930023361,-0.34147105266670064,-0.026145788989359868,-0.008235743115965106
276.992,0.03200000000003911,-0.0042038413915261325,-0.4468939967326806,-0.03437405802980792,-0.008228269040448051
277.024,0.031999999999982265,-0.048198964209043176,-0.7123085762610778,-0.0543677167094041,-0.019993658679596182
277.056,0.031999999999982265,0.00230188220741462,-0.4853399138937856,-0.03883060534715898,0.015537111362245122
277.088,0.03200000000003911,0.0011609009412140816,-0.3273178942662506,-0.026312687120442,0.012517918226716978
277.12,0.031999999999982265,-0.0015519653312765134,-0.27766536423026467,-0.02193858093983024,0.004374106180611761
277.152,0.031999999999982265,0.0025655611182741644,-0.32305549381789517,-0.025024068234715535,-0.0030854872948852946
277.184,0.03200000000003911,0.0026102343431566285,-0.26523578351036176,-0.020950115978424288,0.004073952256291247
277.216,0.031999999999982265,-0.0069852757784226545,-0.35568736729865447,-0.027366760431072033,-0.006416644452647745
277.248,0.031999999999982265,-0.0004276327147847939,-0.4681256978327143,-0.03600592769312442,-0.008639167262052386
277.28000000000003,0.03200000000003911,-0.0008189341331928,-0.36278624619617633,-0.028757971719023313,0.007247955974101106
277.312,0.031999999999982265,-0.003364868301312165,-0.3998400717797915,-0.031064500630918132,-0.0023065289118948187
277.344,0.031999999999982265,-0.0008766910633718042,-0.021301081182568498,-0.003359811308857128,0.027704689322061004
277.37600000000003,0.03200000000003911,-0.13313373448493906,-1.1351672356335878,-0.08367441443675838,-0.08031460312790126
277.408,0.031999999999982265,0.002294723232127828,-0.2842536606124608,-0.02573452536735668,0.0579398890694017
277.44,0.031999999999982265,-0.002326515252794598,-0.21932578987022722,-0.017614898682424048,0.008119626684932633
277.472,0.031999999999982265,-0.027849900484055713,-0.5356824837101787,-0.040411103042791705,-0.022796204360367656
277.504,0.03200000000003911,-0.08464484615468405,-0.8094232761554627,-0.061858066777765425,-0.02144696373497372
277.536,0.031999999999982265,-0.023168085368403164,-0.16877852006145833,-0.0159830197442274,0.04587504703353802
277.568,0.031999999999982265,-0.1107121281822022,-0.6830091914287775,-0.051151335632298574,-0.03516831588807118
277.6,0.03200000000003911,-0.004025703174152524,-0.17806485945496625,-0.016047849531278174,0.035103486101020404
277.632,0.031999999999982265,-0.13792290891502607,-0.8180899376492663,-0.0610889468694896,-0.04504109733821143
277.664,0.031999999999982265,-0.09050431830180067,-0.5895477159973643,-0.04688208113619014,0.014206865733299462
277.696,0.03200000000003911,-0.108346508967786,-0.7108821507715326,-0.05498489369491409,-0.00810281255872395
277.728,0.031999999999982265,-0.11513307496499828,-0.7102520167546807,-0.05540632139323344,-0.0004214276983193488
277.76,0.031999999999982265,-0.08654075651378977,-0.6782930812090874,-0.05308038266677274,0.0023259387264607037
277.79200000000003,0.03200000000003911,-0.025354954729300702,-0.5047421911122082,-0.040183136601384374,0.012897246065388362
277.824,0.031999999999982265,-0.11928514343094933,-0.6897238881372714,-0.053042186378096635,-0.012859049776712261
277.856,0.031999999999982265,-0.1366642264722194,-0.81618170996138,-0.0630842643232965,-0.010042077945199866
277.88800000000003,0.03200000000003911,-0.10992158719719171,-0.6459152103610325,-0.051142547275689086,0.011941717047607416
277.92,0.031999999999982265,-0.12127176552393999,-0.6912221534005287,-0.05378504581643952,-0.0026424985407504306
277.952,0.031999999999982265,-0.1231493640292124,-0.8579563248190599,-0.06619926355235806,-0.01241421773591854
277.984,0.031999999999982265,-0.12841515613059273,-0.8424092889263249,-0.0657725923529141,0.00042667119944395093
278.016,0.03200000000003911,-0.11659613531464272,-0.7579772576683709,-0.059538810315149904,0.006233782037764202
278.048,0.031999999999982265,-0.0023140837635486603,-0.4204351678037257,-0.03435601808362394,0.02518279223152596
278.08,0.031999999999982265,-0.10622207944168098,-0.9236518168335844,-0.0699089050617171,-0.035552886978093154
278.112,0.03200000000003911,0.0009625506376991218,-0.25911024943111705,-0.02309080305225511,0.04681810200946199
278.144,0.031999999999982265,-0.1003621487277832,-0.7513743798549746,-0.05658925284975694,-0.03349844979750183
278.176,0.031999999999982265,-0.0010613519900117675,-0.3439326814140416,-0.028559732674003586,0.02802952017575335
278.208,0.03200000000003911,-0.09070380125825152,-0.7732381202996537,-0.05851283353792811,-0.029953100863924526
278.24,0.031999999999982265,-0.005734895372173344,-0.5689072607563666,-0.04521546073566996,0.01329737280225815
278.272,0.031999999999982265,-0.0035421282315041347,-0.41481024659239907,-0.03311548634136637,0.01209997439430359
278.30400000000003,0.03200000000003911,-0.0034553033731704224,-0.27959099126937864,-0.022472911313969057,0.010642575027397315
278.336,0.031999999999982265,-0.0009556783215735552,-0.558999458267894,-0.04240628722233856,-0.0199333759083695
278.368,0.031999999999982265,-0.0013999669885690134,-0.3511262409052296,-0.028269979142136005,0.014136308080202553
278.40000000000003,0.03200000000003911,-0.001826955514276224,-0.2938355368827149,-0.02324073176270714,0.005029247379428864
278.432,0.031999999999982265,-0.003993471098306756,-0.5994873847256227,-0.045428104071138974,-0.022187372308431833
278.464,0.031999999999982265,-0.0007073985381454677,-0.0012188985255408083,-0.0027121606281353804,0.04271594344300359
278.496,0.031999999999982265,-0.005390883996275117,-0.4851262396062544,-0.03583286407555086,-0.03312070344741548
278.528,0.03200000000003911,0.0011878541162886138,-0.3752464814192088,-0.029664309436572747,0.006168554638978117
278.56,0.031999999999982265,-0.0012221751864622005,-0.1267125724114908,-0.011030964503544669,0.018633344933028078
278.592,0.031999999999982265,-0.07721544097625196,-0.8158151878440357,-0.06063204110746567,-0.049601076603921004
278.624,0.03200000000003911,-0.003690054522863816,-0.1876715636099931,-0.0173016411148223,0.043330399992643376
278.656,0.031999999999982265,-0.11484118726568128,-0.7682340094939736,-0.0574949108522657,-0.0401932697374434
278.688,0.031999999999982265,-0.0030046625461106276,0.014230934493560762,-0.0022725820359955737,0.05522232881627012
278.72,0.03200000000003911,0.0004274301962719809,-0.18773159692752972,-0.013937018225164454,-0.01166443618916888
278.752,0.031999999999982265,-0.052545307687587146,-0.49343843980487706,-0.03709214583847854,-0.023155127613314085
278.784,0.031999999999982265,0.003374452479465398,-0.25673302587217217,-0.021021500246755243,0.016070645591723293
278.81600000000003,0.03200000000003911,-0.0029900055607333374,-0.3204461389116907,-0.0247792334611997,-0.003757733214444458
278.848,0.031999999999982265,-0.0010965527849780944,-0.47510109077128404,-0.03636952412401278,-0.011590290662813078
278.88,0.031999999999982265,-0.0021972545330775166,0.01051298921395584,-0.0013264514798789668,0.03504307264413381
278.912,0.031999999999982265,0.0007104309054532475,-1.015391170205666,-0.07474867146766957,-0.07342221998779061
278.944,0.03200000000003911,0.0005265071538039491,-13.780295616563773,-1.0177212328037868,-0.9429725613361172
278.976,0.031999999999982265,0.3634827228602333,-20.423539604818387,-1.5607038367825679,-0.5429826039787811
279.008,0.031999999999982265,-0.0052833113881228955,6.200540246951559,0.36589114098229464,1.9265949777648625
279.04,0.03200000000003911,-0.004121055096800945,3.0636734404912076,0.24642579689383062,-0.11946534408846401
279.072,0.031999999999982265,0.35821924836602353,-18.927913885021685,-1.3777371403485825,-1.6241629372424131
279.104,0.031999999999982265,-0.001209633658997493,1.0348605665536388,-0.0034316141064861462,1.3743055262420965
279.136,0.03200000000003911,-0.03746888044529448,-19.372558582334744,-1.424860450022675,-1.4214288359161888
279.168,0.031999999999982265,-0.019498459545077774,6.816569907703245,0.4190362152107255,1.8438966652334003
279.2,0.031999999999982265,-0.010146459302108059,-13.03582892075099,-0.93446723722684,-1.3535034524375655
279.232,0.03200000000003911,-0.014973214405834516,12.255258099732167,0.8473085246734149,1.781775761900255
279.264,0.031999999999982265,-0.011414470442084924,-13.487879664423629,-0.9429873858328428,-1.7902959105062577
279.296,0.031999999999982265,-0.008171790629201196,14.292293693431228,0.9966207233087547,1.9396081091415975
279.32800000000003,0.03200000000003911,-0.007876216361163212,-12.925996218101366,-0.8930466943891744,-1.8896674176979291
279.36,0.031999999999982265,-0.005839543136214078,14.858467308859044,1.0411402892898618,1.9341869836790362
279.392,0.031999999999982265,-0.002414010803839944,-12.656157668384367,-0.8706326328351099,-1.9117729221249717
279.424,0.031999999999982265,-0.004529827211508293,15.144667111769996,1.0634814307246974,1.9341140635598073
279.456,0.03200000000003911,-0.0016307016015868075,-12.331218762848112,-0.8454468186298885,-1.9089282493545858
279.488,0.031999999999982265,-0.0024838800779050305,15.392335154349247,1.083148948501602,1.9285957671314904
279.52,0.031999999999982265,-0.003645318228642382,-12.30629669853522,-0.8424786567113886,-1.9256276052129904
279.552,0.03200000000003911,-0.004847040474759555,14.370085930213275,1.0081438582655415,1.85062251497693
279.584,0.031999999999982265,-0.00031099308623192023,-11.967897890255413,-0.821922706391893,-1.8300665646574346
279.616,0.031999999999982265,-0.0011172046724663128,14.487125195665696,1.0179376284121238,1.8398603348040168
279.648,0.03200000000003911,-0.0023986382172787903,-11.875431882129117,-0.8145573498915722,-1.832494978303696
279.68,0.031999999999982265,-0.00353961314699098,14.629140861945965,1.0288066879159494,1.8433640378075218
279.712,0.031999999999982265,0.000273684769422921,-12.589283563401517,-0.866426703440763,-1.8952333913567125
279.744,0.03200000000003911,0.002298332929142163,14.951726518413532,1.0495353402127174,1.9159620436534803
279.776,0.031999999999982265,-0.0030216825460948303,-12.558905814255557,-0.862996070906646,-1.9125314111193634
279.808,0.031999999999982265,-0.0017941332889255747,14.800646830178973,1.0386229529722941,1.90161902387894
279.84000000000003,0.03200000000003911,-8.223005457176854e-06,-12.376671331254604,-0.850224467801982,-1.888847420774276
279.872,0.031999999999982265,0.0017570203375034184,14.773926663258047,1.0373952387140382,1.8876197065160203
279.904,0.031999999999982265,0.000521011431876131,-12.43847452809247,-0.8548403637080415,-1.8922356024220797
279.936,0.031999999999982265,0.0018411307268629826,14.16903126147813,0.9926446224420735,1.847484986150115
279.968,0.03200000000003911,-0.0019327602820554297,-12.378542392968164,-0.853016352724749,-1.8456609751668225
280.0,0.031999999999982265,-0.0011089867265587972,14.256525102539923,0.9991842378034266,1.8522005905281755
280.032,0.031999999999982265,-0.0007399099543325357,-12.375217844835335,-0.8523943387380236,-1.85157857654145
280.064,0.03200000000003911,0.0011422126126099648,14.332938827969913,1.0048396287733905,1.857233967511414
280.096,0.031999999999982265,-0.0010444333791611675,-12.220042254582044,-0.8406562101775946,-1.8454958389509852
280.128,0.031999999999982265,-0.001800114625384132,14.047686121203553,0.9845397114438992,1.8251959216214937
280.16,0.03200000000003911,0.0011649693307995495,-11.97954043609453,-0.8241415474783842,-1.8086812589222834
280.192,0.031999999999982265,0.0006012120630284734,13.885870335474195,0.9735931181573513,1.7977346656357356
280.224,0.031999999999982265,0.0008528049429253132,-14.483580075401541,-1.008921126463305,-1.9825142446206563
280.25600000000003,0.03200000000003911,-0.0005874934364666724,14.276467137510567,0.9916505407587051,2.00057166722201
280.288,0.031999999999982265,0.001088357083452326,-14.81932433037739,-1.0325693966672898,-2.024219937425995
280.32,0.031999999999982265,-0.0010168225244841143,14.319940856722443,0.9934824150859406,2.0260518117532302
280.35200000000003,0.03200000000003911,0.00048397327272970065,-14.79643224687033,-1.0307801552454674,-2.024262570331408
280.384,0.031999999999982265,0.00014051404723522396,14.37446776602037,0.9975956276035209,2.0283757828489883
280.416,0.031999999999982265,0.003953109926844965,-14.83715083013779,-1.033537157116416,-2.031132784719937
280.448,0.031999999999982265,0.0019687290637435367,14.264051317950312,0.9893164178271749,2.022853574943591
280.48,0.03200000000003911,-0.0002957150788332141,-14.751866637279615,-1.027743289401771,-2.0170597072289462
280.512,0.031999999999982265,0.0015341333742805198,14.27225854294242,0.9902544536521569,2.017997743053928
280.544,0.031999999999982265,-0.00035827300232051996,-14.847407271065462,-1.0347152173075833,-2.0249696709597402
280.576,0.03200000000003911,-5.155630042279536e-05,15.367854600941719,1.0704223529456733,2.1051375702532567
280.608,0.031999999999982265,-0.003384731465724096,-14.80155509672597,-1.0267152191251372,-2.0971375720708103
280.64,0.031999999999982265,-0.0009373073372929826,15.984147124414516,1.1162064772320401,2.1429216963571776
280.672,0.03200000000003911,-0.0018963979976712548,-14.858493105405662,-1.0282593779069356,-2.144465855138976
280.704,0.031999999999982265,-0.0007463099311341535,15.857589311906302,1.1068102441718897,2.1350696220788254
280.736,0.031999999999982265,0.0011435591070925305,-14.904017903401918,-1.032149717732533,-2.1389599619044226
280.76800000000003,0.03200000000003911,0.0013494682873341948,15.935654595625916,1.1123265970882392,2.144476314820772
280.8,0.031999999999982265,0.0009776165328050227,-15.005542911152693,-1.039297435831624,-2.1516240329198633
280.832,0.031999999999982265,-0.0006698862388307553,15.279187126490454,1.0636371995413023,2.102934635372926
280.86400000000003,0.03200000000003911,0.00029578395732479657,-15.02298885180143,-1.0433912082777987,-2.107028407819101
280.896,0.031999999999982265,0.000785055121174054,15.328074722878284,1.066996074744831,2.1103872830226296
280.928,0.031999999999982265,0.0009421868687113916,-14.232226132289545,-0.985044434006093,-2.052040508750924
280.96,0.031999999999982265,0.00044052160947814404,14.123574060028112,0.9817851286463692,1.9668295626524621
280.992,0.03200000000003911,0.00022221291390148247,-13.864187304004064,-0.9628979245489531,-1.9446830531953223
281.024,0.031999999999982265,0.0011078485480246383,11.027433843688971,0.7553727734165351,1.718270697965488
281.056,0.031999999999982265,-0.0009044320105682329,-14.046342606327947,-0.9893642432119405,-1.7447370166284757
281.088,0.03200000000003911,0.001106618515071522,11.542278865614966,0.7917067167740545,1.7810709599859949
281.12,0.031999999999982265,-0.00026945794947949445,-14.667163699543197,-1.0329220419823182,-1.8246287587563725
281.152,0.031999999999982265,0.0021710610130336676,10.427157809407996,0.7071859101670742,1.7401079521493923
281.184,0.03200000000003911,-0.000261932208666491,-14.465630612154849,-1.0229805613085523,-1.7301664714756266
281.216,0.031999999999982265,-0.0025839587341027074,12.269600357391866,0.8432534649775446,1.8662340262860968
281.248,0.031999999999982265,0.0031150908633922852,-14.711999108843827,-1.0332435019000186,-1.8764969668775633
281.28000000000003,0.03200000000003911,-0.0009776145352418549,12.258844430667972,0.8418700015940915,1.8751135034941102
281.312,0.031999999999982265,0.003662568986447641,-14.604636313753273,-1.0254278836962722,-1.867297885290364
281.344,0.031999999999982265,-0.0014027494510800973,12.50242343573942,0.8602340452300224,1.8856619289262948
281.37600000000003,0.03200000000003911,-0.0009109159103585951,-14.648123070197535,-1.0275657703112198,-1.8877998155412423
281.408,0.031999999999982265,0.0015967421568967382,12.324765321043675,0.8470456090123081,1.874611379323528
281.44,0.031999999999982265,0.0023083422160215393,-14.82102305186266,-1.041042230385939,-1.888087839398247
281.472,0.031999999999982265,-0.0029327271017369353,12.365001472196926,0.8492266010695664,1.8902688314555054
281.504,0.03200000000003911,0.0015670219681327069,-14.72965594057632,-1.034197165666768,-1.8834237667363343
281.536,0.031999999999982265,-0.00033522672828345437,12.342450710842293,0.8479633722454685,1.8821605379122364
281.568,0.031999999999982265,-0.0007288976074076056,-14.695739319283986,-1.0317758546897553,-1.8797392269352238
281.6,0.03200000000003911,-0.00047107191525888,12.379958307189632,0.850861469426252,1.8826373241160073
281.632,0.031999999999982265,-0.00015599494134001983,-14.76038662760084,-1.0363627279086065,-1.8872241973348585
281.664,0.031999999999982265,-0.0005633216834444511,12.204853985733426,0.8377194620036159,1.8740821899122224
281.696,0.03200000000003911,3.3790717887817483e-05,-14.045537719487228,-0.9845512532588903,-1.8222707152625062
281.728,0.031999999999982265,0.0005108510524943984,9.029799781432168,0.6072162853084231,1.5917675385673133
281.76,0.031999999999982265,-0.0002940251587928584,-13.611287377507002,-0.9659231205721348,-1.573139405880558
281.79200000000003,0.03200000000003911,0.00026372074366047137,12.344816404517571,0.8520787435555556,1.8180018641276905
281.824,0.031999999999982265,-0.00011789146758261592,-14.667068150354462,-1.0294297938419879,-1.8815085373975435
281.856,0.031999999999982265,0.0030634945057988424,12.358203320582394,0.8493970387127837,1.8788268325547715
281.88800000000003,0.03200000000003911,-0.0017476091864380445,-14.963592337414203,-1.0513910620697653,-1.900788100782549
281.92,0.031999999999982265,-0.0024807840237779932,12.375748965851582,0.8494195456778066,1.900810607747572
281.952,0.031999999999982265,-0.0028630518320893845,-14.846264200607028,-1.0427614250073503,-1.892180970685157
281.984,0.031999999999982265,0.0008380714241786416,9.831263805717061,0.6627957116551177,1.705557136662468
282.016,0.03200000000003911,0.0006275265394848308,-13.118172451022765,-0.9264507881580745,-1.5892464998131923
282.048,0.031999999999982265,0.0004561592071970912,11.834921656306005,0.8168596696280274,1.7433104577861018
282.08,0.031999999999982265,0.0011753065437889027,-13.854542358759893,-0.9717096277468665,-1.788569297374894
282.112,0.03200000000003911,0.00048545828125582925,12.314940386843794,0.8495476047258791,1.8212572324727456
282.144,0.031999999999982265,0.0006648272275612513,-14.827227260301502,-1.041354051374591,-1.89090165610047
282.176,0.031999999999982265,-0.0007519506698176291,12.561484459237755,0.863658003302596,1.905012054677187
282.208,0.03200000000003911,-0.002914463750098387,-14.880070965499412,-1.0444256091268476,-1.9080836124294436
282.24,0.031999999999982265,-0.001806686364631111,12.589612759517685,0.8655492466798874,1.9099748558067349
282.272,0.031999999999982265,-0.002553831105956923,-14.66548011774013,-1.0285353698408897,-1.894084616520777
282.30400000000003,0.03200000000003911,-0.0021828080413159603,9.784582498373336,0.6601840147851329,1.6887193846260224
282.336,0.031999999999982265,0.0010704102498378598,-14.722365298781483,-1.0445742643899951,-1.704758279175128
282.368,0.031999999999982265,-0.002581516719447134,10.755591177502184,0.7306663023941784,1.7752405667841735
282.40000000000003,0.03200000000003911,0.0005628537462242398,-14.75083401017784,-1.042598982409061,-1.7732652848032393
282.432,0.031999999999982265,-0.001929636203622589,10.930733872883726,0.7436603670902054,1.7862593494992662
282.464,0.031999999999982265,-0.001292759501319857,-14.939413789060108,-1.0557170466902703,-1.7993774137804759
282.496,0.031999999999982265,0.0032387117605433037,12.624068428186282,0.8674312800804839,1.9231483267707543
282.528,0.03200000000003911,-0.0013697680881690866,-14.818085035058301,-1.0396493219734608,-1.9070806020539446
282.56,0.031999999999982265,-0.00042207758348194975,12.759352389427361,0.8783076681628323,1.9179569901362932
282.592,0.031999999999982265,-3.306639133059985e-05,-14.824623546767802,-1.0395022817517265,-1.9178099499145589
282.624,0.03200000000003911,-0.0021979823307888688,12.620162129783953,0.8680800734379208,1.9075823551896474
282.656,0.031999999999982265,-0.0008556652335942301,-14.83047574222523,-1.0405230831428491,-1.90860315658077
282.688,0.031999999999982265,-5.8289207563595405e-05,9.598885583348892,0.6458357819592407,1.6863588651020898
282.72,0.03200000000003911,0.0005197106097923371,-12.814340922698829,-0.905086029847097,-1.5509218118063377
282.752,0.031999999999982265,0.0014345542224489503,7.7225662567692295,0.5156694898763978,1.4207555197234947
282.784,0.031999999999982265,-0.0015912962215589163,-10.464697791008149,-0.7398071217425486,-1.2554766116189464
282.81600000000003,0.03200000000003911,-0.0036732430379227085,9.647675174836063,0.6667838347012915,1.4065909564438401
282.848,0.031999999999982265,0.0028253521331277356,-11.710481523351397,-0.8226986478240096,-1.4894824825253012
282.88,0.031999999999982265,0.0066669445716316875,13.02596136586987,0.9104385150263291,1.7331371628503387
282.912,0.031999999999982265,-0.004283702504648813,-11.967031309521685,-0.8274994172103263,-1.7379379322366555
282.944,0.03200000000003911,-0.001532796082087625,13.207145361203159,0.9234856830925909,1.750985100302917
282.976,0.031999999999982265,-0.00018610147427186726,-11.156551928203474,-0.7671433789510068,-1.6906290620435978
283.008,0.031999999999982265,-0.0006890042603983367,9.900801275287675,0.6838206885432515,1.4509640674942583
283.04,0.03200000000003911,-7.614894403350995e-05,-10.996192737637402,-0.7691861668724039,-1.4530068554156554
283.072,0.031999999999982265,0.000614450624599149,10.79831647207812,0.7497062311430566,1.5188923980154605
283.104,0.031999999999982265,-0.002098719322430845,-11.57702491139541,-0.8080971848763134,-1.55780341601937
283.136,0.03200000000003911,-0.0014902658327742432,10.361525621207239,0.7153382358493405,1.523435420725654
283.168,0.031999999999982265,0.0004533559453745169,-11.44677698397684,-0.8005027554666206,-1.5158409913159612
283.2,0.031999999999982265,-0.004335774972690064,10.237580976747678,0.7066617380281203,1.507164493494741
283.232,0.03200000000003911,0.004053956196408277,-11.528816723846353,-0.8070368627367465,-1.5136986007648667
283.264,0.031999999999982265,-0.0004900281902666895,10.354353107376806,0.7148719789769421,1.5219088417136886
283.296,0.031999999999982265,-0.0029318135456765783,-11.633251420928653,-0.8142430443765077,-1.5291150233534498
283.32800000000003,0.03200000000003911,-0.0029450206687699943,9.747715352436163,0.6698436948522286,1.4840867392287365
283.36,0.031999999999982265,0.0010121792227739538,-11.67112668578212,-0.8196278412504132,-1.4894715361026418
283.392,0.031999999999982265,-0.0008845666867185539,9.527182153999632,0.6533147741298762,1.4729426153802894
283.424,0.031999999999982265,0.00014449973705536195,-11.658678559190989,-0.8196666025517748,-1.472981376681651
283.456,0.03200000000003911,-0.001049961472475338,8.908614485204518,0.6078229300045135,1.4274895325562884
283.488,0.031999999999982265,0.0016862947697539462,-10.26179549869285,-0.7195657080923156,-1.3273886380968292
283.52,0.031999999999982265,0.00029252362294160975,8.39535491288467,0.5758564371254745,1.29542214521779
283.552,0.03200000000003911,-0.002289101075896505,-10.549979835883425,-0.7426042456787709,-1.3184606828042456
283.584,0.031999999999982265,-0.004530136009886029,5.37619103847819,0.352496448420382,1.095100694099153
283.616,0.031999999999982265,-0.0012114205319768941,-10.391108627703893,-0.7438151872109056,-1.0963116356312876
283.648,0.03200000000003911,-0.009531773296587533,-2.058103173530276,-0.1942931383652623,0.5495220488456433
283.68,0.031999999999982265,-0.140167400054267,-6.685922368376058,-0.5029006090596256,-0.30860747069436334
283.712,0.031999999999982265,-0.01114719664883907,-2.9151914160137533,-0.24341582542473592,0.2594847836348897
283.744,0.03200000000003911,-0.014668808882998732,-4.697820936092214,-0.3595309868400229,-0.11611516141528697
283.776,0.031999999999982265,-0.010886529577531483,-2.1698527217593524,-0.18032685295107886,0.17920413388894402
283.808,0.031999999999982265,-0.010098253370242167,-6.201883257062657,-0.46649800239956274,-0.2861711494484839
283.84000000000003,0.03200000000003911,-0.008899951812679822,-0.7136472820398678,-0.0794122822417653,0.3870857201577974
283.872,0.031999999999982265,-0.009474049162138867,-3.3482710889198573,-0.2508170120958702,-0.1714047298541049
283.904,0.031999999999982265,-0.006673746045596074,-5.806057540818313,-0.44145822145268204,-0.19064120935681184
283.936,0.031999999999982265,-0.005151973782295591,-2.6990228578763076,-0.22397172832156662,0.21748649313111543
283.968,0.03200000000003911,-0.0034157753527259316,-5.4883640854556885,-0.4165452193107897,-0.19257349098922308
284.0,0.031999999999982265,-0.005751829734471957,-2.831642943380152,-0.23228643480946626,0.18425878450132344
284.032,0.031999999999982265,-0.004265836169594431,-2.898420993560078,-0.22656021803835188,0.005726216771114373
284.064,0.03200000000003911,-0.005009248798709369,-5.55271458655633,-0.4214270008616294,-0.1948667828232775
284.096,0.031999999999982265,-0.004113219992681839,-2.641023194451591,-0.21855003604412193,0.20287696481750744
284.128,0.031999999999982265,-0.0028099152419771515,-5.337799128303902,-0.40515964896297524,-0.1866096129188533
284.16,0.03200000000003911,-0.0035642354554881756,-2.4373193419315617,-0.2026305093666346,0.20252913959634064
284.192,0.031999999999982265,-0.002426210993331244,-2.4264282574801963,-0.1901377560915579,0.012492753275076707
284.224,0.031999999999982265,-0.16781510291538385,-3.4659533695917633,-0.26586347316690956,-0.07572571707535167
284.25600000000003,0.03200000000003911,-0.2336401885726379,-1.5445013135800707,-0.12893102956435465,0.1369324436025549
284.288,0.031999999999982265,-0.2852247378839009,-4.25624218395063,-0.3204480837004448,-0.19151705413609016
284.32,0.031999999999982265,-0.2614404537617782,-3.488079815623524,-0.2750133520612129,0.045434731639231896
284.35200000000003,0.03200000000003911,-0.28725645572516706,-4.086699928742914,-0.3164131056119257,-0.04139975355071279
284.384,0.031999999999982265,-0.28453306712609777,-4.106207983678106,-0.3202377019843703,-0.0038245963724445886
284.416,0.031999999999982265,-0.2826498669647279,-4.002520845024174,-0.3128333167437788,0.0074043852405915045
284.448,0.031999999999982265,-0.2771568524308086,-4.084213484360125,-0.3184135636125895,-0.005580246868810701
284.48,0.03200000000003911,-0.2841253340559303,-3.7200805975483,-0.2919572911445935,0.026456272467995978
284.512,0.031999999999982265,-0.2586519717773733,-1.8066829530290576,-0.1497182987628742,0.1422389923817193
284.544,0.031999999999982265,-0.2605082805074711,-1.604389832298236,-0.1266302909859606,0.02308800777691361
284.576,0.03200000000003911,-0.261850166240219,-1.8671614494631965,-0.14462172583373845,-0.01799143484777785
284.608,0.031999999999982265,-0.005979967610957737,-0.3185687021358299,-0.03177649337515183,0.11284523245858662
284.64,0.031999999999982265,-0.0027880309263975164,-0.5860093158693158,-0.04492968548086557,-0.013153192105713737
284.672,0.03200000000003911,-0.0027065313384561913,-0.2958686757332933,-0.024351998737738842,0.020577686743126725
284.704,0.031999999999982265,-0.09618107891565586,-0.8720825441214488,-0.06553896625463845,-0.04118696751689961
284.736,0.031999999999982265,-0.1783534736104981,-1.574053948774671,-0.11953978800445375,-0.0540008217498153
284.76800000000003,0.03200000000003911,-0.000518607057153127,-0.40118260908479114,-0.036403981664089376,0.08313580634036438
284.8,0.031999999999982265,-0.07697121619124048,-0.8228279518807,-0.06261252224496325,-0.026208540580873872
284.832,0.031999999999982265,-0.0004063794999458369,-0.604666717705373,-0.048081890547703274,0.014530631697259974
284.86400000000003,0.03200000000003911,-0.002228445976429138,-0.5792906625787237,-0.045376889738099044,0.00270500080960423
284.896,0.031999999999982265,-0.00015081597912943503,-3.2431773737122738,-0.24112356465338147,-0.19574667491528241
284.928,0.031999999999982265,-0.0032549380506211385,-2.2690371781370353,-0.18078534905059124,0.060338215602790235
284.96,0.031999999999982265,-0.003938650381430132,-0.01756982522110276,-0.01172866040784063,0.1690566886427506
284.992,0.03200000000003911,-0.004563032209090418,-2.5467531340694847,-0.1879658870782203,-0.17623722667037967
285.024,0.031999999999982265,-0.2119673477740716,-3.79767126501624,-0.29013270233656735,-0.10216681525834706
285.056,0.031999999999982265,-0.21327370440433516,-3.603691454395373,-0.28176537915352096,0.008367323183046393
285.088,0.03200000000003911,-0.21386902490556836,-3.591615621536133,-0.2803942818187709,0.0013710973347500488
285.12,0.031999999999982265,-0.21096324631830388,-3.8809045798737003,-0.30158950515527544,-0.02119522333650453
285.152,0.031999999999982265,-0.0020239630729779693,-0.1557210967472936,-0.028862248734680452,0.272727256420595
285.184,0.03200000000003911,-0.26082905730166706,-1.928416249878821,-0.14348235881273314,-0.11462011007805269
285.216,0.031999999999982265,-0.0014718007024504222,-0.2700850500136508,-0.028145220008945895,0.11533713880378724
285.248,0.031999999999982265,-0.0012602262727780796,-0.3267427476083481,-0.025653533263374807,0.0024916867455710874
285.28000000000003,0.03200000000003911,-0.13945153240121166,-1.3854722963715578,-0.10336890130778842,-0.07771536804441362
285.312,0.031999999999982265,-0.09748612083135218,-0.8880964886535375,-0.07127820827916984,0.03209069302861858
285.344,0.031999999999982265,-0.00587056591596528,-0.33517242738409825,-0.02876348145927685,0.04251472681989299
285.37600000000003,0.03200000000003911,-0.15481568182647892,-1.1082565374862963,-0.08316192605028891,-0.05439844459101206
285.408,0.031999999999982265,-0.0029715276162464916,-0.09431546949915431,-0.011736842289206583,0.07142508376108232
285.44,0.031999999999982265,-0.17922662233898662,-1.4066368498371704,-0.10412194962745974,-0.09238510733825316
285.472,0.031999999999982265,-0.002554297479419272,-0.35122394120612543,-0.03183995232120027,0.07228199730625948
285.504,0.03200000000003911,-0.2251821879691078,-1.7731635525044822,-0.13223694036451128,-0.10039698804331101
285.536,0.031999999999982265,0.002034290716930687,-0.2219824411025477,-0.023958555617641493,0.1082783847468698
285.568,0.031999999999982265,-0.0021654454027088504,-0.4151611380535698,-0.03191414944943509,-0.007955593831793596
285.6,0.03200000000003911,-0.0012052121156991564,-2.0871834636893016,-0.15533431909156553,-0.12342016964213044
285.632,0.031999999999982265,-0.003916825717658269,-0.2357768136715679,-0.026306387274484984,0.12902793181708055
285.664,0.031999999999982265,-0.0033353363206604374,-1.5099684483372484,-0.11256206518221201,-0.08625567790772704
285.696,0.03200000000003911,-0.0025440640777160146,1.7555419278062614,0.12260484678910316,0.23516691197131517
285.728,0.031999999999982265,-0.002014642033381503,-2.5992006324148713,-0.18406793849723677,-0.3066727852863399
285.76,0.031999999999982265,-0.004479142128813214,-0.2321066919674193,-0.027695251043370357,0.1563726874538664
285.79200000000003,0.03200000000003911,-0.0018914149051906324,-0.5779736339473055,-0.0441031332560929,-0.016407882212722543
285.824,0.031999999999982265,-0.0034433180164002903,-0.3520963170529569,-0.028439276118472554,0.015663857137620345
285.856,0.031999999999982265,-0.0014772402281603273,-2.5104445061369347,-0.18626043079055268,-0.15782115467208013
285.88800000000003,0.03200000000003911,-0.05409471929495817,-0.4149300862052925,-0.04126669542402385,0.14499373536652882
285.92,0.031999999999982265,-0.4222120491771689,-2.603989575942819,-0.19388027149953507,-0.15261357607551124
285.952,0.031999999999982265,-0.4212835122439316,-2.5007969976398896,-0.1951017069250643,-0.001221435425529216
285.984,0.031999999999982265,-0.4116626924529188,-2.353151443634585,-0.1843143317819356,0.010787375143128691
286.016,0.03200000000003911,-0.4165502739977407,-2.4330466517036546,-0.18956709826095555,-0.005252766479019955
286.048,0.031999999999982265,-0.41878661206694445,-2.409484168885166,-0.1881375453022515,0.0014295529587040612
286.08,0.031999999999982265,-0.09144521472927997,-0.8259747743399142,-0.0716033789823637,0.11653416631988779
286.112,0.03200000000003911,-4.3370085944697587e-05,-0.3604765190297886,-0.030643121895201065,0.04096025708716264
286.144,0.031999999999982265,0.08648686105639296,0.1799671605361379,0.011465826580997577,0.04210894847619864
286.176,0.031999999999982265,0.13038454476620634,0.11101647650756068,0.008826088422830105,-0.0026397381581674713
286.208,0.03200000000003911,0.22253892271564885,0.65805168743549,0.04890279209055829,0.040076703667728183
286.24,0.031999999999982265,0.2783470283670632,0.7641249930029348,0.05901703815222996,0.010114246061671668
286.272,0.031999999999982265,0.12923923203983861,0.2752279234138439,0.02364732301539523,-0.03536971513683473
286.30400000000003,0.03200000000003911,0.22525208489416482,0.6966465747087082,0.05259668504749179,0.02894936203209656
286.336,0.031999999999982265,0.38268884954922006,1.5060099931300577,0.11378867413533893,0.061191989087847135
286.368,0.031999999999982265,0.12637309689191736,0.3191537390803631,0.030039553484086202,-0.08374912065125273
286.40000000000003,0.03200000000003911,0.10226046230714603,0.3462864473341575,0.02720013949251104,-0.0028394139915751612
286.432,0.031999999999982265,0.11504105335418036,0.34454253859368167,0.026907975297492486,-0.0002921641950185544
286.464,0.031999999999982265,0.13087061305755324,0.3974001448195859,0.030778269262253088,0.0038702939647606016
286.496,0.031999999999982265,0.1361082581082103,0.5655346502907769,0.043366347379147345,0.012588078116894257
286.528,0.03200000000003911,0.13585724422939327,0.3837524623996003,0.03072474224828879,-0.012641605130858553
286.56,0.031999999999982265,0.31298020664693826,1.4664961746290273,0.10962017188512531,0.07889542963683652
286.592,0.031999999999982265,0.04801802057769251,0.3756770828663713,0.03395564919813168,-0.07566452268699363
286.624,0.03200000000003911,0.13172440809713343,0.9052797870355757,0.06853470890249368,0.034579059704361995
286.656,0.031999999999982265,0.13078713303947329,0.7615334454388544,0.059959787610480354,-0.008574921292013322
286.688,0.031999999999982265,0.12285222150036465,0.7143094037291102,0.055991898588273074,-0.00396788902220728
286.72,0.03200000000003911,0.13554546792165878,0.6478694241533052,0.05087682486726721,-0.005115073721005864
286.752,0.031999999999982265,0.023950679954595624,0.5278641285653879,0.04175631975924347,-0.009120505108023744
286.784,0.031999999999982265,0.13050289225541564,0.9331583468074243,0.07103523002047583,0.029278910261232367
286.81600000000003,0.03200000000003911,0.13252121189817329,0.8997996563374385,0.07027226885597235,-0.0007629611645034867
286.848,0.031999999999982265,0.13109364136553248,0.9668712443689089,0.07516068358735455,0.0048884147313821985
286.88,0.031999999999982265,0.004394245952336063,0.38674181622282183,0.03278003771428851,-0.04238064587306604
286.912,0.031999999999982265,0.13830448119739622,1.0457468786942472,0.07879682367259623,0.04601678595830772
286.944,0.03200000000003911,0.033014641856526195,0.5896129643020149,0.04790913890903096,-0.030887684763565272
286.976,0.031999999999982265,0.12840450713456072,0.8647758171122221,0.06636155987320277,0.018452420964171816
287.008,0.031999999999982265,0.1284868407540729,0.9445784754946885,0.07329550669180414,0.006933946818601364
287.04,0.03200000000003911,0.13750938023704826,0.96339081155284,0.07507926050197869,0.0017837538101745515
287.072,0.031999999999982265,0.09011697096883386,0.8444748786272094,0.06643713032219904,-0.008642130179779647
287.104,0.031999999999982265,0.1312681049952652,1.0227748662211003,0.07905044958994163,0.01261331926774259
287.136,0.03200000000003911,0.10924201196407654,0.8003749914965067,0.06342326771765044,-0.015627181872291188
287.168,0.031999999999982265,0.12645636041955446,0.8759476274762967,0.06807875368691368,0.00465548596926324
287.2,0.031999999999982265,0.1282073198960369,0.9415787213876172,0.07317403611059306,0.005095282423679376
287.232,0.03200000000003911,0.1284583588738457,0.8640304026541354,0.06776526114141425,-0.005408774969178812
287.264,0.031999999999982265,0.13589774856366366,0.8104203427617781,0.06351052160301429,-0.004254739538399957
287.296,0.031999999999982265,0.1865876096361183,1.2785715043831465,0.09769284187685782,0.03418232027384353
287.32800000000003,0.03200000000003911,0.14212873855365693,1.3082242092555625,0.10184682233629179,0.004153980459433965
287.36,0.031999999999982265,0.12205560748347462,1.0537338440847634,0.08337134869971706,-0.01847547363657473
287.392,0.031999999999982265,0.10952073473525992,0.9341339318723916,0.07350937201071256,-0.0098619766890045
287.424,0.031999999999982265,0.005235282351188488,0.6087230408839732,0.049009258560992974,-0.024500113449719585
287.456,0.03200000000003911,0.12994715936673917,0.9303696801266121,0.07124885630953019,0.022239597748537218
287.488,0.031999999999982265,0.04936066490192325,0.5724787119971217,0.04621334491837791,-0.02503551139115228
287.52,0.031999999999982265,0.09228480301051153,0.925044816253386,0.07069585909797857,0.024482514179600658
287.552,0.03200000000003911,0.13432337066109093,1.135166692444423,0.08756162243244126,0.016865763334462686
287.584,0.031999999999982265,0.10593393553612714,1.2485694415839952,0.09687493125411542,0.009313308821674166
287.616,0.031999999999982265,-0.002283975599682693,0.7679048996651799,0.062064400698607185,-0.034810530555508236
287.648,0.03200000000003911,0.0031700982862476225,0.549414054083925,0.043986954598641825,-0.01807744609996536
287.68,0.031999999999982265,0.005612960882327873,0.5452438307632602,0.0426366811386376,-0.0013502734600042282
287.712,0.031999999999982265,0.1242757972452428,1.2215226873818574,0.09229243139253478,0.04965575025389718
287.744,0.03200000000003911,0.023149320967149774,0.6895051786041082,0.056034323962880425,-0.03625810742965435
287.776,0.031999999999982265,0.0525602894891399,0.6283938177907066,0.049447033541812596,-0.006587290421067829
287.808,0.031999999999982265,0.1356154353522699,1.2310898634183294,0.09338915904902576,0.04394212550721316
287.84000000000003,0.03200000000003911,0.1376071851288564,1.2395055027697905,0.0965447854554549,0.003155626406429149
287.872,0.031999999999982265,0.004334099174339635,0.4489615212050411,0.03859017339223218,-0.05795461206322272
287.904,0.031999999999982265,0.13079190433224916,0.7749625889681107,0.059218699447051985,0.020628526054819803
287.936,0.031999999999982265,0.08419906081562556,0.9503377012087901,0.07330669071001072,0.01408799126295874
287.968,0.03200000000003911,0.13294879902817253,1.083041482394318,0.08387904358006151,0.010572352870050788
288.0,0.031999999999982265,0.00045271001869414903,0.44061343747888926,0.03724507182594775,-0.04663397175411376
288.032,0.031999999999982265,0.04043483353946056,0.6842469199420226,0.052469797126444444,0.015224725300496691
288.064,0.03200000000003911,0.1218235009968701,1.0990069249945742,0.08385025119420746,0.03138045406776301
288.096,0.031999999999982265,0.0040420528266395545,0.5444643996626153,0.04488063294970349,-0.03896961824450396
288.128,0.031999999999982265,0.060903479862748466,0.8115674054573776,0.062273768372032266,0.017393135422328773
288.16,0.03200000000003911,0.03248504551241764,0.6440223114482231,0.050956553877060475,-0.011317214494971792
288.192,0.031999999999982265,0.00199347767800894,0.5529710486334437,0.043607291030073256,-0.007349262846987219
288.224,0.031999999999982265,0.004264214336613636,0.5227660759518645,0.040961744330818645,-0.002645546699254611
288.25600000000003,0.03200000000003911,0.09512227441420959,0.8783334034496609,0.06695752116115264,0.025995776830333994
288.288,0.031999999999982265,0.003143661677165685,0.4812782152774858,0.0392587049116775,-0.027698816249475136
288.32,0.031999999999982265,0.0048673946087496416,0.20907951290394844,0.017642123566672694,-0.02161658134500481
288.35200000000003,0.03200000000003911,0.04348662074476625,0.7746908399226373,0.05798940336244119,0.04034727979576849
288.384,0.031999999999982265,0.007592642498954526,0.25932929763767654,0.022418810065979764,-0.03557059329646142
288.416,0.031999999999982265,-0.0014910490373098199,0.38988806677750676,0.029966673972591618,0.0075478639066118534
288.448,0.031999999999982265,0.10685397324510591,1.1933047908978094,0.08948585306414869,0.05951917909155707
288.48,0.03200000000003911,0.0051139028198995806,0.25670673249376363,0.024044207026703953,-0.06544164603744473
288.512,0.031999999999982265,0.004846939373868614,0.3998701602773649,0.030794592057164838,0.006750385030460885
288.544,0.031999999999982265,0.003918222985046781,0.5692935688763265,0.04364372140323584,0.012849129346070999
288.576,0.03200000000003911,-0.0010043994312009276,0.3085067114825761,0.025207165229012812,-0.018436556174223025
288.608,0.031999999999982265,-9.61855730064751e-06,0.4179479587664961,0.03219117395729307,0.006984008728280255
288.64,0.031999999999982265,0.0006760189478938197,0.37924503037856905,0.02974813222055038,-0.0024430417367426877
288.672,0.03200000000003911,0.0004824013089356481,0.48330936953519904,0.037260012746604725,0.0075118805260543445
288.704,0.031999999999982265,-0.0008684398745018786,0.2884302715856606,0.023362213677875075,-0.01389779906872965
288.736,0.031999999999982265,0.005696103460614179,0.556422350658909,0.04226810475040748,0.018905891072532405
288.76800000000003,0.03200000000003911,0.007854284062576843,0.4431800599388253,0.03503166069774196,-0.007236444052665519
288.8,0.031999999999982265,0.002315248581945082,0.06136922170301335,0.006535451930485423,-0.028496208767256538
288.832,0.031999999999982265,-0.0028491720799608045,0.4158003495691845,0.030955337500707128,0.024419885570221705
288.86400000000003,0.03200000000003911,0.000818506039139087,0.33301565696809277,0.026277069929853496,-0.004678267570853632
288.896,0.031999999999982265,-0.0008932775175932131,0.5674589625649816,0.04324801165317816,0.016970941723324664
288.928,0.031999999999982265,-0.08075717603951478,-0.11634053819592687,-0.006059041700851743,-0.049307053354029906
288.96,0.031999999999982265,0.001696098541215662,0.3243784064480669,0.023505078593388608,0.02956412029424035
288.992,0.03200000000003911,-0.00013151800119929393,0.0854104423257115,0.007638029785374434,-0.015867048808014175
289.024,0.031999999999982265,-0.00017515370689235723,0.08617228217658025,0.006778065565384556,-0.0008599642199898783
289.056,0.031999999999982265,0.0015384267180964181,0.25020824732218805,0.018791662655612214,0.01201359709022766
289.088,0.03200000000003911,-0.0018175295447061218,0.25489939288841057,0.01983018444426137,0.001038521788649157
289.12,0.031999999999982265,0.00749928959274461,0.03521231505014174,0.00373429988519539,-0.016095884559065982
289.152,0.031999999999982265,0.05624541078838479,0.39334824570088156,0.029142496772375345,0.025408196887179955
289.184,0.03200000000003911,0.11746649457015193,0.657322614003099,0.0500220233835427,0.02087952661116736
289.216,0.031999999999982265,0.0010637244099988498,0.39560549650552806,0.03198064309910348,-0.018041380284439225
289.248,0.031999999999982265,0.014191124157466756,0.1393748545670053,0.012095871407545339,-0.01988477169155814
289.28000000000003,0.03200000000003911,0.10285672410117049,0.6041651888915156,0.04512872833846438,0.03303285693091904
289.312,0.031999999999982265,0.06530624797180626,0.3410354842702443,0.027685066628617357,-0.017443661709847024
289.344,0.031999999999982265,0.02204136466174033,0.2315692925692284,0.01862789159234395,-0.009057175036273409
289.37600000000003,0.03200000000003911,0.1148171672004058,0.8770010703350342,0.06557022835968702,0.04694233676734308
289.408,0.031999999999982265,0.001675999879354366,0.07277550547147102,0.009137235971012306,-0.05643299238867472
289.44,0.031999999999982265,-0.00012006094239263848,0.3893054585404011,0.02915709580656315,0.020019859835550845
289.472,0.031999999999982265,0.02626206384616929,0.1466347723096756,0.01246676662140224,-0.01669032918516091
289.504,0.03200000000003911,0.08461014901638655,0.5394271062545489,0.04038928651657226,0.02792251989517002
289.536,0.031999999999982265,0.054484597647152466,0.29899339243379097,0.02431967806657598,-0.01606960844999628
289.568,0.031999999999982265,0.030949033482117687,0.21800592399955376,0.0174361576174302,-0.00688352044914578
289.6,0.03200000000003911,0.13479237858423315,0.9104422497457704,0.06796070256474872,0.05052454494731852
289.632,0.031999999999982265,-0.0004053392239794,0.056961915106364946,0.008112300825098742,-0.059848401739649976
289.664,0.031999999999982265,0.04649987977631345,0.5300977631851799,0.039451825219361844,0.0313395243942631
289.696,0.03200000000003911,0.0002472567722778145,0.24636099404371364,0.020394960791359957,-0.019056864428001887
289.728,0.031999999999982265,0.0007869304455927723,0.1658566644280688,0.013374518947586877,-0.00702044184377308
289.76,0.031999999999982265,0.0342932304973198,0.47975135914370304,0.036053122261917835,0.022678603314330956
289.79200000000003,0.03200000000003911,0.002352569712676688,0.23518494934675263,0.019376867945459487,-0.016676254316458347
289.824,0.031999999999982265,0.12279739346038916,0.7943232242912057,0.059533318548933026,0.04015645060347354
289.856,0.031999999999982265,0.0038018680629206443,0.27433849881268174,0.023611718919958388,-0.035921599628974635
289.88800000000003,0.03200000000003911,0.006211322644262159,0.22440429034234727,0.017865825098875906,-0.005745893821082482
289.92,0.031999999999982265,0.083315537554589,0.6321082863749556,0.04751676416219835,0.029650939063322442
289.952,0.031999999999982265,-0.001603619998842701,0.11728466070554297,0.011368239489106388,-0.03614852467309196
289.984,0.031999999999982265,0.004502527820538276,0.288295121064636,0.02185756648504078,0.010489326995934392
290.016,0.03200000000003911,0.03381187420147719,0.419810598294678,0.03213478364358251,0.010277217158541727
290.048,0.031999999999982265,0.0010102650840053745,0.2900879142838157,0.023188242347700245,-0.008946541295882262
290.08,0.031999999999982265,0.001306201508973624,0.13953013871588815,0.011599713851951233,-0.011588528495749012
290.112,0.03200000000003911,-0.001350218478331921,0.2551024451044331,0.019429932378159643,0.00783021852620841
290.144,0.031999999999982265,0.017910741173298137,0.3518032592776828,0.026993363450105758,0.007563431071946115
290.176,0.031999999999982265,0.0030978954366671775,0.15836045368207183,0.013204165611884457,-0.013789197838221301
290.208,0.03200000000003911,0.005756878833613943,0.3313681920988806,0.02513115620710471,0.011926990595220253
290.24,0.031999999999982265,0.0026759489942485607,0.31586639824674845,0.024679684944059834,-0.000451471263044876
290.272,0.031999999999982265,-0.0009098048287969727,0.21492389327678688,0.017230287245026756,-0.007449397699033078
290.30400000000003,0.03200000000003911,0.0026878609018719845,0.4082357020473931,0.031016434588523246,0.01378614734349649
290.336,0.031999999999982265,0.00144481396976199,0.2867529541591615,0.02287842736513842,-0.008138007223384827
290.368,0.031999999999982265,0.0022765108423459545,0.2306726206248447,0.018284467282429648,-0.0045939600827087715
290.40000000000003,0.03200000000003911,0.0024729052983994706,0.12826723366785892,0.010488346851343299,-0.007796120431086349
290.432,0.031999999999982265,0.0019065309361931122,0.3617284655884271,0.027207075883713162,0.016718729032369865
290.464,0.031999999999982265,-0.013981343050041579,0.16054725209168336,0.01337732068395339,-0.013829755199759772
290.496,0.031999999999982265,-0.014131948309901846,0.13910162116933644,0.011001825114446232,-0.0023754955695071585
290.528,0.03200000000003911,0.0025912525838804813,0.2243901030725544,0.01713682422322361,0.00613499910877738
290.56,0.031999999999982265,-0.003262035351737776,0.19867751579762152,0.015600082571911462,-0.0015367416513121495
290.592,0.031999999999982265,5.252932131003491e-05,0.24784896049854907,0.019127447074385906,0.003527364502474444
290.624,0.03200000000003911,-0.0013922508507527272,0.059781200535114036,0.005500532908406161,-0.013626914165979744
290.656,0.031999999999982265,-0.006560082026807897,0.0009628679485019914,0.00038835021926760015,-0.00511218268913856
290.688,0.031999999999982265,0.005136566279890364,0.2650086908486789,0.019511218250537133,0.019122868031269533
290.72,0.03200000000003911,-0.003558468164568095,0.10024146383606089,0.008498144592052694,-0.011013073658484439
290.752,0.031999999999982265,0.05732766573798912,0.5363175441112754,0.039931503722314805,0.031433359130262115
290.784,0.031999999999982265,0.018470642071083843,0.12060346963742681,0.011174415359570814,-0.02875708836274399
290.81600000000003,0.03200000000003911,0.13080004318899222,0.5420167318776861,0.04050512192491168,0.029330706565340866
290.848,0.031999999999982265,0.12926904596830166,0.6625604896779745,0.05106317181857848,0.0105580498936668
290.88,0.031999999999982265,0.015586971305731463,0.40952340640237045,0.03306427388439142,-0.01799889793418706
290.912,0.031999999999982265,0.009977886690005407,0.15775260000213298,0.013509931975391985,-0.019554341908999434
290.944,0.03200000000003911,0.004665571940675802,0.20302414698268856,0.015710357669022745,0.0022004256936307594
290.976,0.031999999999982265,0.10804139958146304,0.5269440851995173,0.03965853184068982,0.023948174171667076
291.008,0.031999999999982265,0.11024492582339984,0.5881416941239508,0.04554152387254687,0.005882992031857048
291.04,0.03200000000003911,0.027860391441979236,0.285620839462197,0.02363369140330536,-0.02190783246924151
291.072,0.031999999999982265,0.06711973024675817,0.3668687639751521,0.028343963209791646,0.004710271806486286
291.104,0.031999999999982265,0.12892354874799353,0.6454076827408357,0.04909969803357274,0.020755734823781093
291.136,0.03200000000003911,0.04308620611988784,0.34370605411155425,0.0281107013581342,-0.020988996675438538
291.168,0.031999999999982265,0.11009605004540608,0.8153358535630088,0.061582788213644955,0.03347208685551076
291.2,0.031999999999982265,0.02522970725107102,-0.01370206995178564,0.0025474642444422452,-0.05903532396920271
291.232,0.03200000000003911,0.13504200391622323,0.7720577263919253,0.056924362834520695,0.05437689859007845
291.264,0.031999999999982265,0.13474947201918205,0.5682437275509564,0.04507496340462238,-0.011849399429898315
291.296,0.031999999999982265,0.12472231018552245,0.9680700300426545,0.07379422535043999,0.028719261945817608
291.32800000000003,0.03200000000003911,0.05260855277955333,0.5642168787911022,0.04575270964047636,-0.028041515709963626
291.36,0.031999999999982265,0.0002049949377544968,0.26793015091076483,0.022344905719851357,-0.023407803920625005
291.392,0.031999999999982265,0.11304695377018782,0.7400188759146722,0.0557111065527839,0.03336620083293254
291.424,0.031999999999982265,-0.0024029805182269773,0.28604305192890583,0.024251821633537368,-0.03145928491924653
291.456,0.03200000000003911,0.10034544388876566,0.7631941045720622,0.057525502614677815,0.03327368098114045
291.488,0.031999999999982265,0.004386847316876163,0.3051061650976768,0.025758470705265397,-0.03176703190941242
291.52,0.031999999999982265,0.009850922192904352,0.35623808387563005,0.027684842137024813,0.001926371431759416
291.552,0.03200000000003911,0.022960689075092324,0.49574464584799505,0.03805539394951901,0.010370551812494199
291.584,0.031999999999982265,0.10195324521673207,0.7752777708653884,0.05921100567111052,0.021155611721591507
291.616,0.031999999999982265,-0.0016161189008915377,0.3240689441473844,0.02725030030881057,-0.031960705362299946
291.648,0.03200000000003911,0.0013396537548407564,0.4576873491939603,0.03523156603444452,0.007981265725633954
291.68,0.031999999999982265,0.06783493104163936,0.7457140349125165,0.056873864851416045,0.021642298816971522
291.712,0.031999999999982265,0.00017866650779486672,0.15814995441719024,0.014913659238531536,-0.04196020561288451
291.744,0.03200000000003911,0.01619829820087702,0.48314676427205344,0.036391674273738836,0.0214780150352073
291.776,0.031999999999982265,-0.00010297607848526539,0.3047468026863206,0.024512006691513866,-0.01187966758222497
291.808,0.031999999999982265,0.0011392991147607325,0.2040049721215669,0.016417627399206155,-0.008094379292307712
291.84000000000003,0.03200000000003911,0.0013152129106129163,0.3411173339660228,0.026033620493778466,0.009615993094572312
291.872,0.031999999999982265,0.02371716803110138,0.40505932181531734,0.03129105117685935,0.0052574306830808805
291.904,0.031999999999982265,0.002357575055568183,0.2907914558022592,0.02319127305310294,-0.008099778123756406
291.936,0.031999999999982265,0.00016271054337710556,0.45899087783707615,0.03509310392585394,0.011901830872751002
291.968,0.03200000000003911,-0.004178019705210573,0.3561616449291861,0.02821810056706732,-0.006875003358786623
292.0,0.031999999999982265,0.0065301682836184285,0.27156386402942495,0.021599872994158904,-0.006618227572908416
292.032,0.031999999999982265,0.00016747878803726078,0.36028243184905895,0.027742192392224863,0.006142319398065959
292.064,0.03200000000003911,0.0014209734653592167,0.23970673405684262,0.01922961870015731,-0.008512573692067552
292.096,0.031999999999982265,0.0030247689796046805,0.1123841902780518,0.009374866962617684,-0.009854751737539627
292.128,0.031999999999982265,0.0005817048804041042,0.07102707496074272,0.005764549604824061,-0.003610317357793623
292.16,0.03200000000003911,-0.0023403045183009947,0.08112174275161244,0.00629849346899539,0.0005339438641713285
292.192,0.031999999999982265,0.004250037196595454,0.2521381568741965,0.018905903386333127,0.012607409917337737
292.224,0.031999999999982265,0.00037412907532252514,0.26584404199334727,0.020641651430476447,0.0017357480441433197
292.25600000000003,0.03200000000003911,0.0020419194792170715,0.16695339264164966,0.013469413811926288,-0.007172237618550159
292.288,0.031999999999982265,0.0005578283246876735,0.017125216585304887,0.002036969144555598,-0.01143244466737069
292.32,0.031999999999982265,0.00140481789665292,0.13153101206551537,0.009790412769818468,0.00775344362526287
292.35200000000003,0.03200000000003911,-0.0013153156776611712,-0.2100831468345037,-0.01488437070232359,-0.02467478347214206
292.384,0.031999999999982265,0.0010786613388801282,0.4748908261508329,0.03406431792539409,0.04894868862771768
292.416,0.031999999999982265,-0.052562385987407874,-0.17570620113066002,-0.010954972169379736,-0.04501929009477383
292.448,0.031999999999982265,0.004117076382971672,0.1299563376621857,0.008924598066570274,0.01987957023595001
292.48,0.03200000000003911,-0.08968735877626814,-0.2393516053380158,-0.01708676245446081,-0.026011360521031084
292.512,0.031999999999982265,-0.01359762979823856,0.12627552515617194,0.008299927682704824,0.025386690137165636
292.544,0.031999999999982265,-0.12448595199334747,-0.0568648116308153,-0.003702703956456244,-0.012002631639161068
292.576,0.03200000000003911,-0.10318594545905665,-0.4059694300649892,-0.03006883752543075,-0.026366133568974506
292.608,0.031999999999982265,-0.03301996193545584,-0.0844663465887796,-0.007947520521123897,0.02212131700430685
292.64,0.031999999999982265,-0.1337449299164206,-0.5502927121762254,-0.04092745372740901,-0.03297993320628512
292.672,0.03200000000003911,-0.0027238812471444187,0.08765965115519687,0.004083806440592793,0.045011260168001804
