sensor_left,sensor_center,sensor_right,steering_output
298.75075730390347,300.9260048516097,298.71330162512277,0.00224734072684214
299.8462851481376,297.86424896055433,300.4115228626785,-0.03428881966026097
314.59411716026295,315.447834078526,316.0405846070751,-0.08113566966332086
301.1243403036609,301.65545622924265,300.55607613791204,0.048560524413053946
301.01326367055105,301.1109975181218,299.24623169992475,0.10033927658008965
311.2807885307498,312.38942268157535,311.3812897003259,-0.02370038988082854
310.03087318409564,309.59244801950143,308.03321974778686,0.12086421787428776
306.40994871899744,306.6697569553175,308.11449833206115,-0.1222495111469101
303.05337907688863,303.79336771773546,302.2166713269466,0.06724796112715922
298.6129301050226,299.0111461971265,300.08715156971647,-0.09682036538105251
302.0315052439067,301.318428921703,300.3246813143464,0.11715165042055674
299.74127514400624,298.73852775978577,300.60647485234136,-0.06898022179571058
302.78556132672554,298.91187767459473,299.7602809133266,0.190168821887288
297.6614720827235,299.8715032274331,299.179591419689,-0.12133996435192104
296.9747849054801,300.5252309873094,296.4291613323157,0.047918607759518755
297.33646031245763,301.4253532870655,300.75860091424045,-0.2107846718386128
301.7157085333206,302.0308634266158,299.95105215189676,0.14010078890325817
300.16464542761514,297.94424374587413,299.52605555612587,0.020668828475118063
301.44866956079284,299.19848097456156,300.1324048318681,0.07258998502059229
299.6848889949685,299.97692813170823,299.8677310876675,-0.02413317285118694
299.1468579808377,295.4330725646601,299.4105132783032,-0.013990896920940374
300.6846055021925,301.07682852789594,301.94935154332927,-0.07324820949355229
299.32303914936085,300.963972358853,297.8713871982917,0.09974657747551705
300.5828793301919,301.60890637717785,299.070582687303,0.07622127906264155
303.8080707202082,299.8650034144285,299.7858657475969,0.22620933192778866
303.602805351316,302.0420253853154,302.6860629733403,0.014782492952429609
302.4533790839402,300.81412116789926,302.3840744369783,-0.005009144962044161
300.9229057329315,302.25114351173147,302.09202511141854,-0.07084020917884118
299.90036789105926,299.51154376575374,302.2966367448921,-0.13208493744510066
299.78837348460456,300.3519469881419,299.7717547365506,0.024959813421567674
300.198676949218,299.1342857423877,297.5012883924833,0.1616771259235435
302.28461694717527,299.9719087220817,299.9292105587662,0.11435049773719584
298.1736302869024,300.5431213589351,299.79169607128233,-0.12063801094688756
301.8848378344613,300.25123177218427,297.91008057653926,0.2546660933191208
300.955142423369,300.47381593028683,300.14136400842415,0.009079132317471587
301.4758927621407,299.57459013106717,299.2618306729353,0.12470594120287615
301.29239609142786,301.3773809541867,299.33655615668573,0.09520977519247367
300.17614690413313,300.1168384617762,300.93850279227445,-0.06529975263590018
299.67799400214705,298.1324952548593,300.76783238192655,-0.05776674390535732
299.33316901182786,301.50612121947233,300.39914037866646,-0.05305989821252069
299.97611770862966,302.35846260236383,301.7745674294626,-0.0972472695815901
298.37261673002376,298.55749972862634,298.4949878637512,0.010642229184683744
297.8189435566058,298.68481352694437,300.15997783436205,-0.13923834532810078
300.06778923544556,300.78194942025306,299.6053913959913,0.05115421314481694
301.3303558226132,300.95612731161634,299.5613467120054,0.10151656824192798
299.9412907429222,298.14355997236044,300.05733180126595,-0.02465255460670278
300.00852906153574,298.39057444643424,298.8287641401108,0.07194630586893254
299.93292396217566,300.2604086638792,300.7724946467238,-0.06217189028713904
300.9201315636014,301.2166957810093,300.7570164570387,0.01818261323924446
301.13069138471764,299.0086623578327,302.1426374148455,-0.0623479128733004
300.27818331842377,300.6199139565698,301.13429881181025,-0.04124746930191009
301.77553184521093,300.49494981258124,300.807196666165,0.06666126567662105
299.8795886226426,301.0100493134748,299.4771127334891,0.01446520155875021
301.9338705263107,300.29046857802786,301.17713296222655,0.04137949495351564
300.9981990634418,298.18894552463775,298.42784942788194,0.1466536024927501
299.258612747934,298.98371793716836,296.6459033811007,0.13105906565440023
300.29618264965563,298.6986218550053,300.12096726147195,-0.015614170377311892
299.74132695206913,299.82834639973834,299.9914891089673,-0.0167618832957271
298.6888383361139,300.58943905185976,299.5293464902291,-0.047928867677929365
300.20843368672325,298.28397408236793,301.3035929429382,-0.057304473831746354
299.8785445488029,301.051468098136,299.5317572144383,0.03175883262402522
300.3354170195293,301.1353148319335,301.5251031354324,-0.07484904029783195
300.1465638692983,300.60001044254875,301.84372601575694,-0.08993286762848811
297.29745331083444,298.5410156742976,298.75938615608106,-0.07074434925021081
299.7367558289841,301.6181600302586,297.7934825174418,0.13121572714500246
299.03425316399193,299.685910290139,302.1846120305905,-0.20845426511133497
297.962937458587,299.933230538377,301.6231636641484,-0.18810998366769868
299.1759881371111,301.06692882662554,299.8688476610423,-0.004969309380257414
300.03274221655835,300.9697296738953,299.177485648768,0.05824398930673112
299.92170628956427,301.39039101889676,301.3897342347248,-0.09663424238753578
299.2674727752268,299.61449861346966,300.67808067034065,-0.06995619425522591
298.90748889266854,299.02554678453174,300.5820781974862,-0.08636927933792266
298.86748188247896,300.84978629604313,299.5838356730188,-0.02623533438421532
299.28632422450664,300.3940611075406,300.84736285667367,-0.08649878002462288
301.7668689970151,299.326801537222,302.22283048876324,-0.01174730318321906
300.38914418354676,300.54548730574425,300.0251737952058,0.026397838217940832
302.469638638164,301.57606077782066,300.7914814757466,0.09704972586163366
300.71335032507915,300.0729237433948,303.8188244203927,-0.20311001734298542
299.6742450640758,302.22181156757875,300.30687714700764,-0.006903184022773987
301.69207739493316,301.806133275911,302.8701264737175,-0.06435662389774223
300.33415848425904,300.4629566814657,301.04630316431695,-0.030948190015631667
299.5110802168321,299.13437432453424,300.8331235991984,-0.072201156141399
300.3923051344678,300.1812415907193,300.1618811867906,0.027045870684294756
300.953221688552,299.1939735608905,298.828222985313,0.12519568271756726
299.35067384230786,297.5396132668179,300.48977648724826,-0.08959614572881436
299.13405806056477,297.7727370647366,301.61557771240086,-0.13750015266076163
301.21229570820003,300.17556176610617,300.599764165372,0.06156708908804319
298.36401207770575,301.47457454062095,301.2192428892513,-0.1774391641210127
299.7611997018363,299.1874522690003,300.23806583598434,-5.9659933427838596e-05
299.2547419294872,299.6605007699729,299.432635886361,-0.00590497607095017
299.82320082173214,301.35175048988197,300.1086158527992,-0.01534596229528347
300.7264269845169,300.4621373867537,300.87114694568726,-0.005829047359552532
301.1022996362256,298.79519690546255,301.78061262575966,-0.039251579760339154
300.12986355184637,298.8111607960541,300.3342574044499,-0.005480501260870484
299.2433402481256,301.298885227412,299.4160614833271,-0.008319335586054423
302.04425175379026,301.6335024655303,296.4866841451939,0.3351812688677956
297.3476877764438,300.28382681036175,300.61768384459634,-0.25177544017511483
298.08377374915904,300.20149448826794,301.1866666817967,-0.15347361527673342
299.64989524323397,299.0690363008461,302.42603277772326,-0.1355393227429812
301.06782949965793,303.6381908508344,300.4545229134984,0.06455977051446439
302.2198628962025,299.7910646413221,303.1028288797524,-0.0591110248745872
299.6834294190709,301.687573219514,301.4145391456917,-0.09503692376175196
300.2257676085092,299.2931031980744,298.12851990407097,0.1431459595325032
300.1911237036139,300.5442488203793,303.0631280292341,-0.19329273658159424
299.09116515432487,300.692771474785,299.9786168380871,-0.024527057769530528
298.4699599496793,300.83089630266386,298.35555258506605,0.015738958714418345
297.6044519079194,300.21082202468205,303.02434409211224,-0.3263376046977044
300.73123959320833,297.22069911125107,299.91130313378125,0.10339510940755361
301.0060981516301,303.22745080962267,298.1170371309907,0.16514429664409422
299.39822259745677,299.1181735398041,297.785466826284,0.06787473606397214
299.62840493600214,302.00737213538156,300.9010368201277,-0.09248547075925956
299.7526160318463,301.0217536406795,299.01269830859474,0.057121382236348384
301.00045598901545,300.5904612464429,301.1310342700203,-0.015233874092805308
300.9284908170595,300.0352938639526,300.0576547954556,0.05355594410628271
299.2561847613818,300.50685730789047,299.9517110923263,-0.050439940072710104
300.275056992332,299.8539094567584,299.80424096677353,0.03520422484295296
301.12338088756457,301.00313124823333,298.1406834092419,0.174253688443776
300.53717234759745,300.4213150783098,301.324137040123,-0.07704485633475941
299.3205851136219,298.56773925146894,296.92329015015525,0.15170734473325526
299.9496877519166,301.1037470254883,295.95154903632465,0.21591537330085034
300.22219011872346,299.85833839827643,300.52646117888145,-0.05823765076539872
299.82414543157864,299.9947619729824,300.02091437151034,-0.00876342579432219
299.25109603866156,299.83384630679024,301.6292218746968,-0.14071986076279644
298.19223045459967,299.9997132639133,300.32809316250916,-0.10437050411421753
299.455334650371,300.3918547018636,301.22227430238576,-0.08465775204178955
301.2567322446022,299.185594108971,299.869269760239,0.10091714558193929
300.82507461625084,301.6752201657369,301.41580980104004,-0.04931873593098374
300.0360645903244,301.3534655080911,298.80010488972516,0.08006493388384456
299.08791271264494,297.3864063772305,299.56398353985617,-0.04092384663866597
300.59087895199184,300.7870962220508,301.37490314639234,-0.042280743391917786
300.1530730291551,301.1063394407258,302.06335096113077,-0.10677643397453437
299.32641368330087,303.22358931975845,300.61856015211794,-0.058426008809267384
300.27281170778235,298.84851049965727,299.14101692638985,0.08082915157172067
301.19312845881814,301.52607129252374,299.56815922741873,0.08618020607003928
301.8910152540265,300.40855341304535,299.1437505139397,0.14858619209121346
299.2299451268386,302.1903280186158,300.67487547559585,-0.11416846832630484
299.9593139162413,301.035462715021,297.79850993563446,0.14409754232398256
301.6233065949756,300.61176966116574,301.23304545324703,0.0018076286976452145
301.1000596080587,298.5017117733712,301.43990669922516,-0.024293436887273288
296.0268734462201,298.0140687344665,300.74101038426863,-0.2794497453712461
302.9382522331892,301.2642544221239,299.93879944304985,0.22710853678884577
300.27314665082275,300.7099566130858,299.9704121542803,-0.011830458108847778
299.53090944294985,298.67916945537735,300.25501242920166,-0.04647352414053273
301.57748644239604,298.9923569075237,300.3385497139633,0.08157723356848294
298.94975903586146,298.26208728238,297.70766401203645,0.062136334145173465
298.55349323370876,300.8573946783283,299.59466225357863,-0.07489109143044231
301.9193158150369,299.9438632245294,300.25109453492894,0.11050496700517613
301.0546861728786,300.9827958903221,298.7102991006202,0.1239810115344227
301.5036932689834,299.9719029882636,301.23682952974474,-0.007432046368264195
301.8385414281088,301.05403551068815,298.87210834690813,0.17531734747965233
300.8875221322873,305.93696891378295,299.9226916493363,0.028225498165054434
300.8248851430704,301.5281923185572,300.94102256984354,-0.01661655043589917
300.9985392653195,300.2811224087287,298.36890956281826,0.15893915641780554
299.9415562569353,299.99313784233755,300.8926238513999,-0.08336035269288686
303.0044626751821,299.7959787289871,299.46841170252287,0.22167373430419846
300.6708762057496,298.2143029617591,301.37057467628455,-0.07734241795868854
301.2306402818884,301.90696676899313,301.60577175485,-0.015510903672349061
299.1796837301209,297.4758313261666,301.7400915014376,-0.14987315154938247
299.07173702009857,299.3940851290919,378.9512289423236,-4.767165437620337
394.4523104520807,393.25028790460766,394.4074961655924,0.8014837764115487
338.5764198444809,339.7709153050762,338.9385106185834,-0.02217358931103377
300.2126867845311,300.42610947694146,299.2012128594041,0.06430934324864551
301.3042059036954,302.70881297245995,629.0991261071325,-19.6778099514575
617.3757955582809,623.1705894312358,629.4054810929513,2.556168069954146
435.2516463075309,444.18430634148837,452.88262158681994,-0.9375616614106378
298.04650997720626,297.6625715937992,301.8402379601918,-0.0513139261862432
346.6338808550313,352.5039413647431,361.9581201994663,-0.8815170808362445
300.91906906073615,299.244209303247,299.5473912685014,0.23554306097843325
300.0616931957474,299.3457522270017,301.9191852235462,-0.12516629959027512
299.34475149384633,299.9120284170103,302.210703901368,-0.15338222417331165
299.82247675171766,298.1152802085054,300.4648598376864,-0.009883461082907274
301.8468029358039,302.1062559938917,303.5745129029911,-0.09723876717154441
300.7940861749008,301.70778267408434,303.47189731229787,-0.14339156857195062
301.69532935087426,301.5067010922725,303.53358672696766,-0.08351733119163328
300.9561188853165,298.9547855081267,307.0347083717934,-0.3463327954276776
300.36121953266246,302.01958745047716,302.3112774553963,-0.056217580499261434
301.6233133004415,301.15328341183834,578.6665703040015,-16.603094840986266
299.6426310584911,302.3723534099111,302.88251132102664,2.5760397542834665
299.5973689245153,303.0785957935367,299.75854685474894,0.022728126811337575
300.82166515910995,301.0058252060698,299.5522203272904,0.07777846921150967
323.78375005248256,324.52515703984795,326.9759697172338,-0.20422762820326967
301.1852340510438,299.83001478317254,299.857569047364,0.11158209686829934
299.2504259234258,300.47658564150623,301.73913498945683,-0.1625991939986608
343.89346496757855,344.9202652784934,344.6184041304475,-0.01860925911182733
332.37599747725625,335.0435869798456,333.6564375706009,-0.06957701397198776
326.5334383355327,324.9844715403125,328.42923332272824,-0.10094329829828552
318.8050299830586,324.3587814408894,320.1041954768807,-0.05899197975737081
316.5823832690004,316.2458542406927,317.2409888827767,-0.026524681888358825
313.272986540508,314.705256890962,313.81547632091923,-0.025963330686911378
310.53505162110866,311.12032574219074,311.214269770938,-0.035328191185648734
308.2385727115371,308.7199650492086,310.45333531916333,-0.1260935749592818
308.82424455838424,303.6725681746112,308.1782537574231,0.06090707413393204
307.57852084439367,308.1294339694819,306.2849895775995,0.07115196799803812
305.48010446383074,303.3020178419915,320.757162764795,-0.929558810725797
304.6438063114727,302.39748339867833,302.08126504314083,0.3065230591095548
301.6013568948765,302.0881408231401,325.51774446990345,-1.4606086671849348
300.71358080896516,301.739438720972,304.01132527393554,0.041299207852046604
300.72688534086006,300.68027565601136,303.0868927995168,-0.1086230028697014
302.106697523286,301.0131041484181,299.8336696942336,0.15998174432971213
300.54636097299965,302.54604726445547,301.36786904622477,-0.07202076268403118
299.0164675274965,301.59258041736695,299.9244464715611,-0.0462636559116254
300.9904490464429,300.3296724454396,486.5699044054406,-11.125687532099215
302.53078362758276,301.5111150179544,300.79321360869346,1.960048754723335
299.8190520306081,298.4909401486522,298.99635694419453,0.03198600499591976
299.8505517651525,300.1187195051515,300.4146119272239,-0.04207056058842113
324.65895165054025,328.28548485168125,329.5524518509847,-0.2879694104059536
299.47918387192,299.9880362044957,300.7363365234112,-0.02649415708502715
299.6255058034054,300.1579726939438,298.8834504947975,0.05709484503138697
343.8380318288251,345.9709233517544,346.33497117504146,-0.15723691385906194
337.61080552950807,336.45830841907264,336.69348871744285,0.08000840218607722
329.9893471376864,330.5796327107603,329.3787485969056,0.02746274432619657
323.51865757563485,322.9672562508194,325.14588398400537,-0.10373956991003923
316.36730622246785,320.23462665230966,318.49911484704137,-0.11163625339070621
312.15661700565926,313.5012829673371,314.1219183124094,-0.09659999215927201
310.49022382000334,310.853711305633,311.8936830220145,-0.06455453905316859
310.9408790463689,310.13997871184085,308.03756643877284,0.18823334847587375
308.2903551711312,306.995212336456,304.97893737176423,0.16965194188605665
306.42976563493914,306.1212559581774,305.8049480255422,0.004374878570146165
303.6937910991996,304.9119764691042,303.7611405079997,-0.010289140621976002
302.07492753055897,303.9700623600941,302.43085910088246,-0.020682400131408374
301.1377361993168,301.6170875723005,301.11182283932965,0.005114117302464365
300.23210151017736,300.7661462282605,301.72722696458743,-0.0899666608644759
298.02982013789415,301.2172427251322,297.781133343394,0.02987246221410942
301.13558558455844,299.60803146682434,302.6752481113139,-0.09486661955033016
298.7983844674316,298.7909685965578,300.2717828614381,-0.0730072783728349
300.03008628047445,300.16014163817044,297.45573917022597,0.16919481055497387
298.42768401466105,300.9330180054054,299.7032296714951,-0.10227621051252642
300.47043267120176,299.0007079664621,298.74991338784037,0.11598661357002414
298.5763051005924,300.73634749092963,331.6261931570584,-2.000198476221577
298.3771369253061,298.5850591719647,301.3833295595833,0.15012732250803026
299.5853323055497,299.13099392412175,299.705399621958,0.02285788735827225
299.8686818928101,299.70067498108864,301.09048352895,-0.07210742500431082
300.54074618398926,299.8121625533949,337.7282610454845,-2.219032875328315
300.0142007283194,300.4168302796216,301.27611507581565,0.2961602877651768
299.413075334866,300.96969221629763,301.0604351291394,-0.08622244418144306
301.6624681576842,302.6950891821168,303.07594189772175,-0.06833482645951847
301.47306243791274,299.79042761372864,302.74456505278175,-0.06215541949176498
302.0252423745412,298.44102063941244,302.43385479359995,-0.01180171899483355
299.89003245333737,300.2731318114104,300.2533632682952,-0.017713724706881068
301.11731131791544,297.2326414120083,302.51568028865944,-0.08026883009506208
301.55210537238435,300.4817365100399,300.7400213046782,0.06270873376981001
300.00888189987785,297.7623342521759,300.01849745210905,-0.008697773810933427
300.8774107919604,303.06323578270155,299.80704314365664,0.06431821442053831
301.0102982270542,298.1213789463412,299.52853142068244,0.0782023318992674
300.1017340682224,299.1537788760301,312.10273550047293,-0.7348777539987487
302.6341643265656,299.12535096323194,407.6417641467094,-6.180445974886124
300.27702979804525,300.8754195880374,305.4239393322508,0.7412614261491035
300.3446028151519,297.9632005563088,301.33024856698034,-0.007669649767649958
300.8191870187228,299.4857972594601,298.69375344080356,0.13738247219343863
309.43736380782883,311.9918892262556,310.153456107619,-0.06421987376660127
300.4149096863203,299.19601150572964,296.73897590626484,0.22771694980122903
302.2395545470291,299.28315234786385,298.1079884849213,0.21113462592591475
301.0987854241415,297.6600292518098,299.44120125084737,0.05813938977657017
299.5667899503385,300.6753916115119,299.8828338363524,-0.03553847489377632
310.77152877120034,313.3489046683845,315.12751954979393,-0.25819900785547645
310.2547250682996,309.1064448081338,314.08783214494275,-0.18642651681265365
306.1947627211515,307.57787632362397,354.7760301949828,-2.876544977663447
308.73597812275824,307.9771224730027,307.36375705487984,0.568145938811017
300.52069217652763,299.3156509796901,301.59638160904035,-0.07826357662954707
298.4966469529131,300.3449085730019,298.2146300986415,0.027677905581423377
299.1938745692403,299.0506060624175,299.06490643022846,0.004917919797993023
300.469768776588,301.3665368167211,299.36006899326605,0.06529230560919927
302.8613627163192,304.8465622826012,305.8831913520407,-0.19240671597650819
303.5976229496267,304.5508150145077,305.8458114866044,-0.10467302586144683
303.5410598002911,301.71841924337656,303.4974487135008,0.025098550577197898
301.94728469111743,302.31923037307894,302.8727229178052,-0.05596240446917079
301.0780629349307,301.7565451259371,304.40199444550336,-0.19018150836748193
297.2841606847626,302.79399466154797,336.9780101178493,-2.348391650879476
299.9417458500985,299.58077112557163,302.77869110078166,0.22672177928987935
302.0132551507877,302.46263655795894,299.2314870893058,0.1952755361957452
301.2058876007924,301.7884732283284,301.6032108164696,-0.05165707355545124
299.0543992066935,299.82560531589957,298.52797376752306,0.035558758506999195
300.0201019656815,299.35722111917937,301.8210287442319,-0.11331986110473054
302.81531167955586,300.1700762675851,301.5467727853558,0.09412160143750725
298.620864897254,297.835503164076,335.2887543168204,-2.212758754115984
299.3604893571036,300.2257694886538,299.96169617515324,0.33060648511268426
298.3212229231983,298.8039892241313,302.01799883174823,-0.21579448633249798
302.04227000205424,299.66698849642177,301.64613150347014,0.06073606900054472
299.0812219882479,299.352361995718,301.0325881210615,-0.12104335295465887
297.8115681797018,297.3097129318882,300.89518687177133,-0.16550346019603582
300.7537635900703,300.4401989256669,301.9634292411477,-0.04174375214394786
299.6006998164465,299.35466507639154,360.67643062614366,-3.6524471920710573
298.7225232244628,300.62768407904645,297.57363446025045,0.6796906339497133
299.0192081806464,301.50839138290377,299.98300227255663,-0.06931653315673827
300.0947406734471,299.0231879987768,299.0877058048642,0.07006003303407851
301.33874191604417,301.48504943578854,300.4706010408091,0.042018103828276594
299.8474080397815,299.3743554001948,300.01216996326576,-0.01856712416140681
305.8898382672667,307.6166771776,308.4492197770991,-0.1519152713550983
304.5337901316757,304.51678075619117,306.7519904462474,-0.10749820377598042
303.1886537326074,304.0657629532584,306.7045906274592,-0.18877421054539015
299.02946506414486,301.9385896503346,303.25849461888276,-0.21858240433575649
303.6493750834157,303.00792104035276,303.67055799344234,0.0410193209457799
298.4819065064412,300.3240824382618,304.11060834834007,-0.3375102814136659
301.5283393110752,300.21358518837593,302.85505646572574,-0.023316010860045255
300.57382518663076,300.6545469291638,300.664783186981,0.007809691525489484
298.99637476312586,299.8994057375106,300.18629966871066,-0.07048591433158549
299.7686827837242,299.9542132516393,303.8207120426929,-0.23122250648227238
297.68060949518593,300.52049177048673,391.80037662072976,-5.606665734942943
300.94797617464087,299.85925984239117,301.42766326925937,0.9124164455783285
300.9161575792961,298.87477763657677,301.12687983822644,-0.007846464589634934
298.7955525060767,300.22862533180495,299.06442546117574,-0.014025154716638327
307.83138337909224,309.5295301858842,308.7598030034143,-0.053016447908331654
309.0381196094448,307.6467438225839,308.73802079837657,0.027290124907312932
304.56651426429437,303.8737563335011,306.21695266862304,-0.10202729237040217
303.35303925439473,304.92547456672446,305.83807413543286,-0.13259770881900124
301.8891907361594,303.9771304866287,304.143249320921,-0.11039316627531436
300.0255369180192,301.50712326533306,338.4301111597593,-2.2817338686567887
300.61428644979435,301.961839977634,301.5374837710182,0.32865390314397136
299.20650466683855,302.19328529682616,301.40884767599437,-0.12290860733711043
299.6594272991784,300.1808429583811,300.56155752418954,-0.03210438340911083
297.7313434895804,300.6738981031614,301.32094887686816,-0.20635502098715336
302.0827942117504,301.25030161098573,299.67950981419204,0.18009311772637945
299.280496656995,302.1691602932134,300.1013554148332,-0.07328436944587623
298.86850813704075,300.7589141218667,299.88944027650217,-0.05304734078930324
300.62056060555403,299.5188117437288,299.11545214378725,0.1005158291006211
299.21881735908846,300.7936974247506,300.67315266283447,-0.1023112028424282
302.1443477091279,299.1403017682842,299.07450426511036,0.19873395967851137
301.6470310791912,301.0310823774077,652.7420992371001,-21.09640252391471
299.1715217084223,302.041862779282,302.6316638917925,3.3033421505768747
300.3041888939787,302.04591182580685,300.96359095349476,-0.004962701737262591
299.1836793131362,300.5635118784312,299.24787883533344,0.002742049263327999
318.81419930467007,324.63084878041724,326.30269950057016,-0.44866801653203314
298.1878230770416,299.97227679607784,298.9371858548118,0.029923235292791332
301.02625959267516,300.00038062077937,300.2658129706409,0.05312042509975584
344.94894585420184,344.59597700488223,344.8146849442642,0.0004511883759175817
334.31594289304127,335.98753261545727,336.0523277272653,-0.10552569915281992
325.61793867203977,324.01423760901173,328.9890006987563,-0.1848998732607504
321.7008195874398,322.13521416446457,322.560759662635,-0.0178857842445467
317.0538977427677,317.5676760442515,315.4617021270093,0.10413113769745508
313.70339120660185,312.584974577023,312.4047111075761,0.06199884978396256
311.62069539715674,309.20418259229086,456.7745315813102,-8.722216972039467
308.3539614479137,310.81375979181865,309.4606631833233,1.3851362577169615
301.9443445950792,300.3487123034695,302.79721909274326,-0.04010545250574808
302.4364916636122,298.69533836572344,301.17131715199906,0.08443921567342727
325.0664940437481,325.4923403645294,324.70003554745676,0.009335764661348663
297.52955684922125,296.78646284281047,298.1322407117914,-0.0398256167171212
299.595405949945,298.0516797954247,300.0380368039364,-0.020531012613781173
300.57047611153894,300.8837911896544,298.2638197453219,0.14282569051293706
305.6111539142811,306.3183236461757,304.75275821467716,0.028437178314065368
303.6389027464345,306.29974924777997,305.2681661852817,-0.10633976332687155
303.47423063284606,304.45306432290414,301.76276306543724,0.1189806884330011
302.80053087542024,303.7357755928513,301.32842931900785,0.07121141771065481
300.7549653771827,302.36382525449926,302.3330621444352,-0.10940682159927236
300.3697477334717,300.5768698705711,366.602488070188,-3.958183452530453
302.50373728814435,304.5991265085466,300.8914804796045,0.7590628118795524
299.1766272372238,298.9447900654373,300.4614168342164,-0.093209943904954
301.00349717090756,300.0191564207289,300.08615006811556,0.0678887221374464
299.5160674387697,298.8899645012398,301.4087011475434,-0.12273149355434214
299.6249549194978,302.0140089588255,299.8032739413273,0.008227195777966474
308.0257181400861,306.92853944253204,307.61395852093085,0.02648876736760997
307.69192475059543,306.69571702601155,306.8523351702341,0.04625777863012843
304.3822711957152,306.59285624427633,306.26612035673253,-0.12142684546465377
304.1398307000015,303.95314156211265,304.99491479734326,-0.03246655423033303
302.54829272010807,303.6710631001503,303.3857325570022,-0.04169554924023033
299.50745674503037,301.6895009476289,303.6127600808971,-0.23794380178306201
301.13684103995377,304.0113999227867,302.59697211975254,-0.04655483142925902
302.0664575862118,297.31272037305644,450.7514382946549,-8.906497531708599
303.00589388153526,303.16156884628134,302.39170577847256,1.5237010932681931
299.29718797802053,297.8628192211808,298.750050661008,0.026686357990124636
300.8998267516651,297.5181659326776,298.23170155900357,0.1546161383895668
319.90440113468867,323.24587197679034,324.74451281694456,-0.317087952861969
298.17240632830203,298.86200270295114,301.4294586116245,-0.14702202017678986
299.87419910202397,299.3879887927691,298.7480440437406,0.10013982633022636
298.8485556954639,300.68690730458735,300.02027200313717,-0.08156452904322863
299.9969470669141,301.35528563195004,301.703356972703,-0.09066743127059909
299.6838904733089,300.4168345997735,299.63371140608945,0.02007484309105621
298.7343747472685,298.7906368843542,299.1697707760905,-0.026625552401516192
297.1026976785254,299.94303398866793,298.6388897981058,-0.08781756688660664
299.16288443468324,299.39704062107944,299.8652240151213,-0.02677845363048107
301.909286719018,299.72488447943357,300.1969000174068,0.1097665979010526
300.801286490812,303.2056072075036,300.17632876127635,0.02037359675602716
300.9723993908255,301.2844166163741,299.28018081000874,0.0952835375536489
298.8688708260417,300.3306165492348,301.72029235153894,-0.18800747733800222
302.5244291141043,301.6017106436461,301.4314498325863,0.09409297214605318
301.5575557671986,301.29895361957455,300.3230745185523,0.06313908210359899
301.55366400057284,301.3881139666343,301.42334343818834,-0.00452557874339334
298.5924171879305,301.0867941052202,632.7671400266752,-20.051786575948526
302.8361987962417,303.3841636025526,303.1281166962594,3.324232154386387
302.66029509747375,300.19798386526423,301.01181557999485,0.10182795004891092
299.89901998717755,300.83563956039086,298.8748878876577,0.044963130796403454
323.3652966260142,322.5124704020825,326.5206768244296,-0.1995641329001228
299.58208091412604,298.10665366438155,299.34985031379335,0.045487638004115066
300.84645713774427,302.0267940193798,299.4205371409897,0.0832328938019458
344.54065256982125,347.06915824875375,345.6180852537297,-0.07890516100205275
336.43920448472346,336.56916656041676,336.15665049952327,0.027727565951096267
330.3019950064124,327.28671085649984,327.29751683541974,0.17744315040755906
322.1490495972978,323.1128758268739,322.03201343348,-0.023022611880860494
317.5449050615911,317.9440594309434,460.6618406095635,-8.58818649451652
313.5131355817272,315.598438729446,315.0562478332698,1.3385826203871682
298.6873602773844,301.2612617128153,299.4578641857826,-0.030799111988466736
301.75687548874686,300.61878033311757,300.6099667486333,0.07651956349079399
329.7531594499331,335.15906254017233,332.73244164431816,-0.19022601906423914
301.2622215549823,301.8522083604146,302.0548399132769,-0.017764279553824737
299.7008957843601,302.20182143663106,298.16645117869484,0.09999285992286219
298.5629045679052,299.12646373855995,302.332891944314,-0.24154368864117942
308.7134027420493,310.9857284393461,306.4898374674317,0.17111379024114456
306.62761070335034,306.0206551714586,307.0103629999327,-0.045200790541116476
306.67642050753744,305.03008387120536,306.7911492992984,-0.0030562045398346525
303.14187371662376,304.4425948163635,305.97891458561367,-0.16907516422178448
303.55078956246956,301.2895222175629,304.1922464673106,-0.010117005600563975
304.3823952259946,302.61631433730616,302.75012586663865,0.1043507306097689
302.7800762876745,300.25825187682005,301.83711495764186,0.040254986208398125
304.8003529773793,302.4490691007996,302.0135150171289,0.15778066431469825
300.27710747097973,300.876400128738,303.17262001910757,-0.20159913249017453
301.2803904564569,301.37368827100767,301.43951888065993,0.01940742002909815
303.98352011025145,302.47820019530843,300.6723511726329,0.2002614204991437
303.0467258539315,300.74495237816274,301.60647367037353,0.05330344163729195
299.24514521147324,302.2514251057023,300.8553768509866,-0.11101642020638111
298.32017923245627,298.71798507553626,301.62478289054127,-0.18217390308996642
299.7201573662732,300.8702022076448,300.65643265355084,-0.023130480655807452
297.6247701096571,298.79490371801796,298.5158339513822,-0.04410107763072972
297.4636687833413,300.4615369776711,300.3317747644575,-0.1631757204497228
300.6042945395111,299.99964400848813,300.9143622083172,0.010076999682797239
300.5901547489823,299.8593104386366,301.9675070986634,-0.07954046429280709
299.45510308799635,299.03509387231065,402.51139560493027,-6.169604027519224
447.43782185402506,453.32735468696086,452.5386854575679,0.7245111089567684
363.07650917398325,368.70604357582533,369.69969744386907,-0.34638266015772046
299.8512432464335,300.12299069057593,300.1201617044484,0.05009677521796618
326.8461679180148,325.5827522327633,329.0955961943226,-0.13227651199831655
321.0051297199937,320.8407352948097,324.23959467876836,-0.17157361476340158
314.10697321835005,316.4965277426509,318.5620844099703,-0.2349620219094675
310.28470722265814,311.96751215467026,312.78496931911803,-0.1054646138713912
307.807477352495,306.72842204697497,310.96165248065824,-0.16424788672519414
303.9271539828381,306.09687105462314,309.20149429066925,-0.28491866718823705
303.823230889763,305.3545882715384,306.7355817062525,-0.12199764591105805
299.7184981697858,306.9316230834716,304.4495671692103,-0.25474063180057555
301.0449851029513,303.4657942688155,302.81727738104115,-0.05902684669114763
302.66783123533327,302.98519579702327,305.0918331492256,-0.12771719205263993
303.11902098254336,299.5946043381493,301.8556630372677,0.10004149585546429
301.6227553643687,303.2617895411397,300.81070319392325,0.03608955077396957
300.11872179875616,298.23030277484224,301.31267732664423,-0.07975785337773914
301.4735129407255,300.4214168327767,302.40907755165136,-0.044194321376669454
302.1596997214708,300.4093718763267,308.9523167601523,-0.39820137621163154
300.2601654144282,300.8464072112638,302.17515663022317,-0.04697330256088492
297.840043128747,303.38820959545626,300.2986413031078,-0.12836597830369556
300.0382560698186,299.67632517510594,298.6705936770627,0.10664572530896181
301.31655530092274,300.2507560450118,349.5511523883652,-2.907752449174107
321.46631777958413,321.7633157993954,323.3739013985748,0.36789095373498526
316.512775655624,317.10577517603963,321.1022780397914,-0.2562943068601351
312.33569973623645,310.648098184721,315.69595937943063,-0.1557205547499774
308.7319719652852,306.4643354558075,309.20619945805475,0.005148946865768379
305.07935714120725,304.4722477776199,306.66643392534786,-0.0904823321207408
300.3155080022683,301.98281002068603,301.63909769516647,-0.06354461373248399
302.81540526995326,299.6424784387725,299.61950133814884,0.2049901328372471
298.818942764833,299.1242827369305,304.1504968587435,-0.35185228495267323
300.04109706980955,299.23997242513923,302.87984030910485,-0.11700905341861302
300.78943582600584,300.1916331250982,567.3120409621819,-15.96296887577761
622.763041311583,630.9578597320697,637.9970317501982,1.751186625044852
443.0158819825244,452.38085078102336,458.97788351393865,-0.8053801874987051
299.32755044666885,298.9771863377536,301.97408640152685,0.000827858022663025
361.7929569382742,367.0845460065699,373.6870720935712,-0.687181549769241
309.7937674510607,314.7288612247157,322.13654611756317,-0.6216255684371771
300.87850211830454,301.47362548722054,298.80613970659607,0.24776953136753263
298.1839789050675,301.2509201844284,300.03289789824277,-0.13165876370760204
300.14723559393934,299.01052465729936,297.72139011533534,0.1640399186479931
307.999686501066,310.3481130158814,314.6521358956501,-0.4234054184610858
305.2825871897411,306.4132343610482,310.45580263731,-0.2438684329082935
306.5803886621718,304.2870852965819,306.52180785341034,0.05524700300137681
302.28648250063736,302.93737404223975,305.71841295721686,-0.20650163548238426
301.6253183181757,304.8568821307915,306.7406026437349,-0.2725977549677589
300.0747779452356,300.92619475880804,303.82604124681075,-0.17392295483891587
300.8688581731187,302.093025697089,305.12841581175206,-0.218060825302249
298.716070670137,300.1999629689103,303.4599914730704,-0.2420396717896682
301.15233724816324,303.8860403008314,302.14055857469765,-0.011854071562731293
300.9340198477272,299.74095702693796,301.15630924991706,-0.003455150866047348
299.19091748320324,301.0829447045527,301.37630023009484,-0.12890007079159774
299.759202865596,301.59662160931765,300.46053631432295,-0.020226179454699608
300.7099840964413,300.1865749201665,299.83247216019805,0.0596640506618644
302.2417205358805,298.4648327024056,300.54794011066485,0.09285170615050732
298.4323838384193,301.17538799850564,299.98387652929244,-0.11002736570454545
299.9860498352718,300.7037378404367,300.9256735763048,-0.04086249755324957
298.7168631385725,301.36351936202266,300.59590101708096,-0.10334603530017887
302.6104007484565,299.092186565804,302.0133272961188,0.05461478592534832
300.63492600293534,300.11719547077746,299.7445716331868,0.04745052766153492
299.8733506737024,300.1592041158062,297.8577955226017,0.11202976536855828
299.6454882837147,301.062955260252,300.13184130533506,-0.04933673280822802
299.33726519926273,301.6246091324888,298.83203272773824,0.035177478507673075
298.7062435473747,300.9832922520096,301.4317446309156,-0.16858238972769926
300.9564844784001,297.75287848792027,299.8536143544525,0.0934272182722674
299.88011006324007,297.58756180957687,301.1772724445822,-0.08885844412000268
299.8936213596799,300.45045239211964,299.09549451168016,0.060859234693406275
299.3036342416195,299.77402917503855,301.11843765039714,-0.11686947300665737
302.2174883147383,297.64964907212436,298.63481946515253,0.23310816506292384
299.96257018181655,298.92892818715194,298.16838029193195,0.07182470489721765
297.9109769390423,301.9652162663041,343.8802586513358,-2.7760988016364547
309.3617847590757,310.35094954800024,312.0605113191455,0.2977692235187459
307.88733109359026,306.9925096193065,309.98576901272577,-0.09891900954743223
307.49896599801315,305.482025005853,306.5156079739648,0.07998586063425649
305.3757484059462,304.54378437524247,325.73069016347506,-1.2311300856922163
303.1083544332966,302.8364968627895,302.8135739057238,0.22123624922965748
300.6655377710688,301.54250836064784,305.92798465076686,-0.3186946180576126
300.1786798526168,301.62919181884826,302.2773109018166,-0.07329339415500442
301.6819525454501,300.48100075407024,366.35728175830974,-3.8595334422795817
300.6348827585459,301.5141292607692,301.368021020402,0.6027649964172315
299.44081584128753,301.5301012926355,301.2410810250778,-0.10068452840885471
301.20167829282826,302.561119629338,301.32906953499014,0.010359177308189943
299.6716101754216,300.8456773108604,300.0589021520002,-0.021963606173096083
301.0183797444889,300.34767041637105,298.5183232025978,0.15387631227925339
310.8062034486044,310.1407776814231,312.968963661548,-0.1547661781955287
309.22231093213236,307.48557694614925,313.4484876843996,-0.23194300300659793
307.53446129840773,305.9517175249568,307.4771245785582,0.045701970713645894
300.6329880740715,303.77552820449256,328.44965013352845,-1.669573090765914
302.321443995384,303.0233914068551,306.64845525346084,0.018545945109960382
299.8603670641185,303.02846800510736,306.13853163172485,-0.3334197614756113
302.42643551070137,301.1782631442514,303.85623289904277,-0.02300619762442068
299.9200407845069,300.6141630627762,301.2732177218106,-0.0668926423548089
297.9319549704623,300.03102920288165,302.16894111260785,-0.2406873991556961
300.02206269884147,301.0804766784304,300.83020627159607,-0.006118752943820596
297.7627447952477,299.1419074660849,500.22958424754705,-12.139928931410413
300.90595252856446,301.524000612358,302.22176738920217,1.9457195028847305
298.3625021215266,299.7208431440353,299.3018243208139,-0.043201183350863634
299.9035069630303,299.0963274410046,299.029109615721,0.061857062831431345
324.4004453825556,325.5324250098355,328.8659368035085,-0.27667345873026705
297.31079419252956,299.8674824251492,301.04707485007674,-0.17952192524330202
298.2037895475259,300.31932700665203,299.9947333211544,-0.07009381984223809
341.3946293620357,343.2268584631356,345.1893067572541,-0.20977120597681903
332.97236610891366,335.58697664481474,335.72887371262834,-0.12744368227069686
326.66152814498474,326.2568963219676,328.429104662002,-0.07848951498388715
320.7437754903356,321.5071222347612,321.70030969351103,-0.03971628702035219
315.92381096419126,317.26788544336654,317.4071241649993,-0.07943345001672754
314.5534936836921,314.2718336063392,313.7729342075463,0.06166670057682894
311.0901982126126,311.8369588045479,310.44743565732654,0.03076015855570688
310.08599794580454,308.2097273331768,308.3968057636267,0.09492390537781091
309.0854362368138,308.58378796798183,307.6118596749296,0.0715226718912743
307.7025819505682,307.14813227021233,306.2368237749731,0.07320972491686122
305.173618648577,305.3740265009704,347.51542303058693,-2.5551658446765453
303.3982303853959,305.1162963665811,304.7601222934829,0.3417045293348798
298.6426710293705,298.7776326042543,299.3122457580606,-0.026555564640537457
301.11093728959935,300.41580907800517,299.3106939006357,0.11471035062471857
302.96695016596686,298.7773977111698,300.132980190471,0.15203576464011462
299.15288319263504,297.7415420782655,361.34570964034776,-3.759909286617722
350.9127953393494,353.6342961964834,356.07834777228254,0.3119951185011371
341.03810121934526,340.50992462725884,344.00929076384205,-0.12661584834047518
331.60617326955526,332.1091850621049,332.3990290595836,-0.017859451956732643
317.97166599097847,319.9290026997059,322.23454129364984,-0.24784396025999914
309.66104385649777,310.44175907259245,311.3709046356019,-0.059962893719534234
302.16362015075333,301.8968985341839,303.6443424767999,-0.07174473177175401
301.2202280343035,298.84627698137217,299.98562132405766,0.08888362587521556
301.42644341800406,299.2912850599726,299.7359391474061,0.08908418913341906
299.012153728372,299.88958337340085,299.6418047324008,-0.05468410294770422
298.839461403384,300.72772931930206,300.9884418919441,-0.12264231927331765
300.4035346011178,298.6003458038114,300.5100690410512,0.015097738489596963
299.23694722207784,299.64955443769145,334.7185416841262,-2.127830323323567
300.8361674306727,300.9476780391696,305.2330333544955,0.09100398919111458
299.51896843827376,300.35387783729846,302.8854764380384,-0.15802182074764914
299.694038879056,299.1002467309061,300.61142036684686,-0.021377809269805537
301.0511308284724,301.2308655264945,299.215116918389,0.11933464948291317
300.79067392870064,301.7261139951108,300.23342081126316,0.015075047945414897
300.6114874633883,300.1744188516084,300.389784054691,0.007729673347462836
298.0147269577303,300.35640287924315,315.8517649913189,-1.0724393161022863
300.3731872594898,297.4025310825442,299.3704407587462,0.23853517038049973
302.01205120718777,299.00850652441187,300.49338618725807,0.08109243618834626
301.1884898769976,300.9362402514836,300.54053611405675,0.023690575577154503
298.8778014830388,300.4891072021363,314.1973783657348,-0.9256541505911668
301.4725777208511,302.3520251795591,299.1637998883828,0.2917224387750582
299.5148970581219,300.57229968638114,299.4555943451965,-0.01952961554915987
299.3492890543109,300.68738156556606,541.948384863587,-14.556538775685821
300.4064767215496,302.6522403456416,303.718471483491,2.227271272376278
298.9145558486364,300.6696256562716,299.73992077921554,-0.01640194821533555
298.9630976087236,299.93072242100874,302.2196489150956,-0.1871394290765278
327.1911466243661,330.5116494419896,333.89886988480094,-0.3698978825623693
298.91201594661385,301.42292211289504,299.5436509873725,0.02917913015883073
300.3123278490979,298.30754684865116,300.24104742513765,0.010593175845202724
348.14309202994696,349.02320481832805,350.72355481176055,-0.1555405711484184
338.779322889209,341.16713343779975,339.90742271252583,-0.04188136158087219
330.78606791638543,330.9611643239177,331.3031689116762,-0.019745061484278494
326.8321704430399,324.5167537181971,324.9587460613697,0.11757647285311919
319.8868570824369,318.93836468369994,321.644435104607,-0.12418892514690755
317.41465511683907,313.4254634213388,317.4756475690691,0.013916233087898605
312.52981470537594,313.41871011418783,313.63835126221153,-0.0659022688878349
309.9405889810707,310.93013928508725,310.86652190219695,-0.044470609699220634
308.6876055166303,309.88907823013596,310.01472900693307,-0.0703680802069033
306.135236032693,308.20788270760283,306.4272798732261,-0.004251395528958143
303.96281956215626,304.1970638269757,306.00150332500135,-0.1194005873653748
303.1755397916838,301.41597758671105,302.03180409565294,0.08901097939030081
305.8008000937031,304.9787324163036,304.16217693807596,0.08688003237732118
302.36452742836394,303.0515352724885,301.5440716572913,0.032841114708087954
298.00230304792814,299.9539911188194,303.1254142860095,-0.3155912319956093
300.4075556240957,299.01996155844665,300.8541519748287,0.02443533133683445
300.91572110735297,300.1412828108755,298.8959877922954,0.12564996241078463
300.0562683734892,299.8922741590352,299.1829237338123,0.03220334523003998
299.8527065009138,301.7231330272018,315.72218863408966,-0.9609023743873195
298.6484098019243,302.47944884619665,299.88897609944485,0.08426084348052484
301.9293788978059,302.6603923907149,299.81416243273895,0.13931865087922346
299.3569873258016,298.69648763623064,555.3558386142166,-15.381083241955574
609.6453795097005,616.9603876121917,628.1387121944165,1.4503885518011943
433.54591822200695,442.1232381179305,446.744342435561,-0.6069721259660844
300.01690831536075,298.3034638437116,299.0004351166507,0.1929726340581442
349.6941076039243,353.856694496076,360.6521012680787,-0.6676443518363647
300.5144678461579,299.5277667301446,305.3174230051696,-0.17859737289915645
299.05353972576904,301.25596703207486,301.26797053065235,-0.08483629670288168
298.8851972717654,303.4972174890074,302.572142837103,-0.19907242587142435
300.5192877832674,304.02141489890886,305.2560213765418,-0.24733455994308998
300.33657420762336,302.55151381432387,301.3807400934659,-0.01528261721780666
296.89131436227507,301.2965132684661,303.59168694890917,-0.391580696339621
299.65518625801116,299.8970858865663,303.0305698187714,-0.13551928777927516
300.7066082701468,300.91155764179354,302.4367237454835,-0.0700530929126012
300.4595058162739,300.92542763083026,301.4889128877432,-0.04446326953478945
299.2796879973091,299.9213511513577,303.504443117012,-0.24319123646747984
301.00968733053685,300.60208600627004,300.77324759552664,0.056433935297641256
298.3165512053227,301.05203930299723,300.99243872271256,-0.16291764839349412
300.69605991146926,300.00915080375694,299.52557683669454,0.09698785966038202
297.2105066134821,298.63312016687547,302.50271219929186,-0.32923716589633334
298.4545509401433,299.37840473629547,300.1043873710375,-0.04606812999555416
301.0516240138157,299.9817428083207,299.84754028460696,0.08874338806146512
300.8310223783931,299.63072925049084,301.5498976608585,-0.05517335424001317
300.7076461928424,300.1648824080755,296.5674834295191,0.25559851862405253
300.0172808627024,300.6631464784789,300.09317077511975,-0.045955022378272474
298.50440471634295,300.36575940687004,300.1950930421325,-0.10068240042319986
300.8451543417105,299.4566085427826,300.2105995794416,0.05498016899403069
299.7324413995283,301.1297573636182,300.13801371048106,-0.03067988627985585
298.65528257832966,301.66324809073967,300.69346936835626,-0.11823548429206825
300.47788073080943,299.0319722291646,301.33162735312186,-0.030842929438479706
300.09152497610893,301.06562485379243,299.7879252454683,0.026753450061563627
299.3972776221062,300.56787483467997,300.42521846470106,-0.0647124478620998
299.7055243511758,301.1155477048793,300.9488082309955,-0.06431762436323141
298.3849567375328,299.86026270235374,296.16317240255006,0.1457398988971596
298.72506999861054,299.08475731022054,302.63321979986716,-0.25670683142522477
298.1887857641338,298.8646347103475,298.55592255546634,0.017053290532613802
300.85240588429775,301.1013703980194,300.55059588811304,0.02177996768440835
298.1395647585015,300.00533659565343,301.17692343167926,-0.18525962035251384
300.08254462277455,299.9217920660837,299.9492133875602,0.03837346084464002
298.5198879365593,300.57667295943173,299.9380754062351,-0.08642456053269086
300.5999841857695,300.4780143828405,298.63186291057707,0.13226915120830202
301.7283406659236,300.65363536222117,298.6019201096875,0.16790402062224188
300.8205322292099,299.8646587474826,300.42301511533435,-0.007413178729827906
299.2415733935097,299.99662986373835,298.98760461922916,0.011262955318078412
298.1941185085444,300.8893215095775,299.95570983984766,-0.10823516762099986
300.4818706901516,300.7253778829963,300.6097999073717,0.00994016027982468
300.7464700879552,298.5313444297847,298.16443539510635,0.1562013737431306
299.3013469160201,299.23607731033223,300.8752297122884,-0.12025331470458411
301.7184570998375,302.27960741134734,298.46245611879567,0.21109888682519284
300.76058184195296,300.192929568887,300.5104548883993,-0.017552392597198718
300.0229363354789,299.26012348252056,299.8093953164275,0.010311191607545993
300.3222982118913,301.80878658133054,300.32829116527705,-0.00249498739366004
298.2375191697142,301.4387851545967,300.8065190961302,-0.15408006605110472
299.04396241091325,300.3590876097176,301.741787090239,-0.13617948149538278
302.1236193583493,298.7325315267012,301.1203353195759,0.08717528911966213
299.3827854398471,299.02291592557583,301.1559464949336,-0.11642250369292187
301.5949751185672,298.37786593766066,298.97318664378014,0.1750389190380895
300.2385638067948,299.14429327145086,608.419839757922,-18.5170944418155
613.7158347205573,622.2926090274473,631.1104985307084,2.038132930902207
436.0683551450075,441.3898334196318,451.0488231128214,-0.7248814399673246
301.71316662349705,301.11248018514766,299.6410142293492,0.2741338233270102
353.759133636918,358.8812007731681,362.39904853819553,-0.5391164180181289
299.3466436407067,305.4200320842091,308.96278967941265,-0.4905696133095819
301.0044315269865,301.8082916848517,299.2604037336857,0.2008031279851076
301.2090005901318,300.37737408371305,298.8441073505432,0.12445331644230692
300.2059120321701,300.94299012498084,300.74088818245065,-0.05574750141271921
308.8230319305207,312.5971223769824,311.72867853669356,-0.1689890348675664
309.5003399424911,309.3963519833935,310.7541269015643,-0.046170751482662246
307.67387469607723,306.11376347430104,307.14829160489603,0.04407285506160406
303.5552612066765,302.9410523010483,307.1747744416169,-0.2224266250082343
305.0002971038775,304.26196471080857,306.00132393372587,-0.02386647744150025
303.061153848303,304.51211349747916,304.3906500615509,-0.06975950449639129
302.4013667719435,302.50671026093255,303.5377130944077,-0.0548858172153723
301.9763024044621,299.5660212583324,304.05314029835796,-0.11324681040910947
303.39396261996336,304.37294750519493,303.36669188419825,0.022404623084865422
300.6685277280157,301.8099914031515,302.5944005527433,-0.11582507684130747
301.879961454832,301.4092839311926,302.31018062067955,-0.006554421703575031
300.14711136631973,301.84591166626035,303.087224385017,-0.17210458946336132
300.290184860257,300.27312225154515,300.7665306696475,0.0008203816235413768
298.90692526644045,299.3089312305885,298.4147137840906,0.03429614703489506
300.95998831342905,301.46064114080474,299.26975961683473,0.09649160697216076
299.0123567620685,300.95350881874737,299.09751445166347,-0.022011748341640214
299.00288366358996,299.91159125229126,299.92739297644016,-0.05461898187506279
300.7414386942859,298.11332611870455,299.3287453690486,0.09400669264273916
300.33437543916017,299.1315704088231,300.1590191156521,-0.0036055538418878538
300.4791141921234,298.30345252394244,541.9581202834622,-14.490493928715411
615.6223370762843,622.7859846690919,633.7923742516842,1.3245878303893943
438.3287632832042,447.73096581947954,448.87237368458034,-0.45091625232857047
300.4010783195587,299.1177607901665,300.9065064581325,0.0751104156993307
353.20681052878206,357.64938626642316,362.2835805914172,-0.5395519223723705
303.6739086605872,305.8485082730454,309.23527231516164,-0.24291411864811555
301.3386392249214,300.78139858147927,296.8717331188641,0.32362800290918303
299.8506668963439,299.6397584133183,300.8008455566221,-0.10167978067726494
300.2519796836087,299.74670570827067,296.8083694909408,0.21611839816285625
310.85976449734693,309.17852675886735,311.4407614242108,-0.0692959175385107
307.3602407637064,308.4448123527147,309.66384950374277,-0.13240655513354513
306.2364155726004,307.11368352544906,307.5399727824098,-0.05517734518820078
305.18052192754567,306.5155155539831,307.252992445613,-0.11131265898594678
305.88522170009605,303.91605984219683,302.84858637656987,0.20292282459224453
301.7209806595539,301.20662931112884,306.69714243420543,-0.32893605971435363
301.7098584580913,302.69176821570096,304.45704657149975,-0.11506966905799287
302.3715853361008,303.0574469096955,302.29304948660734,0.03218403210369161
299.8280271439902,302.79885205966957,301.9640513950836,-0.12894681356053697
300.8341897048115,303.2765595085299,300.9383601285656,0.015110017085686989
301.7547761834371,302.7672618103665,300.5383263221882,0.07402869591247623
300.89937691477996,302.55015564112836,301.3611950655119,-0.039873587656404086
301.01736854085084,301.8206443108366,302.2133266875672,-0.06713930729566187
299.74374406948505,300.9678523138934,299.82201859925306,0.007263109681082938
298.4880005317294,299.3171161557668,298.66216674489925,-0.009667227492509483
300.0457588258464,299.50884092359394,764.1453906494895,-27.84423624728689
619.1026536056362,634.5200303117068,638.2225254015618,3.4938040104808934
442.51760944346296,455.38930017095566,459.7886767887166,-0.8450653227559621
301.25805158117237,300.8958162862335,299.22637185704934,0.29461145689991786
338.11589979028736,342.8933650906353,347.19224978633235,-0.5648977970039301
299.11001480130085,299.70879189875654,299.7664069804318,0.05137996921259401
301.2997026592271,298.98469311879626,299.68983493850874,0.10315598503440981
300.2185592304218,299.1720565148225,301.07082731940955,-0.06723476254644709
298.6453825999088,300.5902664466077,301.4503065492264,-0.1597727560691777
299.7194246277102,300.57786636664156,303.18387452655526,-0.1798177544375261
300.5905878132791,301.972716486075,301.7439026063781,-0.03455438859748711
300.1507483698755,302.08468463521615,300.61046710317345,-0.016049976066888124
301.1032549741576,302.84054245297745,301.06609435300163,0.006826824602338207
301.45967443440236,300.5240370936493,301.5613489713236,-0.0064720784268331505
300.02696706447,300.1960698114337,300.3863567961116,-0.020546638529284567
300.79631606141567,302.73877375431465,301.5200808148126,-0.039831987887400826
301.5337925979479,300.958315981977,300.4097028044167,0.07468303514584136
299.29998709547937,299.3472051976193,301.1706602487447,-0.12348128713123174
300.1865873667166,301.5924323237273,303.0049234367172,-0.15039343266738342
299.66445168426094,303.00049084399416,299.8199985142773,0.01885055089902437
301.8490068826665,300.58976961826284,300.13738133499584,0.10425300116040434
301.80778576909563,300.42464867883865,302.996197346167,-0.08842095010098774
301.6854397036435,301.0580928748289,303.0801244915866,-0.07179697150587289
301.1259656947771,301.4515707243338,299.6132656687737,0.10470884943963597
301.10435368448174,300.4682871713771,299.0868834591083,0.10592121326237078
298.19196769039496,300.9243001866288,297.92584826028406,-0.0042075364470798605
299.1692441626195,298.20572080266464,299.4544649269658,-0.019774440161884854
300.07786160232297,300.0933603178864,298.69414549366934,0.08587517416268042
299.2212764611825,300.5201702025725,300.6832745773532,-0.10155704805677601
301.45371556726997,299.42204301105454,300.4688762103245,0.07371034257843576
301.4694939962714,300.63978886809224,300.0794582181771,0.07355375311620492
300.1162705528768,301.8299225186412,300.4103722306304,-0.03154645844615857
300.2705503823253,299.1459113476624,301.5692755768816,-0.07498249489583941
300.97116079969726,298.2684744170896,299.5529474735498,0.09808005151440967
300.48508473162263,300.243087181338,298.7353166223894,0.0908039532925193
301.58583111719554,299.9708419985962,298.8030687366454,0.14946806174067603
300.2891959641493,298.40691351758096,300.26730516389233,-0.026514175790082393
298.64668280386195,300.8032231076307,297.8711990315271,0.046310118337520405
297.83769426997844,300.90159309485307,300.4509154525232,-0.1645481086760333
301.07896412644794,300.99490462151067,298.5477996116824,0.17800208271137877
300.84543939518227,298.2665307946867,300.7033539563148,-0.01678651881560711
301.024531299005,299.28047256163586,763.1419727973456,-27.72846734428911
618.9760923851558,624.8878835572599,635.2829916030639,3.642760461908917
438.46601289334205,443.7389251508886,451.96216912392583,-0.6467003816559452
299.59990958190235,300.7698279545262,299.8019571588962,0.12283870768620773
329.9151843291674,333.24388132467135,338.13601976406,-0.4912296503236172
299.4528937266618,301.37316229577783,301.1892977947865,-0.021975889738557727
301.9393713990928,298.916572685618,301.1829352299681,0.06275021082872911
301.166400117743,300.2575214363719,299.24981205931357,0.10743092181452028
316.6119286654075,317.8132723354759,318.4713338869198,-0.13073019387503282
312.2200054017657,314.7732964723963,316.4856049672031,-0.2373419217111183
309.92198268416087,310.2300203363713,312.29326391455,-0.09962087816897339
306.7906832638749,312.21967661130344,307.0435688919457,0.008539674619641459
306.1895116930307,306.66930249310826,308.1988446957033,-0.11803112387964973
306.0916419251015,304.1504961701331,305.9495514494757,0.028618758564275596
301.9631360080894,306.2273815785429,305.80055880607483,-0.23166627263538375
306.2515165271094,303.2188537581744,305.06551908406516,0.10953407456250887
302.4032891644801,302.19327175567315,304.58615103387683,-0.14283168659424633
304.8231763998975,304.0194701761991,303.56633901645995,0.09723886170021899
303.1075353730711,302.1415572449164,303.8960760151326,-0.05988081235806817
300.8039375640146,303.2775374052724,301.9536729051451,-0.06109871404721503
300.1714885886157,301.9276846377892,302.35443823524605,-0.11947962538651496
301.6407136643156,302.7203478442373,304.26046996134414,-0.13535588135540766
302.22713575180774,299.66747465408395,300.73369377750697,0.11580408142833107
300.0410658100614,300.2189170196347,300.0342596742606,-0.01452605159496045
298.11261070646486,299.6938753453138,298.30911900372485,-0.011858559193606767
301.8642501513261,299.86332239460063,299.565978020657,0.13986141081274525
301.2483957375099,298.0396302214064,298.1600680420749,0.16231694041940897
300.46742596325475,300.627742732049,301.1286609287856,-0.07055737488620195
299.59856515737334,298.31024431233834,299.1580748488615,0.03304176816602081
299.1104454865647,299.3999085863527,302.14841084557185,-0.18668282462554828
299.6780449046958,299.04544282820274,299.6460653287377,0.03229842814755955
299.7728455555684,299.51501852313265,298.90555827833987,0.05171744087412947
297.482109636728,295.93354549668925,298.83062147785995,-0.0895835832402014
301.9676307615651,300.60374824686403,300.4728299113009,0.10317316942717128
300.6540801817425,300.00449522132044,299.47803269399503,0.05561484076220438
299.0431536920537,300.3004929791206,299.5378388504939,-0.041441584383888425
299.7876474992362,297.47589708470383,299.2771620192039,0.03557598038633955
299.86302022675665,300.9755003616584,299.67495999918043,0.006178758854250078
301.2458620148132,299.73834321297164,299.9912494683548,0.07339615051174292
301.5850942014391,301.20415192478697,300.02793992424756,0.08088313116690928
300.62850746369037,298.431256787284,299.55576880901236,0.04879277650876475
302.3133707471694,299.9219389416547,298.2664067996375,0.2320904503051361
299.82475499361135,299.29133143187124,299.30218378445704,-0.009115366926060915
300.7415879397201,300.71766470920477,299.4392315650181,0.07291567039057781
299.728846167142,298.487640470714,301.026892867716,-0.09090636578145962
301.71367043795397,300.6097844331509,297.59449007698595,0.2601312886638209
300.6390355242275,299.77947580753147,301.00729920169374,-0.0632876242576549
299.04799163560125,301.82567703812754,300.5894474803155,-0.08880471390819424
301.7174240819791,300.6402785087836,300.4099657057256,0.09386206102235406
302.19226517266446,299.5865265429468,299.01425959503086,0.1776057508954807
299.7906401811305,302.168419407236,302.2757496823129,-0.18088662584727785
302.05272551142275,298.1558545780023,301.3095869153711,0.06943941077492355
300.24334716464455,298.78657154612125,299.805741906949,0.018824929501217297
301.02736863613273,300.15668402837565,298.8511275430134,0.12619841301020587
299.5528416163718,300.3529536517565,300.1971207875093,-0.06041916119944347
300.1588289551339,298.0811201519881,301.1593469081186,-0.05358828546770667
298.4620636356247,299.7684102745666,300.1738948965787,-0.09270469612739304
299.44007977736004,298.5001488647678,298.68643075964064,0.06233725367270381
298.4671381556659,300.664681931731,301.4533669522126,-0.18671021796999582
298.1844756837776,299.0435914784831,301.88176294227867,-0.19197494754459854
298.18295790256667,301.96373420825773,298.9202683453913,-0.007265753984468118
300.2217819496842,299.6165922164045,299.32449406453213,0.06121037753737142
298.0132873162532,299.8979373897361,299.79166687979125,-0.11567565266380485
300.1240938203774,299.2680826418721,300.14756536568456,0.016375502916952767
301.78909016855187,299.15662425979644,299.6757590076853,0.12703458510506438
300.983767772531,302.07684580297274,301.39624448939253,-0.045881914620357525
300.07211418836874,300.9146737904804,298.65876000973526,0.08892601788662433
297.99808231414374,299.83910174291765,299.53573272589944,-0.10639256649167636
301.0785029084739,299.3731945906165,300.5337235732309,0.048063264232139885
300.30902645303064,300.1220559410517,300.57518492634483,-0.021417301751282026
300.1943580924025,301.0658951039807,300.1814011406821,0.0034390018363666284
298.45738481344034,298.3316227405901,301.9049885387806,-0.2069857930376179
300.2804196418185,299.87138460452877,298.2626136845938,0.15554439468688486
300.3970952434822,300.9494513643404,301.0109794417444,-0.05701111146797644
298.5561917300111,302.0237186853206,301.69441518184715,-0.18215456512754089
298.6484159702893,299.4259828451259,298.68487900541226,0.029194452410983448
301.33685336333264,299.66681116629127,300.04372921329235,0.07795207935364659
298.6800492869767,300.7909306015656,298.99112412932357,-0.0315957320412133
300.12339902949327,301.0203876028006,299.47009731809504,0.0423088511073621
298.8393401351624,301.5549642771115,299.12053806556764,-0.023404892938297624
300.8696402693851,300.7237080058343,299.2070433378021,0.1025677951990349
300.8928062509547,300.2213937311998,300.02248338781766,0.03559340247239334
300.9656436886421,299.54557986754946,299.4894646006735,0.07986751664674557
299.6103109871642,302.85682741022157,299.89474986832016,-0.031828123749043015
300.3757046943631,298.7597598634226,300.64602514159753,-0.01337483802250688
303.69481682983843,298.8861570371929,302.0688379776324,0.10026193560470462
298.9595267927289,299.7120750229359,299.40768308511105,-0.043149166064987414
300.3496271272986,299.24020075926364,300.1020711822388,0.019334919627411865
301.25801550033975,299.3907641832672,299.8425451012881,0.08245266449249926
300.03962891433434,298.71042061222437,300.5800483430668,-0.046579869714462346
302.304600246759,301.5884297541738,301.6094957894823,0.04711046172392458
299.86799328725584,299.6579921323741,299.6799095045311,0.004333982390717211
300.7624880587568,297.4738891016692,300.2557687248384,0.02852232220785652
299.3205571421501,299.3328149290876,299.55762316113976,-0.019291154478563045
299.46184004627173,298.8874642403623,299.67329470191413,-0.01031661914864742
299.39864703275157,301.00182658901787,301.00475676857747,-0.09425203759312979
299.42619169567485,300.436296220524,297.9112385867175,0.10695828389569956
299.64695970470285,301.7393938314763,299.40013678842695,-0.0003401561130192462
299.0450069116155,300.42963268614744,298.1238485385593,0.05280127322061219
300.99496310072607,299.7387935994789,300.8510629699726,-0.0005775758853530984
301.1669937105891,299.8711298374342,298.02818401721385,0.18688958029498112
300.4993637047168,298.49413509395447,300.4594480835566,-0.02899315966413951
300.4170537967705,298.33022007497055,298.8215898676243,0.09532867953717016
300.6821775452892,299.8213408541794,299.8379418760543,0.03469950086263396
297.9801608962479,300.46279212650774,298.1205673021743,-0.01686674104793326
300.46399086342836,301.3109426931222,301.91905065775416,-0.08589952360028348
298.50540991586786,300.37365859263355,299.44935499623506,-0.04208610687877411
298.62023280581195,301.07970245470614,297.5042141296705,0.0764005713721582
300.40874128202586,299.0630004633206,301.54564925157126,-0.07937466493413865
301.8199029665377,299.39892755403525,300.2660253377228,0.10460173742434906
299.4863144222402,301.80688725667363,299.70938974827715,-0.02892329585036691
301.1795439987218,299.89122188552295,300.24635041232125,0.0582223684444017
303.27048387682436,300.6923195220148,301.12499523569977,0.11939738260346985
299.00192268349974,300.8061652415876,299.92970531312636,-0.07712184418884306
299.1219701236753,299.852623054787,300.71362224632736,-0.08622130106285851
300.2773594956789,300.582373670352,300.5480992259233,-0.00032786258814155624
297.3850920790526,299.051754084231,297.97369771374014,-0.032608940778809485
299.73475573576815,300.49950473931324,297.7183622404318,0.1268696660670554
300.6600107016663,299.7031501899579,299.2959951752072,0.06167699663418091
300.02622930178444,298.96767968257944,300.4286139462863,-0.03778323393470259
298.29619029130646,300.81230262782225,300.3862208438083,-0.12137798670509199
300.0257462583875,300.66831596310084,300.41932919361506,-0.0027146705886332244
299.1519745138457,299.58811578283473,300.51138738789047,-0.07762894309041143
301.63750387837587,298.48445027862175,300.1302911963501,0.10402688966199548
300.2595834500378,298.4836481587814,300.76421002656264,-0.04534972141174933
299.33004523316436,300.77944072067777,300.24711888846593,-0.049978153552846155
298.6934701032887,298.1819213161088,300.45521072761034,-0.09653370090628301
299.97953234340724,300.71910411648264,299.2484954509361,0.061479619791484766
300.8157828522197,300.22833351087615,297.47299769158235,0.19325674071352864
299.26567985382724,299.6753104366385,300.5411322208615,-0.10995499362843078
299.4020699757203,299.78567330002505,301.06956596314564,-0.08729523557517838
397.2957395798328,299.99952114317875,300.9691402462433,5.796270919889625
437.8166768247713,439.4169919154025,436.23375935705184,-0.8682909452727262
363.58387449086194,361.5499430065217,358.9507829631516,0.26215631698542613
300.6378873245122,301.52909682970034,299.5450380783333,0.019240039493630554
300.7590523410064,300.2293091565454,298.4313523335342,0.12873350798654146
297.57795912354334,301.00869957552624,300.04277009721926,-0.17116565849527718
300.69688838833406,298.5907775448478,298.77341133227964,0.14005673310002464
298.7172352642564,299.73795246701,299.19726476268426,-0.048036540466217165
301.7549267567884,299.6649796253729,298.5736147922015,0.19567901285949177
298.3820443321818,301.35481584795826,299.9671071057786,-0.12691688606167703
299.6731697596799,299.1585164555232,301.4788515657503,-0.09249028062825403
300.5279875498887,299.5628107586223,299.1844665812677,0.09866807617796156
299.3802765448131,299.70883558554635,301.42770218813234,-0.1362807482853634
299.7607088229352,298.4182172079268,298.6769324237641,0.08550084038346085
299.4076598032619,299.5156341496035,299.30653042843477,-0.004770001502084823
301.3728032789612,301.34293286630503,298.51217535855363,0.17062638147618375
300.6784508912365,300.76552213176524,298.58786189330755,0.09682906067166015
300.6952208994801,300.5796342849267,299.2125964034857,0.06805157978037471
302.79835771740306,298.7021138523328,299.22674246682067,0.19947067007499983
299.92995174504375,301.17859872091486,300.4031693264626,-0.06410920739095502
299.1296775934894,299.53327521598624,299.41296716509345,-0.01226519848205328
298.18088190700877,299.92353209960004,299.99929873518766,-0.10627211397469352
299.29419552403505,303.0232355444958,300.33864736171586,-0.044482941979059665
298.69602988310686,299.95790151053666,300.5269767733648,-0.09941229503866965
301.64514636218655,296.79964193154683,299.8494238973101,0.1260528167951674
301.7749779342508,299.6437304893873,298.9657011494987,0.15059938243635884
300.94391213417737,299.73884175363315,299.7257745790067,0.04499548546271797
298.76962184822054,300.6846615862951,300.80629150565335,-0.13438155499767504
301.00398373911275,299.4830036520435,299.9141309973673,0.08575786107905572
302.08614713145454,300.1095110512032,299.7146626689146,0.13139054033494008
298.3769918922548,300.8237742068011,300.26375357019464,-0.13692054530178893
301.3153347898687,298.60716629770417,298.7657998916056,0.17183971067518544
300.39028178688545,299.8124593223389,299.2080619621868,0.04543784049928945
299.9071357295986,298.4857067682807,297.7370958341006,0.11838019548289368
299.8013705035381,301.1169728469002,300.74450207684026,-0.07828829335310844
300.59290047770304,297.56254414273474,300.67064264322147,0.004766785801915603
300.53752191076825,299.0649979191258,299.92929673851324,0.03727093199048454
299.48684020588917,299.63944788829116,300.25353429412155,-0.0520838970164931
300.0486127675835,298.49362152557507,299.7143968763373,0.0277198943570977
301.6310317116953,300.4430066386905,300.26525462764863,0.07860446613033786
300.8003202244875,299.74329691348436,299.44115110197924,0.06789237651002906
300.16037543798666,298.63979340754304,299.8286476223277,0.006311977714454428
298.48669999431684,298.68979191741676,299.9340473365548,-0.09015811869086633
300.2114288761609,298.782343890819,300.001845199669,0.027048494011892788
299.6098206858385,300.6955358511262,300.5739128437445,-0.05994136623927943
299.9301769561756,301.00789489005604,301.2734156678558,-0.07095340112174937
299.31401610929356,298.4222095540479,300.3311645650562,-0.04759652022895751
300.2899839901223,299.1379254085871,297.9808488705704,0.14871959173074117
301.92411551281475,301.36752171385626,300.52969823526007,0.06057368545776171
302.0881115576906,300.9736767421085,300.63760819166606,0.07308602918592441
298.2739558536262,300.1907799619077,298.9028190371191,-0.05223682466981984
301.27192021082,300.39932761126386,298.0634822224359,0.19879491113797543
300.5584341743054,300.37283369546884,298.910523719873,0.0667902473820999
298.0043980692104,300.14626753328866,300.3459121766103,-0.1569699509883151
299.38831058852446,299.0978506971119,301.5424738130237,-0.10583465239595682
301.0185962293603,299.9871390405356,299.26731765923665,0.1266183464524113
300.18098924419587,300.5229624867383,297.34359986249586,0.15273057720076394
301.8956101411144,299.17857615321174,299.7681496650677,0.09927373474580065
300.25694974289866,300.6372093730457,299.9299814622431,-0.001656507921134677
300.4542279043144,300.3582851848782,298.2372843068371,0.12974693304208074
300.29060966252166,298.3421172764705,299.8929040780462,0.001692899093756639
298.6401973733282,299.7096866418512,299.00886800444084,-0.026097293711513883
301.794406184379,297.839440491043,301.1095025845838,0.044780922298837136
300.3922248955614,300.7152570849341,300.4404952761423,-0.009745258832805918
300.2093445539439,300.042685890642,299.343069538831,0.05245920471258159
299.61545629416065,300.06770578004307,302.4824461065208,-0.1806821388927375
298.34143996437155,298.3746049739576,299.91075159209436,-0.06548879953976723
299.2418581082956,300.51212421274306,299.70055043899043,-0.011828423564460877
299.522017163162,298.2894745848627,302.3162273713484,-0.1630656891842375
299.27485758578996,301.1301180890079,302.27865527523426,-0.1522857592847936
300.86791919040854,298.94303858196963,298.272729409451,0.18574936375189452
300.33897182536464,299.50868011410535,298.7286142833717,0.07066955471000029
301.71218620777057,302.348408100689,300.9616276510636,0.028929937982487677
298.9386262083635,300.9146694855862,300.5066528628385,-0.10158718483557153
299.3456220821016,298.545149863929,300.2512858082023,-0.03865955702128986
299.7325062001606,299.9909711188969,299.9170458382017,-0.0020157410214585517
298.40761897287916,300.55613516785274,300.2604030962072,-0.10932165101927127
300.09740859686497,299.90458469407383,300.8402308980495,-0.026041496837793263
302.25246977221644,300.25412296412384,300.7543324708346,0.09731646109475718
300.6614750963794,299.7744851013129,301.89324083665616,-0.0888873174304257
301.60237743381526,300.37569433462426,300.88837051303705,0.055158072649460904
301.1413350105008,301.7563098063869,299.3332902484288,0.10134261651653959
299.11572809236196,300.3773716772976,300.38366623288744,-0.09415673605224867
301.0377616241126,299.99627738297494,298.4239079389464,0.1695106025152262
300.3246706805151,299.1993677101192,301.05862380412225,-0.0701757242680901
300.4417178373995,301.6240990122263,301.03685787947484,-0.028368871288449216
298.7772786956393,299.9852372351362,300.6169009680012,-0.10442593592095761
300.20123364668456,300.69049332836084,301.4250122469898,-0.055030493294696614
298.0978653758776,301.77974038410457,298.79914344737745,-0.029838898286939752
301.1197671956069,300.883141486689,301.15681647857633,0.004789823736834365
300.59445940185987,299.4876608510466,298.8150933246015,0.10713245746519648
299.3452563155626,301.09587248118044,302.34875169800216,-0.19800338371895693
298.6304083876592,299.9336352468241,299.18909025081854,-0.00348595796516463
300.3482823552584,300.7589213939683,298.63260883049446,0.1085272301174291
301.6840362351328,298.429872516691,300.64798376442997,0.04500641299453037
300.33211157410204,298.9678018603641,300.76328154247193,-0.03623072280922145
300.3816951863986,299.69907277774996,301.9661094473472,-0.09075315597321834
300.4893174002142,299.8778319428747,300.6162561622541,0.008227816887091422
301.65914410929383,301.2604010908946,299.3181086438649,0.14173151554613583
299.62685857123614,298.0955773689059,300.2178984390283,-0.058872746721820024
301.230290428942,299.53955511958856,299.0299988582561,0.13792789291907695
300.3244567688995,300.8652496606538,302.2126752857242,-0.13529602671633995
301.2129575034542,300.1096005477683,299.2079491111105,0.1391826887088695
301.5848026573146,299.35332546034596,301.10640863089606,0.008653557661674543
299.83324975896005,298.91713853538215,302.860984871913,-0.18644804704136164
298.78024565980684,298.8205188138121,301.2092795892793,-0.11546468463881696
299.28757275186973,300.86391400699523,300.13766306976726,-0.02671507977912711
301.28791885920856,302.43173669076435,299.43091122310386,0.11992136134525708
300.91636495286906,300.71996057216353,300.662894763608,-0.0033618650053830364
297.0999369888679,300.1551691460274,299.15971175383726,-0.12612118779077153
300.26103663626003,300.60605594811614,299.2123579517595,0.08351846871972612
302.0161387422516,301.57684978022246,300.59716198045356,0.07465181886287667
299.88345049260556,297.5749287342055,298.81402803988675,0.04997557954514832
300.38346138253814,299.2611980873398,298.306869771364,0.11390127214326015
299.0233985845185,299.042416770367,302.3799507833659,-0.22215904804258857
298.8447192461691,300.9075125495526,300.6241202953097,-0.07319854095995992
297.79859287889946,298.8340681392723,300.1819374833798,-0.12520666577741396
300.0607249492576,301.3701531620347,299.9685874487726,0.029361696073901274
300.8582730587224,299.63796132518615,298.89650892283856,0.11678447314817902
299.95982805373103,299.5986425408462,299.90003973577933,-0.016030342281736124
300.91213573306226,299.4992134315785,301.40928208509933,-0.03042666430174165
300.6085114165004,299.30398677676715,299.0646794374752,0.09760138226188189
298.777016582093,299.8529367569834,422.4992508866317,-7.438772378062577
511.0315095688895,516.1625051046173,518.0273234520096,0.8174735100581818
396.1290826053102,400.71443930020286,404.75306970558205,-0.44748108718511
298.9183247624258,299.28474285309454,300.32173087741614,0.00203550410329853
339.6744087000861,343.0062647420569,343.5459044100756,-0.21825568144946772
329.4049903240339,331.8526628168116,379.1788923716144,-2.9477191657549326
326.3192748574345,325.41422061480415,327.03085321148706,0.45504431923265093
298.8956564406945,299.03696847739974,301.10787229314263,-0.12561716760636274
300.20969780452424,299.382172781087,300.7850314018999,-0.012397857318059098
301.4202073890676,302.2591831398551,305.6818775849709,-0.24994687578043912
299.3974086650565,300.67673118261234,350.2663268765959,-3.00951839073333
299.2987218453496,300.2751518463415,303.6471866939053,0.2477812912020488
296.88222264721804,301.1651178807574,303.4395783907384,-0.34995669612566416
297.66183291504126,299.9947790272803,298.0511444020325,0.042214868215729666
301.48593169215474,301.12689802317607,300.0575684899156,0.08959490700426158
298.38311714822095,300.2789389984396,466.54146789722216,-10.103784676962464
299.0516215101837,298.09726498113207,301.1259397949674,1.5571244104029893
299.97649161913165,299.70739561926666,301.06898754160676,-0.044806572500669405
298.21285728309044,300.6662580717935,299.4688997942525,-0.06443759144497109
299.89148745083554,301.62561886370196,300.9183800989251,-0.04905313377375478
300.3272170504916,300.5514305052004,303.0441693299667,-0.15274821028760985
298.53663290939727,302.3540327659427,301.58327990068614,-0.15562929668258108
300.8207507905275,301.4986520367824,301.64360557956024,-0.01890481742907696
298.0929275388685,302.02832662946224,303.03601357951237,-0.28835661454830586
299.59249416193603,300.496756180722,304.44604589861285,-0.24178224379417032
299.3653765349353,299.96977301290127,303.44191288404687,-0.1960566635799256
299.01218841524377,303.8722013869987,301.9998068725254,-0.1384917439457837
298.6568424980578,300.59878221255696,299.8219275112232,-0.04002891621710546
299.95683862266986,298.68507394538915,302.5375839803643,-0.143193871330011
300.22867500763584,298.94147726326406,300.27104614648687,0.023265185245882662
298.50702250726886,299.4587916837259,300.9118777142099,-0.1438676010279511
300.5077479019844,300.6180302115987,302.60425143350295,-0.10174165982170451
299.2163381655231,300.73825083755685,299.24295688105457,0.019367912383297606
299.4075633239504,300.1164222889795,300.4431901059942,-0.06187141976731198
298.930449295307,300.03524684887594,303.62361629173364,-0.271233751965159
300.18964899407126,301.8102404346326,297.80381681889367,0.19008160047492198
299.77989549382,297.5276315136382,301.49944586364114,-0.12703134394104496
299.7685546901472,299.66225424260966,301.60884611843863,-0.09322198199927471
299.07510690594916,300.11238144831935,300.15372526288644,-0.046314187133322665
298.50691829652175,301.0753959442077,298.218813997462,0.028072441512957198
300.1987288050204,301.496264637115,300.8416217407118,-0.04145461913208181
298.9344423593553,296.3771645842058,297.9445913374914,0.06581999066874801
300.75761224033255,300.18529548109655,299.63464807518943,0.057479339689948006
302.0982478090493,301.06032905729177,303.65113682950994,-0.10440298287906787
299.4021529308214,300.82922650100926,299.8071456282005,-0.008770671638139903
298.4222112790977,300.6822326036065,300.99366241866295,-0.1502371414001226
299.65452729238996,299.21664244188855,303.2164609975944,-0.18800151091661577
301.98226942805775,300.7669681906573,300.4486928598708,0.1276339311432622
299.2099548868962,298.7176905808906,301.41634323582025,-0.14771906661731352
301.4707818891417,298.8442834748949,300.4550346829328,0.0830087158617721
301.0533606795058,299.87472601319615,483.51677586194774,-10.957962383008606
609.521218558624,617.3209626375117,629.2651843286192,0.6399962056247102
428.88596001345934,442.4018980886467,449.1562884923861,-1.0187800510356555
300.3563045298585,301.2136906307663,299.2487883091109,0.2691542580341229
347.6060605684881,351.8237385658812,359.1165213253695,-0.7017028076203599
300.10328448613,298.82047364943213,304.5430907211613,-0.15128376653306475
300.6677265818547,299.73409490072976,305.6243983185356,-0.25300224185054104
298.5018525547042,302.2561927497003,303.6616710939756,-0.26002239498947405
299.66971108207196,300.8808656429197,303.68067035888527,-0.18905937121608477
299.84473219773105,300.0179690489616,303.34415733020745,-0.16985591518045112
298.11931585771276,300.3738245686345,302.9217044123148,-0.25314906195135795
297.62069279195526,301.5038114694671,302.40535681416554,-0.23905595578659644
298.3472924177308,300.0095981689732,300.65811640157773,-0.09080279880871389
299.3669764218084,300.16222775090495,300.4037687878915,-0.039099302126519436
301.14234063105744,298.4398486421481,301.5731274923864,-0.015479288018905777
300.0497331243266,298.7383664752647,299.81315919232094,0.018502304533630536
300.38450641211205,302.4050515558529,304.0341386600353,-0.22134367419545187
298.72095717938373,299.31593719842186,301.25944160519026,-0.11581274306915931
298.2254618185825,298.68305016150924,301.8286406035215,-0.1908058828382724
299.4827697771225,300.09525777869436,300.3022737212602,-0.013138448798871993
298.98966261039595,297.2287246126716,301.5215888119994,-0.14372053265482862
298.30273418349566,299.4260884591787,300.7322697780578,-0.12045287365769412
299.7570953238796,299.69238954599484,303.1465405318875,-0.17907135653485512
301.23598974808084,300.5336770185611,300.8748253150286,0.0555643180632137
300.8814154892931,298.7674921839568,299.0059677689273,0.10891521889142552
301.6756386125364,301.5048441815568,300.8628717094244,0.030011536983061547
299.217343984689,300.3121803645118,296.3326495163306,0.1649539990703852
300.26161805438306,299.74039072970555,301.118004876131,-0.08023015398846098
298.6608421384357,302.29804225080386,299.77470674454355,-0.058268008148990025
301.5318517379113,298.4258604247687,298.9792029848029,0.16429757124758396
298.4938409284995,299.0040332533442,300.72140220795933,-0.1591801642986752
299.78853985069,299.06469507153645,300.5218154593861,-0.021720923727170313
299.10632900647255,301.3395798583075,298.202475615977,0.06156395951669481
299.7350903323628,299.85365752348383,299.8720031449659,-0.01725330266114156
300.3122470749887,301.5900900907289,299.6779992709041,0.03942399637110839
300.3662246746501,298.908327547936,298.6834781140154,0.09462231559723648
301.8518540113043,299.90569329695194,298.4113333629373,0.1896037732956728
300.5789619433331,301.096449118625,301.51565379700554,-0.09060671770401485
300.68534804452145,297.3108334122661,299.0829508363739,0.10551075102557549
298.98150236447094,301.9121395382183,300.8406034022672,-0.12757003434925196
301.18723297179366,299.3579163717317,300.8011941540247,0.04175333944410056
300.23184289293863,300.9211620745229,299.72961352254885,0.02627337404569744
300.0573737208266,298.24722649073243,300.6734361483244,-0.041986039353766394
299.9497100457581,299.6686275609296,298.624052646762,0.08570006821474407
298.2213808421736,299.7219159846835,298.71583087932146,-0.042923576218834116
301.5135459612732,300.13540781791426,300.6477113773793,0.05689457540511285
299.00158928202245,300.0753366267626,299.8659648242073,-0.060520878370030576
299.3693524874249,301.0617948032513,298.27773660345326,0.07414070846014795
300.04586497765797,298.92043872822705,300.277135905651,-0.02479241451929795
299.0532229237223,300.3497068881244,300.6101796374085,-0.09110469354124462
300.9138336384478,300.6317245579851,299.35004131269034,0.1093971066823093
300.1573608846568,301.514671151487,300.14555522754756,-0.014929583831021205
300.16583082047083,299.74931702016517,297.94114117720426,0.13336332202490211
301.61408546220355,299.8352413704111,300.27413254382446,0.05815027867007928
298.8420804662826,299.30295694676755,300.3824203055647,-0.1058199195407184
300.18692512211334,300.4422863158834,297.7885458208875,0.15930615646637022
300.28681037214693,298.3278550523981,301.46874255021976,-0.0948997236966278
300.11335944207457,296.8204028880999,302.44818008626095,-0.1282699168704545
299.1096619881873,300.77350359186363,300.5766238190317,-0.06466950340879749
302.23943984076215,299.88701035081385,297.8836269185382,0.2760183936418804
298.92949521636564,299.28179470934606,301.2839587698353,-0.1848259424304189
300.2153361105695,301.72540493598075,301.2785892967524,-0.040250555636275186
299.56179424493337,300.69426791793256,300.68704904780185,-0.05688275631028034
300.2941287312337,299.40181650495566,301.39601112936884,-0.05486039585942479
298.80894354091384,298.94507146084425,330.88899522846606,-1.9137842772717812
300.8229169387732,298.2961976047608,306.29887104475057,-0.007756729483121505
298.39406026882136,297.8153025641521,430.9814551948444,-7.900484154501608
517.8240038617195,527.9853812466534,534.7425616706267,0.31076048072579343
399.14406693279045,399.94229129412986,406.2103601261403,-0.2547920135119182
301.27444502020836,299.8545780602322,299.34630839661105,0.18635112934933717
335.50005657959514,340.1379674095273,342.3836823402963,-0.4322989118780413
327.0718706555304,332.5151922512304,333.4941170475974,-0.3164985259170084
319.70301072123146,323.3425185338285,328.063586877316,-0.4374121054444038
317.09074981213314,319.5251443460827,321.8869328953883,-0.2041652234344656
311.1044231549137,313.2118824554608,316.4398327645631,-0.2721627457464115
306.99219830056785,309.85402327023985,312.298037225606,-0.264996239405794
303.08824029538386,306.76953000066806,311.35215894586474,-0.44277672977847204
303.79434617707466,304.03791850667676,308.47815326022675,-0.19838923848431647
301.3639834701068,301.1468178803332,304.264967500543,-0.12722097099464974
301.50265085982215,301.30240112454334,303.26697498179203,-0.07684960701383091
299.28446666219463,303.865594483277,301.02489520359535,-0.08678247126434428
298.9675079532114,301.0152790129805,302.10010561650716,-0.17055157438373897
298.4224548427522,299.5416082145223,301.8439354691161,-0.17396286094887728
299.6953246741643,300.774553588844,302.84760056658496,-0.15492174728160138
300.313824845273,301.31061042105,300.86668994113967,-0.001649146827792266
297.69765365252994,299.00258934931736,300.3901062378738,-0.15601850416196497
299.5327161339668,300.0135871370216,300.5797790611914,-0.035899249780037515
299.5089866641393,300.49701989662094,300.1825767511192,-0.029944775946548815
300.28851860840524,300.67869929397784,298.7538252894935,0.09881750000450495
301.96433244230525,297.41252438493547,298.1449670960866,0.213814987584002
298.2423887230408,300.15337428981155,299.11696103074513,-0.09066799192444705
299.3627729417131,298.8480449356085,299.7691435171174,-0.015636511447215184
300.67326534342016,300.20209550448993,495.2424926106424,-11.670089930279293
617.6136187770311,622.1801475417725,637.7721846700572,0.7361783190906568
441.11374207594514,447.3365836437962,454.27018923540646,-0.5878011706374184
301.76385512797333,301.8990492494839,301.63875206845904,0.13907065516547049
352.5493185461498,359.7116040663757,362.3004559629717,-0.5863192756044572
298.3637601081775,306.9545859255507,307.8604790696955,-0.4722917635228618
298.7788957029733,299.4608453135405,301.27702945512846,-0.05492083551413089
301.3283516136947,300.0082416207567,300.9204809363237,0.04945357816380977
299.62695778782705,299.1621904248106,299.2787345408993,0.01681468804195674
305.7224900001785,307.7013585022829,310.3965828009934,-0.2839278005181711
304.19034906734237,305.25591734936074,306.8304145053303,-0.11166299827112597
303.3311994059132,305.09373474996505,307.134676969487,-0.20180799943454758
302.3429528918069,304.2092414499924,303.62217474149463,-0.038718535345527695
302.40733127798273,302.6386338330416,302.76464541175665,-0.008646629529557116
301.6838653262872,302.39920496823765,303.31140941188795,-0.09407950379830482
301.6325658953002,301.7654119729405,302.36626560428954,-0.027746541683351895
298.8005550212587,300.45971317279214,301.0948608244331,-0.1303213511005731
300.7244906816065,301.56949829144065,302.01899821014496,-0.05472739368056409
302.3085570538394,301.8133375468432,300.98109466164766,0.0925928188168905
298.4671719853771,300.0158334363749,300.8505465594486,-0.1562770983662091
300.3696558786984,299.593253964152,301.60719171943714,-0.05041840470361024
298.1351284157077,300.3299171356664,300.9588476025915,-0.15704779280564082
300.0407351625022,298.64018572119926,298.9167628104946,0.09567553298929227
301.000239389695,299.8161105766544,300.02564459699715,0.04723596404179659
301.87509488371137,299.7529581714508,299.8975402189162,0.1089073319607303
299.5915567354451,299.7326799641499,300.47295661432304,-0.07265953938062637
297.559221123642,300.4909760896084,301.14236071025937,-0.2061743764082644
298.4374451887203,299.46228869101014,540.1315485033174,-14.465814803009653
617.236673581103,625.6727702771547,632.0886035700044,1.5258252338118892
440.6282810374921,441.4270075294113,452.297832837303,-0.5516538080996407
300.76795136015886,299.91535982657507,300.92793061560326,0.10709676267144516
355.17807464459554,360.5895147198478,364.8784596899863,-0.5804233101690016
303.7424372337068,308.5938558064338,313.69389477796807,-0.5000836022017672
300.5781856599841,299.79098915498946,298.843989727458,0.20356633139417968
300.8539449172435,301.1704565904499,299.01937225053285,0.09273240067737733
299.9097338476653,298.9136179800825,297.24355532077846,0.14162498494610304
306.6762736974286,307.68202323512804,311.7485477653999,-0.3309982293471467
306.3502538595807,309.8262202327425,307.6489570833686,-0.02719945274756242
305.25451474558184,307.2088084343209,308.92071328742304,-0.2069848802725926
302.4328320927873,303.81609978954054,305.05897940884626,-0.12090685354512572
305.1590258665858,304.03309308601547,306.35396950789607,-0.045435145318026005
302.6078693128751,303.35618863071267,304.3403707238302,-0.09200064824420223
302.9796172132643,302.8309196221872,301.9087425636112,0.08157749308873634
301.6624114946488,301.19363780727616,302.5204371462026,-0.062190285589759926
300.05772917237846,302.81833538744894,301.93449101769653,-0.10402545420354614
300.58050550559113,302.0500905179654,304.5260916084259,-0.2179675477169036
304.71535634794395,302.50249092494795,301.55667931431395,0.22897648304614737
301.8074006251297,300.2175287653776,300.7531259051667,0.03166971286147771
300.53260744606547,299.6554284639692,299.93719225126733,0.025182164488258538
298.0230652782513,301.062019685154,302.24804914898294,-0.2594531841918803
299.2248481280816,298.743403962444,298.69762032412734,0.07388350694457131
299.49599668459257,300.323946413389,299.84214207150995,-0.026041001254585583
300.7743115051255,299.86067173271726,300.06122793206424,0.046246468252850836
298.92445877036215,299.6100297014806,328.83574234549593,-1.8018078502386397
299.30601082728356,297.5654290110321,302.83875943026055,0.08714791957271814
301.6171310780352,299.82760973735503,327.1511912035854,-1.4967161215032447
298.6435387096156,298.5994194691564,298.735692867815,0.24981135176353975
299.9803366400506,299.39235995643037,300.7886947672331,-0.047579946048955435
300.9925264681067,299.70692341779176,298.72339174777653,0.14423166449163433
299.7011168877501,300.833415869688,301.67432480667145,-0.14108382233858152
299.199082366467,298.9189816134296,301.39468028975705,-0.11200379620818979
300.64045811577193,301.6460463515481,299.8886977426471,0.0670616016203917
299.74762703057127,299.60755423962223,573.8446301689632,-16.453337792034766
301.01552582044746,301.4558012507855,302.7977690544601,2.6340354373431616
297.2894560379575,299.20723928274083,303.17364019622966,-0.33522861715620256
299.77586523247,298.32557324113645,299.59128982179556,0.06991636622318709
328.00385240820157,327.50409409682203,333.63132456492525,-0.3394940835101653
300.98872381542145,299.9860849948876,299.80095887863797,0.1275406177742457
300.79134030717654,298.3084377498785,299.3210758122448,0.07633822032806792
349.45485495424305,348.0916570678552,350.98023990755763,-0.10622574214819225
337.4462399451967,339.1303786521091,340.54762236925393,-0.17082909591028908
332.0497837307559,331.13697468508565,331.0256523180682,0.09246170900183587
323.5271465074248,325.4703999376166,325.8800128704209,-0.15141329590664385
316.87870443030687,320.76009003707037,320.95386138398675,-0.2209807535908317
316.4873485148364,316.0048382491762,315.8765045795946,0.07740220565130698
313.9469529398031,313.45709672399084,312.24204189478104,0.09618622334890632
309.4941046006964,310.08850270974784,535.8215729094705,-13.59669720897667
309.57979173182696,310.69582986264436,309.7821137495737,2.251135362022938
299.4000186600941,298.4966128054072,297.6126492393374,0.1092653854228695
299.4045248592015,301.6846145137686,299.9709768442994,-0.05186081331344099
332.948326531238,333.51112891463305,336.0802444122118,-0.1822505530074483
301.15339988579785,300.38954902677364,299.8859243109513,0.10736771330053216
300.5572173278779,301.03119647283535,301.41884908076213,-0.06437266092152072
350.2835544193601,350.8284763455935,351.4424654216694,-0.0609183426097161
340.28025295122745,338.7031952492701,342.5765571263634,-0.1261891404850644
329.99771424326303,329.6917192814291,331.03922384259073,-0.0395275342083022
326.9276340554675,324.1528648333368,323.09324660941127,0.2404783427566497
321.264286337475,319.406566075982,318.8617077160715,0.10581084282364828
314.2986383750034,317.7637720887809,315.98171848832555,-0.12501059301336398
313.3936901191834,311.58581580241446,312.9439339610183,0.04381617062313012
309.12046260266715,308.96784284006,309.9250116478837,-0.052770504294645096
309.02992173127217,308.1560764735514,310.66267394435283,-0.08991964233267424
305.9324477563518,306.0656471207019,307.2256818839441,-0.06126652552473218
306.27851702227997,305.16486672537695,303.2021911532572,0.19751189341728834
305.66445379463244,304.4111417879202,515.869241160437,-12.643050500638502
302.6860350839124,304.66443487307237,304.8847571766402,1.9701245480943748
299.1783297306111,300.3685136249875,300.6240056044072,-0.06475333150048869
300.07793808812727,299.0305720508524,298.51913204628784,0.10798512124832713
323.04763403279725,325.5252874872818,327.5187875465592,-0.2838572712441129
300.1614288840077,297.6863731054838,299.4011308650527,0.0903294162749188
300.0767322511632,301.6887704243106,299.90413081680623,0.002753105871868798
343.85827889381613,347.04666512314,342.89497204202127,0.056072396764122345
334.13343836128723,333.0449838370159,334.82035458571545,-0.05084804198364168
327.70669207364784,329.1969299147241,326.1931011829353,0.09768461568703345
321.97978122418607,319.1270701728751,319.60195355204917,0.12753375142108894
318.24449851740843,316.22953660267143,314.41551704199503,0.20596061180343497
314.8523145329416,313.44201453734973,311.7846559136248,0.14576970240487241
309.83291788438487,310.6804820190842,308.86117031248136,0.027628268121042653
307.4650821567252,308.9238031996994,309.7549969328355,-0.14711236228565439
307.8461381159048,306.3598141817044,304.1826081390328,0.2427109463734223
307.59772019594953,306.12199188613414,307.04810083507175,-0.0036581381160527837
306.94056672755227,303.6985594827229,305.89801018464647,0.05705719896557014
302.8640575007148,304.793181828983,303.17245401257554,-0.028929356140702113
304.82145511511544,301.6214559362441,301.71481591058233,0.18948231739059396
302.26605585388904,300.5068497034241,669.6570622228595,-22.07452677418356
302.7209545011874,305.87582642889555,306.12500198443036,3.469667214695128
301.37942886884866,300.9440730200862,301.5502613183289,0.02379052786361399
298.5223675935146,298.97951134102703,301.1985206162804,-0.15886085687114473
323.6939339598095,322.2195306161637,326.320182624196,-0.13081338963553096
299.6251937340403,300.1542526718828,301.22015938210325,-0.06943545223991236
298.5144736335081,297.54495514439304,299.97186778054055,-0.07149399234131808
341.346228992184,343.82842272975205,343.72053451607934,-0.12788438996339438
333.3105704016692,333.70581977659424,334.08017320781477,-0.022433113129779376
329.3902751044823,327.0005216553203,327.36034798942035,0.12949165496517423
320.2615347193374,322.80605808871917,465.9594632780687,-8.762174984674498
317.5975816386605,319.14879969235267,317.3462078567449,1.4720617125022466
299.1906179075759,300.0394914991758,299.9531934841907,-0.048268272416042354
298.9524482867518,299.08052395748985,298.8265846676355,0.015177572913127619
334.176719109111,333.24166193936964,334.7730145412543,-0.03703636211976345
301.0726864524087,300.4650879903491,298.6872055591346,0.14909180791787718
300.4225001962462,299.00341025902486,300.1512944037754,-0.00758246138449465
300.0857442766195,299.64224722475177,301.14631555050704,-0.06634633435796047
311.15898077582887,310.37147807101735,310.99389371294154,0.020510936512114882
307.4049567277549,308.27273593437303,306.86530239530686,0.030728389318009024
308.4768239826128,305.8921219880747,308.72703926265666,-0.020409460127111173
306.3854110021288,304.0508618415086,305.876616673718,0.03302981250508822
305.9771899467054,303.8335474709011,304.5933396387367,0.07794307519401117
303.00534419437156,303.1285253334538,302.89160009046935,-0.007013856845554187
304.3249660819534,305.6541170659747,302.39698133965777,0.11454164349871519
303.3625732035665,303.32720559440116,300.8496609463508,0.131494888009986
301.55039301797154,304.0247053542475,302.1977703937482,-0.06397176511875728
301.3447805943379,300.4006736955944,300.49452916168445,0.05748885971697462
302.00299946312055,300.05102877473297,300.9586116975333,0.05416075160870094
304.00374315301104,303.29107624012187,302.1326866839283,0.10181951048909299
299.9664014344674,301.48821809568506,301.62838143350814,-0.11842936463327192
300.29932776941126,301.7396875592365,302.9315699730312,-0.14131473222678723
298.7915353814921,299.26052766490966,298.7329109618902,0.029839887212314696
300.35626433916536,300.80458690921876,426.7361839465731,-7.583381420640483
512.8635635970759,517.843929338713,518.6461313614273,0.916845130212995
398.18153612134904,402.7110663391611,406.9643338513813,-0.4691421861584218
300.1394706874575,299.27782168475466,300.0240824607108,0.09475127090512388
341.67949885986593,346.5369809329415,347.3517971670179,-0.3414917806965838
332.2832684890363,334.1555228089071,337.8704573412746,-0.27850834806277763
324.9078967581285,327.97885697570626,329.10483573384624,-0.19594445002068084
322.40410675829906,319.93607322544096,323.3855628799671,-0.016917977542904625
316.7457190051988,315.1488171677705,319.43920820886075,-0.15179479100303694
311.33389035587936,314.2409040250906,314.17011030168334,-0.143238304711619
306.44196681067524,310.4264950114899,311.4260058951566,-0.27068014561084225
308.4604976338648,309.47119922632527,309.33511742746197,-0.0026367967710160672
305.7314656987143,308.0732674941068,307.1525880929009,-0.07652114571522248
303.17245257399543,303.28755524531965,304.95831575413035,-0.0929405668662298
301.2155383018533,303.41590710867746,304.69537181535947,-0.1909313790090198
303.845252908927,303.1183496914543,303.34381943471584,0.06488434358773248
302.87409030264035,302.63747093992805,303.5538728070122,-0.04580128500442414
299.6367616231512,301.77794160598125,301.39554708154753,-0.09872930246006206
299.3428993624664,301.5496587864424,301.19920553078657,-0.09379051551524525
298.9864599447845,300.23183901881487,303.6289774678923,-0.2599879897032673
298.61443894272463,299.82555477228146,300.0617658282863,-0.04041443790262179
300.4584949816227,299.0696933213612,298.7499746741669,0.11698448730296718
298.3771626402053,299.2665755603084,300.8572406474335,-0.16588988350825049
300.4852853042879,299.84641784062654,301.83597541449046,-0.05624062653987096
299.15454604964486,301.73809630922017,299.52756360195264,-0.008874152036440817
300.2582886837813,300.12445805440626,301.2346907521174,-0.05485394857708741
301.14999040591374,300.22547755684434,298.7356468693182,0.15462463287909317
299.85572827893117,298.83297337755056,449.7504820775638,-9.017828663283913
564.5891861883935,573.9791367109502,577.26408733621,0.7384534691173354
414.3725686494157,420.77387135282817,425.5146514646679,-0.5417759574369665
302.4453920718848,299.41796481230847,299.41890328075715,0.29301015562017996
341.9166835920561,344.2911243184452,351.94971643729986,-0.6322468586259032
300.5754801663071,301.39711922896504,304.20024248911074,-0.11715541091578019
300.5418015978478,301.1646982812948,300.40011724704135,0.04474868427642208
299.88876245350934,298.1218679791261,298.69465697612577,0.0702294851349501
299.70561061669383,300.6792638899057,298.9043067787589,0.03613717550226056
302.09701256532014,305.43056377039085,306.93367355509776,-0.2982126977660062
305.6359494826459,305.2641766516045,305.43305230739793,0.06054044041265513
300.6589088729716,301.6185407332303,303.90430116187895,-0.19675250908692024
302.45757381765173,301.48891348427077,304.3808801664857,-0.08294445804096598
298.9308294293638,302.47239440519337,303.3306733174038,-0.24475756979405902
299.5376580796799,301.2393936008964,301.16033811936944,-0.05336236350097352
300.3305818902484,300.5952258419601,301.6948967245695,-0.06563208966236915
301.3918004816134,304.9546374458003,302.0627522696994,-0.02661395894194754
299.1190428575467,300.2188819689121,301.20430957231827,-0.1184064850054358
300.3687786497941,300.5383386629556,301.0335943658064,-0.01903627581302203
298.8148320710912,300.52600550808097,300.9440666201527,-0.12110591578356662
299.6213837703155,300.634975190358,300.18397187084474,-0.012462940541139458
302.2144697037015,300.2180465509288,301.85506848635146,0.027189954046296524
300.15927482019777,298.31719978703825,300.6687860583422,-0.034164686462168
299.4921072899254,300.9618500949572,300.8265058835869,-0.07496880323824484
299.6644638762413,300.2218864272065,299.58829891524346,0.01791388359648636
300.7716035205493,302.20192134919535,357.5337606681074,-3.406491078463463
341.49217769410683,341.39422529466054,343.67954752537656,0.4363793815993967
331.52553246992704,335.04960874060436,334.3266950977371,-0.146196059355907
323.7646000601008,323.8205057322262,322.8831350438049,0.0808995272558559
315.0787881473531,316.72442265758656,314.4714002434652,0.027628624070315484
303.9407050242843,308.1346255132568,305.68463487205224,-0.11070966990495663
300.515566647229,299.9591409253862,300.0912498130894,0.04289830852605406
299.60169211967735,301.7510096520588,303.61832645777935,-0.2452412286275154
300.4360370207453,302.37630562194124,300.13759762750306,0.05807270697555396
301.7591680256746,299.1901078331031,299.027306574862,0.1609272931163355
299.81988499806556,302.0740119431097,636.3722121810808,-20.22045824548904
612.7856494040301,623.0953124801872,633.8577599742587,2.1011966376164386
434.53429867855846,445.8995869294101,452.99615591465675,-0.8969903284636122
300.2827085647851,299.4593273581354,299.886055621863,0.20841774893630657
350.8767609768891,359.67518535109355,365.70384723126733,-0.8935917046919144
301.729088904813,307.31420134877305,311.36702323279115,-0.4300051971349063
302.6671083712396,304.55861781760615,308.221868397886,-0.23690625831900378
301.82054761751505,305.9559632545214,307.68500423482544,-0.2963197967721595
300.29170707485036,304.12127639095206,306.1363256508717,-0.29203254838817605
300.4502195887269,304.84183111141243,304.2630892175393,-0.1703259919685303
301.1267802788658,301.86634564478004,302.8038246594413,-0.06249396654640749
301.7092863646373,303.255746970516,302.53024483557465,-0.03248706445048527
300.7763340020016,301.7434951039401,303.22527522364925,-0.13872688858948606
300.9232329366463,300.9851241345499,299.8724995168171,0.08753341740622944
297.92323010194434,300.81123047113863,301.387807462439,-0.2183819758279725
300.39599325460034,299.29029517183375,300.4074938327989,0.03395573891303457
299.60510782419567,300.92263125075,299.68265007699074,-0.004537529385718813
301.4460018064873,301.26152693741795,303.2136358457358,-0.10528261982695881
302.80742553485925,300.29409144359806,303.5621479270857,-0.02760700314110068
301.55485653692114,302.0724496575393,300.8870133868628,0.047617812925764155
299.70904677241185,301.175060031805,301.8714207913063,-0.1364208726342514
299.8568226782809,300.2734810763869,300.504149999409,-0.01721589907874148
297.53304991139106,299.1302434522798,301.14478975294094,-0.2102311172817116
301.6619877630824,299.0211416394592,298.4603582027518,0.22821517203533234
300.4513933078476,300.3601295197266,299.2713909486842,0.03878384594649731
298.94314594326875,298.85774937105384,300.49042781944144,-0.10463693616199522
299.2517995146828,299.78763344118255,540.6604150672248,-14.469044114390796
619.7105845639778,630.4439766870222,639.2863205984931,1.2395419934545004
444.92061042677346,449.4966568312732,455.2739905037973,-0.4254454442762756
300.1744729503971,302.3076706860265,299.91146326525336,0.11931438187886273
352.627067109796,360.2190649860101,365.6814800928304,-0.785894875833502
301.4085338143274,305.1791882416708,311.0253603528816,-0.4464654624829058
300.6565869010754,298.3247397416632,298.47474682428873,0.2270786699927419
299.8151970272013,299.9440580227815,299.9039234572351,-0.02714198656989652
301.2569642328249,302.04683617170144,302.13549809016655,-0.05182476714016161
305.18269375688817,306.1084770948996,309.4870622625443,-0.2494767717659528
303.2723294150545,305.09902566227214,306.53554111461807,-0.15274901691725176
301.8370103746571,303.9396272954361,305.65824989272147,-0.1966422540882269
300.33476833743185,302.8979318736527,304.5110589772614,-0.21236504320913072
301.5714534425846,301.2507482990633,303.1690226900111,-0.05409124844729547
299.81345593176053,301.04967244896335,303.2074263964886,-0.18766253540941819
299.4421180690022,301.745740756013,302.90869335906086,-0.174054812756238
300.2734650862787,301.22982584093734,302.322054498982,-0.08824961186161376
301.08033497179065,302.0540421394602,302.60876229638933,-0.07121974534888752
300.9046989579906,300.43289799760925,302.0499992258667,-0.05343374282657976
300.2625290000371,298.3062985316046,300.96340936609084,-0.03059981928446405
299.03610314972485,299.937911080929,301.453088700625,-0.13801032939347238
299.55222088096986,302.8576187291081,299.088009499423,0.05202253840181413
301.13850239904565,299.6380188781293,299.7966571853211,0.07586859900800277
298.9985857929373,297.97161096524576,300.87039446503707,-0.12572697246323003
301.0901826163409,299.82025336948016,300.3845971965754,0.06105321190692735
299.2643339412439,301.3548045818077,298.6096558308295,0.03222483242720614
299.5630922712527,299.98086017013486,300.28989256292266,-0.05015479860434198
299.9648461786773,300.17716411847385,301.6650116919062,-0.09474192787703488
298.4774333685631,298.75867136489165,301.93228637954905,-0.19028952552686917
300.3226223900163,299.8488346002045,299.6741961365891,0.07345410531549192
298.7019553761956,300.0052105353942,298.18389696188035,0.02459924232464289
301.68988926655265,298.0417005109233,301.56153981451877,0.0025203829788807757
302.0993436833656,299.3112061292664,298.6617643619429,0.2049712647650216
300.44779363283345,299.6605922520046,301.1443012227806,-0.0761662486110555
299.19555622118656,297.40374615599126,559.8738754643803,-15.63373407869215
610.9504384980879,619.3141016891334,626.986057818733,1.644646033193232
433.0465270443223,439.3661133444946,448.6995183680671,-0.7788232862182372
298.6958153596045,300.98292115529404,302.88179406401974,-0.0946288090274652
344.47030701764936,347.01541637298016,353.1839019879915,-0.4809559111763747
301.5459167850549,300.64430101387853,300.115378868142,0.17296822471819495
299.45941918971386,300.05038067854787,299.2499153054948,-0.0017351461159870497
301.47988067806745,298.3830337947065,297.5900876080804,0.23129254535703184
300.0845334230413,301.38737918805106,300.3638707117911,-0.055658168024857554
300.18405555659274,303.4720179226011,297.5234465098439,0.16242991569242862
300.22541461367445,300.24598770445954,300.6079545831385,-0.0495584886353322
300.3537611882857,301.4718442769455,300.50686020148396,-0.005360541097253986
299.29121764474013,300.42846149221987,299.28534048636635,0.001883619634409115
303.4044847395218,299.21174400403834,301.5883952297459,0.10890659900281663
300.40802940483144,299.84970990718676,301.4975410929228,-0.08353159638324087
301.0024291115191,300.78044534253456,298.1203796281115,0.18381808588537127
299.60214068474903,301.7648878333036,300.7737278368169,-0.09911572395814688
299.19400720761365,298.8106150147299,497.55784591501197,-11.890114450923221
302.8237864853605,301.6231796687632,299.86760712070134,2.1610091489535312
298.8977612587809,301.39002531153005,299.4147162885787,-0.060579095434457594
301.34672922671257,299.01427777566386,300.4878466399831,0.05670250550174558
327.15486800080686,328.3767536042246,329.7076111727291,-0.1617534161826302
300.75848083153477,301.2436179297841,299.2123574900472,0.11829483220847523
300.8740408655096,297.9724109695407,302.21571832550103,-0.09596188101436212
342.5818938972477,346.9515098505972,346.23934680991727,-0.20603040016025886
337.57126943918763,336.2590498149736,337.63332993658554,0.03285089928282105
329.000684117119,329.2635647456979,329.27398446358137,-0.015777415813761877
323.4808457187286,319.4111693424513,322.94730303631053,0.034745564409706164
317.655934323826,316.7867069521042,317.42153401886867,0.00872859147325869
316.07704651117155,314.6623833327264,315.24929040312827,0.047321363433023296
311.07226194239394,309.9931849700745,309.61225108216087,0.07932309053355141
309.8919050575036,308.0780716015947,307.8455100328851,0.1081835928747796
308.8582989750914,306.4841007639782,431.5077540198091,-7.37943125292925
305.4792171161834,305.6384350085376,307.2091771026146,1.1226969512613056
301.7398597027541,302.3161582731968,300.2650387402575,0.10578885761410503
299.25654191115586,300.0569013694353,298.2784011027431,0.043940238879800975
316.63562748999664,318.0059016586816,317.77555652102524,-0.07817714994584378
299.28927359641654,298.9447498588223,298.99336835767997,0.02915360463447996
300.48969356911823,301.61539379296215,299.0672808073869,0.08238571331651372
298.0273077639548,302.54080345163044,298.92435252905807,-0.06804681352350883
298.4603200889134,300.7620238547515,299.1572997694066,-0.03284833317855942
320.42936555579683,321.2344251733204,321.9439289258722,-0.08390400539959161
313.851645561566,318.48933401720336,318.22647605445854,-0.24734419587279943
313.7089792608585,314.86630642540587,314.7099475767617,-0.01630979402526691
310.6908567030256,306.9284837706987,312.33425713900544,-0.08859434299975931
309.36116434726836,307.103312457497,307.33520870841915,0.13799134269075125
304.5252246957555,303.9569223775357,305.21024203514884,-0.06136059675209083
300.2721213898274,303.5232152286819,300.97727862828316,-0.0354592609134113
300.21004930308015,302.5498065555636,300.7732147863041,-0.026738356608879032
300.5132579630717,301.1379766070562,298.7466143027576,0.11163027445108299
299.87854219613087,299.25367942153093,299.38095287863496,0.012188922446613903
300.37562882780253,301.76327245814866,298.1665598131727,0.12756824770283176
299.5845383431434,299.18277746321706,299.2999631659932,-0.005016179517286331
298.31514762574307,300.37841506799424,309.9977919856298,-0.7038044133647071
302.0090416944472,301.5489057566007,511.5199993179715,-12.453831013812591
616.1653208991589,626.1815045274406,633.4560102047304,1.0576682179009524
436.27340420972513,447.336754282875,451.577554589205,-0.7453421297130786
300.25361375806546,299.8216450987576,299.98254977917645,0.16930534252813914
355.7963041129349,358.85425850921155,364.6995648235843,-0.5369062824278552
303.4168409213998,306.2208478695444,310.5929658756848,-0.3415348901506059
298.93747047609634,301.235853298464,300.93292074343367,-0.047965766497389956
300.3858546385093,300.14832402977567,298.84263694230305,0.11254756444574696
301.09211839859023,301.6198474224816,302.28910124818475,-0.08725114793773345
310.2434152647716,310.6121762306435,311.5074227676878,-0.06387062167902513
308.38089229133845,310.17170054730826,308.8095666660179,-0.013080387451603314
306.9180073860006,305.82998799871194,307.40062917632525,-0.024670563672683558
304.8733710114625,305.20389348363875,306.2448627859706,-0.07746328856724063
301.5358633383946,305.0197898385395,302.38120365491346,-0.03700550124604945
301.22388389222635,305.5612339069236,304.9696262105023,-0.21629113593136995
302.4070978024027,303.89634330850294,304.1760240231449,-0.0686781500617741
300.7834409869778,303.4309031147899,300.7582795158002,0.019198950478076425
298.8566253224082,301.8890314035964,301.8795480415221,-0.18162697785861098
301.5250519658059,301.40248778713675,302.9796948595773,-0.05704934643514434
300.0340464774494,302.4473679370394,302.4806911161603,-0.13225224938493965
300.1938763743762,301.0405939937672,302.5520891731352,-0.11702632153843012
298.1983441083602,300.24435037279613,300.49042098811475,-0.11394248479768465
300.7613296624889,298.7191530019766,300.32099790448996,0.04934067427748176
299.3400226496688,301.3143570908469,298.9199229398025,0.02080266501198821
300.54214936522203,300.25614371010045,301.60878123713826,-0.06819890941363668
300.0532155694423,299.72607302143376,299.74046113109426,0.029431585020042804
301.0669428878734,299.6305716422925,298.4802139612502,0.15207619121391247
300.72334410321866,300.6086336834102,300.0058777478776,0.017180692054231488
299.7490771056142,299.5546784871564,299.03253246143925,0.035818015097087826
302.2687392094764,300.833340243073,297.3829192668925,0.2859837501132847
299.0924222227522,301.89515154987583,300.7546076136903,-0.14858932288212715
300.06650132985277,299.83546106567564,299.70039463135305,0.03858825581936458
300.7117691252652,299.2790344885433,299.9792746839066,0.040288599496518605
299.7843696469544,296.4582179140578,301.49866842350843,-0.110182871006827
300.9188978399664,299.6341743393868,299.58200245167967,0.09735671106274424
300.0380344851162,299.77329663515314,298.9031928822488,0.054721542289178166
301.53484012809395,299.09283675216864,299.59087183550764,0.10528968152650409
301.44783455822653,299.9002780915847,299.27025054778835,0.11121535770042784
298.45058909418367,300.45336655337815,300.9152972298741,-0.16965832824580845
301.38589159927443,300.0992451831147,300.67939179745184,0.0670370694662597
300.8413932796998,298.7721947693765,299.65016171384536,0.06440889593303951
299.63605014103337,299.19223354920433,301.81788711064524,-0.142822533835257
302.74639651661835,298.0837262292104,298.36666368875007,0.28460233936821566
300.1062471174597,301.0265166968119,299.3722535964378,0.0002422829826303971
299.16166707247623,299.6886808371361,298.6888325540345,0.021030135896285742
299.02854421905926,301.38354988060513,298.46276053520137,0.029218675847055807
302.38798836795013,303.85584902337234,301.6711314389256,0.037353578902892086
300.8415576450567,300.0846123999506,300.70852944645435,0.0008131226258956308
299.22579845914447,300.1482941338298,299.6073363777508,-0.024222557102403928
299.45400026783716,300.00703341812573,300.87998992982716,-0.0817440005333367
300.6468588684343,300.00583013006724,300.22763603803793,0.03941326644368359
301.72743451310504,296.60448574667356,628.6349539949364,-19.618643397213845
621.2475128330553,624.9449439480956,635.3370019851097,2.4237058456950495
441.95179654396156,447.2745156158469,456.1583030815322,-0.7114955007336948
301.55348246829004,299.50054086253346,298.6886343263747,0.31395595389062636
356.55868280798506,363.01510597936027,367.9495337040933,-0.7120995351856483
302.2732626265923,305.61179329245346,310.12810189550635,-0.3573818471737587
302.1968348305679,301.2333575539538,300.4394534875083,0.18399127327271914
298.2521774591231,297.70433885059884,299.6967800947287,-0.10424997156693111
299.87752231023785,301.10488878576115,299.4749103823512,0.038602742029254955
311.364349775195,310.4708062113443,313.20946158519104,-0.1147328278786273
306.5946500151648,309.83254608674144,310.9549540066011,-0.24316712138621768
307.1039076364504,306.12196496644884,307.03374848572884,0.04781258895765689
305.0284260254041,306.2629559346415,307.3370041211745,-0.13921627725344138
303.70256321123946,303.89928126788493,640.6008151838886,-20.190809337401245
305.1400268016716,305.4105595489451,306.42772709844525,3.2917205019200715
300.127124793213,299.18519574821244,298.77530147874,0.09398640183611634
299.3750563834552,300.86883040705845,299.14751360717236,0.00013433343224164736
323.2588401903501,326.74021279536737,327.73400476810457,-0.2707853024280968
299.26401451478495,301.7276009410441,299.8641828063789,0.008741548281907971
299.89209106134155,300.61951122406845,299.6212911840968,0.022249675550625625
345.8775986232017,347.5477954073873,344.6828008685796,0.06897986650488008
335.65414345162884,337.60525939115234,335.26528257467,0.011383675071310221
329.62573654579904,326.69660422463704,326.92656120165947,0.158061911878786
322.3005016622595,322.9567066230789,634.0129966295982,-18.729741451481722
319.98526004159703,318.16465999404113,318.2128956237025,3.2234668147470606
300.003620468773,299.41949066943727,301.78661027133256,-0.12470303233251799
301.2160031963461,300.18652622538275,299.63687561051046,0.11257755317573356
338.69966041359487,339.3239537791705,341.86139193607005,-0.20549516720686714
300.86671205303935,300.7686179751982,301.0417454510554,0.021115311343787652
299.50067675105396,299.5459426347028,299.6450767584762,-0.006913666465173379
299.8024483452814,302.3842714563397,302.8677027023888,-0.1824712613522212
302.52541108030505,303.6209123166683,302.2455169001556,0.04744619438003952
301.13172512129125,301.8259477772591,301.1599951643224,-0.004495144383364505
302.60708909220205,301.01397715042896,302.53732089843106,0.004468792056570692
301.1077130178895,301.15693232095424,301.2076395194629,-0.006693272032110826
302.76126674890656,299.69801364958744,302.5791206289451,0.01192803221342274
300.80161394049543,299.2501317093952,300.85571940824514,-0.005067789264597309
300.0003399959651,300.6288178497936,300.4977396919664,-0.029302927082581507
299.6672575526355,299.2097195476631,300.27193265080035,-0.03130650892987944
301.5674048406134,299.7332964294145,297.5133946493779,0.2492873624557774
301.6738056023855,299.095065805948,298.6197725141031,0.1427018833845915
300.36355124759353,300.62151723109463,300.128310864964,-0.016425907925053593
300.70033908988586,302.0172918900964,301.70785367182543,-0.0628032787426696
302.3521079451123,299.51254766538483,300.8969343374222,0.09738556228080426
300.15018755674413,301.9091646014172,302.3451046641817,-0.1462467625231551
301.34989998951727,301.37572173022795,303.29496704228103,-0.09475485209145007
299.72561903352346,299.25698328299217,299.28237294518743,0.04604543582779912
298.6421642180437,299.00692268111146,300.3185153191454,-0.1050135269494598
298.9263965976967,299.82139186459625,300.29716242745,-0.06548243877418372
300.7066487716156,301.0936082324842,300.01694125933545,0.055090109034343304
300.8273847153307,299.15377889071607,298.7815029778329,0.11585582912706854
299.64487574032427,300.3936114024394,299.1233450126934,0.010833026282874131
299.50912095319507,299.60363888079456,299.98551330716754,-0.033798848514657046
300.1529699020078,300.6186978556523,300.1228739231372,0.0065696822719593225
301.43113812423564,301.48516497707385,299.94411267065647,0.08892056742604496
300.44192810815105,301.5337425766668,301.496370150764,-0.07813677709256865
300.66442508853453,297.97640074105556,299.91441036056915,0.055545304104052215
301.4220900220014,299.9053629813288,298.94582559851915,0.1410757181292803
297.8457668413511,300.8156772183185,299.6021122801388,-0.13014337056208208
299.49100247342733,297.2394101430155,301.11907565192286,-0.08012093632185498
300.0354939153836,300.8111690826294,298.95092144126704,0.0813550802319486
299.4278361278378,299.22476436169086,300.0854187949259,-0.05030068476645112
299.37366144048127,300.2037376538634,298.75500534004254,0.043695192697204566
302.61675819106,302.4169951325258,301.2054437789074,0.07849230372476824
298.6208066538378,298.58896336033416,301.7831718366015,-0.20385505508734925
301.53727703047645,301.4908452178029,300.22520390709883,0.11034803923029415
299.79385587253836,298.3694768686549,300.7414304651109,-0.06997520678812919
300.4578823974607,299.72247703927593,301.08706909191716,-0.028275455741661522
297.7122765039219,298.4314354728558,300.16103042598974,-0.14063336837950657
299.7295030818146,302.5483740046096,297.8254833257644,0.13872872458368818
299.99257875983074,298.6538879814787,469.43759426196584,-10.185741127688608
621.5247667035084,632.1070710579576,638.7202756613998,0.662719617547865
443.7440943417871,451.7509759043345,458.19310639012974,-0.694985633321644
298.5366099549592,299.29989587971846,299.53307568275784,0.0847021768155082
360.668895575056,365.2057784680485,370.8775238825496,-0.6025530411716296
310.81150186663456,313.52281300495173,318.8486770477849,-0.38014422779408563
301.4881757383143,298.99720182481695,301.51806085698706,0.07857864469113679
298.8172821074491,301.09909477666184,300.92976857868257,-0.1264503370872802
300.7713115112212,300.5805534890014,299.5532725101563,0.09420720477622752
308.64046295044506,310.4283024735794,313.45699225158444,-0.30117214807901177
307.55253554511006,308.0191353153431,309.5974731711668,-0.07453096455201205
303.9746760380291,306.0908294102944,308.01262386224363,-0.22182749319230483
305.1094418445665,305.7950931399318,304.0539901022338,0.10370658278210783
302.41257797772766,304.19830092358166,305.4011109696828,-0.18986649694063545
300.3643592320707,302.79033746090863,306.6561617071443,-0.3476228185848652
304.76763255593664,303.288267817684,301.88387994412545,0.23594318145940746
302.890281587181,302.64606159737525,302.3803350532005,0.0017592659207178937
300.46221040943647,300.35587096449666,303.17070846447456,-0.16760934864209048
299.6772093203303,301.1439151048238,300.3253385463043,-0.011802773008059264
301.24816487153913,301.46460822568923,301.842345150323,-0.02916952446729283
301.402669643487,300.28143442459714,301.98869717333696,-0.02921984900315863
301.02596426979466,301.2995844565736,300.73085203480093,0.023567009398122993
299.91570940492534,300.0889699882159,302.17732895459767,-0.13864829533027717
300.32646424402594,300.0250999147334,302.4948288896151,-0.10748568323862742
300.7211257932487,300.13252606823323,299.6710751742782,0.08468668359412107
300.61826616031755,299.68802311482295,299.87460127586496,0.03411938687745021
299.7296973362455,299.84499040732817,300.8115484138036,-0.07234771349801179
300.46395314573,300.64241556807553,301.03662768741975,-0.023541961725804868
298.9992675413559,301.0898639040926,298.9284979711676,0.009972919628195883
299.0371123674879,298.24753327085796,299.05643767835795,-0.0018672143540857178
301.3788441680526,300.64652070160946,299.8201181509745,0.0937168141333848
300.19985940809863,302.51078830528104,300.4973270760286,-0.033435320246580316
300.46671741687356,298.89277503959926,300.41381862896753,0.006148603953661791
299.096910005481,299.5042911703331,301.498617252139,-0.14463142267854154
297.6915721694776,300.52197100230626,300.61624341425824,-0.15146320222025905
301.82087953954607,300.43385864837626,299.4194842794724,0.1733304280522276
299.88426284148443,300.99073092496025,298.19576980043115,0.0772956298624598
298.62645072032524,301.5167113369474,300.5502857373417,-0.13231503143152112
299.38942706778215,298.32034015096576,298.0472147986989,0.09977108631515876
297.92515616413846,297.5323367251667,301.6091954458057,-0.23446447959086755
299.34535883858393,299.1471624915839,299.1833318057036,0.04656201478949413
300.25452733307753,300.60158827534025,301.51640836624404,-0.07733313231879378
300.1489309147757,300.472712819897,300.9780967251457,-0.03713113829053498
299.28582259244286,299.3572251382956,299.9100854546349,-0.029164113627822418
300.51831770693724,298.6007007379381,298.2887716058236,0.14001539468873717
299.8379150593784,298.73471502592037,297.78298070559896,0.10100060021563138
300.37666080383536,299.4023347751237,300.0401854878777,-0.0003608245803343388
301.11182926412414,299.32321820200167,301.6045562308431,-0.032928371162715284
299.950036954055,300.2718268874771,299.2518293247356,0.04681972742635537
417.6006241477631,298.69563081606145,299.18361424291925,7.098038517997436
502.8006816242537,495.4853114569115,496.26381625495117,-0.7919581768902872
397.5452526163716,391.5538293636015,388.68690688349807,0.4661320902793875
298.2769397908878,300.80661619839543,298.66939869017955,-0.11213099128623981
339.34196346022054,337.13164014109344,337.1392742762435,0.13608594003153995
332.8991645372883,330.91044011448975,329.3549020525662,0.19062885724355452
326.5866101311682,324.2431040292226,319.8083276259706,0.37125432546463405
319.90108467764395,316.9588865919133,317.31905362509445,0.08713903810099397
315.50651284477885,314.2297557451322,314.98566224677353,0.005430725354824518
312.10916842599045,309.32206744172873,309.5899432059829,0.14594500722040094
307.05076879117604,308.12063172685913,304.13886948603374,0.14952170610846224
307.5724229736466,305.22263603296216,304.6601510568385,0.14561732195706273
307.6431937658146,305.5514512636899,302.46054563242524,0.2818361688352809
305.2410977963393,303.78645349698843,302.4393233034147,0.11627998824158284
305.1806417793369,301.4723743315492,303.29432526943543,0.08516124566484165
303.00711979189407,301.84985119065396,298.8039869783958,0.23332480371088082
303.51856384847,301.18561424512643,302.36185233129277,0.027371362895652854
302.43869771505126,301.4892016558543,299.1442362065294,0.18610057533953922
301.3753085359139,301.46691893997956,299.50464177305554,0.07929539068628401
302.41751622339,300.7117754854726,298.88954741394394,0.19297146093818016
302.3684880996315,299.67133292708587,300.1497241276578,0.09784615022396226
298.8047122988015,301.0331448092886,297.9555250648262,0.028763594318782573
300.63254723375144,299.0842234083651,300.4306085911092,0.0036244462187806905
300.58206549610804,298.97536034641934,300.53668857324686,0.0007032289452484973
298.31502606295163,298.7165239683537,299.288324031883,-0.0588516473644944
300.88597797376616,300.45948187006115,300.4013906055424,0.038808221782738316
297.8248616586613,298.74990226286155,299.73656839489524,-0.11954827785627459
299.3557780191101,299.8512187989953,300.10886256676025,-0.026068005496668434
296.5491607778105,297.8665476441733,299.09254084578475,-0.14507195860195227
299.3775430754587,300.11684239633587,298.47382278645324,0.07965701802006833
301.21951209575434,301.4113018241654,301.1603967869762,-0.005490284363366413
300.20575596401903,299.7876820057335,299.56727791855144,0.037717529640274285
300.52221325726725,299.9652751029041,301.4623129727208,-0.06279076338188759
300.1499123935233,299.60885023494166,298.7087813661643,0.09586885879607565
299.56263725229843,299.9448104100886,298.00511648373526,0.07903993584019986
299.69575809603737,299.6404302654042,298.17005129573516,0.07596720033250051
301.7260919395293,298.9956351151527,302.2229241741744,-0.04506700208172958
297.5573095244663,301.59702599590184,301.75923414615033,-0.24714715495459133
300.635938752463,298.1045724777546,302.44698012300347,-0.0666432360155875
299.3036751860526,301.5846831144943,300.3735124770269,-0.046079823753053695
299.69741780897715,300.3346644911848,302.6372623182127,-0.16569229764439114
302.01133602307567,301.15992822551425,301.96062451406976,0.032441135632710144
301.76490524881547,300.91263778826993,300.3489761355652,0.08444863170495807
299.43378098974114,300.3692988182738,297.4443323166683,0.10520762925186775
301.0670726371811,300.02948202515483,302.05474999840027,-0.07915512840387692
300.05328606570026,300.17991425371656,299.98589360819705,0.01392032106238446
301.29467505626866,297.4181303353225,299.0697748081139,0.1328200903142539
300.78203758902856,301.27468861661356,301.73454985098687,-0.07939973819904594
302.3673118051627,300.2818251334872,300.4090556929512,0.12702048935227142
301.8418492882419,299.6907413479956,302.4464738576452,-0.05586003528631011
301.1964380919032,298.61406742723926,300.2530136285556,0.06265171349488753
298.3850315962807,300.18579752787366,300.35196179604543,-0.12745005661935807
300.3939395049886,299.2101604273849,297.6631172966321,0.18351863449903877
299.4963038515045,300.4285942638308,299.4665367138396,-0.025522193823673548
301.0957793487946,299.0535928332329,301.7052012020949,-0.03686298257466433
299.50845534348105,299.0117234286967,299.92683469257827,-0.019008542412830707
300.74771161350225,300.2162440600535,297.1183302178135,0.22194667723229827
298.6358682612952,301.11041886672047,301.7103182407504,-0.22076081272420028
516.907085565283,301.44745668297924,301.25004703043095,12.970166811885674
627.0299354010848,620.5371899352208,610.0886990066565,-1.1400962016828218
447.3357225494019,438.4139810036591,432.11158078179034,0.7440361421124113
300.3503939129501,302.32836064983167,301.4923160356835,-0.2207567450401183
356.6578366886477,354.35207519022305,349.16897242511806,0.4607510770391128
305.2253320171872,303.27857661706514,299.1555904945121,0.2892958487252088
305.3027123717188,305.27105555292377,300.02495098286107,0.2559682681047144
304.41901216671823,302.6225121816882,300.83639407142215,0.1621794718291875
302.2417012566787,302.5288492940751,300.8886812914766,0.04535501695916651
302.1994574843931,302.53091159322463,301.34652943229844,0.037645483473659744
302.00014512441356,302.1690099731764,300.24741992034313,0.09663423172327897
303.1193323319615,301.28208931851015,299.74227086449173,0.1850964360074829
302.5777618285254,299.8078449288418,299.2248307598115,0.16740524944813787
302.228104905037,302.85378013025206,298.89333416398284,0.166556933776111
302.11042840337313,299.96941680872686,300.7768363162488,0.046667817816917256
301.0579965564259,300.9241443710906,300.15720342115435,0.040711667245050195
300.82164988048356,301.623850918142,300.6387927430991,0.0019634968903528716
302.50528528583436,301.73953850454666,298.67256771111226,0.22813448310948103
300.96414922719975,300.62274965809297,301.32377527468606,-0.059904738596399054
301.9079250945966,298.82544344154707,299.2748175658845,0.1615827121975866
300.98015651268526,299.6700283539224,300.3624120686093,0.010733591357438284
299.2946185217685,299.685610125678,298.3317916728218,0.05159216649604162
298.11650945186335,298.92163299308055,301.40812817796194,-0.20712539205538236
303.58787709415054,299.10216269724094,299.7606648495913,0.26254892193454
300.98525683766127,299.24385416908996,300.31645708211477,0.0018558628871977595
300.393040071846,299.32953821572386,298.5721213444434,0.10256712608868838
298.8148083066096,300.43528469032356,297.9537850760568,0.03345220655914261
299.23664037395025,300.4742199460735,299.630643946951,-0.03225044668557359
299.2933459504332,300.04243344285476,300.71402818034085,-0.08130089806445084
301.39061094737286,302.0840668129493,299.9973254149698,0.0978039542432606
300.3583659571565,297.825201649392,302.28513344366115,-0.12953890451431108
300.852682981621,301.3008862432847,298.86885300273235,0.13829747359836575
300.5704361485,301.51617200558286,300.72062802902303,-0.02884981262026884
300.91151654073667,299.73419638579867,298.6613786067238,0.1365101948460017
300.48080372811654,299.7676695820408,298.34733083820134,0.10550699405478327
301.6292919436677,300.7929141984673,301.233928745445,0.002387062994209828
300.0468897129931,300.6646534874782,301.5670479852168,-0.09516312831564791
300.0352476067719,297.20874575690505,297.92861541769037,0.14159951406712992
299.1796227192929,300.6634549688389,300.9660693542869,-0.12825311999045425
301.1045042387712,299.66096863002997,297.93094916736067,0.20827777063457178
300.7780087557473,297.31065433770806,298.7741997383557,0.08849299032938916
301.56046111374917,301.7192494954299,300.5641736276194,0.039739158993868956
300.71828240402243,297.9891308657477,300.9757758460535,-0.025412481383162912
299.94668539334987,299.23099523687847,300.5229182388983,-0.031999036312594174
299.9905322022913,299.2533822180063,299.6990168627635,0.023253248827155064
302.482400066827,299.00430238594254,301.30395683856625,0.06779144030036548
301.08864841661807,300.8336314601467,300.34753471120075,0.03268239004243185
302.43721169639997,299.16712593338923,300.2348054858813,0.12473323557694813
299.3375676109195,300.10744005964847,301.84102865185275,-0.17223172456118163
299.81309866401085,301.1564549763691,297.9140207054913,0.13897928792050662
299.4274821027749,300.75175847978505,340.26177486268676,-2.4690483451799086
304.9251666986699,303.3527316422364,303.40346806859867,0.49964484540339243
303.5706299280324,304.47810501717515,357.3608246679516,-3.2426286706958627
301.1733416002388,302.08463065365066,302.5347191750236,0.45621929291210395
301.6259917007371,300.2368020193219,300.6889990623744,0.06983333404960718
302.02023065408486,301.8486847268207,300.3949862466748,0.08814473806097568
301.28933619624775,301.1870415245069,297.28549263073944,0.22397816985639793
299.3846464537804,300.2218550947013,301.68348305406926,-0.17796863167241328
308.2101967953653,310.40494864260074,405.5111652357532,-5.815069740420387
305.43261922111867,305.2818929900985,308.152368402952,0.8098247334938798
298.8804875574605,299.87338354362464,299.9999537171498,-0.03997047776302452
300.0947364996688,298.7934599674536,300.38436300810145,-0.006182928909066732
318.38468607624367,317.7069094356928,317.8784399083606,0.0332710351573121
301.55518367270366,299.1325615959826,302.3304238277152,-0.05157687097952362
300.63711943152276,300.3547959831278,300.7114259781423,0.003294008752943114
299.32312646848544,303.84174950274286,301.4915441812519,-0.12936199729979364
303.09725112901396,302.143857822444,305.4667266731376,-0.12048435551975388
299.98091925691654,300.7750399426875,303.5258902345317,-0.1890035032156726
301.3547661050253,302.0420510599185,303.7853838520142,-0.11038735504318255
299.028717992823,302.39351755858786,302.04430073357616,-0.15662878697530233
300.0052003103844,304.3745276647513,301.6542718609563,-0.06878846562678405
297.328492975795,301.02290165072753,302.13614341797796,-0.27196831102526003
300.0151609202918,301.4831134198748,298.94016776355784,0.11257609382586793
299.668909342586,300.7575135213144,299.1569674378571,0.019966582716396033
298.73327534561156,301.28209054306967,302.3751164116525,-0.22362988300974734
299.43625022784573,301.01383678426237,301.66654853795933,-0.09739948794640611
299.2810526511757,299.2907039773899,301.46574651878205,-0.10877864895524625
297.88431750407113,302.2495738429934,300.41479384443414,-0.12998164174571686
299.1071780483814,300.54709951472296,297.8246582310447,0.10225595244383329
298.0357510587638,301.0876293770535,299.2537476900739,-0.08590499605197238
300.6661368308437,300.391789490562,301.5954152614049,-0.04357673952057269
300.6722033450819,299.42082253161766,298.89094615981844,0.11616821542142135
300.5091966236292,298.6910179515218,299.7398800398498,0.028346423174126587
301.41731231397785,296.64515203219423,297.50360569856656,0.2271292310868836
300.4445501617628,300.528697545197,299.33625574056373,0.027360599117830026
298.39417475629256,300.26075886415936,300.4561223571684,-0.13479980026454086
300.37051589582904,300.5732344143549,299.7090329435584,0.060308453144998
300.34292761365145,300.61375092272317,298.28369720438405,0.11693899503333739
301.6386935593697,299.79510188303186,298.93020967357035,0.14191672905528718
298.5948183512505,301.70445199955077,298.85275384865747,-0.04256096870241038
300.6798025203262,301.6411042917819,300.12707054983827,0.03574327320334419
301.52640439381423,299.272329488354,299.92592254596445,0.09050159116610759
299.0865162749437,298.067267089695,298.10064688580593,0.04314734486976704
301.66657486953494,299.26301568102923,298.802020023309,0.16201459688217823
300.77549387629523,300.96048544497273,301.3778597667413,-0.06478750188902496
300.36060588504887,299.1067197740115,297.85586308458187,0.15630822693248092
300.0313876974459,300.06276164848254,299.554606595214,0.0035594381292429478
300.31986939207223,300.4564841238262,301.09276161127497,-0.0511413441744827
302.08847037838245,301.5027159161153,300.14357740533126,0.1244225005750991
300.0028650908303,301.131964220503,300.85916812615403,-0.07082711184993513
299.4279903282298,300.2481780972165,297.75357735086897,0.10902780899488619
298.1370946685624,298.8796996280093,302.0656106393927,-0.2524550880234256
299.48695550108994,300.59434130491877,300.49097383142066,-0.02095594011154049
299.5639598845826,300.11898703000696,297.6055425645966,0.12754522250246622
299.3161000466708,300.38300857041304,298.55753930439386,0.0259294713367558
299.9639152635333,301.9229470568367,299.44453002380806,0.02357750696074504
300.72835539440865,300.3897971857255,301.31388638598014,-0.04032571189154169
300.6776100481585,299.9919264444057,302.24011625898504,-0.08789506273387758
300.60929285252564,302.5366748123806,299.47722467615375,0.08354915269057869
300.0473561770974,300.4681197609484,300.4635738990628,-0.036293745081641765
299.4975178305472,301.3693485237949,297.9356521995155,0.0978741150815563
300.9543903863191,300.1545765804976,298.9687638965656,0.10351893307489547
301.77669260226816,299.18937071447414,300.78090026056816,0.039891275604464344
299.2016888626911,300.4482333510622,301.15507276630234,-0.12716095763367263
298.6306565727741,299.3709153309621,301.3705336685942,-0.14485878671309252
300.6808629662089,299.3642656561661,300.73990476199384,0.023856263211104647
299.50740232771545,299.8427336099861,302.3108456892748,-0.16761618373571138
303.23653266867234,299.59742493522765,301.3951185963342,0.13851927795588098
299.2959573088628,299.71745743242747,299.59866312223136,-0.036576489525494936
300.00988789981733,300.9051672784373,299.4576965705901,0.03615853788732011
299.68658945943764,300.5169767819777,300.29423771763976,-0.04198080878439953
298.7188378368923,300.29592768341485,298.97244638692706,-0.009140030420064137
299.84340408454176,300.92496842171374,299.68856274313737,0.01182656598461108
300.5964940460971,297.403417273463,298.12493115042895,0.14674536032604635
298.43397259334154,299.8984650517081,299.8902331465995,-0.11209126215215862
300.55935265138953,300.2410441010313,301.30993898605794,-0.030472574547525257
298.47704891903936,299.0931404456204,299.727425145322,-0.06751671023027427
296.56736668831456,299.92438411835326,300.07329955287616,-0.19785220961086963
299.0415213988047,300.08598199058383,299.42318819634625,0.01215932079312438
301.304391490332,298.06574176439324,298.9800953968453,0.1432744335846195
300.5349832227315,297.2627156902918,301.19831421679277,-0.06304282057854266
299.77426311712554,299.85554786999603,300.3905989009603,-0.030346837089472844
298.67495675860397,299.44466671460236,299.3161690443594,-0.03230937930697905
298.1704464934452,301.70194028363284,300.92265706427025,-0.1587205113919498
299.4862942052979,302.23925600122993,299.6373788468373,0.018457027215886795
300.3291332324341,297.2173369736525,300.8800567415241,-0.031544564130003325
299.15776920097437,298.29231610224787,302.0796469844055,-0.1698034319149673
299.04431683441976,298.1645775161545,300.5828393593301,-0.06309257366030807
298.1460826755217,299.9470029211333,300.672504108357,-0.13620006072101262
299.28104267424317,300.12590502414815,301.4208775316569,-0.10312587711647213
299.8773342742719,299.4302226632559,299.49633561755746,0.044258267977003815
298.9143008407802,301.3974643146641,300.65915949255,-0.10850150567333175
298.85209329164974,299.23610938337833,300.2296144205922,-0.06520268121885067
300.21042006307187,297.83063241051264,298.44566113360105,0.11966074705767368
299.4031360029786,298.7654066757639,300.4101044511707,-0.07806569618623314
301.2139803716202,300.98057061425146,299.229348997343,0.12914756693855453
301.35362858078275,301.3049898852427,536.4400150984405,-14.125029504802239
616.8208964231327,625.1762599761432,634.0349267492513,1.3180220456094602
436.76183480582694,442.2710132074034,451.6208596956896,-0.7194011901305738
300.01962895686376,300.0293067173922,298.11687575596903,0.26275544095231
354.43435688066916,360.59778594363644,363.4580095705401,-0.5604466934012055
300.58173711288026,304.8581388482112,309.51885100217356,-0.4459903064588883
300.0235956821643,299.09356676828304,299.9916291369139,0.09128913160795606
298.97724111197823,299.9686000038839,300.7826492651581,-0.10864415464329683
299.60235966320516,301.1080744991881,299.7497998694209,0.009207669158855653
308.37844038198665,312.2894638082305,312.0071158634956,-0.21624612682837893
307.52564745890623,307.4854926333708,309.68577262477584,-0.09332075513708674
302.9050360889748,307.21519920750484,308.82549327040465,-0.33362617922709603
305.4054372924949,303.5663929732513,305.7173554570694,0.040489481939829944
302.91587546366566,305.32653194003944,304.99468589151945,-0.12160944402548296
303.1577249649416,303.07068833682075,305.47867607353504,-0.11846896223706722
300.50847014652356,304.3704964120412,303.1944587838133,-0.13794980715144844
300.3495970000249,303.26020773480326,302.85036175733217,-0.123185999065538
301.0238912966832,303.319368582195,300.3564605227012,0.06505349401199283
302.0643291892765,300.7985316948731,301.714642801137,0.014306875548550124
302.21462117303287,302.010548599942,301.86032375156384,0.017760981406746625
301.2012112160262,301.795148410657,301.4816448740871,-0.020368993698346004
300.5257919913729,298.1997437254794,301.73503321303036,-0.06975013671883858
299.3733863945624,300.57723826926804,300.87940458087314,-0.07826867896207149
298.64810458266845,298.65599179170715,298.4183997801452,0.028842470014503192
302.52475608170914,299.5325573346152,300.8625423270446,0.09743577725464037
299.9637011796563,299.9430430358456,416.9868634465943,-7.038011873562927
491.4051646851241,491.03655970281517,496.62233093148416,0.8572016478877755
385.00497670075816,389.1610488770482,392.9994106896564,-0.42749437687029174
300.6127538760634,299.83875941908923,299.3658636073923,0.1547577560092452
333.40959500169186,336.858045504375,335.07078564406726,-0.11214034122923465
325.7830977054694,327.9901817271228,329.7750751405609,-0.22290673968173508
320.0597734909187,322.01028307014946,325.0375036692227,-0.2587440363473252
313.39429675874095,317.17405068158536,319.6660978946384,-0.3265307663708086
312.7395807588023,314.6486746553638,316.9623746084775,-0.19064961962153804
308.1560112897416,310.31103900753294,310.3431938487572,-0.08900301504418281
306.73760434739404,307.08159799869236,310.16850720174756,-0.18398234567105531
305.16665469381525,307.9902087101018,306.0437128207319,-0.01831445907146474
303.14613872172134,302.7832008470501,306.39564719730987,-0.18619992726614498
304.0218740542988,303.65337464642755,305.57184429932613,-0.06050312994575506
302.8232543337522,302.0211098839857,302.58633938717844,0.029714599244697413
300.009654522802,302.99938061260787,303.11506199802534,-0.18869359797913718
301.9804311545318,300.8137000938498,302.1730470010252,0.019497123962627826
300.75414805149546,301.2788077670945,302.5184291142176,-0.10393070529839464
299.3395946352219,302.4829492892507,301.5325679507988,-0.11393558830739381
299.112046750817,301.7397420632417,301.1619527007014,-0.10106462383729593
301.0701485077254,301.8824765730529,300.7939531265921,0.03707078236684083
300.42840063082934,301.0072132887228,301.0177449049288,-0.03812261025730038
299.915890860047,300.57506214839344,300.01414996772627,-2.103719761521912e-06
299.9751675050969,299.86904558393917,298.3482675578541,0.09859658791136099
299.10135665748106,300.3268871228798,299.86177993347,-0.061894396031765386
300.39351623505,298.6012686534363,300.0434696371686,0.02860702863277538
299.3840124525032,300.1982263488852,300.11668962263275,-0.04746109618658636
297.57264010327464,300.73699748728524,302.1130905640684,-0.2651002559463297
301.2368740230453,300.13803823380624,301.3334649917352,0.03960904648654377
300.31917084601037,300.77255249768234,299.9909685275452,0.020658048794809362
300.85631476489027,301.867081497892,303.5185413483213,-0.16301561819051472
301.58574471278297,299.83356100248096,301.72344050386926,0.018360518369133272
299.9467447351757,300.82555697109404,306.7170068097916,-0.404838766566092
301.38098837783645,301.05629320548076,642.0516777920664,-20.372538744107636
612.9027659105659,621.1195263354917,628.1907041560315,2.4894305994143613
431.67600076634267,443.37453948300384,447.0437846596311,-0.7691876511426505
300.4220323915169,299.29859032064627,300.6684678305212,0.1388917125926264
345.0527913518998,353.2303435935207,357.1863568507969,-0.7255495755437829
301.89118536916817,299.1098084609398,300.20488529012687,0.22251365973144915
301.9029392343427,300.8385418423415,298.1415914310066,0.20881786740975258
300.4652593697256,299.23623738920946,303.60197339781024,-0.22581631971844104
298.60895322348154,300.6899865379092,300.2114374096362,-0.06478191088843176
299.9265561044558,299.30371452343667,304.57082902678417,-0.26263153347815493
300.1966645308851,301.0717876853562,301.1803432413369,-0.012577993403826891
299.2325527458925,303.0994812649701,300.2482280108855,-0.05110372879506031
299.58026581672004,301.28327054395834,300.28050726813734,-0.031857734435108115
298.8472869913667,298.64558271491205,300.5451258881676,-0.0948679192938829
297.1137417632459,301.28613578432,301.3748222863754,-0.2386864424197586
300.1939999639405,298.4423410151399,299.6785715240851,0.07353651162261769
299.7371481872235,298.92232848857395,302.4670187699672,-0.16894651936317417
300.94254069372425,299.7672855694348,301.14170392702135,0.015348911829610758
297.35609434872606,298.45326450868026,302.0832633193361,-0.28163850590363043
300.1697866807569,301.5293108430614,303.5610247946184,-0.15620259712559006
298.6086537692145,299.26685926540017,301.3241717566806,-0.12901869810934843
299.0765115322185,302.40976582235356,301.30383600224394,-0.10648428832686649
299.6573279047186,300.08872628014956,300.37991797089416,-0.021082159270277998
300.0047117658545,303.6621161811765,298.9767390173904,0.06890426556960108
300.357904292716,298.66015607535917,299.03936510837366,0.06883262357589957
298.24930552730063,298.05982946880636,301.3400221910756,-0.1986283916699216
300.7426639988729,300.84616315562573,299.47034254348273,0.1072464539611599
299.76343291613676,298.69798948030603,302.1083143603687,-0.1534161012078175
300.8850519948375,299.996613165391,301.36061132625423,-0.005084745442683815
301.9111057166348,299.06909906323193,299.8453491456663,0.12870098757227483
300.5308858726421,299.1075394706266,299.7376638511469,0.026935755580026356
301.9023605989702,301.6667212492494,302.1660653269527,-0.02375450389390437
298.6754960091423,298.7724703066189,301.595226491218,-0.17254678164471612
299.76624854967866,301.04041940022637,300.3092658582113,-0.0033837336912006313
299.81324464906817,301.1626185939171,299.15608540000767,0.04485972802895617
298.66249161730326,299.9205233460207,343.04575244555934,-2.66956724218597
299.47028428219977,300.1742893468175,301.79177668090216,0.3045430643604175
304.27764436870353,300.2501886437944,300.3950383113465,0.25617128742844447
300.6509557915273,301.5203722678333,300.4875380412654,-0.029020995557856963
301.0385426010928,300.7117051583768,301.409905269648,-0.023915937615931283
300.02818193404715,302.42833105440604,300.99415245321626,-0.054244604464594205
301.22566139556807,301.9457002547412,301.7699344788794,-0.02299667980698928
300.0539625591361,300.6637259501248,301.725321818382,-0.09483882472163999
300.21680234059966,300.56245512447333,686.7911040910432,-23.177744512434153
300.74302191447237,303.5151772933165,302.789527954236,3.742952655118617
301.52812741299135,296.8238560930456,298.45564658183076,0.2048139102672718
300.3407553765819,299.7501252187741,301.9778090871718,-0.1289480309469997
323.18533749108013,322.96774167824447,327.8134781787148,-0.2613179041521795
299.4544330309913,299.04120178968714,300.48086631410325,-0.015304590110370102
301.8772953350184,300.9373153620478,300.79924148676616,0.07494756372625375
347.0418732345842,349.6874974468985,347.6675143294192,-0.048319004172620916
338.7186460368084,338.5781476100965,337.2183318894252,0.09627525979134305
330.3421709454136,331.07845819545526,331.925384765987,-0.10999597070823655
323.6049405118158,325.62994111009516,334.6560621061916,-0.6472351574568131
321.5318834281358,318.7488466384936,318.1998834948942,0.3104312119382542
315.54368110418125,314.5870704044039,316.3905097295734,-0.08412971685594585
311.09314634220675,315.0715177808058,309.67302293309467,0.09367569080064642
310.84324882201525,310.77387836238375,306.54280985602617,0.24382510386822448
308.81827026304853,307.79395350377604,615.2928800350682,-18.431480975981067
306.5689101070687,307.6645093555286,308.14294324590526,2.970304109390002
300.09718060991537,299.77885109476176,301.23327759861013,-0.05242548793331992
299.8234056635885,299.65554539748433,300.1548610531027,-0.00852635348390379
326.84374146906214,329.1808249594865,330.8494320160814,-0.23702687892601262
298.3224927417658,301.19520899378733,298.6983427185534,0.017505906862936054
301.6346468046084,300.4166235582189,300.40983252956545,0.07724735627045277
345.45054550005807,348.942423514343,346.58288684167314,-0.08018862324733392
335.7511846566492,340.2073533472991,336.16862248849577,-0.013722856494645158
329.04974777822207,329.6107968720031,328.0791433387655,0.0624106446858599
321.1285764065652,323.3489355533655,324.8471445472259,-0.23282013283421066
317.2325993511909,319.3393692579442,317.92918220546386,-0.0046092898497693095
312.98708605271554,313.8745844593252,315.9996331754828,-0.17378699882330695
309.3478307644775,310.88919973210284,311.5571070314675,-0.10243110479172743
309.43985297869403,309.73438609096104,310.19055849520873,-0.02294956832098194
307.75889587809786,305.1056026931995,305.46922644136447,0.14488722136915044
304.84730269343305,305.62241792579454,715.06707996252,-24.63608333051255
306.491966779942,306.277615505354,305.7926521139044,4.144156652653125
299.6427236878464,297.9568032998127,299.00956382126657,0.03099644533441392
300.6299819655867,299.70803740455506,300.7457940844698,-0.013280325798785953
323.6243971831104,324.70201344058523,326.92999618569905,-0.19717781896648945
300.69445614388854,299.5957480394633,298.6823979243763,0.1537794831966221
300.2268044072259,299.15458231806286,299.92081531729207,-0.0017612367990909664
300.2631506390941,299.435046558352,298.14413634732375,0.12408096660688102
316.8101596021375,318.1394604240605,316.94263500983743,-0.029138667379698974
313.5606441396723,312.103992064077,312.312112360855,0.07623666080603869
312.20148097715474,311.4970742444157,368.05019797713936,-3.363408337787251
305.88670990514333,308.10688643818054,307.02729406434173,0.49005212044794233
299.43584953786547,299.2993772757708,299.06267692811986,0.03379619817672051
298.63447896476487,300.17255837578995,297.34966126606713,0.0733573358244081
299.74359597652096,300.83541309667095,297.9095439225657,0.09719494625033748
300.95136376693233,300.65288210040893,454.73380124477836,-9.245286769210315
299.18835935344924,302.0574741393713,302.2599740116533,1.353527495286217
300.35003644414724,301.3490774239251,300.55601316124745,0.018357543556027735
298.7971790019811,301.02515427750194,299.75664670907923,-0.05550829525488723
318.98053108804527,320.88738607377076,322.3698040523515,-0.1937617007873939
299.1060190432671,301.30607992029235,300.65508118799187,-0.05905099904042288
299.2576909541212,301.7365063453878,301.09486117279465,-0.09473959167316026
300.00342201856756,297.73485105222676,301.2992317724656,-0.059376883047146986
303.94269107502066,305.304888176568,307.3159933126624,-0.1894400367195232
303.74408159547426,302.97083812925655,306.6828471908557,-0.14259291334646834
305.46152465033674,303.87091593408456,303.0760895563736,0.1725137615916043
303.93908422467683,303.0844146689839,305.69237627131895,-0.12905187373815863
302.0950437867522,303.94432636942753,302.3742021621332,0.0007834179435627676
302.3455929125465,302.3565597378806,303.6674302670697,-0.07651865751757952
303.1366435581531,302.06504730774145,303.99962210842324,-0.03856033947097785
301.0321190229114,301.3310424321572,302.52374848237275,-0.08086798206498032
300.4699148758159,302.2773282423223,301.40029669639745,-0.04090661464027903
300.3889981403587,302.15060652510743,299.8929974502408,0.039063859612890044
300.8455168711774,301.72348494697655,299.3646618773408,0.08389129272901699
300.7767151174107,300.2591988558005,301.7639114160516,-0.07404032785682148
300.43794099809435,300.29363141019485,302.26630047872385,-0.09982960585136084
298.6508382910051,299.25021561615984,301.74236026878816,-0.1672077238606903
299.67478108385245,299.82162023465224,298.9084212937442,0.07689680718432612
300.12350694877404,301.437882667325,300.1305810617233,-0.008088044678039523
301.11792939747545,300.15121438394897,299.74849138100757,0.08223702211756574
299.60047410723786,299.0990520823824,300.72035610748856,-0.08088730017972068
302.1892997658098,299.5194934061209,307.3455054766048,-0.2981735226451934
300.4604125585271,300.78624538716645,496.6903407226384,-11.722233632738728
614.0124159683104,627.289715412831,629.5409133054079,1.0305894414152617
436.2650012022223,443.9352374990449,450.4087052175838,-0.6933372675507145
298.3996438017489,296.7417708737405,299.6997497617462,0.06343068255377546
350.44197999111674,355.3371235592802,358.9143233165348,-0.4953395399251116
300.2258795617603,301.7198592186223,303.9358286110306,-0.13787350970203932
299.22730093145253,301.9250108953911,303.10635498665255,-0.19564375281929755
299.5961345014448,301.1918075855553,304.5744115737057,-0.25990608378365265
300.3363555674835,301.59235664984305,303.1125077612384,-0.11678636090268582
299.3842611049551,301.48679822682016,303.7405468833708,-0.2336156247673944
298.5679468699714,301.9260538054363,301.96639905401105,-0.16034427325822037
298.82218896675926,301.34854518177366,302.37311583468403,-0.1790710902350901
301.96749593656693,301.52303271153374,302.1128211487296,0.026789755949487244
300.52912625918736,299.9731454301756,300.74860984677355,-0.011715763133544214
299.55767639100276,302.19255256008415,302.1252577540261,-0.15186004590553923
300.1082702923667,299.6336179507989,299.30762526444374,0.0737145153056099
300.0568342354519,301.55862275652134,300.85632271854337,-0.055975759264717345
298.2275722803007,300.4511297126975,300.5137543394771,-0.12917603871966832
302.28293675629425,299.34102488774386,301.02636951745575,0.09825585492207381
300.13167425345404,300.4869734365369,298.96988834574296,0.05714148207427968
298.70638835689186,300.64325340870977,299.89987832608386,-0.08322725722863084
300.8889989279652,300.0065871246838,299.8394423288589,0.07490829563829607
299.1829721592995,298.50884167265895,300.4726351400916,-0.08787534483858964
301.3755772666112,300.2826203278112,300.01497625113075,0.09453269073674676
301.912115979812,301.83772164046115,300.8065014054694,0.05273086430574893
297.83147223348084,298.9236130420431,301.3891306997787,-0.22451565372129836
303.0027700973501,298.77248582775036,300.0063453381259,0.21536207021642895
298.3861489539003,302.3834500002575,300.6059378956098,-0.16315158409481229
299.6864744792438,300.0332113842044,298.71064179301,0.08074785059112571
300.32815222858267,299.7499812015232,299.75160457910215,0.024834532106492592
300.7597619935086,300.20574938361005,300.25163041512076,0.02472241820846648
300.98972607498894,299.9450757167368,542.7664880476348,-14.511687034142629
612.2113273457871,620.8666515963098,626.8466705891047,1.539647025127402
434.8704502825954,441.4031535883804,448.5801003547656,-0.6762255718970346
300.71755110497827,299.92098957582454,299.6526314991649,0.20099167707050414
353.2204873939023,355.4926519613917,361.45523481038157,-0.5047340410468888
298.44362485515666,304.10064739139216,307.90879340545524,-0.4855626388531226
299.3672860808623,300.47618543761524,299.8555831214994,0.06535386306475857
299.4062905481032,298.18850275466224,299.972121833219,-0.029066906700576284
299.14934261724477,302.3345452462684,300.3294082573801,-0.0651456255569633
308.09916182869785,309.60224567895875,309.86129138389737,-0.09392711691061778
307.03944421598584,306.42947471739916,307.99153767499905,-0.03950431198879756
304.6892052517113,306.19889781456567,304.2276033041748,0.0372170514423226
305.06504769241394,304.1331600812481,306.99096364805314,-0.12017097681371697
302.8156539150739,303.747649599023,305.7290778916632,-0.1555462790389686
303.5580903000415,302.81783441494866,304.53458930454593,-0.02945570050437255
302.0429220981191,301.7020672429219,304.8709978128607,-0.15991955283945175
302.0964989944068,304.0644160996298,302.41289429246393,0.00929703926398645
301.7963579630738,302.1164117259276,302.16853498756365,-0.019166668488820735
301.41790630108727,301.84324581658484,302.9885284315786,-0.09051555758457937
300.79360239783216,299.40572734979077,301.4661786219432,-0.024648352141748545
301.3884387143908,300.39960269134366,298.7837034067427,0.1630098806999979
300.4337885935696,298.4077013746728,299.921148598201,0.004711046645634837
299.6271814580554,298.76332836938155,298.6104302374858,0.055878673280491856
300.1943429045796,299.43689170242754,398.87356101253647,-5.930920598683108
446.9847231544647,453.64184022849014,455.3727219489475,0.48351225341059884
367.4108342610989,369.2528908222046,375.755406107537,-0.41679432284145773
298.6491042025941,299.13599437978814,302.6444410333998,-0.15627449138396005
298.0749222361314,301.4235401375471,298.69887722684604,0.0025160688651777695
300.6558608466513,300.227854793236,299.6153828296572,0.0686682309267917
299.4263867299894,300.94801632304547,304.4376163118424,-0.311078555081121
301.81677284381186,300.4033828372241,302.01514700572574,0.03820984610369749
298.4743188437702,300.8391858117622,302.2555254350288,-0.22488865385637613
300.86036572999234,300.02590041420234,301.3970064070294,0.005613625290363303
299.00740724053264,300.65069110187517,300.17261395119766,-0.06454599586953066
299.6198658557947,298.9833893478876,297.95029379292345,0.1118263908789271
300.9447993062954,298.4309151719168,299.5566636609605,0.0665924180913811
298.50740105513717,300.83247979067625,298.8567061425095,-0.03483966169568874
301.71517682873605,300.1354528208247,300.0261143135966,0.10483680178208886
300.21602479653797,301.48513970500585,298.6237530207428,0.07864568139631502
301.7388599484365,297.6818679574299,603.4285080110316,-18.117301601513656
303.4859849335218,303.0423946723975,301.3562279001584,3.1446819026277564
299.3365282949717,299.2580000779235,302.6476317945303,-0.21996378030715108
299.3235867187992,298.7978811321485,299.9368330295208,-0.003683743647709438
321.36318978593687,321.716264662259,325.8944578502026,-0.26574362074872965
301.4246064245084,301.3678559554838,301.8497059845864,0.01980670703797614
299.71106136218856,300.3943260595779,301.18197427589683,-0.08400377922171628
344.1439990298007,342.7726580026352,345.3887612420806,-0.059976603599711784
335.9670140668466,334.9973372605269,337.87624058452593,-0.10210596893795981
326.45988823533656,329.1423767019074,327.6828108010684,-0.05428308876711697
322.14295147875976,319.81189296527805,319.58943184154293,0.16544040389032771
317.4266299318198,318.2841068267658,316.6506273905025,0.021024956106867877
315.3991420416909,313.0436561751011,311.3392755858176,0.23583196193922562
310.7182222223162,309.43237716977376,312.5052017403451,-0.14781743564046962
308.2013565491742,308.3136739766593,307.91158480767456,0.035256099670267535
306.3707834780802,307.64425862039417,307.3854046335288,-0.06377498674191202
306.4176821635649,306.01962680462594,305.8185453948105,0.04609441767975113
306.96014674579914,305.76419309423403,305.568091924268,0.07753192160432378
303.3495373961071,303.4649489068306,303.4210681764387,-0.018212395035208148
304.1912285267677,304.7745184432915,650.8858744304655,-20.80096344641855
303.73704691980527,306.2259832235467,303.14510576128396,3.5024629285482565
300.6351276841656,297.91880428507636,300.73474083814733,-0.011896200824118068
299.0304322107095,299.9081537845563,299.5487547980562,-0.030103223700987204
318.8274058324649,321.71342267666705,321.6547996049073,-0.16446040047307692
300.2664033989952,300.6339968604396,300.8771050342582,-0.0083681603913567
301.5593051433337,299.1489168104794,299.992675968032,0.10010476687073037
342.1746935351284,340.7376153933936,340.6952281693301,0.07310163019488243
333.5683314438163,331.33074529370185,334.3609553981925,-0.062352090920555846
325.89554347854533,325.9668113007937,327.16080244615773,-0.0679892985129817
321.18873432318384,320.2355208920951,320.7514081142251,0.038892162213647344
314.49611638521736,315.1205051362637,315.0082441262695,-0.03510092655271649
313.4533821357872,313.62256683562345,421.1734271856682,-6.458081425582337
310.15743758099796,311.4604495624249,307.81589495463936,1.217693008080326
298.99328717835357,301.60613517493493,298.76323793138744,-0.009612471445618097
299.12672341613154,299.3170039356921,300.1189963410362,-0.06183686796394227
318.53439744682237,320.13482672638116,321.25044583855487,-0.15304017425490316
298.62106380190846,299.67588238398616,297.6514332373976,0.08533831778797606
298.12626348095574,300.9437178391514,301.8386705057817,-0.23244072713466551
299.7772636803807,298.71083868610134,299.3023696722135,0.0656177107382922
302.6575525306909,301.83789408802335,302.6685805734624,-0.0054106226479621
301.3465180678141,301.8459368889503,300.99408002732224,0.021256562857225846
301.8471234750847,302.5384870886602,301.74274000689496,0.0027386276864649517
301.1125009864589,300.941981173168,301.7445029891855,-0.03896395484549373
300.60293092096407,302.1593424338344,298.89460225565443,0.10881973994584428
299.86740940127044,300.78230848895356,299.60952249706276,-0.0016100724006355444
302.1213806732064,300.11513891011606,299.6765028870871,0.14411379812507902
301.6739479714811,301.54452222701457,301.987490663452,-0.04326133937944633
298.62965072949373,302.6243881151938,301.9646211088054,-0.19696279583898957
301.1388190631059,301.25722215074717,300.89400865623674,0.04803832820526793
300.56504787013904,302.93489713243684,313.57537526015716,-0.7830677474697791
300.7807951933962,301.9566629586061,299.5995047569143,0.20098070008909533
298.8322218250184,298.04047178962463,300.58734874674724,-0.11712051966854972
299.464261639127,303.5369141453412,301.8108992627946,-0.12324698820276524
300.27759528411497,297.818364369978,347.83511267974524,-2.8299846675011406
320.0198669526117,320.0225262201459,319.8645541851499,0.48489394000401037
315.5272261708864,317.3090191115631,317.5420393299768,-0.12244191722003905
312.4022422081818,311.791750342439,317.8900215429911,-0.3091186284976556
306.12126864783147,308.34524578051173,307.18191848672166,-0.008761196985317951
304.2726968347606,306.56402433782546,305.1999002975565,-0.04502570937885139
301.371249126867,302.0651104586347,299.27787503578554,0.1348744800928455
298.404518519742,300.23320347397424,465.0709872904708,-10.020921867154541
300.6269676247378,303.4652977671579,302.34473332533594,1.5635987456713998
299.1338591749237,300.2106178801028,298.8511797253783,0.0341384239787061
301.0975745145007,299.8039036089965,301.45074480009106,-0.024017011630875232
320.31309408336466,325.3747480133168,325.610544618177,-0.31431532923283784
299.9185040919774,300.71008864060207,298.96061436568243,0.11044788892582233
298.6392265442211,300.2099167743239,300.3697129482386,-0.11340808150399881
338.33970745361347,340.73597391545627,343.4771063843163,-0.29093907180199496
330.292227522336,332.6826404737552,331.38495469586184,-0.014189641104520659
325.3549327119958,326.3482930305869,327.86896356281727,-0.1399145793140309
318.1544464418252,320.0969660395564,321.10700698602164,-0.15201332414357183
315.30237105879644,316.42530332450923,316.3745454010574,-0.0348048550936926
315.6473017708455,313.85207715855086,317.34696029569903,-0.09125776806860245
309.9428815364113,309.51781511665774,311.8061562313812,-0.09479989644965885
308.35471090478865,309.4317789730293,306.95308643567813,0.10273021509632999
306.64307054785183,308.0270904311704,309.1992287663911,-0.16738573780346203
305.2731986297509,305.53062506220255,306.9422113515321,-0.07457918112147922
306.4697027610418,307.46621144031866,304.79843985995575,0.1169659012829743
302.7836260700157,303.5234159957664,305.1723886401126,-0.16003838321667446
304.06313674167114,301.88736084703106,301.2219885501075,0.1943565171947887
298.97529288607456,299.3767860518468,299.71482291052655,-0.07278328338275628
300.04993185956164,297.4297550440971,300.9055141741595,-0.04393963863135298
301.7092926711033,299.93144483008183,298.20103055134405,0.21905155033153392
299.3653259602677,298.02504773063936,298.0923055061984,0.04129860604656528
