timestamp,delta_time,middle_error,steering_output,full_error,derivative
0.032,0.032,-0.41657442418914425,-2.231373875997598,-0.16409574025574333,-0.16409574025574333
0.064,0.032,0.0004714223209376446,0.3508440825364565,0.016328057540498455,0.1804237977962418
0.096,0.032,0.006430835769525738,0.3502301224050782,0.026698606234326332,0.010370548693827877
0.128,0.032,0.1290897519285979,0.9877373211590387,0.07417971224099021,0.04748110600666387
0.16,0.032,0.12376285732055753,0.5532660536367001,0.044969637280914646,-0.029210074960075563
0.192,0.032,0.13147747654741587,0.6658637550834242,0.05156382705904855,0.006594189778133905
0.224,0.032,0.10507498932777153,0.30675357372239914,0.025535459476669527,-0.026028367582379024
0.256,0.032,0.12953494894651021,0.7569378179970039,0.057139517111795074,0.03160405763512555
0.28800000000000003,0.03200000000000003,0.13569085016461915,0.5456714189292544,0.04342741137387951,-0.013712105737915564
0.32,0.03199999999999997,0.1310993729845716,0.5368157457105169,0.04198457594050687,-0.0014428354333726398
0.352,0.03199999999999997,0.3726776910098054,1.8298095200708704,0.13698833741610297,0.09500376147559611
0.384,0.03200000000000003,0.13208029718128217,0.7065184984466778,0.05986574079411079,-0.07712259662199218
0.41600000000000004,0.03200000000000003,0.13676964920907805,0.6342551273414727,0.050099259734141026,-0.009766481059969766
0.448,0.03199999999999997,0.12793093186470078,0.9196581513734309,0.07052405282135105,0.02042479308721002
0.48,0.03199999999999997,0.05113754824335242,0.09859062336249672,0.011321665305725643,-0.059202387515625406
0.512,0.03200000000000003,0.13521901356758192,0.9525333433370986,0.07070310711884786,0.05938144181312222
0.544,0.03200000000000003,0.13265093897506924,0.7804088931427,0.06147307193932899,-0.009230035179518876
0.5760000000000001,0.03200000000000003,0.13586038793329272,0.942318007579602,0.07284706346903774,0.011373991529708756
0.608,0.03199999999999992,0.011929701944385415,0.2666368421178448,0.023813927558540917,-0.04903313591049682
0.64,0.03200000000000003,0.11260680158250541,0.798162702188174,0.06007182198276427,0.03625789442422335
0.672,0.03200000000000003,0.11596461869951354,0.6790227058605217,0.05340337447543694,-0.006668447507327327
0.704,0.03199999999999992,0.0021442450799167585,0.40660533173292723,0.03298477575350384,-0.020418598721933107
0.736,0.03200000000000003,0.008725943711852225,0.23285357492268902,0.019028285327929807,-0.01395649042557403
0.768,0.03200000000000003,0.0401920318692694,0.5177988517850829,0.03917753020793556,0.020149244880005752
0.8,0.03200000000000003,0.0041405720844252415,0.3636320306135713,0.029003264584997846,-0.010174265622937714
0.8320000000000001,0.03200000000000003,0.003849178884541469,0.4705397035541534,0.03627792809629186,0.007274663511294011
0.864,0.03199999999999992,0.0053651343643154915,0.336580903685337,0.026846527227601565,-0.009431400868690293
0.896,0.03200000000000003,0.025846478075697697,0.26497639708053,0.021036249518620178,-0.005810277708981387
0.928,0.03200000000000003,0.003537143436647923,0.5487189998936317,0.041567322824367446,0.020531073305747268
0.96,0.03199999999999992,0.006273734276662228,0.5553608409045215,0.04324100524501029,0.0016736824206428427
0.992,0.03200000000000003,0.004760425539413751,-0.01006652923055703,0.001755968516456541,-0.04148503672855375
1.024,0.03200000000000003,0.0013813227037496204,0.3945113374165074,0.02911382355507617,0.02735785503861963
1.056,0.03200000000000003,7.390621962917362e-05,0.35792871237792273,0.02800287276574919,-0.0011109507893269782
1.088,0.03200000000000003,0.0028535337032341806,0.4329359216563549,0.03345478576095514,0.005451912995205949
1.12,0.03200000000000003,0.0035889336266242814,0.39311037018286527,0.03084073959444146,-0.0026140461665136797
1.1520000000000001,0.03200000000000003,0.0012215505068635302,0.1903329938349875,0.015777538933418447,-0.015063200661023013
1.184,0.031999999999999806,0.0019827346172599934,0.3481093961702277,0.02651086661516114,0.010733327681742691
1.216,0.03200000000000003,0.08233080655956981,0.6646625468510117,0.05040988212560032,0.02389901551043918
1.248,0.03200000000000003,0.002051753652316598,0.2331252086012834,0.020054196651704638,-0.03035568547389568
1.28,0.03200000000000003,0.004426651425038104,0.21719028623728512,0.017129933123170557,-0.002924263528534081
1.312,0.03200000000000003,0.004729754488773216,0.0794931815473002,0.006834841818575459,-0.010295091304595098
1.344,0.03200000000000003,0.08503592740171804,0.6329436651609968,0.04694138961528008,0.04010654779670462
1.3760000000000001,0.03200000000000003,0.024281465213334897,0.132488147329819,0.012453091497118242,-0.034488298118161835
1.408,0.031999999999999806,0.1316474156247857,0.5340153893395413,0.03999051817655384,0.027537426679435595
1.44,0.03200000000000003,0.05751041516929376,0.41812424087164507,0.03305756711576995,-0.006932951060783885
1.472,0.03200000000000003,0.12773937445312447,0.777548152070775,0.05908945008506063,0.026031882969290675
1.504,0.03200000000000003,0.006637279763003848,0.5226095723230905,0.04184400578319334,-0.017245444301867287
1.536,0.03200000000000003,0.11266610934545974,0.6156280321133661,0.047689040789319966,0.005845035006126625
1.568,0.03200000000000003,0.005723311387973394,0.3204996490585576,0.026322661132385187,-0.02136637965693478
1.6,0.03200000000000003,0.008690379662376416,0.20592995081539384,0.016663718179461405,-0.009658942952923782
1.6320000000000001,0.03200000000000003,0.11703631333281007,0.7071715306784714,0.05296753562651482,0.03630381744705342
1.6640000000000001,0.03200000000000003,-0.00138975431142554,0.3093548790925843,0.02580779486390634,-0.02715974076260848
1.696,0.031999999999999806,0.10122544983203412,0.8373195415221956,0.06306652893737034,0.037258734073464
1.728,0.03200000000000003,-0.0014694660523178241,0.19609084471799781,0.01806133769185421,-0.045005191245516135
1.76,0.03200000000000003,0.10912673463733917,0.7244015404155754,0.0543153177308193,0.03625398003896509
1.792,0.03200000000000003,0.001280698088644284,0.3286829349005026,0.02730699068386496,-0.027008327046954342
1.824,0.03200000000000003,0.08679373724747319,0.7489794771250268,0.05665652778436982,0.029349537100504856
1.856,0.03200000000000003,0.09090527477844151,0.7327523918034347,0.057157505965154065,0.0005009781807842478
1.8880000000000001,0.03200000000000003,0.00045890953839935024,0.2986052880852588,0.02525915063008566,-0.03189835533506841
1.92,0.031999999999999806,0.12873797842452603,0.804492146165269,0.06062072212162717,0.03536157149154151
1.952,0.03200000000000003,0.06778415996368432,0.5368332107034097,0.042978414293931975,-0.017642307827695193
1.984,0.03200000000000003,0.11379193970050357,0.7988546551563478,0.06122905650662482,0.018250642212692847
2.016,0.03200000000000003,0.0013643848465386436,0.6368087197846899,0.050365754459655125,-0.010863302046969697
2.048,0.03200000000000003,-0.0011521067683236722,0.23350400243127487,0.02007950578629976,-0.030286248673355366
2.08,0.03200000000000003,0.01987999454094339,0.4971175322768852,0.03771730727453526,0.017637801488235502
2.112,0.03200000000000003,0.09219496670272047,0.6915168703922814,0.05303169264618264,0.01531438537164738
2.144,0.03200000000000003,0.025444710880622837,0.6286960138470191,0.04929591797133935,-0.0037357746748432896
2.176,0.03200000000000003,-0.005284396271798886,0.30977246020772997,0.025626544772410012,-0.02366937319892934
2.208,0.03200000000000003,0.0012347004651218178,0.6267913994542162,0.04757377828361216,0.021947233511202147
2.24,0.03200000000000003,0.0036719925109234505,0.2661649122910643,0.022320218285314004,-0.025253559998298154
2.2720000000000002,0.03200000000000003,0.06925809925179949,0.806350591942547,0.060587730791036805,0.0382675125057228
2.3040000000000003,0.03200000000000003,0.0027501728967526053,0.3619487713040272,0.030115468449403666,-0.03047226234163314
2.336,0.031999999999999584,0.0022316510085140257,0.31393659344484276,0.024825506411062258,-0.005289962038341409
2.368,0.03200000000000003,0.002374059409846309,0.3528786050845443,0.02738392613746346,0.0025584197264012024
2.4,0.03200000000000003,-0.00025998279326824533,0.3505874776573581,0.027363131318963587,-2.0794818499873108e-05
2.432,0.03200000000000003,-0.00198375460377431,0.39756132378649217,0.030816398137364216,0.0034532668184006285
2.464,0.03200000000000003,0.004543468494200945,0.5396735654957515,0.0414667184904826,0.010650320353118383
2.496,0.03200000000000003,0.0020226499483100503,0.37133332507315264,0.0297017722524034,-0.011764946238079197
2.528,0.03200000000000003,-0.0010498222556603897,0.2517866915914521,0.020231106251624414,-0.009470666000778987
2.56,0.03200000000000003,-0.001319135292606803,0.2669198360324843,0.020797268307104683,0.0005661620554802682
2.592,0.03200000000000003,0.0014215033384170918,0.3145876360680555,0.024335453132014465,0.0035381848249097826
2.624,0.03200000000000003,0.005880272975782905,0.23943806732049333,0.01901319297169618,-0.005322260160318285
2.656,0.03200000000000003,0.0009488451454332268,0.313052814019176,0.02411958894704791,0.00510639597535173
2.688,0.03200000000000003,0.0004958617648043222,0.34274459138772484,0.02659791651060137,0.0024783275635534598
2.72,0.03200000000000003,-0.0020829501383074177,0.23708597209234314,0.01897082928027395,-0.007627087230327418
2.7520000000000002,0.03200000000000003,0.00304942445690869,0.323349115777959,0.024874335693703047,0.005903506413429096
2.7840000000000003,0.03200000000000003,-0.06628106107262377,-0.13081975890825714,-0.008184542240675117,-0.033058877934378166
2.816,0.031999999999999584,0.0019111652028563416,0.15546005812749195,0.010960081811190027,0.019144624051865143
2.848,0.03200000000000003,0.0030840730021487015,0.29805445164171707,0.022551707299860366,0.01159162548867034
2.88,0.03200000000000003,0.0019508928299608902,0.3069540964848529,0.023875363047157174,0.0013236557472968077
2.912,0.03200000000000003,-0.046350597951267114,-0.0406950430626908,-0.0016144199934308289,-0.025489783040588004
2.944,0.03200000000000003,-0.12375167622968394,-0.37211967731294765,-0.027458964333563086,-0.025844544340132256
2.976,0.03200000000000003,0.0018058385780202679,-0.06137921818132372,-0.006099022296159048,0.021359942037404038
3.008,0.03200000000000003,-0.057267363498576355,-0.14632616336487056,-0.011112950129971716,-0.005013927833812668
3.04,0.03200000000000003,0.0010900379330736865,0.07312387295737313,0.004736005817425014,0.01584895594739673
3.072,0.03200000000000003,-0.09240382575830736,-0.2315048995624025,-0.01675151750225944,-0.021487523319684454
3.104,0.03200000000000003,0.00039664469990122414,0.07685390819054817,0.004684804158793536,0.021436321661052977
3.136,0.03200000000000003,-0.054559521334696534,-0.18226219689638465,-0.013133153819071312,-0.017817957977864847
3.168,0.03200000000000003,0.003015059352798103,0.33669236371849276,0.024002267831337094,0.03713542165040841
3.2,0.03200000000000003,-0.1301554697698469,-0.32979319335205404,-0.02286743735140862,-0.04686970518274571
3.232,0.03200000000000003,-0.12972268622136113,-0.40765703774754536,-0.03129930696193566,-0.008431869610527044
3.2640000000000002,0.03200000000000003,-0.0015819482159792023,0.03935947496475973,0.0010876245771172402,0.0323869315390529
3.2960000000000003,0.03200000000000003,-0.12008584163316743,-0.588995163226732,-0.04325205014955838,-0.04433967472667562
3.3280000000000003,0.03200000000000003,-0.002370483101420494,-0.11726575363935748,-0.01112065105212243,0.03213139909743595
3.36,0.031999999999999584,3.5873522416215336e-05,-0.0014353088864967854,-0.0007475378704524851,0.010373113181669944
3.392,0.03200000000000003,-0.028563493129404705,-0.049030101622695346,-0.003648839450728088,-0.002901301580275603
3.424,0.03200000000000003,-0.11534533238272818,-0.5979251618276308,-0.04418219596973469,-0.0405333565190066
3.456,0.03200000000000003,0.0019222991999442883,0.07229134082654237,0.0027657241498970906,0.04694792011963178
3.488,0.03200000000000003,-0.10408824693382586,-0.5826216443485299,-0.04268646498682605,-0.045452189136723144
3.52,0.03200000000000003,0.007011411910914568,0.1557125984995476,0.008986889504698422,0.05167335449152447
3.552,0.03200000000000003,-0.07520490696152782,-0.4082875699909211,-0.02950675553241159,-0.03849364503711001
3.584,0.03200000000000003,-0.11142556960722066,-0.43302980219863996,-0.033548507522546185,-0.0040417519901345955
3.616,0.03200000000000003,-0.047685961090346354,-0.1863523680152421,-0.015641119754408062,0.017907387768138123
3.648,0.03200000000000003,-0.10653362408534524,-0.7736497527706325,-0.05779732547270501,-0.04215620571829695
3.68,0.03200000000000003,-0.0007240668582733865,-0.10233850839539324,-0.01086258338663529,0.04693474208606972
3.712,0.03200000000000003,-0.005519375646243288,0.05393069932791717,0.0033389889225921804,0.01420157230922747
3.744,0.03200000000000003,-0.06432892216633664,-0.3939698109474535,-0.02877987238146923,-0.03211886130406141
3.7760000000000002,0.03200000000000003,-0.021566203462653585,-0.15130832316847906,-0.012788683849678805,0.015991188531790424
3.8080000000000003,0.03200000000000003,-0.07631905192026088,-0.6315938790982809,-0.047185835852351726,-0.03439715200267292
3.84,0.031999999999999584,-0.004510547583243543,-0.0263424039274646,-0.004661221140723687,0.042524614711628037
3.872,0.03200000000000003,-0.09257107519166416,-0.5479595776676359,-0.04056615945455979,-0.0359049383138361
3.904,0.03200000000000003,-0.0012927759256138843,-0.2751647202202581,-0.02257752282630442,0.01798863662825537
3.936,0.03200000000000003,-0.012643211536717984,-0.15287108256246462,-0.012545553609436209,0.01003196921686821
3.968,0.03200000000000003,-0.00022072125243740925,-0.19556506765785833,-0.015106142612241929,-0.0025605890028057195
4.0,0.03200000000000003,0.0009600656573240099,-0.13171537350704562,-0.010558442083957606,0.0045477005282843225
4.032,0.03200000000000003,-0.016583491932900974,-0.28235869256137824,-0.021374251330878436,-0.01081580924692083
4.064,0.03200000000000003,-0.007126775933824708,-0.2224259309362291,-0.017591169159506446,0.0037830821713719896
4.096,0.03200000000000003,-0.012678184218745168,-0.16995778278948365,-0.013514255815538771,0.004076913343967675
4.128,0.03200000000000003,-0.1124155270163821,-0.7291276485573148,-0.05440037795061867,-0.040886122135079896
4.16,0.03200000000000003,0.0004678411715605436,0.00684842908067481,-0.0026368486255744115,0.05176352932504426
4.192,0.03200000000000003,-0.11977149680322334,-0.5505531481694617,-0.04064002605828339,-0.03800317743270898
4.224,0.03200000000000003,-0.0017098641403705678,-0.1614826371689858,-0.014221580940192548,0.02641844511809084
4.256,0.03200000000000003,-0.0024745364248606266,-0.1250757711162369,-0.010019099290652159,0.0042024816495403895
4.288,0.03200000000000003,-0.11074341460554446,-0.8880603254538966,-0.06588655084549629,-0.05586745155484413
4.32,0.03200000000000003,0.002815480619525743,0.05323438591853055,0.00011129897814501887,0.0659978498236413
4.352,0.03200000000000003,-0.001487276005847112,-0.17470979855565777,-0.012841772970864387,-0.012953071949009406
4.384,0.03200000000000003,-0.11002234601795795,-0.7329405975142008,-0.05464196126609276,-0.04180018829522837
4.416,0.03200000000000003,-0.000795467361918461,-0.03940576627441538,-0.006052339010758802,0.04858962225533396
4.448,0.03200000000000003,0.0001504591040995662,-0.1603138224821086,-0.01213891076669762,-0.0060865717559388174
4.48,0.03200000000000003,-0.006895184021205232,-0.14226049108720687,-0.011162636861234336,0.0009762739054632839
4.5120000000000005,0.03200000000000003,-0.10559330382851405,-0.7599887118214992,-0.05653415073963584,-0.0453715138784015
4.5440000000000005,0.03200000000000003,-0.07662454197566118,-0.45317101488594785,-0.036589963466433444,0.019944187273202393
4.5760000000000005,0.03200000000000003,-0.004770466888117474,-0.2594053270548149,-0.02118903135578505,0.015400932110648392
4.6080000000000005,0.03200000000000003,0.004162131214569548,-0.34200103504707224,-0.02637405682169168,-0.005185025465906629
4.64,0.03199999999999914,-0.0007377280672934076,-0.377123195018948,-0.02925627515987468,-0.0028822183381830013
4.672,0.03200000000000003,-0.002829108988309147,-0.17959040737584855,-0.014896057021352417,0.014360218138522264
4.704,0.03200000000000003,-0.12440739727099293,-0.7771146930771724,-0.05800912618318386,-0.04311306916183144
4.736,0.03200000000000003,-0.008791745662759016,-0.16438507279965534,-0.015437728846407902,0.04257139733677596
4.768,0.03200000000000003,-0.08384046653358673,-0.6262333496374655,-0.046944548226349136,-0.03150681937994124
4.8,0.03200000000000003,-0.13557344550354267,-0.9153855490838739,-0.07002772609512854,-0.023083177868779406
4.832,0.03200000000000003,-0.00021948624921101182,-0.12939052069936988,-0.01355804424798101,0.05646968184714753
4.864,0.03200000000000003,-0.09877009594767301,-0.5950905868035764,-0.04454578993515528,-0.030987745687174273
4.896,0.03200000000000003,-0.09598812490244929,-0.7171066937104326,-0.055307776056003045,-0.010761986120847764
4.928,0.03200000000000003,-0.06614529252556324,-0.3977719160532922,-0.032445103710637926,0.02286267234536512
4.96,0.03200000000000003,-0.07033178598026868,-0.45717861189705905,-0.0354940445881681,-0.0030489408775301735
4.992,0.03200000000000003,-0.09791417132856474,-0.6811749856596018,-0.05214280119586069,-0.01664875660769259
5.024,0.03200000000000003,-0.12844005105131745,-0.7073456477488382,-0.05502851497923142,-0.0028857137833707275
5.056,0.03200000000000003,-0.048202989092301904,-0.42973865704985975,-0.034779823599687926,0.020248691379543493
5.088,0.03200000000000003,-0.10631691790314549,-0.6157620112003571,-0.04729108491881984,-0.012511261319131911
5.12,0.03200000000000003,-0.13504194799162506,-0.9295137608063373,-0.07108672322897565,-0.02379563831015581
5.152,0.03200000000000003,-0.09373152336712846,-0.7391436424518217,-0.05846056186105071,0.012626161367924937
5.184,0.03200000000000003,-0.0047053941043305415,-0.3897952893327331,-0.032040508191914834,0.026420053669135878
5.216,0.03200000000000003,-0.08562593462937192,-0.7664359073821122,-0.05821353921994156,-0.026173031028026726
5.248,0.03200000000000003,-0.0021917163985188362,-0.4538502027490432,-0.036736860643969506,0.021476678575972054
5.28,0.03200000000000003,-0.0015395674282475949,-0.3492736989062596,-0.02780645201586819,0.008930408628101315
5.312,0.03200000000000003,-0.004890850815912237,-0.3690893949988887,-0.028748158540325433,-0.000941706524457242
5.344,0.03200000000000003,-0.07491718795876576,-0.7256270104097547,-0.05502237938402046,-0.026274220843695024
5.376,0.03200000000000003,-0.011967600331916203,-0.2953032329678573,-0.024893057860296615,0.030129321523723843
5.408,0.03200000000000003,-0.0006481085163411687,-0.44458816360824593,-0.034132167526737665,-0.00923910966644105
5.44,0.03200000000000003,0.0007072041236281798,-0.3387525982180772,-0.026882361356564657,0.007249806170173009
5.472,0.03200000000000003,-0.07661360825720295,-0.6596287735788195,-0.05006114334782489,-0.023178781991260233
5.5040000000000004,0.03200000000000003,-0.05965281944002888,-0.4715188946502099,-0.03756558995280574,0.012495553395019149
5.5360000000000005,0.03200000000000003,-0.06539847295662268,-0.7602731839298281,-0.058079289016236255,-0.020513699063430514
5.5680000000000005,0.03200000000000003,0.00112985160594187,-0.419913380728147,-0.03423338892527522,0.023845900090961034
5.6000000000000005,0.03200000000000003,-0.0008379815566388087,-0.35702335980708655,-0.028231840720210885,0.006001548205064336
5.632,0.03199999999999914,-0.005959038683315243,-0.37828390563217534,-0.02944888223250043,-0.0012170415122895462
5.664,0.03200000000000003,-0.016393365108795133,-0.5640453756511145,-0.04318008149754576,-0.013731199265045325
5.696,0.03200000000000003,-0.06589906276124397,-0.5631066447814571,-0.04390373648750041,-0.0007236549899546502
5.728,0.03200000000000003,-0.10179651648337869,-0.6553561516921029,-0.05072956205580164,-0.006825825568301233
5.76,0.03200000000000003,-0.05331192418346382,-0.46206198813677174,-0.03690871410138079,0.013820847954420852
5.792,0.03200000000000003,-0.11603845514523589,-0.7860777235776971,-0.059939039869633844,-0.023030325768253056
5.824,0.03200000000000003,-0.056996241234698736,-0.48852881752585414,-0.03938674539075722,0.020552294478876625
5.856,0.03200000000000003,0.004515326534764699,-0.3596204777314738,-0.028720331876983248,0.010666413513773971
5.888,0.03200000000000003,-0.09975632203841589,-0.8348232597165991,-0.06305108988380871,-0.03433075800682546
5.92,0.03200000000000003,-0.001585924837310825,-0.2652700018786396,-0.02314789729647223,0.03990319258733648
5.952,0.03200000000000003,-0.05231631605976527,-0.6464294745048885,-0.04887487673794817,-0.025726979441475943
5.984,0.03200000000000003,-0.016736956488252908,-0.3804309415267622,-0.030798479170911275,0.018076397567036898
6.016,0.03200000000000003,-0.04383620228622612,-0.501321060455735,-0.03864523213743935,-0.007846752966528078
6.048,0.03200000000000003,-0.1373631072699049,-0.9631964339698381,-0.07306463753476453,-0.03441940539732517
6.08,0.03200000000000003,6.557275885200459e-05,-0.2581969671730104,-0.02320581759360204,0.04985881994116249
6.112,0.03200000000000003,-0.08847370075601248,-0.8249944196279919,-0.06200992693329677,-0.038804109339694734
6.144,0.03200000000000003,-0.004962017062767129,-0.33204378790305183,-0.027998351268251932,0.03401157566504484
6.176,0.03200000000000003,-0.12656270355220486,-1.063026525005275,-0.07979153042733142,-0.05179317915907949
6.208,0.03200000000000003,-0.0008366198404427548,-0.24523531283681754,-0.02264095192103785,0.05715057850629357
6.24,0.03200000000000003,0.004106496784141556,-0.3647975370510211,-0.028134334777837604,-0.005493382856799754
6.272,0.03200000000000003,5.605836839946234e-05,-0.3252817417154002,-0.025545462164730307,0.0025888726131072966
6.304,0.03200000000000003,-0.13117301939640832,-0.9009742336676472,-0.06773256519098106,-0.042187103026250755
6.336,0.03200000000000003,0.002018263914461574,-0.1499975315344399,-0.014940990969948522,0.05279157422103253
6.368,0.03200000000000003,-0.017983932779463557,-0.5837815761220342,-0.043793958967013075,-0.028852967997064553
6.4,0.03200000000000003,-0.021177808766105595,-0.3682587141364366,-0.02961001411424782,0.014183944852765255
6.432,0.03200000000000003,-0.0022118526913964555,-0.4022552948566814,-0.031291304304777605,-0.0016812901905297849
6.464,0.03200000000000003,-0.04181202781675779,-0.5185504635507783,-0.039940736684073296,-0.00864943237929569
6.496,0.03200000000000003,-0.09859956523109646,-0.7994780497276401,-0.06109953875751122,-0.021158802073437927
6.5280000000000005,0.03200000000000003,0.0005096606020534278,-0.4669050749936092,-0.0378635249976655,0.02323601375984572
6.5600000000000005,0.03200000000000003,0.003141236629416408,-0.45160406150941546,-0.03539689135406551,0.0024666336435999886
6.5920000000000005,0.03200000000000003,0.00020088531270698312,-0.5412335184850293,-0.04184586543594431,-0.0064489740818787986
6.6240000000000006,0.03200000000000003,-0.0033494057182445035,-0.2021562077389249,-0.01728233652788213,0.024563528908062182
6.656000000000001,0.03200000000000003,-0.0003705330167469801,-0.3012573096027444,-0.023152224134220606,-0.005869887606338477
6.688,0.03199999999999914,-0.001496220751645547,-0.042997204452921114,-0.004498580702918391,0.018653643431302214
6.72,0.03200000000000003,-0.009559633079710863,-0.40586009066340595,-0.03010674191169267,-0.025608161208774276
6.752,0.03200000000000003,-0.06810508132595905,-0.5514801243016696,-0.042294007699834414,-0.012187265788141746
6.784,0.03200000000000003,-0.0033071765984418887,-0.39847392171703844,-0.03174545652018006,0.010548551179654357
6.816,0.03200000000000003,-0.13001207154528638,-0.6834735994372978,-0.05209543924147956,-0.020349982721299502
6.848,0.03200000000000003,-0.004346428828545216,-0.28525751357813445,-0.02398532382576084,0.028110115415718718
6.88,0.03200000000000003,0.001381503683838995,-0.23984008069394874,-0.019022544484274966,0.004962779341485875
6.912,0.03200000000000003,-0.08037050195366102,-0.5774841278920825,-0.04356646751818196,-0.024543923033906994
6.944,0.03200000000000003,0.004099391547290422,-0.05684259393527534,-0.006695269226139739,0.03687119829204222
6.976,0.03200000000000003,-0.06985593031601071,-0.6756806191957245,-0.05007621749803237,-0.043380948271892636
7.008,0.03200000000000003,-0.07409944914125731,-0.6016754130838492,-0.04713820001616448,0.002938017481867894
7.04,0.03200000000000003,-0.003006992259701616,-0.17464418556558817,-0.015564617780429274,0.031573582235735205
7.072,0.03200000000000003,1.6036367964331348e-05,-0.08644534937038066,-0.007255741603766557,0.008308876176662717
7.104,0.03200000000000003,-0.0035909101263892993,-0.3489653421351395,-0.026081857574209166,-0.01882611597044261
7.136,0.03200000000000003,-0.013909579975153812,-0.31034944496393707,-0.02432885006322189,0.0017530075109872777
7.168,0.03200000000000003,-0.020937279289117747,-0.09915828966749186,-0.008696605160105975,0.015632244903115912
7.2,0.03200000000000003,-0.00023623840534873022,-0.1709257143936841,-0.013071962747784032,-0.004375357587678057
7.232,0.03200000000000003,-0.039210778479861486,-0.4547499462059527,-0.034197046401159226,-0.021125083653375194
7.264,0.03200000000000003,0.0025243777963365995,-0.3962161094932906,-0.031111986389042553,0.003085060012116673
7.296,0.03200000000000003,0.00026319100438007553,-0.1895804734389547,-0.015737857240355427,0.015374129148687125
7.328,0.03200000000000003,-0.014691446094451636,-0.1381418383441352,-0.011067514066613783,0.004670343173741645
7.36,0.03200000000000003,-0.03959850306812102,-0.32741094681083,-0.02471679256898969,-0.013649278502375907
7.392,0.03200000000000003,-0.0032555721462807293,-0.3089284950139154,-0.024145549138150632,0.0005712434308390579
7.424,0.03200000000000003,-0.0010176401346876235,-0.3039874230452966,-0.02374920422994152,0.00039634490820911195
7.456,0.03200000000000003,-0.0027725319000155304,0.022799902717786983,0.0003056903513224656,0.024054894581263985
7.488,0.03200000000000003,0.001522615678826827,-0.1400441094444189,-0.010281228307003292,-0.010586918658325757
7.5200000000000005,0.03200000000000003,-0.11414887151186028,-0.9105841162477246,-0.06755808798858083,-0.05727685968157754
7.5520000000000005,0.03200000000000003,-0.00012377329462851452,-0.053144648320604115,-0.007808335592854837,0.059749752395726
7.5840000000000005,0.03200000000000003,-0.003952395725957046,-0.2306809971195762,-0.01741510079129043,-0.00960676519843559
7.6160000000000005,0.03200000000000003,0.0017140783180520061,-0.14029762863666442,-0.011322877096472084,0.006092223694818344
7.648000000000001,0.03200000000000003,-0.0176566417223539,-0.3650926839834407,-0.027502657927943173,-0.01617978083147109
7.68,0.03199999999999914,-0.0031176449986035967,-0.4029622274100315,-0.031221636555630747,-0.0037189786276875733
7.712,0.03200000000000003,-0.003626628248504925,-0.20382836350307718,-0.01679198030587199,0.014429656249758758
7.744,0.03200000000000003,0.005367822277322104,-0.08054731631879473,-0.006892853423952364,0.009899126881919625
7.776,0.03200000000000003,-0.0012223078755952083,0.024796020405987714,0.00142558688543794,0.008318440309390303
7.808,0.03200000000000003,0.0028275187079840986,-0.24387760548921347,-0.017852516530676914,-0.019278103416114856
7.84,0.03200000000000003,0.0026297265883443678,-0.1754474096066122,-0.013933051557816854,0.003919464972860061
7.872,0.03200000000000003,-0.0708633206972231,-0.4639893794511592,-0.034926226277691236,-0.020993174719874382
7.904,0.03200000000000003,-0.0007362160552395258,0.05621197484733337,0.002117582528264873,0.03704380880595611
7.936,0.03200000000000003,-0.028006537831873197,-0.1459295113240945,-0.010609443229843108,-0.01272702575810798
7.968,0.03200000000000003,-0.12012702539783977,-0.7287293059562716,-0.054203391593741615,-0.04359394836389851
8.0,0.03200000000000003,-0.002323936831637809,-0.1517046933071699,-0.014285509318153923,0.03991788227558769
8.032,0.03200000000000003,0.005170454625890768,-0.0660481870901764,-0.005681887917703135,0.00860362140045079
8.064,0.03200000000000003,-0.010155981606148607,-0.2623360647893363,-0.01962026377443251,-0.013938375856729374
8.096,0.03200000000000003,-0.008234285440392048,-0.1487744557420028,-0.012073566907260797,0.007546696867171713
8.128,0.03200000000000003,-0.027039029806812616,-0.44128692980269324,-0.03314933665427952,-0.021075769747018726
8.16,0.03200000000000003,-0.016380706157186217,0.1530089261103632,0.009338630448356654,0.04248796710263618
8.192,0.03200000000000003,-0.04370083355165855,-0.3974544957461505,-0.028689783118413775,-0.03802841356677043
8.224,0.03200000000000003,-0.05196038739822082,-0.17069064440710185,-0.014208863373662057,0.014480919744751719
8.256,0.03200000000000003,-0.094216639653357,-0.2782822746921393,-0.021285206092106487,-0.00707634271844443
8.288,0.03200000000000003,-0.10751551556577926,-0.8076297864945415,-0.06062205274870165,-0.03933684665659516
8.32,0.03200000000000003,-0.004868561252128572,-0.10203187728913699,-0.011003102566323562,0.049618950182378094
8.352,0.03200000000000003,-0.0008470917831237863,-0.13126794387954943,-0.010288673289756833,0.0007144292765667287
8.384,0.03200000000000003,0.0026211964680229326,-0.22379412058898063,-0.01705182593921457,-0.006763152649457737
8.416,0.03200000000000003,-0.0032755923819704725,-0.27745241294935935,-0.021388299478720604,-0.004336473539506034
8.448,0.03200000000000003,0.0012703407600748973,-0.244754578796835,-0.019234033967320978,0.0021542655113996265
8.48,0.03200000000000003,-0.016997920088615275,-0.13811727060125464,-0.011267538407530638,0.00796649555979034
8.512,0.03200000000000003,-0.08372939926933828,-0.6988853203870267,-0.05204664936291647,-0.04077911095538583
8.544,0.03200000000000003,0.003982632836351298,-0.10977457694105597,-0.01107745232320528,0.04096919703971119
8.576,0.03200000000000003,0.003245118509462004,-0.1724024426308247,-0.01331800578794976,-0.00224055346474448
8.608,0.03200000000000003,0.004497370594577815,-0.10390534111794554,-0.008410058513125908,0.004907947274823852
8.64,0.03200000000000003,-0.1109769379473988,-0.5606330039429943,-0.04171458301778189,-0.03330452450465598
8.672,0.03200000000000003,-0.002154671065255657,0.07043633399281189,0.002771759547275563,0.04448634256505745
8.704,0.03200000000000003,-0.031339424958579484,-0.28812095171030966,-0.02102846892673175,-0.023800228474007312
8.736,0.03200000000000003,-0.008230206758349972,-0.2471206354284816,-0.019387261622000735,0.0016412073047310134
8.768,0.03200000000000003,-0.0062095915785291625,-0.25388280920636896,-0.01978980802909542,-0.0004025464070946845
8.8,0.03200000000000003,-0.06916443936750306,-0.4193717896138262,-0.03198314376501442,-0.012193335735918999
8.832,0.03200000000000003,-0.004653496764476047,-0.22780316441540135,-0.018599053704290165,0.013384090060724253
8.864,0.03200000000000003,-0.004047927820422271,-0.25662330821009405,-0.019945842430354598,-0.0013467887260644323
8.896,0.03200000000000003,-0.02609900272642401,-0.2844281191814688,-0.02206836339824218,-0.002122520967887582
8.928,0.03200000000000003,-0.0023846061393311764,-0.1780995865628003,-0.014371470203737344,0.007696893194504836
8.96,0.03200000000000003,0.0005512608413038242,-0.07245557043221433,-0.006158050782625985,0.008213419421111359
8.992,0.03200000000000003,-0.0017926320784431378,-0.2513323563732471,-0.01883853700820771,-0.012680486225581726
9.024000000000001,0.03200000000000003,-0.0436565010205191,-0.36820629213660255,-0.02816550549257579,-0.009326968484368078
9.056000000000001,0.03200000000000003,-0.04357127943325732,-0.44062906088491427,-0.03402992959969012,-0.005864424107114328
9.088000000000001,0.03200000000000003,-0.00294555660202756,-0.24822848805235556,-0.0202192956896685,0.013810633910021616
9.120000000000001,0.03200000000000003,0.0003582676387744713,-0.22152805811467957,-0.01745846486476462,0.00276083082490388
9.152000000000001,0.03200000000000003,-0.0003724312718873949,-0.18592094071961196,-0.014680529168881613,0.002777935695883008
9.184000000000001,0.03200000000000003,-0.006060053816197908,-0.20445983261413933,-0.015883515812009957,-0.0012029866431283436
9.216000000000001,0.03200000000000003,-0.004810977708062613,-0.1355712355620003,-0.010886880090780123,0.004996635721229834
9.248,0.03199999999999825,-0.0007550860873314393,0.029756668996839347,0.00155982263020863,0.012446702720988754
9.28,0.03200000000000003,-0.0318829340424139,-0.5197570428702729,-0.03813300353769371,-0.03969282616790234
9.312,0.03200000000000003,0.0016141729385818707,-0.08069942940923039,-0.008136037445677301,0.02999696609201641
9.344,0.03200000000000003,-0.0007264739480375285,-0.38826401573792135,-0.02902270959941006,-0.020886672153732758
9.376,0.03200000000000003,-0.0012491696930827883,-0.023095567551823747,-0.003373907529589693,0.025648802069820367
9.408,0.03200000000000003,-0.0062486373640202675,-0.31691193094039216,-0.023500547753428448,-0.020126640223838754
9.44,0.03200000000000003,0.003495499039940783,-0.0918859617363739,-0.008113979388352347,0.015386568365076101
9.472,0.03200000000000003,-0.00030444661841978266,-0.06884020307355718,-0.005530936674026605,0.0025830427143257425
9.504,0.03200000000000003,0.00286106958102239,0.11694558880078032,0.008280909215448554,0.01381184588947516
9.536,0.03200000000000003,-0.026657235649408962,-0.5153429538233055,-0.03742038829895414,-0.04570129751440269
9.568,0.03200000000000003,0.0011992782372406865,-0.34152921027747535,-0.027276379989127394,0.010144008309826744
9.6,0.03200000000000003,-0.00021520135143120417,-0.0972756529883669,-0.008728313816725394,0.018548066172402
9.632,0.03200000000000003,-0.0018183170084585575,-0.3203854829239833,-0.02406509849022744,-0.015336784673502045
9.664,0.03200000000000003,0.0001445639986756477,-0.048691396087756515,-0.004970032240225404,0.019095066250002034
9.696,0.03200000000000003,-0.0015054711509778949,-0.2157484043711832,-0.01615310190320342,-0.011183069662978017
9.728,0.03200000000000003,-0.0033015117330493873,-0.2723801505380541,-0.020963401642305392,-0.004810299739101971
9.76,0.03200000000000003,-0.0029900793865499107,-0.2916259699578298,-0.022656437729595493,-0.0016930360872901007
9.792,0.03200000000000003,6.339507378194064e-05,0.09268935226862168,0.005508460703845362,0.028164898433440853
9.824,0.03200000000000003,-0.0032445716506202173,-0.20882510786467157,-0.015039047375507646,-0.02054750807935301
9.856,0.03200000000000003,0.0002813484912504554,-0.16733457099302476,-0.013174012588821758,0.001865034786685888
9.888,0.03200000000000003,0.0033778026885066875,-0.04361926479953273,-0.003968294211042639,0.009205718377779119
9.92,0.03200000000000003,-0.004377546525860632,-0.354172568216543,-0.02627501685337634,-0.0223067226423337
9.952,0.03200000000000003,0.0006255822789040012,-0.3355297271087168,-0.02619176462263695,8.325223073939181e-05
9.984,0.03200000000000003,-0.00010569437577074485,-0.32938969499597603,-0.025735419195818943,0.0004563454268180049
10.016,0.03200000000000003,0.00109769774983755,-0.2442378683762295,-0.019446990178331177,0.006288429017487766
10.048,0.03200000000000003,-0.0025692843268669647,0.14801134096831892,0.00976213073086696,0.02920912090919814
10.08,0.03200000000000003,-0.0036460386740569564,-0.28288515801863334,-0.020239879790770906,-0.030002010521637867
10.112,0.03200000000000003,0.010413051697169546,-0.12852460288163958,-0.010620158002455858,0.009619721788315048
10.144,0.03200000000000003,-0.0019224772466294384,0.08897357797784737,0.005930045149721982,0.01655020315217784
10.176,0.03200000000000003,-0.00019930301433489366,-0.2032018370932764,-0.014601173088008871,-0.020531218237730853
10.208,0.03200000000000003,-0.003168502506407094,0.01880217035087448,0.0005398036091180698,0.015140976697126942
10.24,0.03200000000000003,0.0004384493950359006,-0.1475267586254838,-0.010817988880153413,-0.011357792489271483
10.272,0.03200000000000003,0.003083906773096748,-0.20993546241084174,-0.016063213978655844,-0.005245225098502431
10.304,0.03200000000000003,-0.0012560655106747549,-0.0943098511360595,-0.007862882343675858,0.008200331634979985
10.336,0.03200000000000003,-0.0073011957147107905,-0.19822153751974517,-0.015031173713746926,-0.007168291370071068
10.368,0.03200000000000003,0.001687813380588801,-0.17859554681353207,-0.01400169276208438,0.0010294809516625467
10.4,0.03200000000000003,-0.001035656998420987,-0.06362053777228338,-0.005486973568945405,0.008514719193138974
10.432,0.03200000000000003,0.0010575344297329857,0.18451259618339802,0.013252340192070588,0.018739313761015994
10.464,0.03200000000000003,-0.13209750041938134,-0.8839564460125923,-0.0642413118812926,-0.07749365207336319
10.496,0.03200000000000003,-0.0021479224074613746,0.14858243323738263,0.007218194102851001,0.0714595059841436
10.528,0.03200000000000003,0.0015590558237837233,-0.056879070496978615,-0.003766200038699851,-0.010984394141550852
10.56,0.03200000000000003,-0.0032891767161650704,-0.168514521422596,-0.012610015329679024,-0.008843815290979173
10.592,0.03200000000000003,-0.005054624468768684,-0.13645265789551692,-0.01076272392479151,0.0018472914048875133
10.624,0.03200000000000003,-0.002205299512093578,-0.10920185833553187,-0.008652051523495602,0.002110672401295909
10.656,0.03200000000000003,-0.0925234548165975,-0.5649628520838921,-0.04204697106411502,-0.03339491954061942
10.688,0.03200000000000003,0.005040045890229017,0.1280361192247076,0.006988472344416627,0.04903544340853165
10.72,0.03200000000000003,-0.04333215140368118,-0.5255886372923945,-0.03824846937064476,-0.04523694171506139
10.752,0.03200000000000003,-0.0008396885949639722,-0.03465272840084667,-0.004756418359817827,0.03349205101082693
10.784,0.03200000000000003,-0.0033874211181146594,-0.1759886133884682,-0.013216826136264537,-0.00846040777644671
10.816,0.03200000000000003,0.00029154479612838606,0.05575316101239334,0.0033371049047967107,0.01655393104106125
10.848,0.03200000000000003,-0.0421646847488552,-0.16374475239470612,-0.011849178191236997,-0.015186283096033707
10.88,0.03200000000000003,-0.09954330996803527,-0.5913358152577427,-0.044171011923655225,-0.03232183373241823
10.912,0.03200000000000003,-0.0007628537311321983,-0.013110094308011702,-0.0035140710889896344,0.04065694083466559
10.944,0.03200000000000003,0.0001301839212025588,-0.03185002278019687,-0.0025451219727205274,0.000968949116269107
10.976,0.03200000000000003,-0.11159224999114574,-0.40705706362427974,-0.030081996203328826,-0.0275368742306083
11.008000000000001,0.03200000000000003,-0.0021145398891633553,-0.14865786120637156,-0.01266893868407006,0.017413057519258764
11.040000000000001,0.03200000000000003,-0.005952276720950984,-0.21258992385882197,-0.016365277300030664,-0.003696338615960604
11.072000000000001,0.03200000000000003,-0.002406592198021104,-0.1839831057274157,-0.014474911634647723,0.0018903656653829412
11.104000000000001,0.03200000000000003,0.0027581716543651205,-0.1480879041387945,-0.011726041312839606,0.002748870321808117
11.136000000000001,0.03200000000000003,-0.003917724596653745,-0.3547412541688837,-0.02676468573315655,-0.015038644420316943
11.168000000000001,0.03200000000000003,0.0051961937695953146,0.05701769346577004,0.002647993467071786,0.029412679200228335
11.200000000000001,0.03200000000000003,0.0018681415949416095,-0.018237635530502474,-0.0011883336269194822,-0.0038363270939912684
11.232000000000001,0.03200000000000003,-0.00828820523020953,-0.21103608236952603,-0.015588242702357539,-0.014399909075438058
11.264,0.03199999999999825,-0.02284860179644529,-0.30258802789999617,-0.023152286984949758,-0.007564044282592219
11.296,0.03200000000000003,-0.0022495056622778846,-0.1822063376783129,-0.014736055520039598,0.00841623146491016
11.328,0.03200000000000003,-0.0004018453181127604,0.027992125752173594,0.0012078483724770191,0.01594390389251662
11.36,0.03200000000000003,0.004911689967603693,-0.09852012780723886,-0.007175464541465244,-0.008383312913942263
11.392,0.03200000000000003,0.00374892833332441,0.13386116343498355,0.009429947328278667,0.01660541186974391
11.424,0.03200000000000003,-0.05913436891151103,-0.35072509535131435,-0.025248020789720223,-0.03467796811799889
11.456,0.03200000000000003,-0.0047261729693865795,0.04445934570709342,0.001812005396908593,0.027060026186628817
11.488,0.03200000000000003,-0.06400548699274078,-0.4530617650734082,-0.03321365942321186,-0.035025664820120456
11.52,0.03200000000000003,-0.0012057035065999085,0.23682360121102158,0.015498667345477295,0.048712326768689154
11.552,0.03200000000000003,-0.0005724347083058095,-0.3818677415047862,-0.02718791643172426,-0.04268658377720155
11.584,0.03200000000000003,0.007324837953297658,0.07340926818999378,0.003829000867119447,0.031016917298843708
11.616,0.03200000000000003,0.0026735410213085376,-0.16607355316868824,-0.011992042027356925,-0.015821042894476372
11.648,0.03200000000000003,0.005183172931514778,-0.0314502135159696,-0.0030051453528051764,0.008986896674551749
11.68,0.03200000000000003,-0.00011013672277069772,-0.05699607400110897,-0.00436498846176357,-0.0013598431089583939
11.712,0.03200000000000003,-0.0010913102193970368,-0.06717386989467673,-0.005191968365727395,-0.0008269799039638251
11.744,0.03200000000000003,-0.0007758118198195929,0.06755041067121091,0.004667944955443073,0.009859913321170468
11.776,0.03200000000000003,-0.0035128409964295376,-0.2289128601888888,-0.01656482743042109,-0.02123277238586416
11.808,0.03200000000000003,0.0007336830485129229,-0.13227883933458184,-0.01068408801790428,0.005880739412516808
11.84,0.03200000000000003,-0.0004936244254779456,-0.15158120312858964,-0.011764098560276841,-0.001080010542372561
11.872,0.03200000000000003,0.0014764064582102271,-0.17117461980397433,-0.013267350873201326,-0.001503252312924485
11.904,0.03200000000000003,0.012620556405547068,-0.1498692969275052,-0.01178733397286132,0.0014800169003400063
11.936,0.03200000000000003,0.10884881472178108,0.5461914013036334,0.03948656744631102,0.051273901419172346
11.968,0.03200000000000003,-0.002072166973992688,-0.07523499746931621,-0.003253275630531111,-0.042739843076842136
12.0,0.03200000000000003,0.08546240334202149,0.3024471727876407,0.022054224990268698,0.025307500620799808
12.032,0.03200000000000003,-3.716006247215972e-05,0.004156358811938529,0.0015788296388659696,-0.020475395351402727
12.064,0.03200000000000003,-0.00023931487352355714,-0.05306395575899406,-0.0038111909466454087,-0.005390020585511378
12.096,0.03200000000000003,0.0009683199083416563,-0.030398528542917025,-0.0024555312131220525,0.0013556597335233561
12.128,0.03200000000000003,-0.0017376616788470553,-0.0821801445999502,-0.0061853020004597,-0.0037297707873376476
12.16,0.03200000000000003,0.0047092890148454905,-0.1797176683740952,-0.01357354981941874,-0.00738824781895904
12.192,0.03200000000000003,-0.0007142639902387234,-0.04026268713304635,-0.0037445156450426577,0.009829034174376083
12.224,0.03200000000000003,-0.0017669107534153395,-0.021125077488440835,-0.0017697104184291308,0.001974805226613527
12.256,0.03200000000000003,0.002803224905576656,-0.0711886876195644,-0.005337395962496783,-0.003567685544067652
12.288,0.03200000000000003,0.02274427521190713,0.12604601012992206,0.008961329188068988,0.01429872515056577
12.32,0.03200000000000003,-0.003213337115470707,0.08399528393761822,0.006694361475970905,-0.0022669677120980827
12.352,0.03200000000000003,-0.002518351869865826,0.1096046856720096,0.008446812724712954,0.001752451248742049
12.384,0.03200000000000003,0.005256916095789162,0.07229555469620527,0.005804258176577801,-0.0026425545481351537
12.416,0.03200000000000003,-0.00423229282395223,-0.3189084640948767,-0.02311752621166812,-0.02892178438824592
12.448,0.03200000000000003,0.0004663255491967615,-0.11836225452331488,-0.010038940476502011,0.013078585735166109
12.48,0.03200000000000003,0.000287540834672279,0.20343927526498914,0.014381431606922712,0.02442037208342472
12.512,0.03200000000000003,0.0034421832377812107,-0.0031138297268299793,0.0006012350407857295,-0.013780196566136983
12.544,0.03200000000000003,-0.0038774015823377847,0.11745907457586872,0.008672675693696537,0.008071440652910808
12.576,0.03200000000000003,-0.0435257455904926,-0.219380013644162,-0.01563259032391603,-0.02430526601761257
12.608,0.03200000000000003,0.0004574191004506262,0.1135693580129964,0.007449461289066209,0.02308205161298224
12.64,0.03200000000000003,-0.12912515363834154,-0.544562674702412,-0.039617211912817696,-0.0470666732018839
12.672,0.03200000000000003,0.0011821914142646208,-0.189702892371779,-0.01623785878241954,0.023379353130398156
12.704,0.03200000000000003,-0.004572638846755247,-0.1076631355319047,-0.008854967986182087,0.007382890796237452
12.736,0.03200000000000003,0.005529075332718529,0.17782294883086225,0.012565950798772561,0.021420918784954647
12.768,0.03200000000000003,-0.002527764076486129,-0.14110989570392965,-0.009651832940645182,-0.022217783739417744
12.8,0.03200000000000003,0.0007393174152121275,-0.21070754857597562,-0.01605267226315503,-0.006400839322509847
12.832,0.03200000000000003,-0.0017751760883923315,-0.0351609848784218,-0.0035124527581260846,0.012540219505028944
12.864,0.03200000000000003,-0.004235632033502792,-0.054309667137708226,-0.004196715881220562,-0.0006842631230944774
12.896,0.03200000000000003,-0.028703949968963575,0.04722446429566735,0.0032306252631937936,0.007427341144414356
12.928,0.03200000000000003,-0.005327999033040519,-0.22404135763358404,-0.016289551169434983,-0.019520176432628777
12.96,0.03200000000000003,5.727154184455113e-05,-0.2199038415022424,-0.017112159080030068,-0.000822607910595085
12.992,0.03200000000000003,0.00411906939066072,-0.08243871761942885,-0.007050431129375824,0.010061727950654244
13.024000000000001,0.03200000000000003,-0.003789168734233945,-0.06588761520257512,-0.0052524050330295,0.0017980260963463236
13.056000000000001,0.03200000000000003,-0.08075361493180608,-0.30815738705047185,-0.022965180541359022,-0.01771277550832952
13.088000000000001,0.03200000000000003,-0.0029612336163117813,0.048433842433031754,0.0022360770486884044,0.025201257590047425
13.120000000000001,0.03200000000000003,-0.06294540747370174,-0.20013903454247225,-0.014589183266601843,-0.016825260315290247
13.152000000000001,0.03200000000000003,0.0013561381175141995,-0.15357403432305142,-0.012136089365151776,0.0024530939014500673
13.184000000000001,0.03200000000000003,0.0017420650175920328,-0.12696047266123817,-0.010037307163765429,0.0020987822013863473
13.216000000000001,0.03200000000000003,-0.0006653695623370589,-0.12886357849512914,-0.010056101236849904,-1.8794073084475033e-05
13.248000000000001,0.03200000000000003,-0.0017646132872031078,-0.021414804587798007,-0.002155379030646064,0.00790072220620384
13.280000000000001,0.03200000000000003,-0.0031629713620542873,-0.07168603084761677,-0.005396234989459768,-0.003240855958813704
13.312000000000001,0.03200000000000003,-0.0005951015251156568,-0.2664775748333877,-0.019908340881020267,-0.0145121058915605
13.344,0.03199999999999825,-0.0016746587186843712,-0.07065215495768984,-0.006345065638277007,0.01356327524274326
13.376,0.03200000000000003,-0.006379363250356019,-0.08336042626664966,-0.00649663941702435,-0.00015157377874734299
13.408,0.03200000000000003,-0.13052907829021362,-0.6621935136829185,-0.04907290598803372,-0.042576266571009366
13.44,0.03200000000000003,0.0003405190331028339,-0.112568932858042,-0.011111278427610564,0.03796162756042315
13.472,0.03200000000000003,-9.78785115869439e-05,-0.05555551119808969,-0.0047270087339141035,0.00638426969369646
13.504,0.03200000000000003,-0.002005240723952618,-0.07418721003294865,-0.005728630084502958,-0.0010016213505888542
13.536,0.03200000000000003,-0.021070545240200498,-0.020351863639658425,-0.00182738919370446,0.0039012408907984977
13.568,0.03200000000000003,-0.053928027197542784,-0.32716103665679136,-0.024164990231934795,-0.022337601038230334
13.6,0.03200000000000003,0.002199303075154428,0.03626376146406099,0.0012718226306804071,0.0254368128626152
13.632,0.03200000000000003,0.0002657419670443921,-0.0722652246412388,-0.0052409798408703245,-0.0065128024715507314
13.664,0.03200000000000003,-0.011145995017942209,-0.18042286173865044,-0.013570895051752732,-0.008329915210882407
13.696,0.03200000000000003,-0.002871369544726434,-0.07080857293277923,-0.005990713748228057,0.007580181303524675
13.728,0.03200000000000003,-0.1367501290786775,-0.4137975683891192,-0.030776605286180186,-0.024785891537952128
13.76,0.03200000000000003,-0.0029478662725415466,0.1304008734029567,0.00781300472520262,0.03858961001138281
13.792,0.03200000000000003,-0.12482347398441143,-0.6716544577647119,-0.04894258339869302,-0.05675558812389564
13.824,0.03200000000000003,-0.00292853038710185,-0.11365594967599477,-0.011183694487716488,0.037758888910976535
13.856,0.03200000000000003,0.0005718441010074947,-0.15688342222294305,-0.012182866774216832,-0.0009991722865003438
13.888,0.03200000000000003,-0.0026384567241175116,0.056798434807459594,0.0034736640969039107,0.015656530871120743
13.92,0.03200000000000003,-0.0006014085438555606,-0.11898648794393224,-0.008549761849379516,-0.012023425946283427
13.952,0.03200000000000003,-0.08960824094270155,-0.4175075763619655,-0.031197171599774115,-0.0226474097503946
13.984,0.03200000000000003,-0.0027456485977276185,-0.13943890496450212,-0.012055352601141696,0.019141818998632418
14.016,0.03200000000000003,-0.004336070921823964,0.09271421222468357,0.006122279778848899,0.018177632379990594
14.048,0.03200000000000003,-0.00837647396325912,-0.06964284009383082,-0.004768116669174469,-0.010890396448023369
14.08,0.03200000000000003,0.0015667127966810452,-0.08433868947804558,-0.006477545305438119,-0.00170942863626365
14.112,0.03200000000000003,0.003238876213351022,0.012219437122275805,0.000524677456795623,0.007002222762233742
14.144,0.03200000000000003,0.0021241026758266925,-0.25005215703403183,-0.018358603120344704,-0.018883280577140327
14.176,0.03200000000000003,-0.0008301989542940217,-0.184201212524145,-0.014606024119253979,0.0037525790010907254
14.208,0.03200000000000003,0.0005166871335744151,-0.0550003368605778,-0.004887929533327854,0.009718094585926124
14.24,0.03200000000000003,-0.002401778180252879,-0.19046512269601745,-0.014289023928495351,-0.009401094395167498
14.272,0.03200000000000003,-0.0029063353875234304,-0.0795084508718123,-0.006671961660220705,0.007617062268274646
14.304,0.03200000000000003,0.0028315479358327015,0.02522751028803129,0.0014700706269126368,0.008142032287133342
14.336,0.03200000000000003,-0.0029769840116301446,-0.10686485031675627,-0.007773999475998664,-0.009244070102911301
14.368,0.03200000000000003,0.00401885242347255,0.21458160420771377,0.015331593956394676,0.02310559343239334
14.4,0.03200000000000003,-0.0037565208994968188,-0.012350693025068051,-2.31939821516568e-05,-0.015354787938546333
14.432,0.03200000000000003,-0.0017779518153399896,-0.08017108442895883,-0.005897138675168986,-0.005873944693017329
14.464,0.03200000000000003,-0.0037913081709519104,-0.13795839242615018,-0.010485927804541686,-0.004588789129372699
14.496,0.03200000000000003,0.0004021745174484284,-0.059663514415646754,-0.0049930113062370916,0.005492916498304594
14.528,0.03200000000000003,0.0006528389872448197,0.003895713095347813,-1.7503147557217424e-06,0.00499126099148137
14.56,0.03200000000000003,0.0037003623490160275,-0.08700234865117282,-0.006398273470235038,-0.006396523155479316
14.592,0.03200000000000003,0.0002604657563239516,0.012517233524490079,0.0005511537616087346,0.006949427231843773
14.624,0.03200000000000003,0.0005348077044958961,-0.07855763766631152,-0.005745328869204932,-0.006296482630813667
14.656,0.03200000000000003,0.000999513405609357,-0.08217617859210796,-0.006374927324197222,-0.0006295984549922898
14.688,0.03200000000000003,0.0025319913640598603,-0.12114609572806244,-0.009277129995407946,-0.0029022026712107237
14.72,0.03200000000000003,6.760289312390244e-05,-0.07033145581052805,-0.0057077513499722956,0.00356937864543565
14.752,0.03200000000000003,-0.0012102690942857167,-0.1655999561911536,-0.012507761509110298,-0.006800010159138003
14.784,0.03200000000000003,0.05124375442318142,0.338427935186286,0.024166005471513045,0.03667376698062334
14.816,0.03200000000000003,0.0010271120436773603,0.14049785989386346,0.01172732565002215,-0.012438679821490896
14.848,0.03200000000000003,-0.00024720309999939156,-0.08070793612599399,-0.0052582722084664356,-0.016985597858488584
14.88,0.03200000000000003,0.00016638793000538677,-0.04134483175434046,-0.003344063497425107,0.0019142087110413284
14.912,0.03200000000000003,-0.004854667864929704,-0.07132762459954455,-0.0054384993708650724,-0.0020944358734399653
14.944,0.03200000000000003,0.09887201774694804,0.2050968370500021,0.014768908298563982,0.020207407669429054
14.976,0.03200000000000003,-0.0006315482911947469,0.012860387328487773,0.0017983512533358212,-0.01297055704522816
15.008000000000001,0.03200000000000003,0.12596263979438652,0.517294598098199,0.03814577907280979,0.03634742781947397
15.040000000000001,0.03200000000000003,-0.002280388191930761,-0.14072497718557897,-0.00814682604893538,-0.04629260512174517
15.072000000000001,0.03200000000000003,0.07868900048821527,0.34655093894520966,0.02501512579032177,0.033161951839257145
15.104000000000001,0.03200000000000003,0.002018512552174,-0.02534785014385038,-0.00041998649790026406,-0.025435112288222032
15.136000000000001,0.03200000000000003,0.03464464620977842,0.08914573084946048,0.006531551805310249,0.006951538303210513
15.168000000000001,0.03200000000000003,0.08429172274632771,0.46435256731808944,0.03452565344059847,0.027994101635288222
15.200000000000001,0.03200000000000003,0.12071443423564211,0.6115107609064488,0.04696377400039114,0.012438120559792668
15.232000000000001,0.03200000000000003,-0.005503899558282957,0.0806862836282769,0.00864486293709251,-0.03831891106329863
15.264000000000001,0.03200000000000003,0.002504299146301711,0.13379180084636705,0.010338139303720009,0.0016932763666274997
15.296000000000001,0.03200000000000003,-0.0024855099411397116,-0.013095357594920504,-0.0003662243154508234,-0.010704363619170832
15.328000000000001,0.03200000000000003,-0.0011161406118304486,0.05965723298117702,0.004366064634030602,0.004732288949481425
15.36,0.03199999999999825,0.03814719796125047,0.1723221109019419,0.012924655952320629,0.008558591318290027
15.392,0.03200000000000003,0.0009455728143918277,0.1518530803570671,0.01191343839385489,-0.001011217558465739
15.424,0.03200000000000003,-0.0011996974734870805,0.19377127735813357,0.014937735438837304,0.003024297044982414
15.456,0.03200000000000003,0.0006289325522191681,0.19400167319811437,0.01512926868051196,0.00019153324167465666
15.488,0.03200000000000003,0.0018477169339373328,0.03608133661554986,0.0035268283960694035,-0.011602440284442557
15.52,0.03200000000000003,0.0009299465752521717,0.17586678895406613,0.013136884045078732,0.009610055649009328
15.552,0.03200000000000003,0.0009933076278652213,0.015344177512393985,0.0018867944909384314,-0.011250089554140301
15.584,0.03200000000000003,0.0013340044460656848,0.23328720285931928,0.01726491664470554,0.01537812215376711
15.616,0.03200000000000003,-0.00024781770543467693,0.12347195737468629,0.01007684342850273,-0.0071880732162028105
15.648,0.03200000000000003,0.0015800186406155184,0.021028111949200394,0.00212813899401199,-0.00794870443449074
15.68,0.03200000000000003,0.005552001496159017,0.1944424243445281,0.01442219542982994,0.012294056435817949
15.712,0.03200000000000003,0.0022159626009762095,0.3651616433655147,0.02768665000573108,0.01326445457590114
15.744,0.03200000000000003,-0.001771420959155231,0.1102612898794797,0.009706965004705,-0.017979685001026077
15.776,0.03200000000000003,0.0010702527789237444,0.09921959640084492,0.0078570057309559,-0.0018499592737490998
15.808,0.03200000000000003,-0.07767679140257273,-0.2749342065249233,-0.01976514612635115,-0.02762215185730705
15.84,0.03200000000000003,-3.8080792304606995e-05,-0.014036936761239155,-0.0021733031674087957,0.017591842958942353
15.872,0.03200000000000003,0.00010913930402299237,0.1341208998297432,0.009737818564739468,0.011911121732148262
15.904,0.03200000000000003,0.00049266001166998,-0.018725367026300108,-0.0008149124469024582,-0.010552731011641926
15.936,0.03200000000000003,-0.003162832864667841,0.11675560038546075,0.00853918915389339,0.009354101600795849
15.968,0.03200000000000003,-0.00033975073375236523,0.08467130159076118,0.006719706212425907,-0.0018194829414674828
16.0,0.03200000000000003,-0.005988732215501152,0.016109712943093893,0.0015726343815155338,-0.005147071830910373
16.032,0.03200000000000003,0.004201608699356672,0.05372856738123192,0.00404199774751593,0.002469363366000396
16.064,0.03200000000000003,0.004897765449554844,0.2656354783772385,0.019768234049789564,0.015726236302273634
16.096,0.03200000000000003,0.0008128486378839748,0.21188993426536,0.01672363568130937,-0.0030445983684801933
16.128,0.03200000000000003,0.0028945046575087714,0.17465499982505608,0.013809608312610966,-0.0029140273686984047
16.16,0.03200000000000003,-0.00450694958406082,-0.07224394938717836,-0.004515620448726191,-0.01832522876133716
16.192,0.03200000000000003,-0.002207052714022197,0.15042024580099864,0.010801256342752506,0.015316876791478697
16.224,0.03200000000000003,-0.0012342148272283567,-0.027109512015238355,-0.001370093086202209,-0.012171349428954715
16.256,0.03200000000000003,0.005099830757514564,0.19138823050889445,0.013995639611430043,0.015365732697632252
16.288,0.03200000000000003,0.000654194677338956,0.05364202245762132,0.0047528018497274525,-0.00924283776170259
16.32,0.03200000000000003,-0.0007476677036117463,0.0070681770188609355,0.0007941702067140009,-0.003958631643013451
16.352,0.03200000000000003,-0.003713558808557978,-0.007207907581310758,-0.00048422444249450404,-0.001278394649208505
16.384,0.03200000000000003,0.00028423922015801404,-0.15815720856409138,-0.011658870771543576,-0.01117464632904907
16.416,0.03200000000000003,-0.0010208412733991013,0.17418305904795714,0.01213640575763314,0.023795276529176713
16.448,0.03200000000000003,-0.003460563066981049,-0.05448383362662795,-0.0033061299534406486,-0.015442535711073789
16.48,0.03200000000000003,0.0016299145480512891,0.26406996995473203,0.019228905570030968,0.022535035523471615
16.512,0.03200000000000003,0.001438268679349194,-0.1605732554055255,-0.010698526587222472,-0.02992743215725344
16.544,0.03200000000000003,-0.0022010352001258847,0.046546240278936966,0.0028054049792592527,0.013503931566481725
16.576,0.03200000000000003,-0.0037430419715470263,0.2088186530862123,0.015518524488522636,0.012713119509263383
16.608,0.03200000000000003,0.002293522633126218,0.0014695016239726095,0.001003937589900197,-0.01451458689862244
16.64,0.03200000000000003,-0.001117084306381823,0.1509703491372028,0.011160350062161673,0.010156412472261477
16.672,0.03200000000000003,-0.00020639279710870254,-0.03082170658494069,-0.0016223585664173978,-0.012782708628579071
16.704,0.03200000000000003,-0.002076390718672534,-0.010828925726226887,-0.0008900189146098355,0.0007323396518075623
16.736,0.03200000000000003,-0.004388486661046111,-0.1307067060227134,-0.009663580737658635,-0.0087735618230488
16.768,0.03200000000000003,0.0010901289241820077,0.16326913474718677,0.011448979546118895,0.02111256028377753
16.8,0.03200000000000003,-0.021649766193548296,-0.11829602825511144,-0.00803857768138021,-0.019487557227499105
16.832,0.03200000000000003,-0.0027438531838644815,0.020398791805136755,0.0010360720933411745,0.009074649774721385
16.864,0.03200000000000003,0.0028563446281876215,0.11500911842149861,0.008517608105219255,0.0074815360118780806
16.896,0.03200000000000003,-0.07302596931060427,-0.20949213610820255,-0.0149143854791591,-0.023431993584378356
16.928,0.03200000000000003,0.001616026951382405,-0.04543710583351817,-0.004202448774426979,0.010711936704732122
16.96,0.03200000000000003,-0.0007040830860302577,-0.2233617533993153,-0.016668677429566146,-0.012466228655139168
16.992,0.03200000000000003,0.0015480540321150108,-0.06271315675933832,-0.005574207129103379,0.011094470300462768
17.024,0.03200000000000003,-0.003887400838466016,0.20316674267030252,0.014619134436972818,0.020193341566076196
17.056,0.03200000000000003,-0.0030406580451647408,0.05278757359158587,0.00472595926787833,-0.009893175169094489
17.088,0.03200000000000003,-0.0009218971948129718,0.0018539204279024168,0.00040916299846940034,-0.0043167962694089295
17.12,0.03200000000000003,-0.0025930895335977712,-0.12712664402664672,-0.009325301593826168,-0.009734464592295568
17.152,0.03200000000000003,-0.005081358865948899,-0.07954624225653324,-0.006388189734349668,0.0029371118594765004
17.184,0.03200000000000003,-0.0005017540880269836,0.0657906663939032,0.004469476206239058,0.010857665940588726
17.216,0.03200000000000003,0.00094924639735491,-0.06681280289802351,-0.004655409918820845,-0.009124886125059902
17.248,0.03200000000000003,-0.0029313572102011823,-0.11474517774027732,-0.008707138882670369,-0.004051728963849524
17.28,0.03200000000000003,0.0025827608493601585,-0.13006600544788952,-0.010067738599116468,-0.0013605997164460992
17.312,0.03200000000000003,0.003221537966072803,-0.2211501263063429,-0.016844631644848458,-0.00677689304573199
17.344,0.03200000000000003,0.12830539990919612,0.44048185402634976,0.03142071026512309,0.048265341909971546
17.376,0.03200000000000003,-0.001344755378899709,0.15097794855079005,0.012916841161120142,-0.018503869104002944
17.408,0.03200000000000003,0.01613875691086422,0.19640522447248254,0.015189362022647583,0.0022725208615274415
17.44,0.03200000000000003,0.0042569982129097485,0.026273222881702314,0.0028090066237300092,-0.012380355398917573
17.472,0.03200000000000003,0.00015987883504649513,-0.01120700219833123,-0.0006620041181573153,-0.0034710107418873246
17.504,0.03200000000000003,0.00314318104885375,-0.1559039786372682,-0.011503430789088226,-0.010841426670930911
17.536,0.03200000000000003,-0.001296230073823538,-0.0025098242291624277,-0.0008486554933517199,0.010654775295736506
17.568,0.03200000000000003,-0.0024157023135270997,-0.12428788403018855,-0.009189151242276044,-0.008340495748924325
17.6,0.03200000000000003,0.007820845901310616,0.08616503812285825,0.005806115193239561,0.014995266435515606
17.632,0.03200000000000003,0.0013041717771781782,-0.03135711367440523,-0.001970827566385658,-0.007776942759625219
17.664,0.03200000000000003,0.00022941683164436983,-0.04168847257643089,-0.003179553773793472,-0.0012087262074078138
17.696,0.03200000000000003,0.00029991416148573085,-0.07700311395131772,-0.005846379148679629,-0.002666825374886157
17.728,0.03200000000000003,0.01239877575284404,0.1551851306433276,0.011074843580792328,0.016921222729471958
17.76,0.03200000000000003,-0.004702999641993018,-0.06936386582311588,-0.004461693897057942,-0.01553653747785027
17.792,0.03200000000000003,-0.004277427121344265,-0.034989068498764694,-0.0028306734966873936,0.0016310204003705483
17.824,0.03200000000000003,0.022440263021917317,0.15270714432541768,0.0110667058119222,0.013897379308609592
17.856,0.03200000000000003,-0.0022164398708238698,0.002488753186893124,0.000821894193944113,-0.010244811617978087
17.888,0.03200000000000003,-0.002076234241696947,-0.13446630552218167,-0.009841235371373403,-0.010663129565317515
17.92,0.03200000000000003,-0.005468909443855512,-0.03370245728369199,-0.0030466117848374843,0.006794623586535918
17.952,0.03200000000000003,-0.0009415972307453952,0.09669506342333757,0.006935098777190773,0.009981710562028259
17.984,0.03200000000000003,-0.00028791385775792815,-0.008591704753970253,-0.00023147905676389871,-0.007166577833954672
18.016000000000002,0.03200000000000003,-0.00029990789009735983,-0.10003183777627796,-0.007369727080146904,-0.007138248023383005
18.048000000000002,0.03200000000000003,0.0013438299586793676,-0.14132542715068244,-0.010818551471436812,-0.003448824391289908
18.080000000000002,0.03200000000000003,-0.0007379961273572505,-0.11468018887616306,-0.00905815206510082,0.001760399406335992
18.112000000000002,0.03200000000000003,0.002712332619544956,-0.18595973091114748,-0.014198439497150436,-0.005140287432049615
18.144000000000002,0.03200000000000003,-0.020934421662305833,-0.18307856900342706,-0.014283302250970006,-8.486275381957079e-05
18.176000000000002,0.03200000000000003,-0.09099253705305971,-0.4175200313946513,-0.03152907954564368,-0.01724577729467367
18.208000000000002,0.03200000000000003,-0.09978906482585759,-0.4782095916453448,-0.03698778637216319,-0.005458706826519513
18.240000000000002,0.03200000000000003,-0.019635156681800936,-0.2479224746352529,-0.02036754573741734,0.01662024063474585
18.272000000000002,0.03200000000000003,-0.008680765592152289,0.07000859768927248,0.003972648498705682,0.024340194236123023
18.304000000000002,0.03200000000000003,-0.2188311514527766,-0.7362054339445014,-0.05391137703140297,-0.05788402553010865
18.336000000000002,0.03200000000000003,-0.4134403568015997,-2.143105459442243,-0.1607167149883729,-0.10680533795696992
18.368000000000002,0.03200000000000003,-0.011786250570390013,0.11537166338757529,-0.0007935694865640123,0.1599231455018089
18.400000000000002,0.03200000000000003,-0.4130353657553662,-2.2516847347915077,-0.16563521744657012,-0.1648416479600061
18.432000000000002,0.03200000000000003,-0.391724463876579,-1.9133716122023245,-0.15027175010280056,0.01536346734376956
18.464,0.031999999999996476,-0.34218730283647275,-1.9808896606664272,-0.15435012387830016,-0.004078373775499605
18.496,0.03200000000000003,-0.0564752753758323,-0.35045645768267003,-0.03468313758840533,0.11966698628989483
18.528,0.03200000000000003,-0.41831716315755757,-2.4962223535233754,-0.1855749828305834,-0.15089184524217808
18.56,0.03200000000000003,-0.4177807301855281,-3.4851650985390012,-0.267012903372629,-0.0814379205420456
18.592,0.03200000000000003,-0.415641321318073,-3.2425698829174396,-0.2538737323183522,0.01313917105427681
18.624,0.03200000000000003,-0.4157546583080164,-4.703399686408973,-0.360544974722671,-0.1066712424043188
18.656,0.03200000000000003,-0.4181508969032286,-4.606345739304527,-0.3595656379218873,0.0009793368007837144
18.688,0.03200000000000003,-0.4178344268857967,-2.5046530229578763,-0.20495014330979247,0.1546154946120948
18.72,0.03200000000000003,-0.36283706691394585,-2.2333374990911965,-0.17607172831220647,0.028878414997586005
18.752,0.03200000000000003,-0.34893538582765987,-2.020433556910002,-0.1587475999143318,0.017324128397874672
18.784,0.03200000000000003,-0.31275085320983226,-1.9924578581378336,-0.15569015473382733,0.0030574451805044645
18.816,0.03200000000000003,-0.4173347839622878,-2.5266197710990257,-0.19479603931203707,-0.03910588457820974
18.848,0.03200000000000003,-0.42008624398749383,-3.0374384795947935,-0.234619309490715,-0.03982327017867793
18.88,0.03200000000000003,-0.4201476272664066,-4.517668403406379,-0.34577471402828286,-0.11115540453756786
18.912,0.03200000000000003,-0.4183738507013148,-4.777613403070171,-0.37130802717917133,-0.02553331315088847
18.944,0.03200000000000003,-0.4222824075598856,-2.4696144790314225,-0.20305127815613117,0.16825674902304016
18.976,0.03200000000000003,-0.41514704892928217,-2.31682361765351,-0.18210169664701226,0.02094958150911891
19.008,0.03200000000000003,-0.4220930920803434,-2.466930094961768,-0.19193116096702986,-0.009829464320017606
19.04,0.03200000000000003,-0.41969911192036174,-2.158840131861306,-0.1698416012075617,0.022089559759468164
19.072,0.03200000000000003,-0.4226731008978794,-2.3986022631368376,-0.18619855273457664,-0.01635695152701494
19.104,0.03200000000000003,-0.4169711150029218,-2.4877480305769706,-0.19369862439135263,-0.007500071656775992
19.136,0.03200000000000003,-0.4054238831110653,-4.655743360870318,-0.353566464260739,-0.15986783986938638
19.168,0.03200000000000003,-0.4211399283933981,-2.7247632331027707,-0.220790771256615,0.132775693004124
19.2,0.03200000000000003,-0.4072978978770296,-4.735103867187571,-0.3609666585250782,-0.1401758872684632
19.232,0.03200000000000003,-0.42575351207589734,-4.612457757872618,-0.36003946056881925,0.0009271979562589516
19.264,0.03200000000000003,-0.41892047213816747,-2.9562363751989507,-0.2381870386634412,0.12185242190537804
19.296,0.03200000000000003,-0.42271033185697976,-2.4094982072149635,-0.1909453620066013,0.0472416766568399
19.328,0.03200000000000003,-0.4180443531545857,-2.666202313051766,-0.2070962216669325,-0.016150859660331196
19.36,0.03200000000000003,-0.41845130784802603,-4.6198869187610905,-0.3517030043219321,-0.14460678265499957
19.392,0.03200000000000003,-0.4187688298592553,-2.571049517206538,-0.20937905394905534,0.14232395037287673
19.424,0.03200000000000003,-0.4156109516601936,-4.7467273280974975,-0.3611626625568103,-0.15178360860775494
19.456,0.03200000000000003,-0.41500598671810446,-4.441587604350793,-0.34748494590806656,0.013677716648743732
19.488,0.03200000000000003,-0.42124795119325237,-4.566788358658204,-0.3559026357696747,-0.008417689861608124
19.52,0.03200000000000003,-0.4016059803521612,-2.2017404798804914,-0.18246242454476289,0.1734402112249118
19.552,0.03200000000000003,-0.4178761096734231,-4.585337669630941,-0.34774015832464916,-0.16527773377988628
19.584,0.03200000000000003,-0.41868817140127296,-3.3298751483579445,-0.26495449129598425,0.08278566702866491
19.616,0.03200000000000003,-0.4215757027279664,-4.944631564844315,-0.37892490369993104,-0.11397041240394679
19.648,0.03200000000000003,-0.25635256057241473,-1.6084025540548725,-0.1401572733828003,0.23876763031713075
19.68,0.03200000000000003,-0.42388311435878223,-4.650033783435827,-0.35005568782477753,-0.20989841444197724
19.712,0.03200000000000003,-0.41677450902207946,-4.410315234066566,-0.3445439733055608,0.005511714519216726
19.744,0.03200000000000003,-0.3573336193447895,-3.2281330029055124,-0.257287838060772,0.08725613524478881
19.776,0.03200000000000003,-0.41906768708301784,-4.5185946982809675,-0.3471514672127278,-0.08986362915195584
19.808,0.03200000000000003,-0.42154001709442956,-4.7133454287739704,-0.366661224484186,-0.01950975727145815
19.84,0.03200000000000003,-0.31146742065420924,-3.1118537929063836,-0.25001344713387774,0.11664777735030823
19.872,0.03200000000000003,-0.3636285011518064,-2.41082080535468,-0.19172535382811987,0.058288093305757877
19.904,0.03200000000000003,-0.41604714438376156,-4.019061679158527,-0.30663083408689523,-0.11490548025877537
19.936,0.03200000000000003,-0.4190737000360906,-2.409861652835037,-0.19492328707113177,0.11170754701576346
19.968,0.03200000000000003,-0.416102998347755,-4.969814754947215,-0.3767340443666755,-0.18181075729554375
20.0,0.03200000000000003,-0.4168139945560806,-2.703012357673558,-0.2205286499853948,0.15620539438128073
20.032,0.03200000000000003,-0.4220533233847381,-4.684332283736661,-0.357217772758876,-0.13668912277348122
20.064,0.03200000000000003,-0.4157422498257471,-2.3983114096831155,-0.1969942168921042,0.1602235558667718
20.096,0.03200000000000003,-0.41834374492142745,-4.624819282121982,-0.3514825520210534,-0.1544883351289492
20.128,0.03200000000000003,-0.4176596561592268,-2.4895212733884082,-0.20337072192417524,0.14811183009687814
20.16,0.03200000000000003,-0.4229119575065009,-2.5439776080196412,-0.19882509374394167,0.004545628180233574
20.192,0.03200000000000003,-0.4171723213304942,-2.4894394349300875,-0.19455192921893527,0.004273164525006395
20.224,0.03200000000000003,-0.4237228869563632,-2.9922350887231515,-0.23128094963671242,-0.03672902041777715
20.256,0.03200000000000003,-0.42292748463575897,-4.648397908242408,-0.3551958709889121,-0.12391492135219967
20.288,0.03200000000000003,-0.4241065478604336,-2.8896803782838223,-0.2330128796153933,0.12218299137351879
20.32,0.03200000000000003,-0.41038002481396146,-4.460267038466794,-0.3414606669337313,-0.10844778731833798
20.352,0.03200000000000003,-0.4120354747943398,-4.61731153089221,-0.3592703452298271,-0.01780967829609581
20.384,0.03200000000000003,-0.31289996890924593,-1.928919634985815,-0.16259353257767534,0.19667681265215176
20.416,0.03200000000000003,-0.1487242725677233,-0.9317879980608921,-0.07791027512386875,0.08468325745380659
20.448,0.03200000000000003,-0.4201410391855702,-2.75696738311711,-0.20724569415276856,-0.1293354190288998
20.48,0.03200000000000003,-0.4203567006424578,-2.5714287332768357,-0.20106755428642145,0.006178139866347104
20.512,0.03200000000000003,-0.42199870387587374,-2.335283810098517,-0.18334474483110444,0.017722809455317012
20.544,0.03200000000000003,-0.39747875410511785,-4.477619722559544,-0.33986949163494345,-0.15652474680383902
20.576,0.03200000000000003,-0.40059161146064626,-4.4827448166621675,-0.34928242150283845,-0.009412929867894992
20.608,0.03200000000000003,-0.4172405924388147,-2.5150963377369058,-0.2051245064433471,0.14415791505949135
20.64,0.03200000000000003,-0.0028448711233775366,-0.19090913634274578,-0.025881149720604003,0.17924335672274308
20.672,0.03200000000000003,-0.41901311838047284,-2.727501966683435,-0.2020752073256441,-0.1761940576050401
20.704,0.03200000000000003,-0.42138569875656673,-2.5437689647237516,-0.1987349612056466,0.003340246119997503
20.736,0.03200000000000003,-0.41668813402721383,-2.669264394895994,-0.20777109423756632,-0.009036133031919719
20.768,0.03200000000000003,-0.4034811943430186,-4.556887541527967,-0.3471089756217426,-0.13933788138417627
20.8,0.03200000000000003,-0.4214015932102729,-2.327780926958888,-0.19122381768068508,0.1558851579410575
20.832,0.03200000000000003,-0.4218075219194471,-2.4789720270670013,-0.19334333901649792,-0.002119521335812835
20.864,0.03200000000000003,-0.12901773796453903,-1.2543620111103047,-0.10340759907620646,0.08993573994029146
20.896,0.03200000000000003,-0.13639268455288406,-0.9924666272640345,-0.07895584589931287,0.02445175317689359
20.928,0.03200000000000003,-0.13521689926233518,-1.007225810907596,-0.07862966244584178,0.0003261834534710878
20.96,0.03200000000000003,-0.4152323534805999,-2.470891870775597,-0.18624916574463765,-0.10761950329879587
20.992,0.03200000000000003,-0.4217281102952838,-2.3896291415868434,-0.18648586091310368,-0.0002366951684660279
21.024,0.03200000000000003,-0.3995993754529868,-4.552444766592972,-0.3455534760560198,-0.15906761514291615
21.056,0.03200000000000003,-0.40980151097964285,-2.5895356884481573,-0.21038352457362355,0.13516995148239627
21.088,0.03200000000000003,-0.4122749966159892,-4.610704076254284,-0.35121746896930267,-0.14083394439567912
21.12,0.03200000000000003,-0.42164717464100016,-2.4708047438325087,-0.20197900110114803,0.14923846786815465
21.152,0.03200000000000003,-0.04482782062168323,-0.5523004294252857,-0.05227636014779283,0.1497026409533552
21.184,0.03200000000000003,-0.4138261442939553,-2.575922554819516,-0.19245179420028924,-0.1401754340524964
21.216,0.03200000000000003,-0.41809433523978595,-2.2010981050112415,-0.1729793178010346,0.019472476399254646
21.248,0.03200000000000003,-0.4147942747069516,-2.373684300077184,-0.18454721757251036,-0.011567899771475765
21.28,0.03200000000000003,-0.39662415322300715,-4.622673700242963,-0.35060621165152106,-0.1660589940790107
21.312,0.03200000000000003,-0.39314089627990534,-4.175984921958516,-0.3273430503092337,0.023263161342287342
21.344,0.03200000000000003,-0.42416461980057,-2.4192221495829838,-0.19680735726398974,0.13053569304524398
21.376,0.03200000000000003,-0.09072431910918478,-0.8816415803975736,-0.07619762875789127,0.12060972850609847
21.408,0.03200000000000003,-0.2342956597778174,-1.611442283807161,-0.12290464938830016,-0.046707020630408894
21.44,0.03200000000000003,-0.39587470654243356,-2.3940740191321814,-0.1831559177012794,-0.060251268312979236
21.472,0.03200000000000003,-0.42053666549365604,-2.3209783848228556,-0.1812586983540491,0.0018972193472303056
21.504,0.03200000000000003,-0.4236263524789072,-2.444570487793401,-0.1902381648772856,-0.008979466523236501
21.536,0.03200000000000003,-0.41702347941344897,-2.633256430174402,-0.20463254813965812,-0.014394383262372523
21.568,0.03200000000000003,-0.40060673099670957,-1.8388483889695382,-0.14704257532425133,0.05758997281540679
21.6,0.03200000000000003,-0.39815050061595214,-2.2908960193819325,-0.17696164443384835,-0.02991906910959702
21.632,0.03200000000000003,-0.42178949879120464,-2.540984730451303,-0.1970804251604555,-0.020118780726607166
21.664,0.03200000000000003,-0.13297435630034718,-0.9870957384060004,-0.08396851538145006,0.11311190977900545
21.696,0.03200000000000003,-0.17689453879620673,-1.399938672336497,-0.10779923201286477,-0.023830716631414714
21.728,0.03200000000000003,-0.41900090380475763,-2.525451192465035,-0.19194540297066728,-0.08414617095780251
21.76,0.03200000000000003,-0.42042661091653905,-2.3572106948532974,-0.18443063951943456,0.0075147634512327255
21.792,0.03200000000000003,-0.4215865856059159,-2.651837766764621,-0.20566376075800685,-0.021233121238572294
21.824,0.03200000000000003,-0.4184924834789393,-2.563230208114581,-0.2003733093329619,0.005290451425044945
21.856,0.03200000000000003,-0.40348317528991795,-2.0890183635189667,-0.16519424998862642,0.03517905934433549
21.888,0.03200000000000003,-0.41804008768689455,-2.465651787389801,-0.19086110263501052,-0.025666852646384103
21.92,0.03200000000000003,-0.4197265152722694,-2.2194550924559002,-0.1742374656585074,0.016623636976503126
21.952,0.03200000000000003,-0.12323240088900575,-0.8578509991064482,-0.07314512499252658,0.10109234066598081
21.984,0.03200000000000003,-0.11271354775922493,-0.810582000942203,-0.06383298456106312,0.009312140431463459
22.016000000000002,0.03200000000000003,-0.131610433076691,-0.9443265735068811,-0.07313100944163227,-0.009298024880569147
22.048000000000002,0.03200000000000003,-0.13743628705472272,-1.1503691161695908,-0.08882019110025534,-0.01568918165862307
22.080000000000002,0.03200000000000003,-0.0887192014948458,-0.8786783338175576,-0.06974571141574187,0.019074479684513465
22.112000000000002,0.03200000000000003,-0.09189095008500908,-0.8045678950685816,-0.0631944608420311,0.006551250573710768
22.144000000000002,0.03200000000000003,-0.11963708375893593,-0.9244631925784599,-0.07163339052356628,-0.008438929681535173
22.176000000000002,0.03200000000000003,-0.006665741395215071,-0.2951333887517852,-0.025839505832680153,0.045793884690886126
22.208000000000002,0.03200000000000003,-0.131374841595934,-1.0257939131548566,-0.07692880756239964,-0.05108930172971949
22.240000000000002,0.03200000000000003,-0.12880235278916607,-0.961485237933334,-0.07514887129502998,0.001779936267369664
22.272000000000002,0.03200000000000003,-0.0946108163139689,-0.9876623139620826,-0.07697118531612598,-0.0018223140210960054
22.304000000000002,0.03200000000000003,0.003396371045151925,-0.35863783438385716,-0.030817783119356967,0.046153402196769014
22.336000000000002,0.03200000000000003,0.0016779917000660912,-0.5623018946390219,-0.04313089089481667,-0.012313107775459704
22.368000000000002,0.03200000000000003,-0.03111334010820572,-0.7233347788166862,-0.05568411002861577,-0.012553219133799101
22.400000000000002,0.03200000000000003,-0.11459282551861971,-0.8577401759091553,-0.06629299913822759,-0.010608889109611816
22.432000000000002,0.03200000000000003,0.001357302020745926,-0.6108509644450548,-0.048749151990628285,0.017543847147599302
22.464000000000002,0.03200000000000003,-0.07050899031081476,-0.7419519907463231,-0.057377561042724394,-0.008628409052096109
22.496000000000002,0.03200000000000003,-0.07631128768131175,-1.047191195706939,-0.08032303141090438,-0.02294547036817999
22.528,0.031999999999996476,0.0007768527557097998,-0.37231281261553,-0.03201694309994778,0.048306088310956605
22.56,0.03200000000000003,-0.1281788813790616,-0.9988295354149703,-0.07530245887251281,-0.043285515772565036
22.592,0.03200000000000003,-0.005987835246607353,-0.1973181754847685,-0.01885796482568694,0.056444494046825874
22.624,0.03200000000000003,-0.10895479520790069,-0.9166433509193198,-0.06849881256857508,-0.04964084774288814
22.656,0.03200000000000003,-0.09164936992054404,-0.8377641488259963,-0.06556373854186849,0.002935074026706591
22.688,0.03200000000000003,-0.06823323699509651,-0.6829812178224827,-0.05401152762008011,0.011552210921788382
22.72,0.03200000000000003,-0.04869582167959135,-0.3281148475482342,-0.02724767588836572,0.02676385173171439
22.752,0.03200000000000003,-0.11831846406752751,-1.0282496122969453,-0.07719069259224241,-0.04994301670387669
22.784,0.03200000000000003,-0.07679744760938428,-0.7034033076183268,-0.056184586064365126,0.021006106527877287
22.816,0.03200000000000003,-0.1338311234837975,-1.0783220774589184,-0.0825435341608652,-0.026358948096500072
22.848,0.03200000000000003,-0.03168699350439108,-0.6704704720362222,-0.0540717124836374,0.028471821677227796
22.88,0.03200000000000003,-0.08634715396747604,-0.8859792380807829,-0.06827662394325917,-0.014204911459621772
22.912,0.03200000000000003,-0.0909254313953069,-0.6873861436280854,-0.05449207923397145,0.013784544709287722
22.944,0.03200000000000003,-0.03499026959399447,-0.5832451952376846,-0.04603776124697397,0.00845431798699748
22.976,0.03200000000000003,-0.07393203200275743,-0.7993608115603708,-0.061442892641509435,-0.015405131394535462
23.008,0.03200000000000003,-0.09008836542852548,-0.7722827351237659,-0.06034088879595166,0.0011020038455577738
23.04,0.03200000000000003,-0.006859295677721536,-0.6392372925790875,-0.05049307915016249,0.009847809645789171
23.072,0.03200000000000003,-0.12464117475861161,-1.0298729034029661,-0.07865200548138282,-0.02815892633122033
23.104,0.03200000000000003,0.00865554273780455,-0.2799848860714156,-0.025130659683357925,0.053521345798024894
23.136,0.03200000000000003,-0.132522874027912,-1.1743271594916918,-0.08781105510686335,-0.06268039542350543
23.168,0.03200000000000003,-0.004020302431051968,-0.42296335047156697,-0.036174071828978874,0.05163698327788448
23.2,0.03200000000000003,-0.12431112831966933,-0.8964733111128901,-0.06801514616110005,-0.031841074332121175
23.232,0.03200000000000003,-0.011325268825324471,-0.3612852939230445,-0.03049545401231858,0.03751969214878147
23.264,0.03200000000000003,-0.13435963015004368,-1.0777388697295422,-0.08101763502935816,-0.05052218101703958
23.296,0.03200000000000003,-0.12658129966454976,-0.9988446587267646,-0.07813233580120685,0.0028852992281513112
23.328,0.03200000000000003,-0.003099672692780117,-0.44325540793423834,-0.037107610791159415,0.04102472501004743
23.36,0.03200000000000003,-0.13260915487711789,-0.808813228393513,-0.06162249616594889,-0.024514885374789477
23.392,0.03200000000000003,-0.13674668407011395,-1.1983686852321938,-0.09168571442289039,-0.0300632182569415
23.424,0.03200000000000003,-0.015220979825562768,-0.4103684384595975,-0.035471519655946936,0.056214194766943455
23.456,0.03200000000000003,-0.09960944801197887,-0.8656033051701074,-0.06570440124283172,-0.030232881586884787
23.488,0.03200000000000003,-0.06677950413789946,-0.8660110644936267,-0.06747970432925796,-0.0017753030864262331
23.52,0.03200000000000003,-0.13148425962991633,-1.0674358870668426,-0.08239501801480438,-0.014915313685546425
23.552,0.03200000000000003,-0.004264381328934716,-0.4873687323727706,-0.040597795375378144,0.041797222639426236
23.584,0.03200000000000003,-0.13111300840733145,-0.9764324573838572,-0.07415073736972562,-0.033552941994347475
23.616,0.03200000000000003,0.0018276949669966645,-0.3886740004285807,-0.03286382771465034,0.04128690965507528
23.648,0.03200000000000003,-0.09906483536062144,-1.0169424846813246,-0.07668337913202862,-0.04381955141737828
23.68,0.03200000000000003,-0.0011256813086850373,-0.3972018781206823,-0.033637176845074626,0.043046202286953994
23.712,0.03200000000000003,-0.0027110091618437813,-0.46099370206740997,-0.035843424466156314,-0.0022062476210816875
23.744,0.03200000000000003,-0.10403494055680677,-0.7495569867839026,-0.05719179842549163,-0.021348373959335316
23.776,0.03200000000000003,-0.0037893134445271173,-0.5530845258163293,-0.04397559108547876,0.013216207340012873
23.808,0.03200000000000003,-0.07712692020892987,-0.8023570014990079,-0.06154418594654425,-0.01756859486106549
23.84,0.03200000000000003,0.001472198444567722,-0.3180571875532535,-0.026942886712846798,0.03460129923369745
23.872,0.03200000000000003,-0.0032878718474840165,-0.46515024125802734,-0.03576264210381027,-0.008819755390963472
23.904,0.03200000000000003,-0.004239177035672563,-0.3531853760710681,-0.02803787690267386,0.007724765201136411
23.936,0.03200000000000003,0.0017483642014748063,-0.30342016900214624,-0.023932188731485893,0.004105688171187966
23.968,0.03200000000000003,-7.720043862781897e-05,-0.44218726140805137,-0.03390013454642358,-0.009967945814937686
24.0,0.03200000000000003,8.378118009657401e-05,-0.484388211068619,-0.03757904226265344,-0.0036789077162298622
24.032,0.03200000000000003,0.0029491306192602493,-0.4035859456801404,-0.03184920531374638,0.005729836948907059
24.064,0.03200000000000003,-0.006422539703216421,-0.42269510569499863,-0.032923719066501655,-0.001074513752755274
24.096,0.03200000000000003,0.00013107203693517156,-0.40670360329467087,-0.031809731045879884,0.0011139880206217714
24.128,0.03200000000000003,-0.005733323575362603,-0.28184223843126816,-0.022563088491122506,0.009246642554757378
24.16,0.03200000000000003,-0.004049949709512155,-0.6036983602503241,-0.04569866044387816,-0.023135571952755653
24.192,0.03200000000000003,-0.0019161789964045554,-0.38873069293362733,-0.031225484731730525,0.014473175712147634
24.224,0.03200000000000003,0.12711841842701002,0.004942856525745717,-0.0014391196491147775,0.029786365082615746
24.256,0.03200000000000003,0.06942663335911271,0.04229339036539064,0.003027186456893333,0.00446630610600811
24.288,0.03200000000000003,-0.0031649597751163636,-0.49159370613462444,-0.03597715581452884,-0.03900434227142217
24.32,0.03200000000000003,0.12677857057447472,0.18364726730018802,0.01142853360683798,0.04740568942136682
24.352,0.03200000000000003,0.026467974775203556,-0.42477361302242345,-0.030578189008755377,-0.04200672261559336
24.384,0.03200000000000003,0.09580379425289291,0.1438642582333662,0.008814559483857422,0.0393927484926128
24.416,0.03200000000000003,0.10972044906719347,0.2805208901997285,0.021138426194628367,0.012323866710770945
24.448,0.03200000000000003,-0.0013142497125124646,-0.2968953189313634,-0.02061344715168261,-0.041751873346310975
24.48,0.03200000000000003,-0.004913079282558398,-0.26302228463851646,-0.02053271368234941,8.073346933320028e-05
24.512,0.03200000000000003,0.04448867618996902,0.07355847953487565,0.004224172620549446,0.024756886302898858
24.544,0.03200000000000003,-0.0028541575872073825,-0.25108983297022597,-0.018221345599580427,-0.022445518220129874
24.576,0.03200000000000003,-0.004557812464676894,-0.09984923506499481,-0.008394836840760806,0.009826508758819621
24.608,0.03200000000000003,-0.0009136185324597391,-0.2745526273191706,-0.020675288589437256,-0.01228045174867645
24.64,0.03200000000000003,0.0016802846640224048,-0.1423962570077266,-0.011665418337287457,0.009009870252149799
24.672,0.03200000000000003,0.0011522290001266006,-0.1763797509083602,-0.01364444067532952,-0.0019790223380420635
24.704,0.03200000000000003,0.0035837769227342556,0.010543649772475653,-1.2298584913812368e-05,0.013632142090415708
24.736,0.03200000000000003,-0.0005924756500908448,-0.1166014500244566,-0.008575607031446825,-0.008563308446533012
24.768,0.03200000000000003,-0.006143287019549741,-0.039573780308475,-0.0034053266530490334,0.005170280378397792
24.8,0.03200000000000003,0.0027380649869306706,-0.0880079485192931,-0.00666871083555939,-0.003263384182510357
24.832,0.03200000000000003,0.026125620407184223,0.10016634133073396,0.0069812769028401115,0.013649987738399502
24.864,0.03200000000000003,0.0013683580265803734,-0.02051415341982848,-0.0011055928115236795,-0.00808686971436379
24.896,0.03200000000000003,0.00016028591474940006,-0.07288252156117184,-0.005423621997221498,-0.004318029185697818
24.928,0.03200000000000003,-0.0035427011422644356,0.0689088099369678,0.004754468794613099,0.010178090791834597
24.96,0.03200000000000003,0.0034987901054439464,-0.16747766758214155,-0.01204187450936684,-0.016796343303979937
24.992,0.03200000000000003,0.0019699545102003107,-0.0597638509518827,-0.005090213446222655,0.006951661063144185
25.024,0.03200000000000003,0.02464663571546583,0.05468502616939496,0.003727695882784981,0.008817909329007636
25.056,0.03200000000000003,-0.0005693646906869411,-0.07277791115255318,-0.0051369076249865395,-0.008864603507771521
25.088,0.03200000000000003,-0.0039970950947944206,-0.19538116361736807,-0.014664923966979151,-0.009528016341992612
25.12,0.03200000000000003,0.013889499167368072,0.19810751989336148,0.013722279348380852,0.028387203315360002
25.152,0.03200000000000003,-0.0021492944897220888,0.062280735573942564,0.005372313933109394,-0.008349965415271459
25.184,0.03200000000000003,-0.006267303253205254,-0.2936133781459714,-0.021282255604388917,-0.026654569537498313
25.216,0.03200000000000003,0.01741508735397362,0.036337268355303806,0.0014436459557183783,0.022725901560107297
25.248,0.03200000000000003,0.04153995336127321,0.23073948461129273,0.017051974311408417,0.01560832835569004
25.28,0.03200000000000003,0.0020194300973205995,-0.10461186052134477,-0.00670878516597214,-0.023760759477380558
25.312,0.03200000000000003,0.005492155342820045,-0.07748045199143339,-0.006085221969901567,0.0006235631960705727
25.344,0.03200000000000003,-0.0028023366053966034,-0.04519726929631928,-0.0036751116739735263,0.0024101102959280408
25.376,0.03200000000000003,0.01828791821938195,0.25123608876577935,0.018263798066017807,0.02193890973999133
25.408,0.03200000000000003,0.0017059204175175373,-0.09133973226731379,-0.005662792380165451,-0.023926590446183258
25.44,0.03200000000000003,-0.005736491999663188,-0.12055178761066047,-0.009192313548249034,-0.0035295211680835825
25.472,0.03200000000000003,0.00024207387214019073,-0.1488639859950462,-0.011478155032388708,-0.002285841484139675
25.504,0.03200000000000003,0.0006255649246023203,-0.23863311470282597,-0.01821175661150545,-0.006733601579116741
25.536,0.03200000000000003,0.050149969012976324,0.38383265957278584,0.027175792810174588,0.04538754942168004
25.568,0.03200000000000003,-0.0005988575564213251,0.022646090352000877,0.0032342320714802125,-0.023941560738694377
25.6,0.03200000000000003,0.07297259641048569,0.30880480921319053,0.022896284849926642,0.01966205277844643
25.632,0.03200000000000003,-0.0006646099429233687,0.0038099038573821895,0.0016019626021896312,-0.021294322247737012
25.664,0.03200000000000003,0.002925848252815445,-0.06116883102542184,-0.004405889864884761,-0.006007852467074392
25.696,0.03200000000000003,0.13376467161600364,0.5214909869532328,0.0380962173414692,0.04250210720635396
25.728,0.03200000000000003,0.0862083963189797,0.42276298408665036,0.03328934510219912,-0.00480687223927008
25.76,0.03200000000000003,0.051055914669396844,0.13003545086054538,0.011484599703321937,-0.021804745398877185
25.792,0.03200000000000003,0.06618753924717478,0.31597287681403446,0.023899712279831016,0.012415112576509079
25.824,0.03200000000000003,0.09077397376529428,0.6367506924791675,0.04820649850116449,0.024306786221333476
25.856,0.03200000000000003,0.007445206112754071,0.0019797118191529003,0.0029285051583002666,-0.045277993342864226
25.888,0.03200000000000003,0.03897665826341562,0.4003025810282645,0.0296074023810509,0.026678897222750634
25.92,0.03200000000000003,0.12664563156764144,0.6159587088437132,0.0470069510010912,0.0173995486200403
25.952,0.03200000000000003,0.12414628714030898,0.5423560106047509,0.042598651797367805,-0.004408299203723397
25.984,0.03200000000000003,0.13265505796696653,0.5923137521421077,0.04601806837792627,0.003419416580558464
26.016000000000002,0.03200000000000003,0.13162278393319796,0.7997904925078048,0.06147335462453867,0.015455286246612403
26.048000000000002,0.03200000000000003,0.13616154257064558,0.8349328157487933,0.06494994845779203,0.003476593833253362
26.080000000000002,0.03200000000000003,0.12829156962935032,0.7570742346255803,0.05942491132261708,-0.005525037135174951
26.112000000000002,0.03200000000000003,0.12927523377442265,0.6950649191420741,0.054545776917953266,-0.004879134404663817
26.144000000000002,0.03200000000000003,0.1311618937224301,0.8609863007819633,0.06646600497591973,0.011920228057966463
26.176000000000002,0.03200000000000003,0.13810007593165136,0.9515217945754633,0.0738121494691543,0.007346144493234577
26.208000000000002,0.03200000000000003,0.27898847796972137,1.4566595168662912,0.11138417812910556,0.037572028659951254
26.240000000000002,0.03200000000000003,0.13103356124016052,0.9001972503041855,0.07263081557107907,-0.038753362558026486
26.272000000000002,0.03200000000000003,0.17723999136494997,0.901026576594641,0.07045460853198544,-0.0021762070390936306
26.304000000000002,0.03200000000000003,0.36482909028966465,2.0437924094928355,0.15436823629875304,0.0839136277667676
26.336000000000002,0.03200000000000003,0.13571477114497507,0.8189109180860066,0.06913443032655742,-0.08523380597219563
26.368000000000002,0.03200000000000003,0.42001409669547846,2.308497575682058,0.17375850150672198,0.10462407118016456
26.400000000000002,0.03200000000000003,0.42428783873741144,2.219854643128002,0.17327953131422114,-0.00047897019250084383
26.432000000000002,0.03200000000000003,0.4242928351375346,2.5457321221204094,0.19721698442433247,0.023937453110111334
26.464000000000002,0.03200000000000003,0.395844710370318,4.365780110280378,0.3324456128146403,0.13522862839030783
26.496000000000002,0.03200000000000003,0.4220379227235396,2.465218671496803,0.20048451813180584,-0.13196109468283446
26.528000000000002,0.03200000000000003,0.21904571186982294,1.569668261108404,0.1270075458039323,-0.07347697232787354
26.560000000000002,0.03200000000000003,0.12723962821397905,0.773187186153818,0.06419238929327142,-0.06281515651066089
26.592000000000002,0.03200000000000003,0.4262072447098476,2.48794247923845,0.1866696208879003,0.12247723159462887
26.624000000000002,0.03200000000000003,0.4179269625758924,2.5541356639480997,0.1986079803165981,0.011938359428697809
26.656,0.031999999999996476,0.4187935908467341,2.5149455581868687,0.19641512154253554,-0.002192858774062556
26.688,0.03200000000000003,0.3947251180460988,4.6256388118417835,0.3515093897817822,0.15509426823924666
26.72,0.03200000000000003,0.41478821147095607,2.4311809291567013,0.1990819091142374,-0.1524274806675448
26.752,0.03200000000000003,0.340512676773858,1.9223176623643636,0.15286049132365348,-0.04622141779058392
26.784,0.03200000000000003,0.13556077010642767,0.8115220505488232,0.06850401060728718,-0.0843564807163663
26.816,0.03200000000000003,0.19608144193286242,1.3920494516492719,0.1063263053372549,0.03782229472996772
26.848,0.03200000000000003,0.13038501065235503,1.087399478718973,0.08610572351880556,-0.020220581818449337
26.88,0.03200000000000003,0.13497532279613375,0.8504084823217025,0.06751003642329496,-0.0185956870955106
26.912,0.03200000000000003,0.15099899646144688,1.1586925421307053,0.08910780414200559,0.021597767718710623
26.944,0.03200000000000003,0.4189933969327785,2.436892383751266,0.18435372922508755,0.09524592508308197
26.976,0.03200000000000003,0.4171098988205148,2.2082460479276924,0.17303748531911944,-0.01131624390596811
27.008,0.03200000000000003,0.40339294626206557,2.105430025886471,0.16482309544506396,-0.008214389874055483
27.04,0.03200000000000003,0.39802469115052036,2.234422336723013,0.17383501004907986,0.009011914604015903
27.072,0.03200000000000003,0.4188413050754555,2.4929447116111856,0.19336705357403391,0.01953204352495405
27.104,0.03200000000000003,0.23686015383923226,1.5268487676751463,0.12344770589283445,-0.06991934768119946
27.136,0.03200000000000003,0.10947105109726052,0.9829023668244955,0.07940938490589576,-0.04403832098693869
27.168,0.03200000000000003,0.12903457648135036,1.0252217810016164,0.07997927255131228,0.0005698876454165169
27.2,0.03200000000000003,0.13492173557205187,1.2401928944705405,0.09582119601583473,0.015841923464522456
27.232,0.03200000000000003,0.2563418610844859,1.630626192574967,0.12544828882537118,0.029627092809536446
27.264,0.03200000000000003,0.4115359851008542,2.566382937463179,0.1959743965429545,0.07052610771758333
27.296,0.03200000000000003,0.42500896299429575,2.345052512170123,0.18376911409445082,-0.01220528244850369
27.328,0.03200000000000003,0.3917819017251406,3.882316246671427,0.2961152376257958,0.11234612353134496
27.36,0.03200000000000003,0.4126314006113317,2.558899328545419,0.20527649581421303,-0.09083874181158275
27.392,0.03200000000000003,0.419877577141411,2.395443205759972,0.18801185872732232,-0.017264637086890716
27.424,0.03200000000000003,0.14594532789417278,1.0579454751457835,0.08865530109183199,-0.09935655763549033
27.456,0.03200000000000003,0.3161832577238061,1.8778572497305996,0.14321603626178023,0.054560735169948235
27.488,0.03200000000000003,0.3706133238246642,2.026699731137402,0.15731168698359313,0.014095650721812902
27.52,0.03200000000000003,0.4183974712205139,2.5504727717373394,0.19664380394318723,0.0393321169595941
27.552,0.03200000000000003,0.42196697840682656,2.423315655035679,0.18956324761958238,-0.007080556323604853
27.584,0.03200000000000003,0.400386851078307,2.4863480998472567,0.19378991390120817,0.004226666281625796
27.616,0.03200000000000003,0.39962054984089734,4.57902831805229,0.3479300926948624,0.15414017879365424
27.648,0.03200000000000003,0.4177188567889354,2.2154087942142904,0.18300734791732295,-0.16492274477753946
27.68,0.03200000000000003,0.15193354948838575,0.9900460531258518,0.08337305642307326,-0.0996342914942497
27.712,0.03200000000000003,0.4211584703999829,2.6161769719768926,0.1972072967545966,0.11383424033152335
27.744,0.03200000000000003,0.4227031004639366,2.379058444989598,0.18634109228871573,-0.01086620446588088
27.776,0.03200000000000003,0.4190555361023746,2.2272901888683876,0.17455272439439837,-0.011788367894317364
27.808,0.03200000000000003,0.4104133548782887,2.2059091417174246,0.17229982573665445,-0.002252898657743918
27.84,0.03200000000000003,0.3954336597060775,4.437309111774392,0.3362674271935333,0.16396760145687886
27.872,0.03200000000000003,0.40420885052089284,4.47336845551058,0.3483849379215696,0.012117510728036296
27.904,0.03200000000000003,0.41616829879420175,2.362689417750124,0.19386465612726547,-0.15452028179430413
27.936,0.03200000000000003,0.322228197163837,1.9410033924333483,0.1539334569417011,-0.03993119918556437
27.968,0.03200000000000003,0.04816408969800796,0.8362126548102656,0.07038170455283872,-0.08355175238886238
28.0,0.03200000000000003,0.41819495134184176,2.461762409845669,0.18510163611705013,0.11471993156421141
28.032,0.03200000000000003,0.42322547371568986,2.4433192423725996,0.1903679972587501,0.0052663611416999545
28.064,0.03200000000000003,0.41733596283444646,2.399670021770179,0.18746204586103088,-0.0029059513977192086
28.096,0.03200000000000003,0.4149568852552777,2.483476398965595,0.1934574279281147,0.005995382067083832
28.128,0.03200000000000003,0.3980948380200477,4.505562882269426,0.34250823379857304,0.14905080587045832
28.16,0.03200000000000003,0.41627568974961904,2.5411016125139856,0.20664587263170064,-0.1358623611668724
28.192,0.03200000000000003,0.4186459352132608,2.4595278509869374,0.19280371091357718,-0.013842161718123469
28.224,0.03200000000000003,0.09093959489357242,0.7055233289155545,0.06301472584076427,-0.1297889850728129
28.256,0.03200000000000003,0.41726745289062084,2.715802558867209,0.2033585173299168,0.14034379148915255
28.288,0.03200000000000003,0.42086565709383866,2.5790584484743992,0.20140424213696015,-0.001954275192956656
28.32,0.03200000000000003,0.42106524763132125,2.5691052604322198,0.2005594639292347,-0.0008447782077254384
28.352,0.03200000000000003,0.4001026723108692,2.416579142728528,0.18929389041866282,-0.011265573510571891
28.384,0.03200000000000003,0.3944336723214348,4.413770068588868,0.33551741230824517,0.14622352188958235
28.416,0.03200000000000003,0.41656749498183426,2.413258288267508,0.19684067193186353,-0.13867674037638164
28.448,0.03200000000000003,0.41534499250549883,2.3120094164411653,0.18138912662948065,-0.01545154530238288
28.48,0.03200000000000003,0.13168002317352617,1.1022934126047557,0.09153433424098381,-0.08985479238849683
28.512,0.03200000000000003,0.16789724121259997,1.243090512068514,0.09670135052564247,0.005167016284658654
28.544,0.03200000000000003,0.42258959007760866,2.449919691558143,0.1857501288219424,0.08904877829629992
28.576,0.03200000000000003,0.42055638985379823,2.4406194316371823,0.1902068894515669,0.004456760629624523
28.608,0.03200000000000003,0.4207661429993343,3.0565125803019155,0.23575709578771845,0.04555020633615153
28.64,0.03200000000000003,0.41638140007871877,4.69434645262061,0.35883334113943,0.12307624535171155
28.672,0.03200000000000003,0.42086251686460313,2.312852745689772,0.19080283265805445,-0.16803050848137555
28.704,0.03200000000000003,0.41753595733456866,2.403772223162471,0.1877888253271837,-0.0030140073308707604
28.736,0.03200000000000003,0.059041003838834094,0.6350617219121139,0.057543458581699736,-0.13024536674548395
28.768,0.03200000000000003,0.1351457997943434,1.1434592633745644,0.08741218402420933,0.029868725442509597
28.8,0.03200000000000003,0.42092488518175747,2.461139831199307,0.1860390054168489,0.09862682139263956
28.832,0.03200000000000003,0.4171143779649542,2.235144959567535,0.17511292681421983,-0.010926078602629063
28.864,0.03200000000000003,0.4165420246589566,2.482237564006542,0.19265342047034154,0.017540493656121703
28.896,0.03200000000000003,0.42014993594901456,2.4601668365145404,0.19204293069449613,-0.0006104897758454075
28.928,0.03200000000000003,0.4082293801397994,2.614304702771897,0.20334302128012033,0.0113000905856242
28.96,0.03200000000000003,0.41994528214364296,2.2079274089788132,0.17411028685716337,-0.029232734422956957
28.992,0.03200000000000003,0.32862066294477654,1.9394147101221137,0.1526762233640967,-0.021434063493066674
29.024,0.03200000000000003,-7.276777856883667e-05,0.13633374573184637,0.018839872118889708,-0.13383635124520699
29.056,0.03200000000000003,0.13010862080149482,0.9288369272942946,0.06939448646180489,0.05055461434291518
29.088,0.03200000000000003,0.3199114071314332,1.894891144923583,0.1433568037061406,0.0739623172443357
29.12,0.03200000000000003,0.4192505673894523,2.357602597626225,0.18165448511071813,0.03829768140457754
29.152,0.03200000000000003,0.4199936929124978,2.3890633441976585,0.18617900536914048,0.004524520258422343
29.184,0.03200000000000003,0.40436019338328066,3.1607245881894235,0.2431883444186056,0.05700933904946512
29.216,0.03200000000000003,0.4179143966321367,2.3893536333288274,0.18975264624925964,-0.05343569816934596
29.248,0.03200000000000003,0.4201476521200968,2.5703593161804226,0.19997905158744606,0.010226405338186417
29.28,0.03200000000000003,0.003822280403269765,0.22467722374416157,0.028067420152986227,-0.17191163143445984
29.312,0.03200000000000003,0.09297532767148636,0.9612698930945098,0.07231231195136079,0.044244891798374555
29.344,0.03200000000000003,0.1589561546179017,1.0244712105295768,0.07951436795200728,0.007202056000646495
29.376,0.03200000000000003,0.28289003310214955,1.8335521968898831,0.13943013500016244,0.059915767048155155
29.408,0.03200000000000003,0.4166424357933387,2.2653702575344736,0.17464501496614215,0.03521487996597972
29.44,0.03200000000000003,0.41864661843683454,2.2377680910281095,0.17464806793473533,3.052968593181271e-06
29.472,0.03200000000000003,0.39774050309847003,2.4378939766445202,0.18936554713732073,0.014717479202585398
29.504,0.03200000000000003,0.4249282193721248,2.308451053715823,0.18069591176780556,-0.008669635369515177
29.536,0.03200000000000003,0.4146037128362336,2.5680984985527884,0.19928995361748164,0.018594041849676085
29.568,0.03200000000000003,0.007972287169193532,0.37495803123973603,0.03907932378507568,-0.16021062983240597
29.6,0.03200000000000003,0.2809522608433632,1.7166597300197066,0.12849955869914625,0.08942023491407058
29.632,0.03200000000000003,0.41756721845271105,2.606976377762108,0.1991357943330591,0.07063623563391286
29.664,0.03200000000000003,0.42084316226135365,2.566963726036392,0.20027101960493035,0.0011352252718712375
29.696,0.03200000000000003,0.42209556717566604,2.4105317665274395,0.18883251337824014,-0.01143850622669021
29.728,0.03200000000000003,0.40758514416094405,3.303089117189732,0.253811048697724,0.06497853531948383
29.76,0.03200000000000003,0.41854029929686615,2.485991806375932,0.19747267830590126,-0.05633837039182271
29.792,0.03200000000000003,0.24956907247932497,1.4941843487284732,0.1212825710544643,-0.07619010725143696
29.824,0.03200000000000003,0.14869110984514367,1.1452645628868863,0.0912245463424504,-0.030058024712013895
29.856,0.03200000000000003,0.017316246835077223,0.4927542274773089,0.041503566433014595,-0.04972097990943581
29.888,0.03200000000000003,0.4210898102465439,2.59238313451053,0.19304040551260823,0.15153683907959364
29.92,0.03200000000000003,0.41686790953551073,2.469111636268547,0.19272307358405238,-0.00031733192855584735
29.952,0.03200000000000003,0.4161863510729165,2.51677730613495,0.1962100984628939,0.003487024878841505
29.984,0.03200000000000003,0.41630972224049584,2.739185579581986,0.21276735599907026,0.016557257536176373
30.016000000000002,0.03200000000000003,0.42516981983515656,2.605304277884173,0.20387752995612907,-0.008889826042941196
30.048000000000002,0.03200000000000003,0.4226390637448021,2.621590289787086,0.20456200550100365,0.0006844755448745798
30.080000000000002,0.03200000000000003,-0.0022096055462680468,0.29683332953182157,0.033638366219305,-0.17092363928169865
30.112000000000002,0.03200000000000003,0.27645730637808236,1.7698791511576089,0.13209922552138278,0.09846085930207779
30.144000000000002,0.03200000000000003,0.20253177360784855,1.3244653040227028,0.10502744492256127,-0.02707178059882151
30.176000000000002,0.03200000000000003,0.41069151727900877,2.4627770005184617,0.18717631598637094,0.08214887106380966
30.208000000000002,0.03200000000000003,0.42054175102459634,2.3415415189565807,0.18300300978128264,-0.004173306205088295
30.240000000000002,0.03200000000000003,0.41574403600922905,2.424498827440911,0.18886278791875408,0.005859778137471433
30.272000000000002,0.03200000000000003,0.42212173471187664,2.4405129956441325,0.19037875306371188,0.0015159651449578038
30.304000000000002,0.03200000000000003,0.4220629084778332,2.4346623486260253,0.1900360104266097,-0.00034274263710218356
30.336000000000002,0.03200000000000003,0.061353064424441314,0.7836151639204235,0.06859784027837271,-0.12143817014823699
30.368000000000002,0.03200000000000003,0.11439591412283245,1.2375511614103807,0.09496988277900449,0.026372042500631784
30.400000000000002,0.03200000000000003,0.051215366470589434,0.5745706591214063,0.047736580166416,-0.04723330261258849
30.432000000000002,0.03200000000000003,0.006586941692490774,0.5373138846034273,0.042269973528023516,-0.0054666066383924836
30.464000000000002,0.03200000000000003,0.016766874291758428,0.5985388739378432,0.04645689095141503,0.004186917423391515
30.496000000000002,0.03200000000000003,0.1347582951282548,1.1271804529309175,0.08557501929164422,0.039118128340229194
30.528000000000002,0.03200000000000003,0.035431868973852684,0.5956162023478616,0.04874191737695266,-0.036833101914691566
30.560000000000002,0.03200000000000003,0.0070233590603551764,0.45561062703983624,0.036319534650738644,-0.012422382726214015
30.592000000000002,0.03200000000000003,0.13226158570351662,1.1085765275986015,0.08362166217821969,0.047302127527481044
30.624000000000002,0.03200000000000003,0.00010568058768935187,0.4162465630565516,0.03543826797076438,-0.04818339420745531
30.656000000000002,0.03200000000000003,0.03778281646497913,0.6675964214688257,0.05114101057698748,0.015702742606223098
30.688000000000002,0.03200000000000003,0.07069945767044256,0.7485633233565173,0.05800183973080251,0.006860829153815029
30.72,0.031999999999996476,0.014678808106682768,0.5021211001510784,0.04027449215618167,-0.01772734757462084
30.752,0.03200000000000003,0.006637504438670719,0.41946950063656424,0.03317289137955338,-0.007101600776628289
30.784,0.03200000000000003,0.015536055817339335,0.5718376662530847,0.043968111927197684,0.010795220547644306
30.816,0.03200000000000003,-0.0015631388567917076,0.45782174054300273,0.03620655305234982,-0.0077615588748478626
30.848,0.03200000000000003,-0.0006848724273087747,0.24274844724042238,0.019941946711760333,-0.016264606340589488
30.88,0.03200000000000003,0.10071621919630273,0.5903129785288741,0.044562980342521395,0.024621033630761062
30.912,0.03200000000000003,0.017374634968264073,0.36538728194042097,0.029443243234983107,-0.015119737107538288
30.944,0.03200000000000003,0.12611737401316664,1.011151606740135,0.0760600494690099,0.046616806234026795
30.976,0.03200000000000003,0.0011137171482256004,0.3248323019395989,0.028279117574111754,-0.047780931894898154
31.008,0.03200000000000003,0.02200814715603428,0.7329813253149264,0.05553614006549523,0.027257022491383478
31.04,0.03200000000000003,0.006297746916412247,0.5482860567316362,0.04352713095183482,-0.012009009113660409
31.072,0.03200000000000003,-0.0021587574742685123,0.11804272470134691,0.011193669841045539,-0.03233346111078929
31.104,0.03200000000000003,-0.0027251910217333036,0.2042287875331359,0.015665231530986663,0.004471561689941124
31.136,0.03200000000000003,-0.0014379720389892834,0.27295712534271194,0.020977668193450247,0.005312436662463584
31.168,0.03200000000000003,-0.001955596743113251,0.5195262588998844,0.039417100193538966,0.01843943200008872
31.2,0.03200000000000003,0.0010880829861922492,0.45607552874699275,0.035815410530881074,-0.003601689662657892
31.232,0.03200000000000003,0.0013901265479648592,0.32588887768665864,0.026033532501353162,-0.009781878029527912
31.264,0.03200000000000003,0.001081380849997927,0.06652673217314405,0.00639528277590133,-0.019638249725451834
31.296,0.03200000000000003,0.0006515161237579454,0.3920778345640895,0.029202686537959408,0.02280740376205808
31.328,0.03200000000000003,0.0010861319889816099,0.3416791493670135,0.02681300619939047,-0.0023896803385689384
31.36,0.03200000000000003,0.006836033917014865,0.3624574678007363,0.028203094401180892,0.0013900882017904223
31.392,0.03200000000000003,0.0005021667401757662,0.3245737634675564,0.025497366713669905,-0.002705727687510987
31.424,0.03200000000000003,-0.014291077286962904,0.2588691896941926,0.0205092383118417,-0.004988128401828204
31.456,0.03200000000000003,-0.06603329812440203,-0.15941165559560752,-0.010539189845625224,-0.031048428157466924
31.488,0.03200000000000003,-0.0012460888389576447,0.23688294324775588,0.01681200759074423,0.027351197436369455
31.52,0.03200000000000003,-0.07113214708258773,0.022096928398194007,0.002595554813717328,-0.014216452777026904
31.552,0.03200000000000003,-0.0005959484879333675,0.06046823309792576,0.004596686544101622,0.0020011317303842945
31.584,0.03200000000000003,0.001721867240595178,0.16272654375865345,0.012232309361359994,0.007635622817258372
31.616,0.03200000000000003,0.006367532084304116,-0.0011601532916521821,0.0006208420030162827,-0.011611467358343711
31.648,0.03200000000000003,-0.0018673564577312628,0.0032692981001258407,0.00027626555908910296,-0.0003445764439271797
31.68,0.03200000000000003,0.001537195797785195,0.26763076932242097,0.019697575951338867,0.019421310392249765
31.712,0.03200000000000003,-0.0006735106292630277,0.08316134219532237,0.0072528268360879085,-0.01244474911525096
31.744,0.03200000000000003,0.002133498090755442,0.16282099090863142,0.01239259155574058,0.0051397647196526714
31.776,0.03200000000000003,0.00017214129009758796,0.08595589706887977,0.007036629021924998,-0.005355962533815582
31.808,0.03200000000000003,-0.002851859939446784,0.0793001032578277,0.006237965659658687,-0.0007986633622663114
31.84,0.03200000000000003,0.0005681241395360027,-0.09097497919620282,-0.006330208571361284,-0.012568174231019972
31.872,0.03200000000000003,-0.0005241311824881616,-0.17232773936996137,-0.013038458089313133,-0.006708249517951848
31.904,0.03200000000000003,0.0012999151716616198,0.1758998941574002,0.012183019896844343,0.025221477986157474
31.936,0.03200000000000003,0.002410206057365823,-0.09471351905661174,-0.006261939140872844,-0.018444959037717187
31.968,0.03200000000000003,0.023346344539608353,0.05246528923169353,0.0034968132818141155,0.009758752422686959
32.0,0.03200000000000003,0.09266811616356278,0.4148999994165765,0.03071370773957939,0.027216894457765275
32.032000000000004,0.03200000000000358,0.06620048097939342,0.15624315384529888,0.013263230947262002,-0.01745047679231739
32.064,0.031999999999996476,0.0033569302600062094,0.007320551617383764,0.0013040291153834707,-0.011959201831878532
32.096000000000004,0.03200000000000358,0.06437616541279546,0.4764791406742916,0.03511566432783259,0.03381163521244912
32.128,0.031999999999996476,-0.0002836436849561119,-0.18603145715671182,-0.011653600577979352,-0.046769264905811944
32.160000000000004,0.03200000000000358,0.0008467770135650455,-0.11989045752688327,-0.009489523016663998,0.002164077561315354
32.192,0.031999999999996476,0.08462454655817353,0.3353172494515732,0.024111485062765992,0.03360100807942999
32.224000000000004,0.03200000000000358,0.13008923645821063,0.602702174736058,0.0457147882416774,0.021603303178911407
32.256,0.031999999999996476,-0.005443338887301181,-0.12283421888958759,-0.006394183712301134,-0.05210897195397853
32.288000000000004,0.03200000000000358,0.0018253846926407408,0.09982129886901878,0.006971750599710428,0.013365934312011562
32.32,0.031999999999996476,0.0024639345412556927,0.08894098093478295,0.006943212616234419,-2.853798347600845e-05
32.352000000000004,0.03200000000000358,0.06297095177899029,0.21873922184329925,0.016486957180985678,0.00954374456475126
32.384,0.031999999999996476,0.002901862903687676,-0.03306206230604329,-0.0014796147167943472,-0.017966571897780025
32.416000000000004,0.03200000000000358,-0.004000288440701498,-0.07639506200983776,-0.005703526957090845,-0.004223912240296498
32.448,0.031999999999996476,0.030065495341936282,0.32048441903186425,0.023239237415101335,0.02894276437219218
32.480000000000004,0.03200000000000358,0.003049087317006288,0.09243125033823307,0.008138994830790383,-0.015100242584310952
32.512,0.031999999999996476,0.0020344825799999185,-0.17669765010114552,-0.012524528545298947,-0.02066352337608933
32.544000000000004,0.03200000000000358,0.006987806964035713,0.017178013849732596,0.0005402455465269101,0.013064774091825857
32.576,0.031999999999996476,0.10236163526705198,0.5296675529722108,0.03898305969453114,0.03844281414800423
32.608000000000004,0.03200000000000358,-0.002223147002273274,0.135791033050372,0.012236559413926968,-0.02674650028060417
32.64,0.031999999999996476,0.010977421005540649,0.24003218305380297,0.018358426400480632,0.0061218669865536635
32.672000000000004,0.03200000000000358,-0.0019122546576305658,-0.04615863229923221,-0.0023347012483346755,-0.020693127648815306
32.704,0.031999999999996476,-0.00400706242889967,0.11591034015792047,0.008389292519339443,0.010723993767674118
32.736000000000004,0.03200000000000358,-0.0009284079446616051,0.05357913552581649,0.004424527883034119,-0.0039647646363053235
32.768,0.031999999999996476,0.005868543477220352,0.0249617010352631,0.002091113062468369,-0.00233341482056575
32.8,0.031999999999996476,-0.0013489165066913548,0.09126562161920204,0.006832412514578593,0.004741299452110223
32.832,0.03200000000000358,-0.004111984401312227,-0.016025862584767733,-0.0007841166907503703,-0.007616529205328963
32.864,0.031999999999996476,-0.0033199680073786337,0.10152073926325214,0.00742059182681373,0.0082047085175641
32.896,0.03200000000000358,-0.030000606316022797,-0.09299532861899834,-0.006410513607512102,-0.013831105434325832
32.928,0.031999999999996476,-0.1674108899779849,-0.6098804055126323,-0.04522081620050958,-0.038810302592997475
32.96,0.03200000000000358,-0.1399289915378654,-0.6774103472922254,-0.05242746639282434,-0.007206650192314763
32.992,0.031999999999996476,-0.14687544073835707,-0.47349233816603037,-0.037847323083129686,0.014580143309694656
33.024,0.03200000000000358,-0.4201159636119316,-2.2351202178421343,-0.16655613814254971,-0.12870881505942003
33.056,0.031999999999996476,-0.0017480623182243135,0.15426027236102302,0.0017292031121577812,0.16828534125470748
33.088,0.03200000000000358,-0.0017713038493428093,-0.16284674126721266,-0.011875960937209058,-0.01360516404936684
33.12,0.031999999999996476,-0.34584335745070993,-1.6285025698953357,-0.1204460361252423,-0.10857007518803324
33.152,0.03200000000000358,0.0024961550930223684,-0.21317056420841773,-0.022629850166696053,0.09781618595854624
33.184,0.031999999999996476,0.00022813087468720515,0.0192749310614796,0.00011108241510686859,0.02274093258180292
33.216,0.03200000000000358,-0.4165641042722006,-2.1636179168982177,-0.15910653899120156,-0.15921762140630843
33.248,0.031999999999996476,-0.0011852872202653753,-0.1659186683153828,-0.021386770217934697,0.13771976877326686
33.28,0.03200000000000358,-0.001633443263647704,-0.5020795047898475,-0.03815767902713092,-0.016770908809196225
33.312,0.031999999999996476,-0.03555531442796182,-0.7007470066495751,-0.05373590121237482,-0.0155782221852439
33.344,0.03200000000000358,-0.12620497987699736,-0.7364804326868595,-0.05726306185752123,-0.00352716064514641
33.376,0.031999999999996476,-0.0010498048579137746,-0.36344574660556483,-0.03003362628060884,0.027229435576912393
33.408,0.03200000000000358,-0.07545300836574068,-0.44743307475285055,-0.034638143210996356,-0.0046045169303875165
33.44,0.031999999999996476,-0.0854150844499448,-0.6490942925450165,-0.04973416936061543,-0.015096026149619073
33.472,0.03200000000000358,-0.13801382419105587,-1.0094247266336012,-0.07710443076788383,-0.0273702614072684
33.504,0.031999999999996476,-0.0033095629482681383,-0.1996417139507743,-0.019132864546518833,0.057971566221365
33.536,0.03200000000000358,-0.12830156167104784,-1.0665094917345983,-0.07953587221676832,-0.06040300767024949
33.568,0.031999999999996476,-0.0008004600673688166,-0.30564140818012553,-0.02706847094207153,0.05246740127469679
33.6,0.03200000000000358,-0.0016797983009231214,-0.28657197429677234,-0.022637205764546146,0.0044312651775253835
33.632,0.031999999999996476,-0.13356233145352317,-0.8552968330123547,-0.06420554784067682,-0.04156834207613068
33.664,0.03200000000000358,0.0005045323476894843,-0.3748346542135926,-0.031271952439220756,0.032933595401456066
33.696,0.031999999999996476,-0.128804859101774,-0.8512324750412462,-0.06440512999750217,-0.033133177558281414
33.728,0.03200000000000358,-0.012697158876722472,-0.5823177246535687,-0.04654182612896072,0.01786330386854145
33.76,0.031999999999996476,-0.04582609928120623,-0.5376434379433271,-0.04222523690649811,0.0043165892224626065
33.792,0.03200000000000358,-0.001207020701489934,-0.41627348364180705,-0.03305047026131843,0.009174766645179681
33.824,0.031999999999996476,-0.08098391311014404,-0.8169550577882545,-0.061987033162479,-0.02893656290116057
33.856,0.03200000000000358,-0.0009917459268606824,-0.41148636100008434,-0.033839254451583346,0.028147778710895653
33.888,0.031999999999996476,-0.002712900907072964,-0.3308287390074619,-0.02628272935372517,0.007556525097858178
33.92,0.03200000000000358,0.005354760225646384,-0.16510083576454565,-0.013658830585911157,0.012623898767814012
33.952,0.031999999999996476,-0.120090693165881,-0.8789328161101191,-0.06542543007207378,-0.05176659948616263
33.984,0.03200000000000358,-0.010757551529151872,-0.3546632348540439,-0.029858964366864377,0.03556646570520941
34.016,0.031999999999996476,-0.0016301160251682698,-0.4815687123359311,-0.03713840265950284,-0.007279438292638465
34.048,0.03200000000000358,-0.055674562932258864,-0.7121304486325657,-0.05451420022946576,-0.017375797569962916
34.08,0.031999999999996476,-0.05676309347215187,-0.6139154938648486,-0.04829453897962782,0.006219661249837936
34.112,0.03200000000000358,-0.11457361386148691,-0.6554265340694415,-0.05098821497046987,-0.002693675990842047
34.144,0.031999999999996476,-0.1267959079610399,-0.8075689666778636,-0.0623323073562055,-0.011344092385735631
34.176,0.03200000000000358,-0.1816495137782236,-1.0529546814089732,-0.0810329123903217,-0.018700605034116205
34.208,0.031999999999996476,-0.42294287335287917,-2.2531865629227616,-0.17037780549707046,-0.08934489310674876
34.24,0.03200000000000358,-0.4081027546329891,-2.2932053232717298,-0.1784785924832277,-0.008100786986157238
34.272,0.031999999999996476,-0.2631774927954229,-1.7857689864050283,-0.1416292602959525,0.03684933218727521
34.304,0.03200000000000358,-0.3310919587091511,-3.6247199392864395,-0.2747388519354877,-0.1331095916395352
34.336,0.031999999999996476,-0.42025262079479375,-4.473657211874946,-0.3448541852216726,-0.07011533328618491
34.368,0.03200000000000358,-0.3309294532797457,-3.698858431656595,-0.29192300096011237,0.05293118426156024
34.4,0.031999999999996476,-0.41709378713276973,-3.8924934122842214,-0.3031072928399698,-0.011184291879857422
34.432,0.03200000000000358,-0.4169397854616582,-4.482197156795235,-0.34711989863763865,-0.04401260579766886
34.464,0.031999999999996476,-0.3316924145866251,-3.008515517390041,-0.24128582422566464,0.10583407441197401
34.496,0.03200000000000358,-0.4222539976769323,-4.383400930898644,-0.336285505435784,-0.09499968121011937
34.528,0.031999999999996476,-0.31289374887380184,-1.9856235383001732,-0.1654366568662497,0.1708488485695343
34.56,0.03200000000000358,-0.4198187817188823,-2.4760346406664206,-0.19163865394222873,-0.026201997075979033
34.592,0.031999999999996476,-0.25892394670647056,-1.6539747396195486,-0.13269679974733034,0.05894185419489839
34.624,0.03200000000000358,-0.4214321402608664,-4.373337846971473,-0.3292767197215125,-0.19657991997418217
34.656,0.031999999999996476,-0.4152428379740545,-2.337289707904517,-0.19089365589688956,0.13838306382462295
34.688,0.03200000000000358,-0.41481605741356636,-4.685106825806034,-0.3555639318785919,-0.16467027598170236
34.72,0.031999999999996476,-0.4170850887037371,-3.8926644432645428,-0.306793802749613,0.048770129128978934
34.752,0.03200000000000358,-0.41756267209239517,-4.232600536108157,-0.32897732543510827,-0.022183522685495283
34.784,0.031999999999996476,-0.371118168236048,-2.2701538808589707,-0.1859391882133792,0.14303813722172906
34.816,0.03200000000000358,-0.27320700904896783,-1.9051215010549274,-0.15083716456849758,0.03510202364488163
34.848,0.031999999999996476,-0.0037355581973002126,-0.497142142614793,-0.04526763618186965,0.10556952838662792
34.88,0.03200000000000358,-0.416778519239785,-2.354306488467312,-0.1757494913126989,-0.13048185513082924
34.912,0.031999999999996476,-0.4176649998127684,-2.33345984040558,-0.1817490212594535,-0.005999529946754595
34.944,0.03200000000000358,-0.39614207024959414,-4.522229232211172,-0.34305796542872796,-0.16130894416927447
34.976,0.031999999999996476,-0.4083793042393117,-3.159109617651506,-0.2521260568107852,0.09093190861794276
35.008,0.03200000000000358,-0.4206766487076486,-2.43650555245939,-0.19373617495630657,0.05838988185447863
35.04,0.031999999999996476,-0.41812592133897036,-2.3892358212886244,-0.18688915418659546,0.00684702076971111
35.072,0.03200000000000358,-0.027572239135806406,-0.6191022279725387,-0.05631785659722136,0.1305712975893741
35.104,0.031999999999996476,-0.4215668359636449,-2.5653997150833683,-0.1919112540456087,-0.13559339744838733
35.136,0.03200000000000358,-0.4182968962630662,-2.4753942797956885,-0.19311991573918894,-0.0012086616935802486
35.168,0.031999999999996476,-0.41810568742915505,-2.2987340148382835,-0.18019805476493211,0.012921860974256821
35.2,0.03200000000000358,-0.39875687264123355,-4.655710277493798,-0.35278465586735325,-0.17258660110242113
35.232,0.031999999999996476,-0.3975930169955336,-3.152803839014564,-0.25222384129066305,0.1005608145766902
35.264,0.03200000000000358,-0.41285215291057137,-2.1388818522336592,-0.17185450563662522,0.08036933565403784
35.296,0.031999999999996476,-0.41509672663214187,-2.487394381648861,-0.19284454835811235,-0.020990042721487134
35.328,0.03200000000000358,-0.15193770346819166,-0.9830307848078634,-0.083425044511618,0.10941950384649435
35.36,0.031999999999996476,-0.42283944093685316,-2.475714675108687,-0.18688066885205964,-0.10345562434044164
35.392,0.03200000000000358,-0.41928315065381944,-3.332277942885495,-0.2558449233662569,-0.06896425451419727
35.424,0.031999999999996476,-0.40538753811340833,-4.568705124289215,-0.3507533011569147,-0.0949083777906578
35.456,0.03200000000000358,-0.42198336052512264,-3.284301193180634,-0.26177691826656946,0.08897638289034526
35.488,0.031999999999996476,-0.40978088448783206,-4.707709812866222,-0.3613181860351139,-0.09954126776854444
35.52,0.03200000000000358,-0.4221332407363947,-2.2357741379461675,-0.18527790219030238,0.17604028384481152
35.552,0.031999999999996476,-0.1974550076720131,-1.45372757644751,-0.11760337767810687,0.06767452451219551
35.584,0.03200000000000358,-0.4209924420954858,-2.6775358893632863,-0.20369573031626712,-0.08609235263816024
35.616,0.031999999999996476,-0.41163256716680113,-2.468127564831219,-0.1932658268222892,0.010429903493977905
35.648,0.03200000000000358,-0.4251101577504827,-2.7594541254828813,-0.21408793936890558,-0.020822112546616367
35.68,0.031999999999996476,-0.4142232754070193,-4.495077104685561,-0.34292808774012,-0.12884014837121444
35.712,0.03200000000000358,-0.41835810828369263,-3.8319599323128157,-0.3016001236350059,0.041327964105114134
35.744,0.031999999999996476,-0.42077513755513785,-2.4400409893595185,-0.19685226403978515,0.10474785959522073
35.776,0.03200000000000358,-0.42072289159697346,-2.4423535675857413,-0.19097533422981117,0.00587692980997398
35.808,0.031999999999996476,-0.3988434736235627,-2.118502827943942,-0.1668200077448407,0.024155326484970457
35.84,0.03200000000000358,-0.4186238856098072,-2.3534274582459194,-0.18270195354652297,-0.015881945801682257
35.872,0.031999999999996476,-0.41778389991108117,-4.701234222938671,-0.3562770448943,-0.17357509134777704
35.904,0.03200000000000358,-0.420418992996601,-2.4900345256103797,-0.20368524826095052,0.15259179663334949
35.936,0.031999999999996476,-0.40358438825381177,-4.510287228128582,-0.3434461058989136,-0.1397608576379631
35.968,0.03200000000000358,-0.42251282410603896,-3.9974084669902914,-0.3137971510605191,0.029648954838394526
36.0,0.031999999999996476,-0.41524431167397147,-2.433386315830431,-0.19706700098639052,0.11673015007412857
36.032000000000004,0.03200000000000358,-0.40321142575545404,-2.306406479297606,-0.18099015113045466,0.016076849855935854
36.064,0.031999999999996476,-0.4215812155538006,-2.4992053576329742,-0.1942405225967334,-0.013250371466278749
36.096000000000004,0.03200000000000358,-0.42202291069840336,-2.366302657558279,-0.18523175965559016,0.00900876294114325
36.128,0.031999999999996476,-0.41756195841413135,-2.5714244643329,-0.1997963962099234,-0.014564636554333238
36.160000000000004,0.03200000000000358,-0.3964599772718009,-4.183718370237279,-0.31920565827784003,-0.11940926206791663
36.192,0.031999999999996476,-0.4127941048689826,-4.153008052865234,-0.32384060116291646,-0.004634942885076432
36.224000000000004,0.03200000000000358,-0.42290900151483257,-2.4488308784605737,-0.19878259673286242,0.12505800443005405
36.256,0.031999999999996476,-0.4155903370042109,-2.4548101139208596,-0.19200282779498135,0.00677976893788107
36.288000000000004,0.03200000000000358,-0.22247204816134827,-1.4352708549474125,-0.11663428995193946,0.07536853784304189
36.32,0.031999999999996476,-0.19389661291498528,-1.333550384254288,-0.10480278731185177,0.011831502640087685
36.352000000000004,0.03200000000000358,-0.4131778775409389,-2.4475678163524996,-0.18604485986117836,-0.08124207254932658
36.384,0.031999999999996476,-0.41825888001787404,-2.669072139547219,-0.20702436788779555,-0.02097950802661719
36.416000000000004,0.03200000000000358,-0.41708695631004633,-2.353653169302781,-0.18503951302358437,0.021984854864211173
36.448,0.031999999999996476,-0.4179005894491906,-2.5451674179309896,-0.19785434884942663,-0.012814835825842252
36.480000000000004,0.03200000000000358,-0.4000468825172974,-2.237732789081586,-0.17598532526315533,0.021869023586271297
36.512,0.031999999999996476,-0.3917401391654962,-4.331975349227343,-0.3287339189262332,-0.1527485936630779
36.544000000000004,0.03200000000000358,-0.4180793461455967,-2.3280416223491005,-0.19018221420107323,0.13855170472515999
36.576,0.031999999999996476,-0.0782844608707954,-0.7170519311991098,-0.06371120527628713,0.1264710089247861
36.608000000000004,0.03200000000000358,-0.1326745264615382,-0.9850763079905476,-0.07612072393972885,-0.012409518663441726
36.64,0.031999999999996476,-0.12929651301954626,-1.0578488378903883,-0.08218882234027616,-0.0060680984005473115
36.672000000000004,0.03200000000000358,-0.38808280778823623,-2.334867310511151,-0.17645135579116547,-0.09426253345088931
36.704,0.031999999999996476,-0.4206549734900543,-2.1608539690280293,-0.16909606437153216,0.007355291419633314
36.736000000000004,0.03200000000000358,-0.42129609440548105,-2.371113255080503,-0.1841339657017323,-0.015037901330200137
36.768,0.031999999999996476,-0.42233237020289877,-2.3007008035766434,-0.17982394224536719,0.0043100234563651085
36.800000000000004,0.03200000000000358,-0.41646497709899327,-2.54677130250272,-0.19767120879286165,-0.017847266547494467
36.832,0.031999999999996476,-0.4212631548355541,-2.3813212068147767,-0.18653427752001567,0.011136931272845985
36.864000000000004,0.03200000000000358,-0.27155751858560095,-1.6644680013716333,-0.13317380564971654,0.05336047187029913
36.896,0.031999999999996476,-0.006191522045406874,-0.08271997459267276,-0.013771246655956776,0.11940255899375976
36.928,0.031999999999996476,-0.1731387812394831,-1.237946744575094,-0.09183388536549639,-0.07806263870953961
36.96,0.03200000000000358,-0.1586634198766916,-0.8327609156409262,-0.06654291187327849,0.0252909734922179
36.992,0.031999999999996476,-0.3944423139370688,-2.5578319526708704,-0.19194500209526355,-0.12540209022198506
37.024,0.03200000000000358,-0.4183014402254715,-2.4203814042835714,-0.18907620465718145,0.0028687974380821046
37.056,0.031999999999996476,-0.41794022237984263,-2.226649273073445,-0.1746634868163945,0.01441271784078696
37.088,0.03200000000000358,-0.4135971990144134,-2.325646956381715,-0.18111176596062545,-0.006448279144230962
37.12,0.031999999999996476,-0.4170297539419708,-2.5303122031977447,-0.19653514777738165,-0.015423381816756204
37.152,0.03200000000000358,-0.41851935738090495,-2.4567501136226095,-0.19201575265685056,0.0045193951205310945
37.184,0.031999999999996476,-0.0034926026982110953,-0.425240274773891,-0.04235715845047203,0.14965859420637853
37.216,0.03200000000000358,-0.13685445577924799,-1.0153439457229787,-0.07711386344363871,-0.03475670499316669
37.248,0.031999999999996476,-0.053017961486311375,-0.8610825630904637,-0.06777591895085454,0.009337944492784175
37.28,0.03200000000000358,-0.13252015415404533,-1.1440760328396127,-0.08804825189116293,-0.02027233294030839
37.312,0.031999999999996476,-0.18271263707055893,-1.203154015185657,-0.09356316317989558,-0.005514911288732646
37.344,0.03200000000000358,-0.1058285659009816,-0.8101657623999159,-0.06498108879953919,0.028582074380356384
37.376,0.031999999999996476,-0.12475323210755374,-1.0088993415609289,-0.07794598442922246,-0.012964895629683268
37.408,0.03200000000000358,-0.06685946851937129,-0.8348423147365517,-0.06589424272050973,0.012051741708712732
37.44,0.031999999999996476,-0.13115985109774952,-1.0253449311787726,-0.07920811234846101,-0.01331386962795128
37.472,0.03200000000000358,-0.32593131127470065,-2.18264246295794,-0.16508463238354773,-0.08587652003508672
37.504,0.031999999999996476,-0.4157445857028247,-2.4754960752020607,-0.19157872566724116,-0.026494093283693426
37.536,0.03200000000000358,-0.4229132805704738,-2.754602285844795,-0.21363373918911455,-0.02205501352187339
37.568,0.031999999999996476,-0.4177727404631223,-2.330268603997764,-0.18370135970445792,0.02993237948465663
37.6,0.03200000000000358,-0.19911171711574507,-1.5582253770283496,-0.12519715725815186,0.05850420244630605
37.632,0.031999999999996476,-0.07065417831477205,-0.7097425177328661,-0.05942214194591229,0.06577501531223957
37.664,0.03200000000000358,-0.11998126511737832,-1.096163420613123,-0.08404249169294485,-0.02462034974703256
37.696,0.031999999999996476,-0.10708561224651687,-0.9803522073761746,-0.07694701892595501,0.007095472766989838
37.728,0.03200000000000358,-0.01466027425715905,-0.3203870511152812,-0.028003416750415934,0.04894360217553908
37.76,0.031999999999996476,-0.10217575762645267,-1.0096420173522629,-0.07586591406834382,-0.04786249731792789
37.792,0.03200000000000358,-0.13456366976667428,-1.2273989307491953,-0.0946428646339789,-0.01877695056563508
37.824,0.031999999999996476,-0.004766373400252728,-0.4350003909774919,-0.037453672577964794,0.05718919205601411
37.856,0.03200000000000358,-0.1313339437532617,-0.9853188569622457,-0.07462273789792234,-0.03716906531995755
37.888,0.031999999999996476,-0.09430459248776037,-0.6565062655154155,-0.05258752130940465,0.02203521658851769
37.92,0.03200000000000358,-0.009261478408401549,-0.44636471295001945,-0.035861591202963825,0.01672593010644083
37.952,0.031999999999996476,-0.12552680205157737,-1.1030631794556773,-0.08318977265406706,-0.047328181451103235
37.984,0.03200000000000358,-0.08794942742799454,-0.8283779381709486,-0.06572157006209672,0.017468202591970336
38.016,0.031999999999996476,-0.04177684686613341,-0.7070863368541482,-0.05579333500168364,0.009928235060413085
38.048,0.03200000000000358,-0.0012924820662975254,-0.3859234308243832,-0.03160179429333026,0.02419154070835338
38.08,0.031999999999996476,-0.0892973653500455,-0.795795079030845,-0.060347292804170415,-0.028745498510840156
38.112,0.03200000000000358,-0.04447802988166884,-0.7339614219540795,-0.057459482777272634,0.00288781002689778
38.144,0.031999999999996476,-0.023698914725202892,-0.5271316117024134,-0.042082461073876476,0.015377021703396158
38.176,0.03200000000000358,-0.04516078198409777,-0.7364837576692213,-0.05659056402501943,-0.014508102951142951
38.208,0.031999999999996476,-0.02113689207579293,-0.4360376581066573,-0.035333229215053504,0.021257334809965923
38.24,0.03200000000000358,-0.00499815631273952,-0.4631817794243375,-0.03610224770982163,-0.0007690184947681256
38.272,0.031999999999996476,-0.13829172892699942,-1.094553963401504,-0.08257789585628135,-0.04647564814645972
38.304,0.03200000000000358,-0.005136627259728266,-0.5841971440049926,-0.047729136067963925,0.034848759788317425
38.336,0.031999999999996476,-0.00897870372771144,-0.49478738595836996,-0.03914213544430958,0.008587000623654348
38.368,0.03200000000000358,-0.009956552243235136,-0.5231514701356531,-0.040732316992163266,-0.001590181547853689
38.4,0.031999999999996476,-0.06881192494790425,-0.6091320511170168,-0.04714714810677048,-0.006414831114607215
38.432,0.03200000000000358,-0.003240239937218489,-0.5331821134554967,-0.041932094772710066,0.0052150533340604155
38.464,0.031999999999996476,0.002836003636129086,-0.23948567514171848,-0.0200325319560447,0.021899562816665365
38.496,0.03200000000000358,-0.004813678209244509,-0.4506809970719613,-0.03429964220160732,-0.014267110245562618
38.528,0.031999999999996476,-0.014249741020071736,-0.38526400645851516,-0.030312489012117732,0.0039871531894895874
38.56,0.03200000000000358,-0.13127189905516345,-1.0198046627782442,-0.07674657792710374,-0.046434088914986
38.592,0.031999999999996476,0.002379141288690962,-0.22058340001636606,-0.020652262368667632,0.05609431555843611
38.624,0.03200000000000358,8.44659309308228e-05,-0.4339981475366501,-0.03310855813325887,-0.01245629576459124
38.656,0.031999999999996476,-0.0028850807425704556,-0.4433661942432623,-0.03451657687732538,-0.0014080187440665068
38.688,0.03200000000000358,-0.05441229446220039,-0.6651789327772923,-0.05091001953419567,-0.01639344265687029
38.72,0.031999999999996476,-0.0018341416847587172,-0.3496630922366752,-0.028653291481910485,0.022256728052285183
38.752,0.03200000000000358,0.002216571744313727,-0.32830923394011535,-0.02579806352062179,0.0028552279612886963
38.784,0.031999999999996476,0.004012389376073548,-0.3052740670669556,-0.023939222454084693,0.0018588410665370952
38.816,0.03200000000000358,0.0016780902121647325,-0.3898546511108619,-0.030051988581947228,-0.006112766127862535
38.848,0.031999999999996476,-0.0036622900402883056,-0.5159562576263289,-0.03967841363900261,-0.009626425057055382
38.88,0.03200000000000358,0.0035997932713383676,-0.2762493136903338,-0.022606035328500574,0.017072378310502036
38.912,0.031999999999996476,-1.3040743503735128e-05,-0.16171355294704653,-0.013197476884830084,0.00940855844367049
38.944,0.03200000000000358,-0.0006616589113863108,-0.15110035844755956,-0.011873832754975083,0.0013236441298550006
38.976,0.031999999999996476,-0.004511872530191118,-0.2370037442430317,-0.018114774448866534,-0.006240941693891451
39.008,0.03200000000000358,0.0009508176131859144,-0.4256350521413081,-0.032347047366058854,-0.01423227291719232
39.04,0.031999999999996476,-0.004544543055693723,-0.1398044438332096,-0.012148615679921005,0.02019843168613785
39.072,0.03200000000000358,-0.0025159759416992413,-0.27467021539867414,-0.020900638234108846,-0.008752022554187841
39.104,0.031999999999996476,0.0011857787135536259,-0.18832535328463812,-0.015056063707781552,0.005844574526327294
39.136,0.03200000000000358,-0.002680234984156696,-0.18112423055614038,-0.014189089613674724,0.0008669740941068278
39.168,0.031999999999996476,-0.007335794405279808,-0.3496161877227266,-0.026529976692856398,-0.012340887079181673
39.2,0.03200000000000358,0.0027464272878117407,-0.18342732702157075,-0.015020838264852404,0.011509138428003994
39.232,0.031999999999996476,-0.00416827297159552,-0.15686304489181768,-0.012402882992331726,0.002617955272520678
39.264,0.03200000000000358,-0.03835760866375091,-0.38342978721939575,-0.028913520397733202,-0.016510637405401478
39.296,0.031999999999996476,-0.0031989970367139347,-0.06822900825364003,-0.006686727589782365,0.022226792807950837
39.328,0.03200000000000358,-0.08484109444859193,-0.6604567182466418,-0.04895615527317406,-0.042269427683391696
39.36,0.031999999999996476,-0.03203062323030919,-0.35130189960005503,-0.028661014964663674,0.020295140308510387
39.392,0.03200000000000358,0.002826562872138153,-0.2304994151678033,-0.01860555316333757,0.010055461801326104
39.424,0.031999999999996476,0.0017846371739908724,-0.07168212641607384,-0.006345601239100884,0.012259951924236685
39.456,0.03200000000000358,-0.04481768415016039,-0.29729576920234535,-0.02222952391344606,-0.015883922674345175
39.488,0.031999999999996476,-0.002478602365401101,-0.2322710556069113,-0.018364555955211536,0.0038649679582345234
39.52,0.03200000000000358,-0.10899648029714593,-0.4571911418117397,-0.03468210900401388,-0.016317553048802346
39.552,0.031999999999996476,-0.002288084750193092,-0.04870174567377775,-0.0055837035771384505,0.02909840542687543
39.584,0.03200000000000358,0.001746926024596863,0.04296208539047068,0.0028370994324471975,0.008420803009585648
39.616,0.031999999999996476,-0.09613419098200167,-0.7674070337566182,-0.05627150394926806,-0.05910860338171526
39.648,0.03200000000000358,-0.0033062804535223863,0.005299547101768158,-0.002858772135491048,0.05341273181377701
39.68,0.031999999999996476,0.0017566189237017704,-0.2515083818592265,-0.018661017648594423,-0.015802245513103375
39.712,0.03200000000000358,0.0022795826566213255,-0.23284090233227395,-0.01820045603665396,0.0004605616119404618
39.744,0.031999999999996476,0.0001370921311192578,0.14339427931403062,0.00949455223748031,0.02769500827413427
39.776,0.03200000000000358,-0.003341295288076459,-0.4512143516653731,-0.0326342938784344,-0.04212884611591471
39.808,0.031999999999996476,-0.004707590055833486,-0.29256335494560914,-0.023399123079877935,0.009235170798556468
39.84,0.03200000000000358,-0.001759745692809126,0.11846959112803031,0.007361470768519351,0.030760593848397286
39.872,0.031999999999996476,-0.002406913744061883,-0.19116998497684676,-0.013633713077184811,-0.02099518384570416
39.904,0.03200000000000358,0.004730774699740541,-0.18509494676298682,-0.014398985992688402,-0.0007652729155035905
39.936,0.031999999999996476,0.0004535396244511767,-0.001280436640029083,-0.0009254037832247006,0.013473582209463701
39.968,0.03200000000000358,-0.028812049764213195,-0.38888655241195735,-0.02865222785569854,-0.027726824072473837
40.0,0.031999999999996476,0.0012045758873336992,-0.07055266469749788,-0.006842525633491779,0.02180970222220676
40.032000000000004,0.03200000000000358,-0.0008618152825744516,0.01994557770487289,0.0010717896074850597,0.007914315240976839
40.064,0.031999999999996476,-0.11439207953441416,-0.39820977885484254,-0.02922256390741041,-0.03029435351489547
40.096000000000004,0.03200000000000358,-0.0027334819955230137,0.006291122428713269,-0.0012243410971175103,0.027998222810292902
40.128,0.031999999999996476,-0.08155091308809755,-0.5029359598240855,-0.03705670448487444,-0.03583236338775693
40.160000000000004,0.03200000000000358,0.00032907495661328,0.0002649235172390886,-0.0021197668409609757,0.034936937643913465
40.192,0.031999999999996476,-0.039633053833169396,-0.19266792264198618,-0.014291214856018572,-0.012171448015057595
40.224000000000004,0.03200000000000358,-0.018035815097828124,0.0038338743886552305,-0.0005430746634298683,0.013748140192588704
40.256,0.031999999999996476,0.0011594825248582782,0.023406404316782856,0.0016899610755986474,0.002233035739028516
40.288000000000004,0.03200000000000358,-0.0028301073791686393,0.005347764388792638,0.0004908356988628899,-0.0011991253767357575
40.32,0.031999999999996476,-0.04986981280202616,-0.3422947340527415,-0.02514409678108061,-0.0256349324799435
40.352000000000004,0.03200000000000358,-0.002489132223035533,-0.11881487577359033,-0.010189218395847816,0.014954878385232795
40.384,0.031999999999996476,-0.0005862176819600749,-0.03382574428634152,-0.0030757670780322145,0.007113451317815602
40.416000000000004,0.03200000000000358,-0.0019658657503512414,-0.1366239363546707,-0.010224916422336078,-0.007149149344303864
40.448,0.031999999999996476,0.0014061751605920839,0.05044390382593084,0.0031193811173993984,0.013344297539735477
40.480000000000004,0.03200000000000358,-0.003470275080723397,-0.12149556986185325,-0.008754732731629264,-0.011874113849028662
40.512,0.031999999999996476,-0.005868550014370492,-0.14202794714560896,-0.010950170050002789,-0.002195437318373525
40.544000000000004,0.03200000000000358,0.0040662534482810144,-0.2566663982048,-0.019507448278721293,-0.008557278228718504
40.576,0.031999999999996476,-0.0008167680369628384,-0.06312833407803109,-0.005768618986382357,0.013738829292338935
40.608000000000004,0.03200000000000358,-0.0016773589878968298,0.07745480204641424,0.005363026632012362,0.01113164561839472
40.64,0.031999999999996476,0.0023838746532977876,-0.1456757419918693,-0.010403424480492689,-0.01576645111250505
40.672000000000004,0.03200000000000358,0.01879616976756119,0.13668583174959836,0.00945132692546048,0.01985475140595317
40.704,0.031999999999996476,0.0006374532919827693,-0.21965345718329438,-0.01560774860617796,-0.02505907553163844
40.736000000000004,0.03200000000000358,0.06723057749315496,0.14705246347069084,0.009913250537935075,0.025520999144113037
40.768,0.031999999999996476,0.02211839783816088,0.028078418274782947,0.002637176051409176,-0.007276074486525899
40.800000000000004,0.03200000000000358,0.13077061870419765,0.5165482498051134,0.03813931703231869,0.035502140980909515
40.832,0.031999999999996476,0.006733268051036991,0.023681083672868253,0.003943259857570115,-0.03419605717474857
40.864000000000004,0.03200000000000358,0.12910262074317128,0.5751718607513921,0.04252590967345085,0.038582649815880735
40.896,0.031999999999996476,0.04718209439665793,0.1987006300027844,0.017067470885162767,-0.025458438788288084
40.928000000000004,0.03200000000000358,0.036730851609342356,0.2508387841647607,0.019432030358112477,0.0023645594729497094
40.96,0.031999999999996476,0.05324915949768557,0.3573111557300433,0.027398536517220292,0.007966506159107815
40.992,0.031999999999996476,0.06143602025486051,0.2934815012365375,0.023164388321999956,-0.0042341481952203365
41.024,0.03200000000000358,0.03668562316432889,0.24077232250983316,0.019043709909001554,-0.004120678412998402
41.056,0.031999999999996476,-0.001585521494717671,0.10788074126603693,0.00903294995915599,-0.010010759949845564
41.088,0.03200000000000358,0.002193279184874327,-0.14112893692662734,-0.009857190116832613,-0.018890140075988604
41.12,0.031999999999996476,0.12556882518417722,0.7334070767024428,0.05336587604506024,0.06322306616189285
41.152,0.03200000000000358,-0.0029366004267038317,-0.07125194564670446,-0.002159121411334915,-0.05552499745639516
41.184,0.031999999999996476,-0.0010354971352027154,0.15235494859378104,0.011079573340629735,0.013238694751964649
41.216,0.03200000000000358,-0.0018669201030991375,-0.0934897576744163,-0.006235644403737458,-0.017315217744367194
41.248,0.031999999999996476,0.099576933015742,0.586445540717166,0.04276735989558995,0.049003004299327406
41.28,0.03200000000000358,0.0032174861694112423,0.06112680926543347,0.006964199645791408,-0.03580316024979854
41.312,0.031999999999996476,-0.0010410437228344641,0.241255600241814,0.018144028310322125,0.011179828664530718
41.344,0.03200000000000358,0.002163432502451994,0.023225166395700127,0.002755422019363362,-0.015388606290958763
41.376,0.031999999999996476,0.02536549428393346,0.28589227798595024,0.021183650850945025,0.018428228831581663
41.408,0.03200000000000358,0.0017248204277608079,0.07303370977543,0.00659382818748506,-0.014589822663459965
41.44,0.031999999999996476,-0.0003731546219649122,0.09916224651135433,0.007673069689552147,0.0010792415020670874
41.472,0.03200000000000358,0.1338121725015427,0.46567653804927905,0.03468891732281052,0.027015847633258372
41.504,0.031999999999996476,0.11979023277094752,0.6105261066710558,0.04690078737825136,0.012211870055440839
41.536,0.03200000000000358,0.003965357933408382,0.09302217648334415,0.00954841113217175,-0.03735237624607961
41.568,0.031999999999996476,0.05979428832145414,0.5584695605797448,0.041621198949735226,0.032072787817563474
41.6,0.03200000000000358,0.13120474399460552,0.6899904085627301,0.05314480436374997,0.011523605414014745
41.632,0.031999999999996476,0.006385010081127917,0.13115226099075342,0.01271296752583447,-0.0404318368379155
41.664,0.03200000000000358,0.07286030927870002,0.49147023338033413,0.03687674017415165,0.024163772648317178
41.696,0.031999999999996476,0.1295179159893117,0.5924879203386314,0.045700556065255214,0.008823815891103565
41.728,0.03200000000000358,0.13628654933420878,0.6698275055056908,0.0518975174302777,0.006196961365022485
41.76,0.031999999999996476,0.046632992638530796,0.3207169707099883,0.026581594491304327,-0.025315922938973372
41.792,0.03200000000000358,0.12875809471327312,1.0124178843901999,0.07598797147123648,0.04940637697993215
41.824,0.031999999999996476,0.1324275769926067,0.8711560846719338,0.06845173130437229,-0.007536240166864189
41.856,0.03200000000000358,0.13689323447748375,0.7808270917988707,0.061373856513663984,-0.007077874790708309
41.888,0.031999999999996476,0.13177889725124337,0.9389671853749094,0.07259491563010263,0.011221059116438649
41.92,0.03200000000000358,0.3263674377210087,1.8137755590928761,0.1375763029756219,0.06498138734551927
41.952,0.031999999999996476,0.11257020994419248,0.7684131144232044,0.06445142758192877,-0.07312487539369313
41.984,0.03200000000000358,0.26593239969488924,1.7450921895368492,0.1320551963662791,0.06760376878435033
42.016,0.031999999999996476,0.14284703912372645,0.9277001891762576,0.07584670674538804,-0.05620848962089106
42.048,0.03200000000000358,0.4141653506459969,2.399939040318227,0.18087062105554907,0.10502391431016103
42.08,0.031999999999996476,0.41572740422700755,2.3392657218732364,0.1824716251950171,0.0016010041394680374
42.112,0.03200000000000358,0.4143496933449112,2.4104779665012437,0.18780101428734605,0.00532938909232894
42.144,0.031999999999996476,0.4210254787966987,4.640915845398676,0.3521355818219034,0.16433456753455736
42.176,0.03200000000000358,0.4225042351312658,4.608941159595042,0.3592710392208587,0.007135457398955269
42.208,0.031999999999996476,0.260006458106378,1.5172422075838006,0.13231872138345158,-0.2269523178374071
42.24,0.03200000000000358,0.26114093245225917,1.9785333401428837,0.15314042774149825,0.02082170635804667
42.272,0.031999999999996476,0.2533735310798485,1.7647092076246873,0.13861777051049884,-0.014522657230999408
42.304,0.03200000000000358,0.4135150396148807,2.4911771644377394,0.1912040089931226,0.052586238482623754
42.336,0.031999999999996476,0.4183484087299957,2.3634856941410916,0.1848493043977565,-0.006354704595366106
42.368,0.03200000000000358,0.4207016095173124,3.8763068333021096,0.29573566239552496,0.11088635799776847
42.4,0.031999999999996476,0.42129052379530707,3.8738777101359374,0.3019583913161071,0.006222728920582121
42.432,0.03200000000000358,0.4173316514542401,2.7833091002361723,0.2221169611280568,-0.07984143018805029
42.464,0.031999999999996476,0.4246809490326701,2.453866737202943,0.1932805229951807,-0.02883643813287609
42.496,0.03200000000000358,-0.002672370805053663,0.3740142943415428,0.03866300227186054,-0.15461752072332016
42.528,0.031999999999996476,0.054969041512603206,0.8495932299668286,0.06471125803428733,0.026048255762426788
42.56,0.03200000000000358,0.24781246102277057,1.8347770811216626,0.13866564337980425,0.07395438534551692
42.592,0.031999999999996476,0.16038120152793572,1.2942799832778284,0.10318668284534303,-0.035478960534461215
42.624,0.03200000000000358,0.41828586413202734,2.6918213566736067,0.20391402432028244,0.1007273414749394
42.656,0.031999999999996476,0.41618323912422533,2.4316406009259257,0.19059516914379668,-0.013318855176485761
42.688,0.03200000000000358,0.42350759312561687,2.6482921398767423,0.20575888716389343,0.01516371802009675
42.72,0.031999999999996476,0.4164407755033237,2.554110759069147,0.19970815454425675,-0.006050732619636678
42.752,0.03200000000000358,0.417842879770685,2.5389872991520788,0.19824666866225327,-0.0014614858820034826
42.784,0.031999999999996476,0.0040482647484614085,0.3635873509631423,0.03818289350367783,-0.16006377515857545
42.816,0.03200000000000358,0.16627847468920987,1.2005135772390598,0.09049030362108007,0.05230741011740224
42.848,0.031999999999996476,0.12098584205089057,0.7985131730463296,0.06394676139056313,-0.026543542230516942
42.88,0.03200000000000358,0.41709404336732403,2.3804639733716977,0.17875144734985213,0.114804685959289
42.912,0.031999999999996476,0.4263955530756801,2.505462442698562,0.19457143174497687,0.015819984395124748
42.944,0.03200000000000358,0.4215713498191075,2.4568456616602496,0.1919094157655579,-0.00266201597941898
42.976,0.031999999999996476,0.4067318008565258,2.731735168565859,0.21197117663934562,0.02006176087378772
43.008,0.03200000000000358,0.41502662493076825,2.4405205540501025,0.19171333488101108,-0.020257841758334533
43.04,0.031999999999996476,0.12672638329714386,0.9024661509413802,0.07743499917803896,-0.11427833570297212
43.072,0.03200000000000358,0.18126130449707628,1.0884421294862423,0.0845145318312254,0.007079532653186435
43.104,0.031999999999996476,0.13062779673722327,1.2820723006825319,0.0991628333703518,0.014648301539126399
43.136,0.03200000000000358,0.01567733758598622,0.46752068879496733,0.04010615627229692,-0.05905667709805488
43.168,0.031999999999996476,0.18305423877815166,1.1970831559820454,0.0903490578508456,0.05024290157854868
43.2,0.03200000000000358,0.12118795447571479,1.3043854543802718,0.1011405695538451,0.010791511702999496
43.232,0.031999999999996476,-0.001303970155823372,0.31301164148048105,0.028857698821903918,-0.07228287073194117
43.264,0.03200000000000358,0.08683220931964868,1.1233515866420996,0.08427745846575188,0.05541975964384796
43.296,0.031999999999996476,0.03418042262396052,0.6891831446070641,0.055547944514096136,-0.028729513951655745
43.328,0.03200000000000358,0.11892580519592615,1.2070537712783167,0.09197373935298442,0.03642579483888828
43.36,0.031999999999996476,0.0003699212863410569,0.7609351278020372,0.0612689008085108,-0.030704838544473617
43.392,0.03200000000000358,0.004022448731497351,0.5832634062570214,0.04643032014941185,-0.014838580659098953
43.424,0.031999999999996476,0.31092390973042916,1.92915349170874,0.1445507643054882,0.09812044415607635
43.456,0.03200000000000358,0.07823353002791075,0.9521576647822066,0.07836667265495036,-0.06618409165053783
43.488,0.031999999999996476,0.03842099113157193,0.6598880471952879,0.05305235220101662,-0.02531432045393374
43.52,0.03200000000000358,0.11662958294247724,1.0126146609378777,0.07753057489451946,0.024478222693502846
43.552,0.031999999999996476,0.16115304969613106,1.2807466870552815,0.09866217005055737,0.021131595156037908
43.584,0.03200000000000358,0.11668656967350532,1.0029560893788723,0.07945329407769965,-0.019208875972857725
43.616,0.031999999999996476,0.12353604365165542,1.278188041798084,0.09858500350412401,0.019131709426424365
43.648,0.03200000000000358,0.26722373366267416,1.5240650642484956,0.11777131136926261,0.0191863078651386
43.68,0.031999999999996476,0.2614652555825429,1.6810014391929549,0.13042005578892674,0.012648744419664126
43.712,0.03200000000000358,0.41689778589175797,2.2504228044652326,0.1730256323179541,0.042605576529027356
43.744,0.031999999999996476,0.4260631981508152,2.4118818222790646,0.1873589457014751,0.014333313383521007
43.776,0.03200000000000358,0.4206648016705062,4.69212164161934,0.3558757474624943,0.16851680176101919
43.808,0.031999999999996476,0.4185319626225286,3.218354563658672,0.2572229022956854,-0.09865284516680889
43.84,0.03200000000000358,0.4150959624794698,3.183591799374745,0.24897130296196926,-0.008251599333716136
43.872,0.031999999999996476,0.4171066641249343,2.2267544499739818,0.1781289103396917,-0.07084239262227757
43.904,0.03200000000000358,0.4119248294304006,2.5926829024982445,0.20094970562692324,0.02282079528723155
43.936,0.031999999999996476,0.3655848398303814,2.157551452614355,0.17026746371021398,-0.030682241916709263
43.968,0.03200000000000358,0.42109949775066785,2.407879639078401,0.18690539771223114,0.016637934002017157
44.0,0.031999999999996476,0.4171856110555603,3.137962716534204,0.2415563651815197,0.054650967469288575
44.032000000000004,0.03200000000000358,0.4237302902061354,4.617690870315733,0.3535308587279913,0.11197449354647157
44.064,0.031999999999996476,0.4203145156357534,4.358306172608052,0.34091983355710587,-0.012611025170885415
44.096000000000004,0.03200000000000358,0.41900824305169615,3.1231763607419953,0.24936008457746162,-0.09155974897964425
44.128,0.031999999999996476,0.41841774805245174,2.9294015794979056,0.22982418340132468,-0.019535901176136933
44.160000000000004,0.03200000000000358,0.41853032796297446,2.320325646535417,0.18390481177419157,-0.04591937162713311
44.192,0.031999999999996476,0.4179346143772791,2.23665268973572,0.1751006006014458,-0.008804211172745768
44.224000000000004,0.03200000000000358,0.37602684877995807,2.224301768104425,0.17368405203534049,-0.001416548566105319
44.256,0.031999999999996476,0.4177559753830103,2.556230137227952,0.19801236344136594,0.024328311406025455
44.288000000000004,0.03200000000000358,0.41771742641098597,2.651307097287897,0.20640879560151265,0.00839643216014671
44.32,0.031999999999996476,0.42232322017818413,4.591661216259299,0.3495875952939025,0.14317879969238984
44.352000000000004,0.03200000000000358,0.41596943750348403,4.336584467940634,0.33909477351421885,-0.010492821779683636
44.384,0.031999999999996476,0.4208110666700315,4.537836124142904,0.35328912497069903,0.014194351456480181
44.416000000000004,0.03200000000000358,0.4029124134639778,2.267896919374214,0.1871767085215629,-0.16611241644913613
44.448,0.031999999999996476,0.19885961419085105,1.2830810656798683,0.10516361096258973,-0.08201309755897317
44.480000000000004,0.03200000000000358,0.25391236184922344,1.6300415257334293,0.1259446212927682,0.02078101033017847
44.512,0.031999999999996476,0.2597322971750076,1.7049710545490144,0.13265462437592568,0.006710003083157473
44.544000000000004,0.03200000000000358,0.4034391995514579,2.406476682986227,0.1846308694750205,0.05197624509909482
44.576,0.031999999999996476,0.4177252881000095,2.702944962871856,0.20943375462639705,0.024802885151376547
44.608000000000004,0.03200000000000358,0.41971627323324173,4.661635308125565,0.3549081339540584,0.14547437932766136
44.64,0.031999999999996476,0.4224240546328971,2.370982589434073,0.19485111594263924,-0.16005701801141917
44.672000000000004,0.03200000000000358,0.4176542358128119,4.744760442988541,0.3601793329168637,0.16532821697422448
44.704,0.031999999999996476,0.2618588761633571,1.5444626480677826,0.13437295369962646,-0.22580637921723726
44.736000000000004,0.03200000000000358,0.27078777821299366,1.9236156820578687,0.1492203596640738,0.014847405964447336
44.768,0.031999999999996476,0.06399081232178984,0.6813599711027962,0.05872172035880969,-0.09049863930526411
44.800000000000004,0.03200000000000358,0.35187993506594323,2.3053685038694205,0.17292727271297884,0.11420555235416915
44.832,0.031999999999996476,0.4215878870654233,2.429274553379829,0.18863233287685816,0.01570506016387932
44.864000000000004,0.03200000000000358,0.4219723431201132,2.7136264548457327,0.2104502747576163,0.02181794188075814
44.896,0.031999999999996476,0.4071163270919512,4.68665687066801,0.35680690810065735,0.14635663334304105
44.928000000000004,0.03200000000000358,0.41641848717628327,2.1765146932955366,0.18065951729331906,-0.1761473908073383
44.96,0.031999999999996476,0.41235347160292574,2.609067433989018,0.2023007173896362,0.021641200096317148
44.992000000000004,0.03200000000000358,0.0010122879483211512,0.41045026560951026,0.041863239355815166,-0.16043747803382102
45.024,0.031999999999996476,0.4080943530239337,2.5172670597752065,0.1875371159486337,0.14567387659281855
45.056,0.031999999999996476,0.41417171655347784,2.3677732539639944,0.1849529261644118,-0.0025841897842218964
45.088,0.03200000000000358,0.42098103418114147,2.730680696847213,0.2114920388208763,0.026539112656464497
45.12,0.031999999999996476,0.42189267058340346,2.275527714849256,0.17955206393025766,-0.031939974890618644
45.152,0.03200000000000358,0.42107474027837727,2.687228732337086,0.20798478471262966,0.028432720782371995
45.184,0.031999999999996476,0.4169637746109678,2.519189611593804,0.19726854446192219,-0.01071624025070747
45.216,0.03200000000000358,0.000631463229424923,0.09917107567768152,0.018681194519803677,-0.1785873499421185
45.248,0.031999999999996476,0.2549114371327773,1.5337844716398021,0.11387330558448654,0.09519211106468287
45.28,0.03200000000000358,0.07950130429986232,0.8538638991400166,0.06936714546432111,-0.04450616012016542
45.312,0.031999999999996476,0.09899221280711837,0.8097616575685949,0.06355455704942542,-0.005812588414895695
45.344,0.03200000000000358,0.11295080290849029,1.2535440138860041,0.09585485668258589,0.03230029963316047
45.376,0.031999999999996476,0.005816180462933462,0.37570924675394135,0.03316335558536338,-0.06269150109722252
45.408,0.03200000000000358,0.13260950349566986,1.1017107140185696,0.08293454538557728,0.049771189800213896
45.44,0.031999999999996476,-0.0008257574337651408,0.42277088484393466,0.03587840145400888,-0.047056143931568394
45.472,0.03200000000000358,0.23125489827971327,1.4195965964354178,0.10646868227510037,0.07059028082109148
45.504,0.031999999999996476,0.002889650636839698,0.38006164514225016,0.03409615831211972,-0.07237252396298065
45.536,0.03200000000000358,0.07519287885142156,0.6547077389042106,0.05011569518894136,0.016019536876821637
45.568,0.031999999999996476,0.12588512568658747,0.8774306531784478,0.067419581843048,0.01730388665410664
45.6,0.03200000000000358,0.07199084430152979,0.7668811001830047,0.06028868009485199,-0.007130901748196007
45.632,0.031999999999996476,0.11475026080587064,0.8764831121189921,0.06793717649606199,0.0076484964012099935
45.664,0.03200000000000358,0.02287631342154078,0.33166088666513943,0.028312367275669076,-0.03962480922039291
45.696,0.031999999999996476,0.10392622583618898,1.0853323046359382,0.0814500303682408,0.05313766309257173
45.728,0.03200000000000358,0.004076139491891201,0.6676684641799682,0.05380252522569769,-0.02764750514254312
45.76,0.031999999999996476,-0.0021430266458277777,0.2553196720233331,0.02188223667638666,-0.031920288549311025
45.792,0.03200000000000358,0.07627917757506068,0.9400756292166602,0.07039661604703808,0.048514379370651416
45.824,0.031999999999996476,0.00012328517877959995,0.26324168929974084,0.023422785181399154,-0.04697383086563892
45.856,0.03200000000000358,0.0046547032659135104,0.6105385505443713,0.04625131908455432,0.022828533903155167
45.888,0.031999999999996476,0.004205102580848026,0.5035485936096499,0.039701123627814756,-0.0065501954567395645
45.92,0.03200000000000358,0.0027104565462757104,0.5764030796775346,0.04468072229190831,0.004979598664093553
45.952,0.031999999999996476,0.002450432555918451,0.5509741933540483,0.04309814387065718,-0.0015825784212511324
45.984,0.03200000000000358,0.0031439159746101167,0.3530800004844841,0.028453599310409618,-0.014644544560247559
46.016,0.031999999999996476,-0.00034393261303996246,0.3916351585665946,0.030443538316316084,0.001989939005906466
46.048,0.03200000000000358,0.00028556785669168816,0.5752357296770578,0.044060443245724806,0.013616904929408723
46.08,0.031999999999996476,0.00426483677671412,0.4669734307508597,0.036884900625000265,-0.007175542620724541
46.112,0.03200000000000358,-0.0019484656067366344,0.350353295506237,0.027894392005946622,-0.008990508619053643
46.144,0.031999999999996476,-0.11293937494908697,0.15624866336794707,0.013100879621460153,-0.014793512384486469
46.176,0.03200000000000358,-0.08681871557235454,0.18409564796851927,0.014294737348975252,0.001193857727515098
46.208,0.031999999999996476,-0.06287086013348973,0.40757412743308297,0.030798315653186387,0.016503578304211133
46.24,0.03200000000000358,-0.13263064619059053,-0.17789391241963992,-0.011304400252381865,-0.04210271590556825
46.272,0.031999999999996476,-0.11894186694610258,0.08802927087292653,0.005821099917253034,0.017125500169634898
46.304,0.03200000000000358,-0.08394521140917603,-0.04563035352565711,-0.00301961980369271,-0.008840719720945744
46.336,0.031999999999996476,-0.13239950700100112,-0.20412438073767125,-0.015185673061006766,-0.012166053257314055
46.368,0.03200000000000358,0.0023312670091471823,0.2922646152183892,0.020616551100566177,0.03580222416157294
46.4,0.031999999999996476,-0.001166839920668516,0.34474332705705324,0.026542676840049836,0.005926125739483659
46.432,0.03200000000000358,-0.1018754896905399,-0.13524595769417783,-0.008413734106099332,-0.034956410946149166
46.464,0.031999999999996476,-0.06472243556003146,0.0275180271210143,0.0015379648365734903,0.009951698942672822
46.496,0.03200000000000358,-0.046422871600371104,0.2578657679658236,0.01905229227552094,0.01751432743894745
46.528,0.031999999999996476,-0.1253757033011233,-0.6829462248694476,-0.04912414880373317,-0.06817644107925411
46.56,0.03200000000000358,0.002975858370025055,0.11315468238268883,0.0054855291639769295,0.0546096779677101
46.592,0.031999999999996476,0.0032412294421860313,0.20223017283014705,0.015188727255763269,0.009703198091786339
46.624,0.03200000000000358,0.0008413034714191691,-0.01762885123837637,-0.00041959849555833257,-0.015608325751321601
46.656,0.031999999999996476,-0.0003283990700756072,0.07487058009001293,0.005481776384100576,0.005901374879658908
46.688,0.03200000000000358,-0.00046241908903719216,0.09356830511245856,0.007197492246946427,0.0017157158628458508
46.72,0.031999999999996476,0.000282359599135019,0.25725640005086,0.019334198519246427,0.0121367062723
46.752,0.03200000000000358,-0.11504074231270556,-0.5041508638980765,-0.035959223272574496,-0.055293421791820924
46.784,0.031999999999996476,-0.001608782688573816,-0.024054371077512904,-0.003844856695579047,0.03211436657699545
46.816,0.03200000000000358,-0.0893828911487758,-0.41254565839722795,-0.030560661193062028,-0.02671580449748298
46.848,0.031999999999996476,-0.09625715264291806,-0.31585165870189447,-0.024992041310372713,0.005568619882689314
46.88,0.03200000000000358,-0.09061536906962722,-0.5014925937289504,-0.03832264643018039,-0.01333060511980768
46.912,0.031999999999996476,-0.1273679443012364,-0.37041301590386727,-0.02945258812704507,0.008870058303135323
46.944,0.03200000000000358,-0.4190900469127,-1.857079383341691,-0.13827030923822778,-0.10881772111118271
46.976,0.031999999999996476,0.0013438318900864052,0.28581042556781266,0.013036345993219874,0.15130665523144765
47.008,0.03200000000000358,-0.16892871287250685,-0.8505332048536266,-0.06179582830187888,-0.07483217429509875
47.04,0.031999999999996476,-0.07140606915520982,-0.3565489002838835,-0.029788103066690573,0.03200772523518831
47.072,0.03200000000000358,-0.07025668609364676,-0.3967787032012626,-0.03089883542496063,-0.0011107323582700557
47.104,0.031999999999996476,-0.004158072495363545,-0.22971888300236254,-0.018677339962564835,0.012221495462395794
47.136,0.03200000000000358,-0.09432146779961703,-0.34638076529113676,-0.026551145548003394,-0.00787380558543856
47.168,0.031999999999996476,-0.06547135947677613,-0.47537036643509484,-0.036491617568045115,-0.00994047202004172
47.2,0.03200000000000358,-0.0009812454191066898,-0.36617501576523803,-0.029035221029280293,0.0074563965387648215
47.232,0.031999999999996476,0.0018537769081306084,-0.0045535410909898245,-0.0020110449771271405,0.027024176052153154
47.264,0.03200000000000358,-0.026656584351578954,-0.3540530149959474,-0.026153234689144888,-0.024142189712017748
47.296,0.031999999999996476,-0.002860353148198197,-0.2718255072424106,-0.02149991149238045,0.004653323196764439
47.328,0.03200000000000358,-0.0017663613408651698,-0.2323583363414658,-0.0183288547479765,0.00317105674440395
47.36,0.031999999999996476,0.00105599868109941,-0.29835431121589173,-0.022999151507063782,-0.0046702967590872835
47.392,0.03200000000000358,-0.004060095865574115,-0.2884377806126912,-0.02253949952535198,0.00045965198171180055
47.424,0.031999999999996476,0.001069874349889316,-0.4572450143203327,-0.0349270864426926,-0.01238758691734062
47.456,0.03200000000000358,-0.0028200934438317496,-0.32925954336398144,-0.026230129888328808,0.008696956554363793
47.488,0.031999999999996476,-0.0018424398370491036,-0.17250983903671144,-0.01420065384608395,0.012029476042244858
47.52,0.03200000000000358,-0.0025592038577319496,-0.17874410951259473,-0.0139646729505641,0.00023598089551984947
47.552,0.031999999999996476,-0.05070100912882964,-0.32464233103616336,-0.02468043824844508,-0.010715765297880979
47.584,0.03200000000000358,-0.04641799632211005,-0.41149656275254337,-0.03168632937031716,-0.007005891121872079
47.616,0.031999999999996476,-0.000278237544295853,-0.14640233607097436,-0.012595683528950824,0.019090645841366334
47.648,0.03200000000000358,-0.08515730170578957,-0.3837057053160123,-0.02894494167423435,-0.016349258145283527
47.68,0.031999999999996476,-0.13997815339189915,-0.962227981846809,-0.0724334285233919,-0.04348848684915754
47.712,0.03200000000000358,-0.07749033223681359,-0.3484458090035645,-0.029806298749406317,0.04262712977398558
47.744,0.031999999999996476,-0.41152543977440964,-2.088903054505847,-0.15533909391264383,-0.1255327951632375
47.776,0.03200000000000358,-0.021658695366025348,-0.0802799153506117,-0.014871385797325864,0.14046770811531797
47.808,0.031999999999996476,-0.40861514653241787,-2.363384353415155,-0.17466233205368847,-0.15979094625636261
47.84,0.03200000000000358,0.001988231699154817,0.07593271343168762,-0.004498986412006019,0.17016334564168245
47.872,0.031999999999996476,-0.1438615699299196,-0.936158577504817,-0.0691050361698957,-0.06460604975788968
47.904,0.03200000000000358,-0.2975502606727215,-1.815844721399469,-0.13752700211743177,-0.06842196594753606
47.936,0.031999999999996476,6.214020300899003e-05,-0.18883451762057313,-0.02182624020317378,0.11570076191425799
47.968,0.03200000000000358,-0.0014443210768685043,-0.5294327562187948,-0.040194613529804836,-0.018368373326631056
48.0,0.031999999999996476,-0.004323121327884323,-0.31181786168129677,-0.025251554147830087,0.014943059381974749
48.032000000000004,0.03200000000000358,-0.004084296187680061,-0.5817118561177522,-0.0442369705930136,-0.01898541644518351
48.064,0.031999999999996476,-0.003981922812339361,-0.3845926047075924,-0.030836786779166646,0.013400183813846951
48.096000000000004,0.03200000000000358,-0.002174866729837935,-0.4652889077684825,-0.035997630930293296,-0.005160844151126651
48.128,0.031999999999996476,0.00128078953401153,-0.4848621329623274,-0.037734981118003205,-0.0017373501877099087
48.160000000000004,0.03200000000000358,-0.0007004111454339143,-0.303603612029221,-0.024505484056982902,0.013229497061020303
48.192,0.031999999999996476,-0.0856199865397431,-0.7814547867406253,-0.05888304101524907,-0.034377556958266164
48.224000000000004,0.03200000000000358,-0.0029625684979197224,-0.3863556912041883,-0.03181194869842321,0.027071092316825862
48.256,0.031999999999996476,0.0013026665617767513,-0.42646855367110403,-0.03319906849532036,-0.0013871197968971516
48.288000000000004,0.03200000000000358,-0.10698316604463355,-0.8813824571983178,-0.0667336171471646,-0.033534548651844236
48.32,0.031999999999996476,-0.004887429660662566,-0.4183339567392573,-0.034616844109411786,0.03211677303775281
48.352000000000004,0.03200000000000358,0.0020457819505010845,-0.678434912531328,-0.051890655622681,-0.017273811513269212
48.384,0.031999999999996476,-0.0003302008235979114,-0.2311852696012971,-0.01999701678666728,0.03189363883601372
48.416000000000004,0.03200000000000358,0.0020758384978802396,-0.285779812616555,-0.022170721488019473,-0.0021737047013521936
48.448,0.031999999999996476,-0.0029302751873801227,-0.3229590892909446,-0.025030379883735833,-0.00285965839571636
48.480000000000004,0.03200000000000358,-0.03653104763774649,-0.6130097852583927,-0.04652585920481875,-0.021495479321082915
48.512,0.031999999999996476,-0.0013700726045859162,-0.06500685969433928,-0.0074665141322342995,0.03905934507258445
48.544000000000004,0.03200000000000358,-0.1992696208027951,-1.475130899765048,-0.108912495466896,-0.1014459813346617
48.576,0.031999999999996476,-0.004122298469773386,-0.10388886805105466,-0.013927428812514195,0.0949850666543818
48.608000000000004,0.03200000000000358,-0.10439387574556681,-1.0165817776448636,-0.07556367180928719,-0.061636242996773
48.64,0.031999999999996476,-0.0021001471287094603,-0.2852797736902924,-0.025341760263316873,0.05022191154597032
48.672000000000004,0.03200000000000358,-0.1505892384261094,-1.1274632669050548,-0.08437686047299298,-0.0590351002096761
48.704,0.031999999999996476,-0.006432015282839131,-0.29695732211718817,-0.026709307073723168,0.05766755339926981
48.736000000000004,0.03200000000000358,-0.1590400196298933,-0.9118406677773268,-0.06859887291000143,-0.04188956583627826
48.768,0.031999999999996476,-0.002639856841356361,-0.4652284448225078,-0.03817315487989843,0.030425718030102994
48.800000000000004,0.03200000000000358,-0.17671393040666522,-1.0070900640207874,-0.07626533244605879,-0.03809217756616036
48.832,0.031999999999996476,-4.493769940927471e-05,-0.30499775913750843,-0.02683233160079898,0.04943300084525981
48.864000000000004,0.03200000000000358,-0.11949862720357751,-0.9867447082888486,-0.07411443510777142,-0.04728210350697244
48.896,0.031999999999996476,-0.00025313032525310316,-0.4408627008865494,-0.03669970087116855,0.037414734236602874
48.928000000000004,0.03200000000000358,-0.1324007862699378,-0.88330794160105,-0.06707730598506524,-0.030377605113896693
48.96,0.031999999999996476,-0.13587692772423876,-1.1832596125592838,-0.09088949093672305,-0.023812184951657808
48.992000000000004,0.03200000000000358,-0.1165539515977018,-0.5934424017986268,-0.04888885513928184,0.04200063579744121
49.024,0.031999999999996476,-0.034048363124018426,-0.3270162003627726,-0.026871153967282603,0.022017701171999235
49.056000000000004,0.03200000000000358,-0.13989483019764584,-0.9202149234716656,-0.06922406084247554,-0.042352906875192935
49.088,0.031999999999996476,-0.11860420141496417,-0.7265573234449055,-0.05742743132859603,0.011796629513879504
49.120000000000005,0.03200000000000358,-0.01957167704893956,-0.4615293053342056,-0.03725620230380596,0.02017122902479007
49.152,0.031999999999996476,-0.06283632489810252,-0.7875433022196117,-0.06006687902839383,-0.02281067672458787
49.184,0.031999999999996476,0.0009590683140201637,-0.27777712990653114,-0.02389539858389618,0.03617148044449765
49.216,0.03200000000000358,-0.0015441939090126487,-0.5784062103667905,-0.043915583045679434,-0.020020184461783254
49.248,0.031999999999996476,-0.06276606376581012,-0.6529215991697378,-0.05055120840275012,-0.006635625357070685
49.28,0.03200000000000358,-0.00044807630811368766,-0.40832546469083675,-0.03294662180372081,0.01760458659902931
49.312,0.031999999999996476,-0.0022779815134062655,-0.4024378610791871,-0.031497349551044856,0.001449272252675951
49.344,0.03200000000000358,-0.002296189154966188,-0.30952153959735274,-0.024580597072725616,0.00691675247831924
49.376,0.031999999999996476,-0.005273318230983981,-0.5532585829762342,-0.0421057767082162,-0.017525179635490582
49.408,0.03200000000000358,-0.0042582069529822604,-0.5651955834287522,-0.04399533888400514,-0.0018895621757889433
49.44,0.031999999999996476,0.0022974323127437505,-0.40671818981966307,-0.03244995814410995,0.011545380739895195
49.472,0.03200000000000358,-0.12624676795653045,-1.140169717393667,-0.08572164542850368,-0.05327168728439373
49.504,0.031999999999996476,0.0032865875473609874,-0.439302524631411,-0.037255038703690714,0.04846660672481296
49.536,0.03200000000000358,-0.0005776586671350517,-0.35559782773549664,-0.02830144382393689,0.008953594879753824
49.568,0.031999999999996476,0.0006866959289544938,-0.22753245353253643,-0.01836660442229202,0.009934839401644871
49.6,0.03200000000000358,-0.23052500263967773,-1.7445495463250287,-0.1293548559197329,-0.11098825149744088
49.632,0.031999999999996476,8.087839802280396e-05,-0.31966508723474013,-0.030975779462548203,0.09837907645718469
49.664,0.03200000000000358,-0.0018264026932021738,-0.2191688261152085,-0.017905928297787088,0.013069851164761115
49.696,0.031999999999996476,0.0007092951780091607,-0.29564431360207033,-0.022775442514769317,-0.004869514216982229
49.728,0.03200000000000358,0.0012744676077018427,-0.5702644581227003,-0.04325218271045699,-0.020476740195687675
49.76,0.031999999999996476,-0.0003106168209342272,-0.3528168595951451,-0.02844314038997307,0.014809042320483922
49.792,0.03200000000000358,-0.001525464094797196,-0.4464618804382695,-0.03447490407739361,-0.006031763687420543
49.824,0.031999999999996476,-1.6380505858818508e-07,-0.34435625487417126,-0.02731424140130352,0.007160662676090092
49.856,0.03200000000000358,0.00041539058540200955,-0.28310211463766183,-0.022396219601241732,0.004918021800061789
49.888,0.031999999999996476,-0.04007602671525878,-0.3840602481073899,-0.02953679074087106,-0.007140571139629327
49.92,0.03200000000000358,-0.06082762223389227,-0.7234797392286146,-0.05490999558465939,-0.025373204843788334
49.952,0.031999999999996476,0.0025780986154945677,-0.389422186023609,-0.0318080991732289,0.02310189641143049
49.984,0.03200000000000358,-0.005524674812345171,-0.3218204663510285,-0.02550300222106289,0.006305096952166012
50.016,0.031999999999996476,-0.010118090251948542,-0.2681442932882236,-0.02119165686363862,0.004311345357424272
50.048,0.03200000000000358,-0.005052729107190851,-0.4911122701763072,-0.03733988239551871,-0.016148225531880094
50.08,0.031999999999996476,-0.00043855376877535875,-0.24830699793499772,-0.020416149846703917,0.016923732548814796
50.112,0.03200000000000358,-0.002358058839565477,-0.2899718428728184,-0.022503200507610014,-0.0020870506609060972
50.144,0.031999999999996476,-0.001186778681631014,-0.13432157795127783,-0.011177128279875841,0.011326072227734173
50.176,0.03200000000000358,-0.003366018596704529,-0.31936429427191926,-0.02413136784612603,-0.01295423956625019
50.208,0.031999999999996476,-0.001893572732028147,-0.24673974174908067,-0.01953837810768419,0.004592989738441841
50.24,0.03200000000000358,-0.0036815007066997103,-0.3139997204672739,-0.02421954311529681,-0.00468116500761262
50.272,0.031999999999996476,-0.004274711257595658,-0.5019578870166331,-0.038312268595539135,-0.014092725480242325
50.304,0.03200000000000358,-0.002768154574506159,-0.3148622301064204,-0.025366771654207868,0.012945496941331267
50.336,0.031999999999996476,0.0021875636108029846,-0.40527315194621816,-0.031268279724575035,-0.005901508070367167
50.368,0.03200000000000358,0.10104179992350405,0.10411554818423883,0.005851592042980396,0.037119871767555435
50.4,0.031999999999996476,0.11071474163269818,0.357215675419618,0.026607528693437094,0.020755936650456698
50.432,0.03200000000000358,0.0004534722458979761,-0.21858517971993685,-0.014538775532842234,-0.04114630422627933
50.464,0.031999999999996476,0.003692189531523338,-0.14757101257617164,-0.011691715794194204,0.0028470597386480306
50.496,0.03200000000000358,-0.0020862232968200255,-0.11526704303198053,-0.009151716423769891,0.002539999370424312
50.528,0.031999999999996476,-0.001341730794006803,-0.3010942327825128,-0.0226708582273255,-0.01351914180355561
50.56,0.03200000000000358,0.124057165295796,0.5338662730591381,0.03795187890503659,0.06062273713236209
50.592,0.031999999999996476,0.0007120394919485353,-0.0966457835445782,-0.004916425842338908,-0.0428683047473755
50.624,0.03200000000000358,0.0017088887768390128,-0.24701583804166546,-0.018449421409611817,-0.013532995567272908
50.656,0.031999999999996476,-0.003983292706005479,-0.09951751759793322,-0.008383608869280666,0.010065812540331152
50.688,0.03200000000000358,0.0003720326559849181,-0.30482066212350206,-0.022900558544336473,-0.014516949675055808
50.72,0.031999999999996476,0.07091075287172618,0.1790174881356734,0.011842958499659453,0.034743517043995926
50.752,0.03200000000000358,-0.004212289940797138,-0.016990807490864485,-0.0005658247586874404,-0.012408783258346894
50.784,0.031999999999996476,-0.0002968491916026962,-0.03271244731250194,-0.002438345326376789,-0.0018725205676893486
50.816,0.03200000000000358,0.0025287495350171875,-0.2207771643838836,-0.016376766102742267,-0.013938420776365479
50.848,0.031999999999996476,-0.0004713311492274179,0.12981898769302191,0.00860150215490287,0.02497826825764514
50.88,0.03200000000000358,-0.00042314110127734906,-0.03624663991313344,-0.002169029322071973,-0.010770531476974843
50.912,0.031999999999996476,-0.0031186146370597067,0.05296229800349246,0.0037696433288473274,0.0059386726509193
50.944,0.03200000000000358,-0.0016217470383034745,-0.030943099054062236,-0.0020579444801380412,-0.005827587808985369
50.976,0.031999999999996476,-0.03690192919756847,-0.07198268097697381,-0.005412425900417868,-0.003354481420279827
51.008,0.03200000000000358,-0.0773669427334431,-0.4030481072241004,-0.02995270345314961,-0.02454027755273174
51.04,0.031999999999996476,-0.0025601475849630403,0.11062883797636394,0.006406527854511067,0.036359231307660674
51.072,0.03200000000000358,-0.00024227306125301358,-0.042290757464374565,-0.0027402289379749507,-0.009146756792486018
51.104,0.031999999999996476,-0.02998538850464291,-0.16663506453570612,-0.012412571279012827,-0.009672342341037877
51.136,0.03200000000000358,-0.0024826227850583186,-0.009646334877820783,-0.0014259599449805746,0.010986611334032254
51.168,0.031999999999996476,0.0005920183933123207,-0.17367902838591256,-0.01285471443908827,-0.011428754494107697
51.2,0.03200000000000358,-0.027560099778758482,-0.3271556410117542,-0.024801190752054603,-0.011946476312966333
51.232,0.031999999999996476,-0.0031432968712372085,0.07578682176416562,0.004141630167951372,0.028942820920005975
51.264,0.03200000000000358,-0.12572809803496246,-0.5567319405365695,-0.04070310051880627,-0.044844730686757636
51.296,0.031999999999996476,0.002041742017804843,0.04072875841725495,0.0006454496624497742,0.04134855018125604
51.328,0.03200000000000358,0.005677074804163115,-0.03395031106406385,-0.002459452351745902,-0.003104902014195676
51.36,0.031999999999996476,-0.05060487433604417,-0.39229643597660113,-0.028991550674564028,-0.026532098322818127
51.392,0.03200000000000358,0.0013341414599732956,-0.187829523243801,-0.01548668116806396,0.013504869506500067
51.424,0.031999999999996476,-0.002073118852713111,-0.11482601060227893,-0.009338362650331602,0.0061483185177323586
51.456,0.03200000000000358,0.007133967733605156,-0.08039340797341746,-0.006451244495802895,0.002887118154528707
51.488,0.031999999999996476,-0.0006682961870920512,0.046617922124089065,0.003055868156705677,0.009507112652508573
51.52,0.03200000000000358,0.0029110325655063293,-0.0861092212861897,-0.006156079186878639,-0.009211947343584315
51.552,0.031999999999996476,0.0029574444460733406,0.03997735805746438,0.0025845591922168437,0.008740638379095483
51.584,0.03200000000000358,0.00014658175867887475,-0.09549609867736221,-0.006873600508271215,-0.009458159700488059
51.616,0.031999999999996476,-0.0024036742216569525,-0.03421380339207388,-0.0029128974695592576,0.003960703038711957
51.648,0.03200000000000358,-0.0020457578725717575,-0.06207349901127436,-0.004733058061838386,-0.0018201605922791284
51.68,0.031999999999996476,0.0018929024920833562,-0.1544185544626511,-0.011629210548697914,-0.006896152486859528
51.712,0.03200000000000358,-0.004229984791841475,-0.02499041672002997,-0.0025091445066008113,0.009120066042097103
51.744,0.031999999999996476,0.00283798292900735,0.11503023708441852,0.008314499091538231,0.010823643598139043
51.776,0.03200000000000358,-0.004307367523779718,-0.12147105814554797,-0.008453020764722052,-0.016767519856260283
51.808,0.031999999999996476,-0.011571035610552172,0.04032309776457751,0.0024773846495271873,0.01093040541424924
51.84,0.03200000000000358,-0.08145457125727389,-0.5901773428009862,-0.043258758335866114,-0.0457361429853933
51.872,0.031999999999996476,0.003800847801173002,-0.04177937723452471,-0.005569753090761848,0.03768900524510427
51.904,0.03200000000000358,-0.003930907285689724,-0.16467167133421845,-0.012431528718228158,-0.00686177562746631
51.936,0.031999999999996476,-0.0018555394498408898,-0.05432409519356348,-0.004712666953770597,0.007718861764457561
51.968,0.03200000000000358,-0.0014212870180380878,-0.06656332990610293,-0.005167140275394385,-0.0004544733216237879
52.0,0.031999999999996476,0.004470446546880359,-0.09785248709971994,-0.007494388308273609,-0.002327248032879224
52.032000000000004,0.03200000000000358,0.010651649687291976,-0.03543910104736313,-0.0030388436438710037,0.0044555446644026055
52.064,0.031999999999996476,0.0011008359282167297,0.05311489418793116,0.0037306517081550535,0.006769495352026057
52.096000000000004,0.03200000000000358,0.0019443362822450275,-0.06681617819201481,-0.004698309795640027,-0.00842896150379508
52.128,0.031999999999996476,0.0002498304546238295,-0.022613325022380983,-0.0019342181358992796,0.002764091659740748
52.160000000000004,0.03200000000000358,-0.0013125212096722076,-0.017232313725746493,-0.0013789288838378753,0.0005552892520614043
52.192,0.031999999999996476,-0.0016860295834646864,-0.10932488356441733,-0.008119380992662895,-0.00674045210882502
52.224000000000004,0.03200000000000358,0.0007546597984845206,-0.05612549247955352,-0.004596205806647587,0.003523175186015308
52.256,0.031999999999996476,-0.12445986290076609,-0.4961005225736809,-0.036748679521392796,-0.03215247371474521
52.288000000000004,0.03200000000000358,-0.0865640352926144,-0.5048328838755729,-0.03924699200616754,-0.0024983124847747437
52.32,0.031999999999996476,-0.07656099224106207,-0.3829347455833631,-0.03042680058157116,0.00882019142459638
52.352000000000004,0.03200000000000358,0.000917920727178802,0.029490188111985918,0.00041220397525022464,0.030839004556821384
52.384,0.031999999999996476,-0.1288000744993482,-0.4436199300099091,-0.03260011397921295,-0.033012317954463175
52.416000000000004,0.03200000000000358,-0.02316042895341485,-0.34945148994360564,-0.02758071623895336,0.005019397740259588
52.448,0.031999999999996476,-0.002624885803335766,0.16255531971743842,0.010362145717742315,0.037942861956695675
52.480000000000004,0.03200000000000358,-0.12869499956551322,-0.5224986959586171,-0.037826475332415746,-0.04818862105015806
52.512,0.031999999999996476,-0.07762484444804363,-0.4738802824002119,-0.03703295084101767,0.0007935244913980788
52.544000000000004,0.03200000000000358,0.00010463042938385603,-0.027358741133910455,-0.00414984612031985,0.03288310472069782
52.576,0.031999999999996476,-0.0012936634612886475,-0.0700845485081949,-0.005393600361277098,-0.0012437542409572478
52.608000000000004,0.03200000000000358,0.0001385738902412526,-0.25034027488429733,-0.018721448092947478,-0.01332784773167038
52.64,0.031999999999996476,0.003430558285901616,-0.0598466115240457,-0.005481905300559602,0.013239542792387876
52.672000000000004,0.03200000000000358,-0.0016075933908142447,-0.3882974634099811,-0.02887194874767763,-0.02339004344711803
52.704,0.031999999999996476,-0.00043481957213530243,-0.23552449928192798,-0.01898727600006287,0.009884672747614759
52.736000000000004,0.03200000000000358,-0.0006763298598249135,-0.40771098015215235,-0.031079275762038658,-0.012091999761975787
52.768,0.031999999999996476,0.0569796620996807,0.00507882536268783,-0.0014206799610613707,0.029658595800977287
52.800000000000004,0.03200000000000358,0.08386432068441389,0.3056183057882671,0.0223932248873977,0.02381390484845907
52.832,0.031999999999996476,0.000783077628324985,-0.09101490984065394,-0.005400516863071535,-0.027793741750469236
52.864000000000004,0.03200000000000358,-0.0017258809720852204,0.06882978718199836,0.004749991281400736,0.010150508144472272
52.896,0.031999999999996476,-0.003155470715175388,-0.2667802136942734,-0.019344864725575367,-0.024094856006976105
52.928000000000004,0.03200000000000358,0.005011389832775321,-0.0223689401246817,-0.0027617781243019827,0.016583086601273386
52.96,0.031999999999996476,0.0020007211913745685,-0.3517200666648906,-0.02602500827272155,-0.023263230148419568
52.992000000000004,0.03200000000000358,0.10079956484750507,0.44252783695546194,0.031041197636518275,0.057066205909239824
53.024,0.031999999999996476,0.001101706213853687,-0.016152047581522846,0.0006041544758893955,-0.03043704316062888
53.056000000000004,0.03200000000000358,0.0059572063706448694,0.12431634954915566,0.009177129784727815,0.00857297530883842
53.088,0.031999999999996476,-0.00018503338137045513,-0.15112050722479223,-0.010583649091320847,-0.019760778876048664
53.120000000000005,0.03200000000000358,0.002165735114085476,0.04955139556239736,0.003033036551383328,0.013616685642704175
53.152,0.031999999999996476,0.004750757165911878,0.01317085765959181,0.001143682258598891,-0.001889354292784437
53.184000000000005,0.03200000000000358,0.04480445750974335,0.22721232701332386,0.01677526971512899,0.015631587456530097
53.216,0.031999999999996476,-0.00016269409583984294,-0.163063108045264,-0.011023277049484316,-0.027798546764613304
53.248000000000005,0.03200000000000358,-0.0018696291304960344,-0.027506642721266628,-0.0026592083545456547,0.008364068694938661
53.28,0.031999999999996476,0.0008150705202640107,0.0133588346135134,0.0008288980773051228,0.0034881064318507777
53.312,0.031999999999996476,0.0020552126336343523,-0.2301377001707549,-0.01687652707604577,-0.01770542515335089
53.344,0.03200000000000358,-0.0019248677708234789,-0.06082586972699246,-0.005447414581680275,0.011429112494365495
53.376,0.031999999999996476,-0.002813057237601343,0.08178720152578801,0.005700175105101412,0.011147589686781686
53.408,0.03200000000000358,0.002724667780670129,-0.21616778691725128,-0.015567962160593224,-0.021268137265694636
53.44,0.031999999999996476,0.00438242633306746,-0.021241862307733294,-0.0024608554643182064,0.013107106696275017
53.472,0.03200000000000358,8.33531219041147e-05,0.09119026680636669,0.006564089959323202,0.009024945423641408
53.504,0.031999999999996476,-0.004097984066108659,-0.02745162372118562,-0.0016398597663712978,-0.0082039497256945
53.536,0.03200000000000358,-0.0003065495742576694,0.04189179767268118,0.0029860646974613704,0.0046259244638326685
53.568,0.031999999999996476,-0.02770962309137247,-0.14353482686895086,-0.010383200917888196,-0.013369265615349566
53.6,0.03200000000000358,-0.12333743842988583,-0.5142857242316509,-0.03842010126137616,-0.028036900343487964
53.632,0.031999999999996476,0.005837790243565894,0.12323738244465815,0.006844948003712154,0.045265049265088314
53.664,0.03200000000000358,-0.044267070624905425,-0.107506457444643,-0.007510896695229369,-0.014355844698941522
53.696,0.031999999999996476,-0.0005036220613134629,-0.0029558901178325043,-0.000650973968494452,0.006859922726734917
53.728,0.03200000000000358,-0.0043463120734906074,-0.13791969318033695,-0.010180225602706655,-0.009529251634212203
53.76,0.031999999999996476,-0.00300324998208578,0.055686271516278585,0.003507485984567867,0.013687711587274522
53.792,0.03200000000000358,-0.0033121679653497762,-0.24662456232805713,-0.01793434224372491,-0.021441828228292777
53.824,0.031999999999996476,0.000994698162119726,0.09572367864150641,0.006004207970303159,0.02393855021402807
53.856,0.03200000000000358,-0.0003153681766018599,-0.04980352450603106,-0.003315945083787548,-0.009320153054090707
53.888,0.031999999999996476,-0.007410816838387259,-0.021144498672314847,-0.001746397673414331,0.0015695474103732169
53.92,0.03200000000000358,-0.0039568927710141606,0.09506062219202646,0.006889961760435079,0.00863635943384941
53.952,0.031999999999996476,0.0010477922536993873,-0.15880966288346673,-0.011281147440912282,-0.01817110920134736
53.984,0.03200000000000358,0.060939200096511055,0.1014282440443901,0.006807805802564639,0.01808895324347692
54.016,0.031999999999996476,0.07826187408284087,0.2262439568498202,0.017031040182735213,0.010223234380170573
54.048,0.03200000000000358,0.0027249368522271134,0.1316101880119457,0.010661829280437775,-0.006369210902297438
54.08,0.031999999999996476,0.001964215088218673,-0.07945867224519253,-0.005227911182530436,-0.015889740462968212
54.112,0.03200000000000358,-0.002337827715738484,0.044262864115645624,0.0029532985613589667,0.008181209743889403
54.144,0.031999999999996476,0.007860227583371059,-0.16738633301907552,-0.012139137641447913,-0.01509243620280688
54.176,0.03200000000000358,0.08831386470651932,0.3505175574517118,0.025076359347196292,0.03721549698864421
54.208,0.031999999999996476,-0.004313910974171515,-0.12658424415824604,-0.007861398887387626,-0.03293775823458392
54.24,0.03200000000000358,0.12485472397361697,0.40570914258123864,0.029382110932095848,0.037243509819483475
54.272,0.031999999999996476,0.1330646870754529,0.556943057997115,0.04265392080297178,0.01327180987087593
54.304,0.03200000000000358,-0.00400401848814709,-0.14077501714341076,-0.007890255134069562,-0.05054417593704134
54.336,0.031999999999996476,0.03746636103452781,0.18234824769227642,0.012954434285338417,0.02084468941940798
54.368,0.03200000000000358,0.0011155960700904577,0.2440675798109471,0.018696632646340472,0.005742198361002055
54.4,0.031999999999996476,-0.001123677786179704,0.04937455856350656,0.004710355581032786,-0.013986277065307685
54.432,0.03200000000000358,0.064015181106278,0.1553756396315754,0.011698284215523323,0.0069879286344905365
54.464,0.031999999999996476,0.13569081560424034,0.3648241772994454,0.027504583792368816,0.01580629957684549
54.496,0.03200000000000358,0.000636609722361178,0.1358827627482927,0.011580663408244022,-0.015923920384124796
54.528,0.031999999999996476,0.10408406825898124,0.5758128826322944,0.04301395083157567,0.03143328742333165
54.56,0.03200000000000358,0.00027588662303831986,0.19105123677837713,0.01653310694081218,-0.02648084389076349
54.592,0.031999999999996476,0.0008250732365569577,0.13025430576001004,0.01053337216565286,-0.00599973477515932
54.624,0.03200000000000358,0.0005126140144985401,-0.05384844338860043,-0.0033519448623740944,-0.013885317028026955
54.656,0.031999999999996476,0.006216828174523413,0.1907398212531092,0.013833544972506658,0.017185489834880753
54.688,0.03200000000000358,-5.3957570786800324e-05,-0.058297646242001025,-0.0034886243152363063,-0.017322169287742963
54.72,0.031999999999996476,0.0021844957588821046,0.07632491768898698,0.0054115566702108014,0.008900180985447108
54.752,0.03200000000000358,0.11464870866906071,0.49079496492406244,0.03640557706355184,0.030994020393341037
54.784,0.031999999999996476,-1.5109969135227402e-05,0.1342711967815255,0.011975994615120876,-0.024429582448430964
54.816,0.03200000000000358,0.0013764965084574151,0.03227238709257789,0.0030646817815449165,-0.00891131283357596
54.848,0.031999999999996476,0.08406626940029183,0.3587670128732915,0.0265607286418447,0.023496046860299786
54.88,0.03200000000000358,-0.002463888248625232,0.015125675860589865,0.002645671999149725,-0.023915056642694978
54.912,0.031999999999996476,0.0718076758150948,0.2592831791561593,0.01922047592848153,0.016574803929331805
54.944,0.03200000000000358,0.008421388463981607,-0.040630274742245245,-0.0018783792571251097,-0.021098855185606637
54.976,0.031999999999996476,0.06120950889493114,0.3523488308924208,0.025803375729929225,0.027681754987054333
55.008,0.03200000000000358,0.0007491941353278089,0.15487877712197584,0.012879425435355956,-0.012923950294573269
55.04,0.031999999999996476,0.00019413191180819086,0.17759305240354142,0.013803750652323565,0.000924325216967609
55.072,0.03200000000000358,0.0020307479805185677,-0.008592327832677514,0.0001649960604056835,-0.013638754591917882
55.104,0.031999999999996476,0.02212780834898132,0.0953994966863807,0.007025225665083039,0.006860229604677356
55.136,0.03200000000000358,0.020069448918430932,0.4462981190178872,0.03322642455986008,0.02620119889477704
55.168,0.031999999999996476,-0.00025806781733660287,0.10601504054009335,0.009714500942755075,-0.023511923617105003
55.2,0.03200000000000358,0.003333719006610552,0.16265089980292785,0.012522193193336563,0.0028076922505814884
55.232,0.031999999999996476,0.001582598409847414,0.029505498472366967,0.002892735705922648,-0.009629457487413916
55.264,0.03200000000000358,0.0029693677764939773,0.2597026805561421,0.01926558891640619,0.016372853210483544
55.296,0.031999999999996476,0.0018493835773480375,0.16297082549473288,0.01309709610193497,-0.006168492814471221
55.328,0.03200000000000358,0.0034307329667456867,0.10555470609379022,0.008518600274585172,-0.004578495827349798
55.36,0.031999999999996476,0.00492646322693717,0.10832347364887261,0.008457903725873068,-6.069654871210424e-05
55.392,0.03200000000000358,0.004625894716860384,0.09697492184161254,0.007619824699692814,-0.0008380790261802535
55.424,0.031999999999996476,-0.0006335167332211009,0.2587367413344068,0.019467444015565938,0.011847619315873123
55.456,0.03200000000000358,-0.04999138106052789,-0.13111809985339234,-0.008518617171729158,-0.027986061187295096
55.488,0.031999999999996476,-0.002186437720677944,0.04601240689964857,0.002891990911887129,0.011410608083616287
55.52,0.03200000000000358,0.0022498303905290314,-0.05134763541360955,-0.0036091647703910983,-0.006501155682278227
55.552,0.031999999999996476,-0.0012410407675810702,0.1456320020673983,0.010501456664409567,0.014110621434800664
55.584,0.03200000000000358,-0.08365960090056106,-0.31456624643258485,-0.02252703360428176,-0.03302849026869133
55.616,0.031999999999996476,-0.12365676089173293,-0.3292098523606683,-0.025510631985588283,-0.002983598381306525
55.648,0.03200000000000358,-0.005564900874919866,0.17624820881351527,0.011488627938287135,0.03699925992387542
55.68,0.031999999999996476,-0.13456394202352107,-0.48002142445604085,-0.03463765638509232,-0.04612628432337946
55.712,0.03200000000000358,-0.12188342953844288,-0.389309579787495,-0.03062951463816682,0.0040081417469255
55.744,0.031999999999996476,-0.0005414829488327841,-0.09954787620606642,-0.009088986997869346,0.021540527640297475
55.776,0.03200000000000358,-0.0029335145118252258,0.13721617571827488,0.009566209804746833,0.01865519680261618
55.808,0.031999999999996476,-0.11688474320344404,-0.6702866341425079,-0.04874078242725265,-0.058306992231999484
55.84,0.03200000000000358,-0.01107814187631663,0.008403019018629804,-0.002195800499100127,0.046544981928152526
55.872,0.031999999999996476,-0.1369621515259199,-0.6754467768330495,-0.04979927049748809,-0.047603469998387965
55.904,0.03200000000000358,-0.10935949982706372,-0.3793760224885274,-0.030774264585163667,0.019025005912324425
55.936,0.031999999999996476,-0.13428344653354077,-0.6256837019576608,-0.04778949107640934,-0.017015226491245674
55.968,0.03200000000000358,-0.12831797697230993,-0.34302977759761055,-0.027985330790748043,0.019804160285661298
56.0,0.031999999999996476,-0.13471180921103829,-0.5035982336848634,-0.038650295510781044,-0.010664964720033001
56.032000000000004,0.03200000000000358,-0.1377035557434328,-0.8040698442098596,-0.06136272438489651,-0.022712428874115467
56.064,0.031999999999996476,-0.133246943387575,-0.6799475837007212,-0.05354591280650573,0.00781681157839078
56.096000000000004,0.03200000000000358,-0.12931219678115122,-0.5857770935993756,-0.046169336310669405,0.007376576495836326
56.128,0.031999999999996476,-0.13531004408797892,-0.6809289462924815,-0.052740982151519115,-0.00657164584084971
56.160000000000004,0.03200000000000358,-0.14090176140624394,-0.8774223506103753,-0.06757052666563595,-0.01482954451411684
56.192,0.031999999999996476,-0.18008342704574898,-0.8886286407857165,-0.0692507357124754,-0.001680209046839451
56.224000000000004,0.03200000000000358,-0.4179939041037299,-2.3100172793198994,-0.1738769750591405,-0.10462623934666508
56.256,0.031999999999996476,-0.13515567440694007,-0.6346900636376382,-0.05671300846146959,0.1171639665976709
56.288000000000004,0.03200000000000358,-0.4114466644688976,-2.342610889464518,-0.1755501250997773,-0.1188371166383077
56.32,0.031999999999996476,-0.4119442726379031,-2.2951660651187837,-0.1789213791235556,-0.003371254023778303
56.352000000000004,0.03200000000000358,-0.4079955390483136,-2.3346948314843705,-0.18202295294134146,-0.003101573817785863
56.384,0.031999999999996476,-0.4212404399822074,-2.445995284845893,-0.190387064487781,-0.00836411154643954
56.416000000000004,0.03200000000000358,-0.4168445612933115,-2.4816550295316113,-0.19349234263527867,-0.00310527814749767
56.448,0.031999999999996476,-0.41249253308697675,-4.67461101366083,-0.3549420872650039,-0.16144974462972525
56.480000000000004,0.03200000000000358,-0.41699560182791506,-2.444394496804305,-0.20025180433205864,0.1546902829329453
56.512,0.031999999999996476,-0.4199574054369849,-2.3979468312002132,-0.18790590510375635,0.012345899228302287
56.544000000000004,0.03200000000000358,-0.406846512021244,-2.294390782313536,-0.17957765243565119,0.008328252668105163
56.576,0.031999999999996476,-0.23640691740273195,-1.4980881605160805,-0.12053659491675736,0.059041057518893825
56.608000000000004,0.03200000000000358,-0.08365111736207095,-0.7725197649327714,-0.06376974495826047,0.05676684995849689
56.64,0.031999999999996476,-0.41756369091430035,-2.474536602661533,-0.1856593508202506,-0.12188960586199012
56.672000000000004,0.03200000000000358,-0.4198499819480201,-3.140155984704407,-0.2416457254815637,-0.05598637466131312
56.704,0.031999999999996476,-0.42404090397608035,-3.003706849627,-0.23484326696058447,0.006802458520979243
56.736000000000004,0.03200000000000358,-0.397844127491122,-4.6760651792715,-0.3574361776610942,-0.12259291070050973
56.768,0.031999999999996476,-0.4179201073277012,-2.897985084358437,-0.23375294041935546,0.12368323724173874
56.800000000000004,0.03200000000000358,-0.4184447808496543,-2.4052144966207254,-0.19037436055669357,0.04337857986266189
56.832,0.031999999999996476,-0.3891579187600526,-2.312187161539524,-0.18102890385178175,0.009345456704911825
56.864000000000004,0.03200000000000358,-0.00207095393894393,-0.35629565062925894,-0.03665269452514396,0.14437620932663778
56.896,0.031999999999996476,-0.4161010240199178,-2.8848455434077884,-0.21426812094499387,-0.1776154264198499
56.928000000000004,0.03200000000000358,-0.4173877724220445,-2.387453497641183,-0.18794337200933983,0.026324748935654035
56.96,0.031999999999996476,-0.41972578048092096,-4.480318306740079,-0.34033342063299094,-0.1523900486236511
56.992000000000004,0.03200000000000358,-0.42230670074744503,-2.188567425153964,-0.18059487868442872,0.1597385419485622
57.024,0.031999999999996476,-0.407633695176385,-4.472161290227115,-0.3393093300481241,-0.15871445136369536
57.056000000000004,0.03200000000000358,-0.418237339870712,-2.3652009855179603,-0.19352543091673316,0.14578389913139092
57.088,0.031999999999996476,-0.20265890155665187,-1.3360470728770553,-0.10942524901799462,0.08410018189873854
57.120000000000005,0.03200000000000358,-0.1554701658744482,-1.1193353399621708,-0.08863319314908785,0.02079205586890677
57.152,0.031999999999996476,-0.4163253652593138,-2.437721161667135,-0.18438727888580445,-0.0957540857367166
57.184000000000005,0.03200000000000358,-0.4211294715046369,-2.4587517059438806,-0.1914616649411117,-0.007074386055307247
57.216,0.031999999999996476,-0.41802300132300046,-3.2460956101628113,-0.24977151177684834,-0.058309846835736645
57.248000000000005,0.03200000000000358,-0.4128933715023588,-3.2413035945868067,-0.2527852795507893,-0.0030137677739409396
57.28,0.031999999999996476,-0.41854134874596594,-4.614636005584808,-0.35395443815503586,-0.10116915860424658
57.312000000000005,0.03200000000000358,-0.4218587950579826,-2.2502550480592753,-0.18591772922569338,0.16803670892934247
57.344,0.031999999999996476,-0.06138334348705086,-0.7371240556699497,-0.06494112907134277,0.12097660015435062
57.376,0.031999999999996476,-0.37137498646788364,-2.2979626376069695,-0.172741684360051,-0.10780055528870823
57.408,0.03200000000000358,-0.41737257989462134,-2.270292007420097,-0.17693000659234714,-0.004188322232296149
57.44,0.031999999999996476,-0.4194201348584718,-2.4681029905600216,-0.1917188590774389,-0.014788852485091764
57.472,0.03200000000000358,-0.4048677781698477,-3.9247486246971315,-0.29969465576356236,-0.10797579668612345
57.504,0.031999999999996476,-0.3961657416626365,-4.013311890481459,-0.3124409615572772,-0.01274630579371483
57.536,0.03200000000000358,-0.4135997211655348,-2.1701798141215933,-0.17763244366407235,0.13480851789320483
57.568,0.031999999999996476,-0.001363602914183729,-0.27950193069060464,-0.030809192452338683,0.14682325121173367
57.6,0.03200000000000358,-0.31429085449565247,-2.0639878776561655,-0.1535647222923409,-0.12275552984000221
57.632,0.031999999999996476,-0.03142112973338534,-0.43088062281894746,-0.040552208399649584,0.1130125138926913
57.664,0.03200000000000358,-0.414456030537606,-2.5175462220422005,-0.1874819609969058,-0.1469297525972562
57.696,0.031999999999996476,-0.4232466990343882,-2.1677920680213902,-0.17024308040917496,0.017238880587730848
57.728,0.03200000000000358,-0.42421529086357984,-2.5007304383342297,-0.19373225889508985,-0.02348917848591489
57.76,0.031999999999996476,-0.4168272505429518,-2.5845707797899253,-0.20125390520830788,-0.007521646313218028
57.792,0.03200000000000358,-0.42328099002200154,-2.374772894289952,-0.18625953889384272,0.014994366314465157
57.824,0.031999999999996476,-0.003565020398893297,-0.16459739249465402,-0.022857120938838106,0.16340241795500463
57.856,0.03200000000000358,-0.2940411619336685,-1.7766760640845556,-0.13197668068992083,-0.10911955975108273
57.888,0.031999999999996476,0.0013175549181179478,-0.15553765833606842,-0.019057166691988252,0.11291951399793257
57.92,0.03200000000000358,-0.11440650758893571,-1.1712279490146602,-0.08723252131694889,-0.06817535462496063
57.952,0.031999999999996476,0.0010388661396950557,-0.3985836470959458,-0.034347784698466735,0.052884736618482156
57.984,0.03200000000000358,-0.1352962597639564,-0.9748223003975235,-0.07367151870759081,-0.039323734009124076
58.016,0.031999999999996476,-0.12256285565601814,-0.9319521983108789,-0.07278896459011161,0.0008825541174792007
58.048,0.03200000000000358,0.0012855374631698903,-0.3534381213873763,-0.0301939593021484,0.042595005287963214
58.08,0.031999999999996476,-0.01729868891650954,-0.6284064496700127,-0.0479562220710545,-0.017762262768906103
58.112,0.03200000000000358,-0.0021347444307693066,-0.41660778022815553,-0.033405898996465164,0.014550323074589339
58.144,0.031999999999996476,-0.10984675542486615,-1.0062265785945748,-0.07592662224641858,-0.042520723249953415
58.176,0.03200000000000358,-0.09892007766158652,-0.9961122321022805,-0.07763749305528159,-0.0017108708088630076
58.208,0.031999999999996476,-0.08544730934525069,-0.8081375986336562,-0.06391256292705193,0.01372493012822966
58.24,0.03200000000000358,-0.0011917749720752266,-0.30991217375380997,-0.02648062477213897,0.037431938154912955
58.272,0.031999999999996476,-0.03568429901295025,-0.7058973876295533,-0.05344055582259762,-0.026959931050458654
58.304,0.03200000000000358,-0.012531323084227252,-0.3816863176934028,-0.031154372261666563,0.02228618356093106
58.336,0.031999999999996476,-0.013672691521124724,-0.7120997167856463,-0.0541664876460549,-0.02301211538438834
58.368,0.03200000000000358,-0.0059462755542534235,-0.5640180327082581,-0.04460499525742103,0.009561492388633873
58.4,0.031999999999996476,-0.0020674761720731764,-0.5031372140586168,-0.03957582992614298,0.005029165331278049
58.432,0.03200000000000358,-0.0007677103087427156,-0.4891307688446875,-0.038255463695889814,0.0013203662302531671
58.464,0.031999999999996476,-0.004637895023525664,-0.34797350274567546,-0.0277985028494594,0.010456960846430413
58.496,0.03200000000000358,-0.0016930401963359458,-0.6550118996030064,-0.049774505393427856,-0.021976002543968455
58.528,0.031999999999996476,0.0027924284403635018,-0.41281327214331204,-0.033231817831824745,0.01654268756160311
58.56,0.03200000000000358,0.0038945385616723886,-0.49206043943295213,-0.038104678366740294,-0.004872860534915549
58.592,0.031999999999996476,-0.0034985500411950795,-0.40784961414560916,-0.03219310094598472,0.0059115774207555705
58.624,0.03200000000000358,-0.0028673229909386565,-0.4046838720710678,-0.031619021643893644,0.0005740793020910795
58.656,0.031999999999996476,-0.0005973538178649596,-0.3870154462500259,-0.03028654053834993,0.0013324811055437126
58.688,0.03200000000000358,-0.04326656177459011,-0.531891576444295,-0.040863841062428276,-0.010577300524078345
58.72,0.031999999999996476,-0.0009907873978353909,-0.34836373160948414,-0.027977779588431412,0.012886061473996863
58.752,0.03200000000000358,-0.0009198493200677914,-0.21180500468264377,-0.017191319433708076,0.010786460154723336
58.784,0.031999999999996476,-0.0017044980978102482,-0.3144813636277134,-0.024119469729605398,-0.0069281502958973215
58.816,0.03200000000000358,-0.0028450155604621114,-0.31793434084230465,-0.024773358183559708,-0.0006538884539543099
58.848,0.031999999999996476,-0.06982588254169522,-0.5799508435911862,-0.04407985952090605,-0.019306501337346346
58.88,0.03200000000000358,-0.0003130197384127919,-0.24390104717222363,-0.02048122789352367,0.023598631627382384
58.912,0.031999999999996476,-0.03611496629697426,-0.5503237745886718,-0.041653297432349454,-0.021172069538825784
58.944,0.03200000000000358,0.004010061589822908,-0.34408413090098816,-0.027708631371185653,0.013944666061163801
58.976,0.031999999999996476,-0.013612807849576948,-0.6094567419215847,-0.046419180581553574,-0.01871054921036792
59.008,0.03200000000000358,-0.0011947595506055112,-0.23568521120452476,-0.02001208030306253,0.026407100278491042
59.04,0.031999999999996476,-0.0287774292635938,-0.2670771920178528,-0.02079619613588446,-0.0007841158328219279
59.072,0.03200000000000358,-0.12720913859572164,-0.6821103292533498,-0.05136309333872769,-0.03056689720284323
59.104,0.031999999999996476,-0.06964779213764338,-0.5955308842880072,-0.04676062013229213,0.004602473206435559
59.136,0.03200000000000358,0.004893690371365146,-0.2930645718367989,-0.02425148247099928,0.022509137661292852
59.168,0.031999999999996476,-0.09313356533754635,-0.6164915850926939,-0.046736946523932066,-0.022485464052932787
59.2,0.03200000000000358,-0.07234048171763176,-0.5456274651650562,-0.042823648197260096,0.00391329832667197
59.232,0.031999999999996476,-0.0015557566210516744,-0.11749217803114485,-0.0111125711035442,0.0317110770937159
59.264,0.03200000000000358,0.0007176751720275659,-0.048677444897308186,-0.004221268805235357,0.006891302298308842
59.296,0.031999999999996476,-0.002605022697830894,-0.3860992609518266,-0.028637517058680423,-0.024416248253445065
59.328,0.03200000000000358,-0.04337336790605739,-0.43715659015401276,-0.03380181210803625,-0.005164295049355824
59.36,0.031999999999996476,-0.003817348756298935,-0.2600294650394224,-0.021073973197840188,0.01272783891019606
59.392,0.03200000000000358,-0.00031929331449199246,-0.37982074640305635,-0.02914868475977062,-0.008074711561930431
59.424,0.031999999999996476,-0.005140066588952314,-0.374186604601956,-0.029200494347578758,-5.180958780813885e-05
59.456,0.03200000000000358,0.004243097779463851,-0.12580457615109458,-0.010937414635530511,0.018263079712048248
59.488,0.031999999999996476,-0.0022426897225654107,-0.30990221536231566,-0.02342168597229056,-0.01248427133676005
59.52,0.03200000000000358,-0.0033701596570162207,-0.14808367301314096,-0.012242219186747245,0.011179466785543317
59.552,0.031999999999996476,-0.0031340986947146965,-0.1570775147726482,-0.01225824803899432,-1.6028852247074524e-05
59.584,0.03200000000000358,-0.00013337459391982932,-0.11482763240888515,-0.009152107451058662,0.003106140587935657
59.616,0.031999999999996476,-0.0007831232166334601,-0.2947456508996507,-0.02220400465132606,-0.013051897200267396
59.648,0.03200000000000358,-0.004933133399445234,-0.22734188561787727,-0.01800059047427329,0.004203414177052767
59.68,0.031999999999996476,-0.0018670538861916507,-0.3233828576480075,-0.02482080608694749,-0.006820215612674201
59.712,0.03200000000000358,0.003948913291859245,-0.18053679517834495,-0.014709599055493362,0.01011120703145413
59.744,0.031999999999996476,-0.0011275148206423065,-0.1853103249398129,-0.014476934857947873,0.00023266419754548913
59.776,0.03200000000000358,-0.005891705651726523,-0.246582315285966,-0.01896945941678593,-0.004492524558838057
59.808,0.031999999999996476,0.0019737777582826996,-0.1328967354997752,-0.010868345428883083,0.008101113987902846
59.84,0.03200000000000358,0.00041320123295041626,-0.3212490757457958,-0.024252149353395282,-0.013383803924512199
59.872,0.031999999999996476,0.10846272229187459,0.19868844000250438,0.013211538664516038,0.03746368801791132
59.904,0.03200000000000358,0.07329351460641234,0.07432575782160215,0.006228623008769469,-0.006982915655746569
59.936,0.031999999999996476,0.00625040272591497,-0.11685094768711443,-0.008233672497810736,-0.014462295506580205
59.968,0.03200000000000358,0.12503696358350988,0.5056709062173026,0.036711830659399994,0.04494550315721073
60.0,0.031999999999996476,-0.0017292917266543868,-0.21470083394508238,-0.013669807830376038,-0.05038163848977603
60.032000000000004,0.03200000000000358,0.0005930265615225479,-0.17655188390614818,-0.013772810931974803,-0.00010300310159876494
60.064,0.031999999999996476,0.07127341085355794,0.07221278196351873,0.004515452668180505,0.018288263600155306
60.096000000000004,0.03200000000000358,0.00865120222775951,0.06355597382162748,0.004934593628926987,0.00041914096074648164
60.128,0.031999999999996476,0.0021202162684643153,-0.10527790674423462,-0.007457291568284081,-0.012391885197211069
60.160000000000004,0.03200000000000358,0.10218209043716486,0.5841006202070177,0.04252438934592695,0.04998168091421103
60.192,0.031999999999996476,-0.0013543786529887126,-0.12271398254962196,-0.006569520290709612,-0.04909390963663656
60.224000000000004,0.03200000000000358,0.00028714407687340215,-0.01686717689835078,-0.0016196683575936037,0.004949851933116009
60.256,0.031999999999996476,0.0007670977756091194,-0.1378434741607807,-0.010230542272502696,-0.008610873914909093
60.288000000000004,0.03200000000000358,0.00137622130166419,0.04968202488460564,0.003063027592343802,0.013293569864846498
60.32,0.031999999999996476,0.0019728972687920636,-0.12679746726635607,-0.00914788870468938,-0.012210916297033182
60.352000000000004,0.03200000000000358,0.005787967798115442,0.06746633199778018,0.004433390157714297,0.013581278862403677
60.384,0.031999999999996476,0.0016629120858046007,0.11168644198006843,0.008469381765985743,0.004035991608271446
60.416000000000004,0.03200000000000358,0.0030027820300803864,-0.07382396409387536,-0.00494010144194562,-0.013409483207931363
60.448,0.031999999999996476,-0.00027409559727503593,0.04493949022235388,0.003019672789412161,0.007959774231357781
60.480000000000004,0.03200000000000358,-0.0031561655997114583,0.00831301106933966,0.0007856636423759527,-0.002234009147036208
60.512,0.031999999999996476,0.0039006666006767892,0.1834398380417039,0.013535562876964924,0.01274989923458897
60.544000000000004,0.03200000000000358,-0.002619206503903008,0.24022640805988318,0.0184477000234079,0.004912137146442978
60.576,0.031999999999996476,-0.002317426674272777,0.049222284817849266,0.004684786684528935,-0.013762913338878966
60.608000000000004,0.03200000000000358,0.0044923021953431315,-0.03344628222272299,-0.0021891987553587125,-0.006873985439887648
60.64,0.031999999999996476,0.009225513636537234,0.09075705157307078,0.006547913704229606,0.008737112459588319
60.672000000000004,0.03200000000000358,0.013238619603686108,-0.02282742346610127,-0.0013007288725019144,-0.00784864257673152
60.704,0.031999999999996476,0.057169761734766435,0.3268594728378628,0.023962229789156405,0.02526295866165832
60.736000000000004,0.03200000000000358,0.07382717699024346,0.25806613838687104,0.020361559697849595,-0.0036006700913068096
60.768,0.031999999999996476,0.0014021679521468695,0.035092263023254855,0.0037561470353042205,-0.016605412662545376
60.800000000000004,0.03200000000000358,0.002894805508704176,0.09880472034619615,0.007482960418363727,0.0037268133830595063
60.832,0.031999999999996476,0.06265375618370748,0.16881222378786978,0.012846473578194243,0.005363513159830516
60.864000000000004,0.03200000000000358,9.488348568963726e-05,0.0014710962576585454,0.000849799824719887,-0.011996673753474355
60.896,0.031999999999996476,0.1299025037351302,0.7474321683360277,0.05501538911593122,0.05416558929121133
60.928000000000004,0.03200000000000358,0.0024999768896919027,-0.07448309122007969,-0.002301515720258397,-0.05731690483618962
60.96,0.031999999999996476,0.1133901408405104,0.3135687842044621,0.022927055034862424,0.02522857075512082
60.992000000000004,0.03200000000000358,0.05628299154300215,0.3798084183931133,0.02925475486067659,0.006327699825814166
61.024,0.031999999999996476,-0.0016538977680086683,-0.10074983426640394,-0.00572031561264692,-0.03497507047332351
61.056000000000004,0.03200000000000358,0.08150970418440709,0.6234911172998061,0.0455214494443211,0.05124176505696802
61.088,0.031999999999996476,-0.003566444228843,0.19190756961441793,0.01674083743404986,-0.02878061201027124
61.120000000000005,0.03200000000000358,0.005141267718761732,-0.020624330046881433,-0.0005502847963783123,-0.017291122230428172
61.152,0.031999999999996476,0.04098105650914588,0.28528152148770203,0.020947900273756804,0.021498185070135116
61.184000000000005,0.03200000000000358,0.001992659509153986,-0.003338474276384078,0.0009637908103040897,-0.019984109463452714
61.216,0.031999999999996476,0.09729498811006597,0.5599513666051061,0.041234589085982855,0.04027079827567877
61.248000000000005,0.03200000000000358,0.06232694990029308,0.226766700940561,0.019056909352335456,-0.0221776797336474
61.28,0.031999999999996476,0.021586212520532888,0.18911212612474151,0.015007486392581617,-0.004049422959753839
61.312000000000005,0.03200000000000358,0.12520086401102132,0.7380806068444767,0.055144983355100256,0.04013749696251864
61.344,0.031999999999996476,-0.0021560590945712147,0.03492495121122513,0.005751857857403944,-0.04939312549769631
61.376000000000005,0.03200000000000358,0.0010847918892796396,0.05857502661358804,0.004639670174411688,-0.0011121876829922562
61.408,0.031999999999996476,0.05621700189992011,0.43789230963916925,0.03247054351567013,0.02783087334125844
61.44,0.031999999999996476,-0.0024876104439884527,-0.08918513678341951,-0.004684200626828831,-0.03715474414249896
61.472,0.03200000000000358,0.12130531174799826,0.957456142673271,0.07014112701729741,0.07482532764412625
61.504,0.031999999999996476,-0.0003078475179757142,0.09900963771115211,0.011330373762298174,-0.05881075325499924
61.536,0.03200000000000358,-0.0002673644315798262,0.23238647331895854,0.017743845912807955,0.006413472150509782
61.568,0.031999999999996476,-0.0006693275775986689,0.1065658877969492,0.008861215387446936,-0.00888263052536102
61.6,0.03200000000000358,0.004998368774649993,0.2546728372742764,0.0192402479300943,0.010379032542647363
61.632,0.031999999999996476,0.0007116369059591,-0.0897355070868198,-0.0054884477468521665,-0.024728695676946466
61.664,0.03200000000000358,0.11169130181724368,0.2940999336095028,0.021311332705414313,0.02679978045226648
61.696,0.031999999999996476,0.1291310967404513,0.5547341792212185,0.042025560773273185,0.020714228067858872
61.728,0.03200000000000358,0.09119659948509382,0.5969668590724964,0.04632717489921428,0.004301614125941093
61.76,0.031999999999996476,0.05433221037706859,0.20841140314636192,0.01800104687764709,-0.028326128021567188
61.792,0.03200000000000358,0.12490910399305799,0.6447664717832703,0.048455456212841835,0.030454409335194745
61.824,0.031999999999996476,0.10665353243977124,0.7414528815390928,0.0573239016521675,0.008868445439325662
61.856,0.03200000000000358,0.002708914872764766,0.1505793606282449,0.014382896266009441,-0.042941005386158054
61.888,0.031999999999996476,0.10839096806590916,0.6939289515811149,0.05186200361449715,0.03747910734848771
61.92,0.03200000000000358,0.09241659646312259,0.5762424529197571,0.04537094615069402,-0.006491057463803129
61.952,0.031999999999996476,0.08734221582625301,0.49458243767839394,0.0389909273721642,-0.006380018778529825
61.984,0.03200000000000358,0.08606735721071111,0.4805648031748196,0.03759175475525581,-0.0013991726169083896
62.016,0.031999999999996476,0.08187080658491583,0.4512954752375867,0.035358508804269925,-0.002233245950985882
62.048,0.03200000000000358,0.05222130139195216,0.587664260911046,0.04525817696149417,0.009899668157224248
62.08,0.031999999999996476,0.030966172274899353,0.21242202521307874,0.018234276667734348,-0.027023900293759825
62.112,0.03200000000000358,0.0012139348024720257,0.29621586826707785,0.02283643002288934,0.004602153355154993
62.144,0.031999999999996476,0.12430931964937054,0.9328169579592845,0.06991789642059514,0.047081466397705794
62.176,0.03200000000000358,0.0016932418999627366,0.2791873236455983,0.02456779470037987,-0.045350101720215266
62.208,0.031999999999996476,-0.002637388370505172,0.0638212348847469,0.006111704200951986,-0.018456090499427882
62.24,0.03200000000000358,0.006782181563885025,0.25048676870937037,0.01877367675445784,0.012661972553505853
62.272,0.031999999999996476,-0.0007248827857603276,0.2661734756320606,0.020658244733365937,0.0018845679789080971
62.304,0.03200000000000358,0.003705014772279277,0.27309629833991494,0.02127614505483212,0.0006179003214661846
62.336,0.031999999999996476,0.006262273236834778,-0.021546648850073326,-0.00035629320356156126,-0.021632438258393682
62.368,0.03200000000000358,-6.511177319980336e-05,0.11306467159176387,0.008294233080377116,0.008650526283938677
62.4,0.031999999999996476,-0.0015498583431684425,0.3879211015304106,0.029006624099022403,0.020712391018645287
62.432,0.03200000000000358,-0.07728796245219643,-0.03606699959152982,-0.0009778496597880005,-0.029984473758810404
62.464,0.031999999999996476,-0.021168767419637195,0.1266146240762629,0.00925481777418218,0.01023266743397018
62.496,0.03200000000000358,-0.11309224483873571,-0.08391212531408779,-0.005636644606659419,-0.014891462380841599
62.528,0.031999999999996476,-0.08508686561517183,-0.17535378774086174,-0.013220955563839489,-0.007584310957180069
62.56,0.03200000000000358,-0.020543711893216687,0.10286758863924399,0.0068016721960310325,0.020022627759870522
62.592,0.031999999999996476,-0.10739661124951261,-0.3143003952098828,-0.022721067990586735,-0.02952274018661777
62.624,0.03200000000000358,0.003282734743009455,0.13352440860675593,0.008507748950885817,0.031228816941472552
62.656,0.031999999999996476,-0.003994833364620395,0.0023594099876324045,0.0006646560460419011,-0.007843092904843916
62.688,0.03200000000000358,-0.003803488645387009,0.030061417416468804,0.0022490934264312173,0.0015844373803893161
62.72,0.031999999999996476,0.009840086063147003,0.22757969813985526,0.016866100638300026,0.014617007211868809
62.752,0.03200000000000358,0.0037177567022164165,0.052737705253035796,0.004852007225628866,-0.012014093412671161
62.784,0.031999999999996476,-0.08850465667766548,-0.2343585740209066,-0.016954680713986463,-0.021806687939615328
62.816,0.03200000000000358,-0.013053819309017932,-0.03139819572736044,-0.0032878085077099432,0.01366687220627652
62.848,0.031999999999996476,0.0008445612061045226,0.021388689618043168,0.0013831269259810901,0.004670935433691034
62.88,0.03200000000000358,-0.0494429415870643,-0.1030128409416,-0.007495741013730317,-0.008878867939711406
62.912,0.031999999999996476,-0.00014894870991630408,0.015337378504435338,0.0006951920730002233,0.00819093308673054
62.944,0.03200000000000358,-6.706039548105166e-05,-0.016648006801675788,-0.0011841653937616275,-0.0018793574667618509
62.976,0.031999999999996476,0.001194291215971451,0.033052546728135734,0.002362330996766646,0.0035464963905282735
63.008,0.03200000000000358,-0.0062903351123671835,-0.07356295001226505,-0.0052734608162820435,-0.007635791813048689
63.04,0.031999999999996476,-0.003768622565290642,0.07779741370532144,0.005416807395539052,0.010690268211821095
63.072,0.03200000000000358,0.0007844298397007508,-0.15979468912572867,-0.011438630336831188,-0.01685543773237024
63.104,0.031999999999996476,0.0022155249121389494,0.0768004883154946,0.004987583725627454,0.016426214062458644
63.136,0.03200000000000358,0.003066839564566241,0.14148528850207132,0.01069278877237012,0.005705205046742665
63.168,0.031999999999996476,-0.0003529688354663773,0.016346825616342903,0.0018194340934441422,-0.008873354678925978
63.2,0.03200000000000358,-0.0018375068308421763,-0.20443798358773532,-0.014929381366699636,-0.016748815460143777
63.232,0.031999999999996476,-0.002523205819727124,0.04953128620251977,0.002780682587855608,0.017710063954555245
63.264,0.03200000000000358,-0.0012187006372749768,0.018723798041864595,0.0015374785904788385,-0.0012432039973767695
63.296,0.031999999999996476,0.0021088038701880777,-0.06244717862428914,-0.004503622439385443,-0.006041101029864281
63.328,0.03200000000000358,0.0011127184836204822,0.07522905913528219,0.005272372078273615,0.009775994517659058
63.36,0.031999999999996476,-0.12511676951867098,-0.5359211343006002,-0.03910739242676536,-0.04437976450503897
63.392,0.03200000000000358,-0.0764567650157295,-0.33095522535987004,-0.026596155935790622,0.012511236490974735
63.424,0.031999999999996476,5.175069063656526e-05,-0.14554501145164964,-0.012238784664012741,0.01435737127177788
63.456,0.03200000000000358,-0.0014428079614397036,0.23959824658722353,0.016913575571846855,0.029152360235859598
63.488,0.031999999999996476,-0.13024868834763445,-0.5114160359442811,-0.03663324600091052,-0.05354682157275738
63.52,0.03200000000000358,-0.13028986479270352,-0.5493528860953898,-0.04251433918268161,-0.005881093181771088
63.552,0.031999999999996476,-0.130458978464794,-0.5021281770816504,-0.03938093347110276,0.0031334057115788502
63.584,0.03200000000000358,-0.0848886815836792,-0.3819449386721528,-0.030361742274376265,0.009019191196726496
63.616,0.031999999999996476,-0.13014857396721516,-0.4521510136049966,-0.03500404333654816,-0.0046423010621718976
63.648,0.03200000000000358,-0.13663223450040862,-0.6384510453839647,-0.04897258563047176,-0.013968542293923594
63.68,0.031999999999996476,-0.022936914717721853,-0.3865493492200578,-0.03125406890277821,0.017718516727693548
63.712,0.03200000000000358,-0.13943021524485225,-0.9143033120767919,-0.06904234123881989,-0.03778827233604168
63.744,0.031999999999996476,-0.08938005842394882,-0.6695674831117518,-0.053225895056936715,0.015816446181883173
63.776,0.03200000000000358,-0.002217525329598815,-0.1284929125301516,-0.012522079728625308,0.04070381532831141
63.808,0.031999999999996476,-0.0009541442405313089,-0.2145279787417975,-0.016499324263036356,-0.003977244534411048
63.84,0.03200000000000358,-0.12594821164498066,-0.8182299636268247,-0.06112530763151259,-0.04462598336847623
63.872,0.031999999999996476,-0.10823634918782628,-0.6889247412942903,-0.05419238915906954,0.006932918472443046
63.904,0.03200000000000358,-0.02206933125434841,-0.03457706702669463,-0.005671281991216665,0.04852110716785288
63.936,0.031999999999996476,-0.11361590887914444,-0.8851334483259887,-0.0654203121553974,-0.05974903016418073
63.968,0.03200000000000358,-0.015462900093595393,-0.592661283710007,-0.04736109933460759,0.01805921282078981
64.0,0.031999999999996476,-0.0019641016112460045,-0.2712082353415782,-0.02267882764518643,0.024682271689421158
64.032,0.031999999999996476,-0.07755025512345504,-0.5744104268240422,-0.04355150070050842,-0.02087267305532199
64.06400000000001,0.03200000000001069,-0.0013053285744252239,-0.2686896955833855,-0.02227368904495401,0.021277811655554413
64.096,0.031999999999996476,-0.09624849124730592,-0.6741887093023043,-0.05086582991635485,-0.02859214087140084
64.128,0.031999999999996476,-0.0017523327795024165,-0.3371496999252006,-0.02773050275110598,0.023135327165248867
64.16,0.031999999999996476,-0.10791228969770723,-0.7644235969483646,-0.05781674081541276,-0.030086238064306776
64.19200000000001,0.03200000000001069,0.0032000642431518223,-0.08241265394021935,-0.0093983523665479,0.048418388448864855
64.224,0.031999999999996476,-0.0014458185699054936,-0.2708764077551272,-0.020462870595886695,-0.011064518229338795
64.256,0.031999999999996476,-0.046057012351394186,-0.43544109850251783,-0.033203739661736204,-0.012740869065849508
64.288,0.031999999999996476,-0.04442044317106229,-0.524646822333271,-0.0404994674193068,-0.007295727757570598
64.32000000000001,0.03200000000001069,0.0001323073532988055,-0.14934236209388183,-0.013320668040744055,0.027178799378562747
64.352,0.031999999999996476,-0.07070472740913016,-0.5802501029034562,-0.043440713878176225,-0.03012004583743217
64.384,0.031999999999996476,0.00128366908422984,-0.23026708520489508,-0.01944168595376257,0.023999027924413656
64.416,0.031999999999996476,-0.03646701450372297,-0.4860919396277878,-0.03686966194304246,-0.017427975989279892
64.44800000000001,0.03200000000001069,-0.05777536630503422,-0.37051126254025185,-0.029375933752429778,0.0074937281906126835
64.48,0.031999999999996476,-0.01317943238221724,-0.2790146308963341,-0.022214644719222784,0.007161289033206994
64.512,0.031999999999996476,-0.006805193946150462,-0.2246751403519339,-0.017805091664695086,0.004409553054527698
64.544,0.031999999999996476,-0.1203070312181074,-0.5754531132717993,-0.04334682381442748,-0.025541732149732398
64.57600000000001,0.03200000000001069,-0.11943923085567063,-0.6985649192814283,-0.05387499455624017,-0.010528170741812684
64.608,0.031999999999996476,-0.06947123260742949,-0.4403627159230554,-0.035494527625364314,0.018380466930875854
64.64,0.031999999999996476,-0.09298431306696739,-0.8460687404876347,-0.06426915316028428,-0.028774625534919968
64.672,0.031999999999996476,-0.0023985249112146987,-0.22241729333814508,-0.02006681707375851,0.04420233608652577
64.70400000000001,0.03200000000001069,-0.03020065530967182,-0.5505843030267643,-0.04164853319823979,-0.021581716124481277
64.736,0.031999999999996476,-0.0029477909461586085,-0.04027315201345985,-0.005366028134584357,0.03628250506365543
64.768,0.031999999999996476,-0.133495109564264,-0.9638917587966089,-0.07119459412283112,-0.06582856598824677
64.8,0.031999999999996476,-0.001814279842348223,-0.33940773595947626,-0.02907012004308712,0.042124474079744
64.83200000000001,0.03200000000001069,-0.08337735989255415,-0.7264665911455624,-0.055102708882143386,-0.026032588839056268
64.864,0.031999999999996476,-0.06763659089818647,-0.40969522339957587,-0.03331010809472411,0.021792600787419278
64.896,0.031999999999996476,-0.06744927741821398,-0.6085634226655304,-0.046676853766722225,-0.013366745671998116
64.928,0.031999999999996476,-0.10355200279534843,-0.7104968234836497,-0.05494470905210521,-0.008267855285382986
64.96000000000001,0.03200000000001069,-0.1242168623412833,-0.8921080645330519,-0.06877773651558718,-0.013833027463481966
64.992,0.031999999999996476,-0.0008829528505649678,-0.46809871502354045,-0.0383945608316132,0.030383175683973973
65.024,0.031999999999996476,-0.021366386511449717,-0.37686255172122046,-0.02993104000397388,0.008463520827639324
65.056,0.031999999999996476,-0.11274390153085262,-0.8012057673954162,-0.06064874494767875,-0.030717704943704873
65.08800000000001,0.03200000000001069,-0.1116536295375246,-0.7760847753291807,-0.060574646279828545,7.40986678502073e-05
65.12,0.031999999999996476,-0.13446013250500752,-0.9569299593371492,-0.07386976442615198,-0.013295118146323434
65.152,0.031999999999996476,-0.019875327020866706,-0.3487764282687771,-0.02991353091214196,0.04395623351401002
65.184,0.031999999999996476,-0.13026195733246657,-0.8403650279809134,-0.06352751505713669,-0.03361398414499473
65.21600000000001,0.03200000000001069,-0.13382969382416565,-0.808744338559796,-0.06314262670095958,0.0003848883561771155
65.248,0.031999999999996476,-0.11376068706274374,-0.7952293725951418,-0.06212651379286623,0.0010161129080933431
65.28,0.031999999999996476,0.0015741315004520497,-0.30948466025932064,-0.026346078363488793,0.035780435429377436
65.312,0.031999999999996476,-0.10417737781896969,-0.8895627835334764,-0.06693958339820673,-0.04059350503471794
65.34400000000001,0.03200000000001069,-0.12742201058741162,-0.7674971673235375,-0.060306275944339585,0.006633307453867143
65.376,0.031999999999996476,-0.007443207811920337,-0.5080194379410906,-0.04084129023072489,0.019464985713614692
65.408,0.031999999999996476,-0.00010126046258160914,-0.5052304392537915,-0.03951249096079648,0.0013287992699284115
65.44,0.031999999999996476,-0.004613481417543735,-0.4111657215440192,-0.032518239957952964,0.006994251002843517
65.47200000000001,0.03200000000001069,-0.010597886927603205,-0.3749261361262479,-0.029449400977587952,0.003068838980365012
65.504,0.031999999999996476,-0.13032175307466173,-1.1461719610652865,-0.08598983238952002,-0.05654043141193206
65.536,0.031999999999996476,-0.0022988047432495502,-0.29615199564346445,-0.026743198563703312,0.0592466338258167
65.568,0.031999999999996476,-0.0037524830037676364,-0.5232122196988166,-0.04002100533691158,-0.013277806773208268
65.6,0.031999999999996476,-0.004851568978907049,-0.22917846600816255,-0.019164212031007363,0.020856793305904217
65.632,0.03200000000001069,-0.0017763653763440978,-0.4715426645577566,-0.035783686645249106,-0.016619474614241743
65.664,0.031999999999996476,0.020602382040026925,-0.4273246912109113,-0.03349131381287188,0.0022923728323772236
65.696,0.031999999999996476,0.012453226212087694,-0.4602016736231627,-0.03577675797663385,-0.002285444163761967
65.728,0.031999999999996476,0.005085039717190947,-0.3235978907403773,-0.025862821426094636,0.009913936550539213
65.76,0.03200000000001069,-0.0010601323272516933,-0.301993434373919,-0.02370170239692626,0.0021611190291683756
65.792,0.031999999999996476,0.01838169826096792,-0.3519890023092171,-0.027253628378497145,-0.0035519259815708845
65.824,0.031999999999996476,-0.004234126940250204,-0.5888460555154418,-0.044877199131678334,-0.01762357075318119
65.856,0.031999999999996476,-0.006738763234974331,-0.4342952550859457,-0.034528890748956695,0.01034830838272164
65.888,0.03200000000001069,0.0005920523510648915,-0.1588763359312506,-0.01367712275107969,0.020851767997877003
65.92,0.031999999999996476,0.0036888837392055674,-0.2578132363537104,-0.019749211480608028,-0.006072088729528339
65.952,0.031999999999996476,0.0003117812609534163,-0.44842455420612004,-0.03411734705238986,-0.014368135571781834
65.984,0.031999999999996476,-0.0009401919957818225,-0.5174481205541144,-0.04002281497207239,-0.005905467919682529
66.016,0.03200000000001069,0.028624677349748467,-0.2096295550236157,-0.017726685157868252,0.02229612981420414
66.048,0.031999999999996476,0.0005652851209719154,-0.3912255076792734,-0.029794157635549344,-0.012067472477681092
66.08,0.031999999999996476,0.03738193352482273,-0.0038729465587599606,-0.0020048066114624354,0.02778935102408691
66.112,0.031999999999996476,0.0005468091316097427,-0.3180003859915245,-0.023501556051001803,-0.02149674943953937
66.144,0.03200000000001069,0.006816311818523024,-0.061648628746912834,-0.0058903772795226685,0.017611178771479136
66.176,0.031999999999996476,-0.005484699582919675,-14.034415315373968,-1.0324341271906452,-1.0265437499111225
66.208,0.031999999999996476,0.39334980541920544,4.79531021386268,0.29304672922621144,1.3254808564168568
66.24,0.031999999999996476,0.2883606413675281,-12.063266714411188,-0.870218049122563,-1.1632647783487744
66.272,0.03200000000001069,-0.006605463935600469,5.570134276562133,0.35939205088990445,1.2296101000124673
66.304,0.031999999999996476,0.3852173955339316,-18.59501640095255,-1.346734346301219,-1.7061263971911234
66.336,0.031999999999996476,-0.1779555822974481,4.424808556426953,0.24765569161497983,1.5943900379161988
66.368,0.031999999999996476,-0.009114387137653699,-16.526382238403688,-1.201056958411967,-1.448712650026947
66.4,0.03200000000001069,-0.008970245459853634,7.699370483045424,0.4968775386595109,1.6979344970714778
66.432,0.031999999999996476,-0.0073044698288676334,-15.603452672075006,-1.1187971616581327,-1.6156747003176437
66.464,0.031999999999996476,-0.007260677796982116,6.958457700482659,0.4471394270172837,1.5659365886754164
66.496,0.031999999999996476,-0.005007390264181654,-15.35705684958162,-1.1035484923792507,-1.5506879193965344
66.528,0.03200000000001069,-0.014351549900552239,6.647257309786946,0.42513397141265147,1.528682463791902
66.56,0.031999999999996476,-0.008821111024176884,-16.26284681605388,-1.171430846337325,-1.5965648177499765
66.592,0.031999999999996476,-0.006292321716855277,8.23594638477508,0.538047740138276,1.7094785864756012
66.624,0.031999999999996476,-0.006048813124621145,-13.032405303294038,-0.9273450380412922,-1.4653927781795684
66.656,0.03200000000001069,-0.009170123589396676,5.66679122063353,0.3632023360620029,1.2905473741032951
66.688,0.031999999999996476,-0.007353732308423984,-12.547798009362879,-0.9018005718160176,-1.2650029078780205
66.72,0.031999999999996476,-0.034325819151866686,3.7877646175058075,0.22649295253936122,1.1282935243553789
66.752,0.031999999999996476,-0.01622180151230044,-14.257026942536214,-1.0353897613467287,-1.26188271388609
66.784,0.03200000000001069,-0.0148836420248495,0.22677572856260575,-0.0430949576477847,0.992294803698944
66.816,0.031999999999996476,-0.14125551335508185,-10.05819669795111,-0.7421698955511561,-0.6990749379033714
66.848,0.031999999999996476,0.0006592124149670481,0.580258448554315,-0.00017244590773220884,0.7419974496434238
66.88,0.031999999999996476,-0.07488767819998518,-9.287500475609791,-0.6830148437746256,-0.6828423978668934
66.912,0.03200000000001069,-0.364903615661392,66.26529277510215,4.833734822969486,5.516749666744111
66.944,0.031999999999996476,-0.02931052496047411,-10.77266306880188,-0.5131770284432147,-5.346911851412701
66.976,0.031999999999996476,0.2696408551112308,3.852604860864963,0.25369619749500216,0.7668732259382168
67.008,0.031999999999996476,0.4082217139462254,5.3442682263095085,0.4076643433845481,0.15396814588954594
67.04,0.03200000000001069,-0.005529842861056535,0.7952714993696586,0.08201853279353793,-0.32564581059101017
67.072,0.031999999999996476,-0.2335180232443521,-6.7446886473557015,-0.49127107656366925,-0.5732896093572072
67.104,0.031999999999996476,-0.23740332634604658,-6.66891984686858,-0.5187945022776188,-0.027523425713949556
67.136,0.031999999999996476,-0.007517488583963331,-2.544039129453439,-0.21703874200186565,0.3017557602757531
67.168,0.03200000000001069,-0.007460039854053486,-5.3575959689588535,-0.40652826749744947,-0.18948952549558382
67.2,0.031999999999996476,-0.007519088257910417,-2.6930845280416227,-0.2215185481708428,0.18500971932660668
67.232,0.031999999999996476,-0.004329359781912196,-3.5920389624929974,-0.27694742041528964,-0.05542887224444684
67.264,0.031999999999996476,-0.004431675939404617,-5.410584405661717,-0.4138835218920222,-0.13693610147673257
67.296,0.03200000000001069,-0.002520424924867194,-2.535594126472866,-0.2103612804205106,0.2035222414715116
67.328,0.031999999999996476,-0.004712766355922806,-5.4151578321197995,-0.41037589625311816,-0.20001461583260755
67.36,0.031999999999996476,0.00013058544837194836,-2.5441735352592056,-0.2107897200925065,0.19958617616061167
67.392,0.031999999999996476,-0.0071447127301202725,-2.7107992802807264,-0.21152148923027975,-0.0007317691377732582
67.424,0.03200000000001069,-0.002973752047933042,-2.88995269217807,-0.22473871607764667,-0.013217226847366925
67.456,0.031999999999996476,-0.26178593348944773,-4.217397655170538,-0.32312233764461623,-0.09838362156696956
67.488,0.031999999999996476,-0.2277035494025463,-3.7048780030370425,-0.2911111220832524,0.032011215561363826
67.52,0.031999999999996476,-0.22530401075235515,-3.5099348691834016,-0.2749269819104835,0.016184140172768924
67.552,0.03200000000001069,-0.2607527679478149,-5.094287636357621,-0.3905063477833028,-0.1155793658728193
67.584,0.031999999999996476,-0.1654136495646249,-3.1766045843255215,-0.25615179197936566,0.13435455580393713
67.616,0.031999999999996476,-0.25982139436505614,-3.875782371179469,-0.2998133201855619,-0.04366152820619623
67.648,0.031999999999996476,-0.26062533587820125,-3.8345306786544273,-0.29930020113252637,0.0005131190530355267
67.68,0.03200000000001069,-0.26019839361325586,-3.6446930682469776,-0.28530987837446764,0.013990322758058726
67.712,0.031999999999996476,-0.25422158330488986,-1.6740317490316627,-0.13957935016587877,0.14573052820858887
67.744,0.031999999999996476,-0.260118288557373,-1.562731484468241,-0.12298141449834209,0.016597935667536687
67.776,0.031999999999996476,-0.2616985591760088,-1.818645290329392,-0.14084319022728273,-0.01786177572894064
67.808,0.03200000000001069,-0.41710724942224275,-4.105574011617951,-0.31005559022991375,-0.16921240000263102
67.84,0.031999999999996476,-0.4223590822433671,-4.137098319646844,-0.3221423707881546,-0.012086780558240862
67.872,0.031999999999996476,-0.4209683816569871,-4.144623717640633,-0.32339354895641526,-0.001251178168260647
67.904,0.031999999999996476,-0.4145818926671249,-2.9904227182847705,-0.23858557539458422,0.08480797356183103
67.936,0.03200000000001069,-0.4178776601454201,-4.104685680677248,-0.31563283992954816,-0.07704726453496394
67.968,0.031999999999996476,-0.2624474818684044,-1.7558325809631496,-0.14734551848123584,0.16828732144831232
68.0,0.031999999999996476,0.002373613647045262,-0.34329545414600326,-0.03375214635635927,0.11359337212487657
68.032,0.031999999999996476,-0.0014808554782839566,-0.5151158410804688,-0.03983021591191431,-0.006078069555555038
68.06400000000001,0.03200000000001069,-0.2003868163458548,-1.4599297863475393,-0.10966292880117605,-0.06983271288926174
68.096,0.031999999999996476,0.0038068541111089204,-0.11736045627730249,-0.014961454286382238,0.09470147451479381
68.128,0.031999999999996476,-0.08530234877721297,-0.9474610948996842,-0.07054021448113651,-0.05557876019475427
68.16,0.031999999999996476,0.2571907195762584,0.9271591110263703,0.06411126949982925,0.13465148398096577
68.19200000000001,0.03200000000001069,-0.2616132570312776,-1.890230824223907,-0.13530691849290638,-0.19941818799273564
68.224,0.031999999999996476,-0.004719962194229468,-0.28651580519359726,-0.02888158083619126,0.10642533765671512
68.256,0.031999999999996476,-0.1032063254286987,-3.085743505173667,-0.2285935833306425,-0.19971200249445126
68.288,0.031999999999996476,-0.00030411413310023474,-2.2198182318982576,-0.17644243232922574,0.05215115100141676
68.32000000000001,0.03200000000001069,-0.0033315782309910605,0.1794190804369422,0.003008660910317694,0.17945109323954345
68.352,0.031999999999996476,-0.0014367804639486914,-2.667317777290818,-0.19598146628005725,-0.19899012719037495
68.384,0.031999999999996476,-0.18289193891079245,-3.481172123047899,-0.26732001574332576,-0.07133854946326851
68.416,0.031999999999996476,-0.18185147269784718,-5.1018051691442885,-0.3906200457054566,-0.12330002996213085
68.44800000000001,0.03200000000001069,-0.003585643572054596,-2.207064635718139,-0.1848581682303958,0.2057618774750608
68.48,0.031999999999996476,-0.262665404722913,-6.601844459222191,-0.4961728284514672,-0.3113146602210714
68.512,0.031999999999996476,0.00017470166860909315,-0.03608678794784659,-0.03129743037816211,0.4648753980733051
68.544,0.031999999999996476,-0.2078727511489185,-1.5102622590664792,-0.112871800405452,-0.0815743700272899
68.57600000000001,0.03200000000001069,-0.0019516424239883164,-0.20851277994591386,-0.021850062013839804,0.09102173839161219
68.608,0.031999999999996476,-0.20973912579226955,-1.6263786547999104,-0.120865638585143,-0.0990155765713032
68.64,0.031999999999996476,-0.005219107037162948,-0.256134861053433,-0.025813677551314182,0.09505196103382882
68.672,0.031999999999996476,-0.003115905953688797,-0.284157653328624,-0.022387217988410476,0.003426459562903706
68.70400000000001,0.03200000000001069,-0.25888497908302566,-1.7194807120354108,-0.12774339448127026,-0.10535617649285978
68.736,0.031999999999996476,-0.0003747545719697467,-0.18770099197499138,-0.021178081824002683,0.10656531265726757
68.768,0.031999999999996476,-0.004136243765550648,-0.40704029037458234,-0.031156426283749407,-0.009978344459746723
68.8,0.031999999999996476,-0.08595496255116036,-0.9631390011496673,-0.072628092056362,-0.0414716657726126
68.83200000000001,0.03200000000001069,-0.06171731345131238,-0.647654503055473,-0.05182141162815981,0.020806680428202197
68.864,0.031999999999996476,-0.09674909767006992,-0.8955571763029475,-0.06885107989638571,-0.017029668268225905
68.896,0.031999999999996476,-0.16620779697602003,-1.2677894079004293,-0.09720822956457509,-0.028357149668189377
68.928,0.031999999999996476,0.00033034220336885676,-0.22327308214977998,-0.02203129448139222,0.07517693508318286
68.96000000000001,0.03200000000001069,-0.002653490518397586,-0.22521612299083868,-0.017834291010349432,0.004197003471042789
68.992,0.031999999999996476,-0.0010984328976724436,-2.4518611809941127,-0.18133998377976446,-0.163505692769415
69.024,0.031999999999996476,-0.00422555606096614,-0.14713740556528146,-0.02128910816534759,0.16005087561441686
69.056,0.031999999999996476,-0.0017678649783660792,-1.4710464308459934,-0.10941008830385285,-0.08812098013850525
69.08800000000001,0.03200000000001069,-0.0035528877431028646,-0.281851323114573,-0.027043553642675206,0.08236653466117765
69.12,0.031999999999996476,-0.0008533382128567001,-0.43575692978553837,-0.03360686272944833,-0.006563309086773123
69.152,0.031999999999996476,-0.0055340723668782284,-0.3993329186036238,-0.03130712647788209,0.0022997362515662367
69.184,0.031999999999996476,-0.0031985514543719676,-0.39031102695882075,-0.030510892869830726,0.0007962336080513666
69.21600000000001,0.03200000000001069,-0.00531330080614845,-0.3230219958245322,-0.025516476447076726,0.004994416422754
69.248,0.031999999999996476,-0.0036990598743638125,-2.4765141795062884,-0.18359645635514366,-0.15807997990806694
69.28,0.031999999999996476,-0.057117796496363546,-0.7126150201126633,-0.06300472410291595,0.1205917322522277
69.312,0.031999999999996476,-0.4164987920853168,-2.2868665478638404,-0.17181388853394833,-0.10880916443103238
69.34400000000001,0.03200000000001069,-0.0683373915689248,-0.7178957040701744,-0.06271287002274775,0.10910101851120058
69.376,0.031999999999996476,-0.0032292464575139034,-0.31895025224898826,-0.027076029946819038,0.03563684007592871
69.408,0.031999999999996476,0.05641979350659574,-0.13178048565232764,-0.011254241003131384,0.015821788943687652
69.44,0.031999999999996476,0.12898591811340368,0.15482973319211568,0.010736516693973934,0.021990757697105318
69.47200000000001,0.03200000000001069,0.12353294656009123,-0.07159950540844279,-0.004645634637716815,-0.015382151331690748
69.504,0.031999999999996476,0.41925309062818455,1.563699298316723,0.11472661237874064,0.11937224701645746
69.536,0.031999999999996476,0.09871507063465636,-0.24873773862684107,-0.011669168106304579,-0.1263957804850452
69.568,0.031999999999996476,0.21358917368861455,0.36417243124767407,0.026107672766894026,0.0377768408731986
69.60000000000001,0.03200000000001069,0.41678194732079105,1.5951854244428278,0.11881746930172375,0.09270979653482972
69.632,0.031999999999996476,0.10863161960512291,0.16482034023075226,0.018980148082997896,-0.09983732121872585
69.664,0.031999999999996476,0.14171692999519958,0.3835920710420185,0.02930515423497366,0.010325006151975763
69.696,0.031999999999996476,0.1454866685675022,0.23572404061226498,0.01902695886797465,-0.010278195366999008
69.728,0.031999999999996476,0.33026051137830276,1.278447195232173,0.09511570509953912,0.07608874623156447
69.76,0.03200000000001069,0.12940964513649025,0.4221762291541795,0.03653787745678171,-0.05857782764275741
69.792,0.031999999999996476,0.14608555649386445,0.6135019232911119,0.04722636836995775,0.010688490913176037
69.824,0.031999999999996476,0.14444769753644274,0.7297612096319153,0.056393139344192676,0.009166770974234927
69.856,0.031999999999996476,0.14588464515172486,0.7360679483763513,0.057386127574756765,0.0009929882305640889
69.888,0.03200000000001069,0.1376404305507943,0.6195482189813776,0.048874564577699786,-0.008511562997056979
69.92,0.031999999999996476,0.12446966760299928,0.6668034738196205,0.05185836203949955,0.0029837974617997615
69.952,0.031999999999996476,0.1332362709952037,1.0214695362182358,0.07811283647736747,0.026254474437867922
69.984,0.031999999999996476,0.03253573018265684,0.42109065350721026,0.03547648405220942,-0.04263635242515805
70.016,0.03200000000001069,0.1229473336149753,0.894973810142674,0.0678646014210662,0.032388117368856786
70.048,0.031999999999996476,0.12648026921781172,0.8527127358224492,0.06662644859082116,-0.0012381528302450456
70.08,0.031999999999996476,0.05600411604276791,0.5995492925121864,0.047937274206205395,-0.018689174384615766
70.112,0.031999999999996476,0.09879562425575862,0.8664764505643395,0.06648824906723126,0.018550974861025867
70.144,0.03200000000001069,0.043579144547122396,0.212333884739911,0.01945338728178317,-0.04703486178544809
70.176,0.031999999999996476,0.10778426482563351,0.9596427450732681,0.07169537094348197,0.0522419836616988
70.208,0.031999999999996476,0.10293708982512655,0.7575885143458826,0.05985213858924224,-0.01184323235423973
70.24,0.031999999999996476,0.12899814895587525,0.8978913704030849,0.0694863435207854,0.00963420493154317
70.272,0.03200000000001069,0.1371622267887089,0.8476746783758197,0.06634957038091162,-0.0031367731398737886
70.304,0.031999999999996476,0.13844854753656954,0.9626039527676238,0.07462041223096333,0.00827084185005171
70.336,0.031999999999996476,0.1392604042234181,1.0001197635907513,0.07785680152905261,0.0032363892980892817
70.368,0.031999999999996476,0.12991263605173325,0.9913575557251617,0.0773992605475414,-0.0004575409815112119
70.4,0.03200000000001069,0.13073509024769037,1.0017023600158117,0.0781336063792934,0.000734345831751998
70.432,0.031999999999996476,0.10472086364900693,0.8760498937516864,0.06893548865711367,-0.009198117722179724
70.464,0.031999999999996476,0.12656362233506604,1.0135127080245305,0.07851353630095342,0.009578047643839752
70.496,0.031999999999996476,0.058164546887019324,0.5628014646213771,0.04592106123088878,-0.032592475070064644
70.528,0.03200000000001069,0.1296405527173081,1.1418689665789827,0.08662428295670174,0.04070322172581296
70.56,0.031999999999996476,0.12753057126327155,0.7633750930945418,0.06113951722426479,-0.02548476573243695
70.592,0.031999999999996476,0.1271058605716623,1.051853625190601,0.08088308179229659,0.019743564568031793
70.624,0.031999999999996476,0.12921154741453772,0.9785931458302604,0.07663526732146,-0.004247814470836581
70.656,0.03200000000001069,0.13489840682219614,1.1028728316941665,0.0855296011576344,0.008894333836174398
70.688,0.031999999999996476,0.1343820155771954,0.9439910009555892,0.07435885702782263,-0.011170744129811769
70.72,0.031999999999996476,0.13336089897573555,0.8014867837051327,0.06323418785644752,-0.011124669171375112
70.752,0.031999999999996476,0.1301009591689033,1.2137111151357456,0.09290704166811714,0.02967285381166962
70.784,0.03200000000001069,0.07868588160610597,0.7625295005108048,0.06144003002061161,-0.03146701164750553
70.816,0.031999999999996476,-0.0009915674990037006,0.6853602583215566,0.05394842490717287,-0.007491605113438736
70.848,0.031999999999996476,0.13271015273503808,1.157008878538383,0.08820108781368684,0.034252662906513964
70.88,0.031999999999996476,0.004091003011470769,0.46497236114985124,0.039285940217943474,-0.04891514759574336
70.912,0.03200000000001069,0.049361118800709286,0.5432512145374253,0.04221875846510596,0.0029328182471624886
70.944,0.031999999999996476,0.1324265819526615,0.8958542201913525,0.06831857225963088,0.026099813794524918
70.976,0.031999999999996476,0.1399810878531284,1.1091710865862439,0.08551266111266762,0.017194088853036735
71.008,0.031999999999996476,0.13614239173572484,1.1058805282273378,0.08626327159882202,0.0007506104861544072
71.04,0.03200000000001069,0.1350000469717109,1.0701329262585975,0.08367771690422655,-0.0025855546945954683
71.072,0.031999999999996476,0.13200999775030006,1.1352762257870594,0.08831910821862607,0.004641391314399515
71.104,0.031999999999996476,0.08007577131330874,0.9659036502231005,0.07613135388841903,-0.012187754330207037
71.136,0.031999999999996476,0.0006034368277310356,0.5019246496617386,0.04130664527608085,-0.03482470861233818
71.168,0.03200000000001069,0.13218385339157956,1.1288987468645295,0.08540406408341321,0.04409741880733236
71.2,0.031999999999996476,0.002415116306699812,0.34118367393332033,0.03002102252087069,-0.05538304156254252
71.232,0.031999999999996476,0.13858676706105927,1.2654422136833572,0.09479399296677751,0.06477297044590682
71.264,0.031999999999996476,0.12590737975999453,0.9135629782330271,0.07265599814031089,-0.022137994826466625
71.296,0.03200000000001069,0.0059332469557312915,0.5713044027665054,0.04620821895180537,-0.026447779188505514
71.328,0.031999999999996476,0.009474262544636911,0.6510690292692813,0.05054732174926081,0.004339102797455439
71.36,0.031999999999996476,0.12313295556123662,1.2448202354303821,0.0944624123403112,0.04391509059105039
71.392,0.031999999999996476,0.0019827793230560915,0.5474943366766238,0.045716085480494786,-0.04874632685981642
71.424,0.03200000000001069,0.0013585383517388482,0.43776335716429166,0.03483236389663774,-0.010883721583857045
71.456,0.031999999999996476,-7.2799080449838715e-06,0.5772524640356291,0.04446211720065375,0.009629753304016012
71.488,0.031999999999996476,0.004371180095789122,0.4223348119227631,0.03362535475255746,-0.010836762448096296
71.52,0.031999999999996476,0.07527501739611986,0.5891692614350619,0.04526880165581846,0.011643446903261002
71.552,0.03200000000001069,0.06716555446208392,0.8708479500912426,0.06665568167311811,0.021386880017299652
71.584,0.031999999999996476,0.03704409586006696,0.3804131259881153,0.031823638483711794,-0.03483204318940632
71.616,0.031999999999996476,0.0038361787189061212,0.5417820017315698,0.04167992042515689,0.009856281941445097
71.648,0.031999999999996476,-0.00016701291999683438,0.5642231371249576,0.043899240672062495,0.002219320246905604
71.68,0.03200000000001069,0.002327284796134866,0.3427202186708531,0.027737985188882347,-0.016161255483180148
71.712,0.031999999999996476,0.10196496139310247,0.7562730113826117,0.05721777686100046,0.029479791672118116
71.744,0.031999999999996476,0.08265011851959743,0.37974390428733706,0.031229582227035035,-0.025988194633965428
71.776,0.031999999999996476,0.05450560023993586,0.6882844600603537,0.052419450074170926,0.02118986784713589
71.808,0.03200000000001069,0.060242380562283995,0.8788187369480396,0.06765465548288452,0.015235205408713592
71.84,0.031999999999996476,0.003189566852766808,0.5438823363187689,0.04390287107463107,-0.02375178440825345
71.872,0.031999999999996476,0.0053082699586093724,0.13630603300448316,0.012558448801152268,-0.0313444222734788
71.904,0.031999999999996476,0.001443759198226265,0.44209383814454795,0.03323666866108637,0.0206782198599341
71.936,0.03200000000001069,0.0004050655519920916,0.40648228633618333,0.03181152163811855,-0.0014251470229678168
71.968,0.031999999999996476,0.0034746742060609717,0.24173188218138536,0.019613467176592764,-0.01219805446152579
72.0,0.031999999999996476,-0.00029662184738049716,0.36531526201530806,0.02799763448661078,0.008384167310018016
72.032,0.031999999999996476,-0.001500152322812315,0.36124680230943146,0.028182449285293492,0.00018481479868271214
72.06400000000001,0.03200000000001069,0.001440442725646661,0.2650343780340642,0.021117634999486656,-0.007064814285806836
72.096,0.031999999999996476,0.000597256035652926,0.3925328711701979,0.030086057850036395,0.008968422850549738
72.128,0.031999999999996476,-0.0022831841761050352,0.22539243528630748,0.01831225111770746,-0.011773806732328935
72.16,0.031999999999996476,-0.002695857182119033,0.23829422248730414,0.018581360465855602,0.0002691093481481423
72.19200000000001,0.03200000000001069,-0.00040019835650177276,0.46324487985400137,0.03513981819530063,0.01655845772944503
72.224,0.031999999999996476,0.0001869281930987006,0.13623048738359306,0.012047010197595532,-0.0230928079977051
72.256,0.031999999999996476,-0.0007058582744613344,0.30698803981425915,0.023271432770949525,0.011224422573353992
72.288,0.031999999999996476,-0.005422081285437079,0.020064598969681016,0.0028189935060212085,-0.020452439264928315
72.32000000000001,0.03200000000001069,0.003090467368646792,0.34912569471385957,0.025837520563030313,0.023018527057009103
72.352,0.031999999999996476,0.004695827378354823,0.09009994176581117,0.008117546360331664,-0.01771997420269865
72.384,0.031999999999996476,-0.0008971450389738364,0.07772397388092617,0.006184457109412157,-0.0019330892509195063
72.416,0.031999999999996476,-0.0004943509077182853,0.31621278932424024,0.023611383155988288,0.01742692604657613
72.44800000000001,0.03200000000001069,0.12174159202360568,0.6215413660951975,0.04707135621949171,0.023459973063503423
72.48,0.031999999999996476,0.08054918613448145,0.5845482711063853,0.04570519824523358,-0.0013661579742581323
72.512,0.031999999999996476,0.000993575837025504,0.05724427527360593,0.006848275915290063,-0.03885692232994352
72.544,0.031999999999996476,0.09486382646058768,0.4906140339988437,0.036475211839413615,0.029626935924123552
72.57600000000001,0.03200000000001069,0.05137508325524596,0.5908343344915578,0.04555577112704055,0.009080559287626931
72.608,0.031999999999996476,0.00650922155050636,0.10021822500626405,0.009999963622664426,-0.03555580750437612
72.64,0.031999999999996476,0.10223954798765196,0.8247381243739292,0.061228717150884016,0.05122875352821959
72.672,0.031999999999996476,-0.0019097621456960151,0.10292430315329598,0.0111037539429872,-0.05012496320789682
72.70400000000001,0.03200000000001069,0.002303196503713994,0.3124084946742769,0.023615600935396518,0.012511846992409318
72.736,0.031999999999996476,0.00111938298363113,0.023570472283639104,0.0030966847343672135,-0.020518916201029302
72.768,0.031999999999996476,0.10376242903983358,0.8913918986195306,0.0657319308821892,0.062635246147822
72.8,0.031999999999996476,0.012225211038043794,0.0790124091014816,0.009605234214149149,-0.05612669666804006
72.83200000000001,0.03200000000001069,0.05869733412850019,0.47662343409277547,0.03560549661353747,0.026000262399388324
72.864,0.031999999999996476,-0.0022065414948030026,0.28262500530733586,0.022839779390275244,-0.012765717223262227
72.896,0.031999999999996476,0.0023108155178904544,0.0744197201157527,0.006791362475152137,-0.016048416915123105
72.928,0.031999999999996476,0.1116616083097087,0.7909072053900293,0.05855555412068125,0.05176419164552912
72.96000000000001,0.03200000000001069,-0.0006819278684543201,0.1712046638038518,0.01597078789443937,-0.04258476622624188
72.992,0.031999999999996476,0.00556810196541406,0.2778242428614248,0.02135323660527723,0.005382448710837859
73.024,0.031999999999996476,0.055604803855626585,0.43561031981361437,0.03326758424391506,0.011914347638637829
73.056,0.031999999999996476,0.1322924763247968,0.8764861474776182,0.06637749677225264,0.03310991252833759
73.08800000000001,0.03200000000001069,-8.084867558636401e-05,0.0767960621108141,0.009479511477940317,-0.05689798529431233
73.12,0.031999999999996476,0.05722357210178825,0.39501197938150295,0.02959651389113738,0.020117002413197062
73.152,0.031999999999996476,-0.0013538717869684394,0.273623157027636,0.021830888397718698,-0.007765625493418683
73.184,0.031999999999996476,0.0759343154636804,0.496857996571328,0.037799326663004645,0.015968438265285947
73.21600000000001,0.03200000000001069,0.0011678875335859506,0.419764599094565,0.03305170396565845,-0.004747622697346195
73.248,0.031999999999996476,-0.0002419785975495579,0.07931264180054355,0.0077407140324742925,-0.025310989933184157
73.28,0.031999999999996476,0.10628353571376768,0.6292595080967578,0.04672275103781807,0.03898203700534378
73.312,0.031999999999996476,-0.0009446241493998641,0.29815783835863874,0.02462385629675878,-0.022098894741059288
73.34400000000001,0.03200000000001069,0.010771140802311492,0.18900044056805854,0.015320647724739974,-0.009303208572018806
73.376,0.031999999999996476,0.0017296161199631993,0.18796542776727593,0.014707466997440565,-0.0006131807272994096
73.408,0.031999999999996476,0.001654840850721055,0.26693438065930036,0.020479463321980525,0.005771996324539961
73.44,0.031999999999996476,0.002527612449955202,0.19709350566715234,0.015676561580740333,-0.0048029017412401925
73.47200000000001,0.03200000000001069,-0.0007868876731657615,0.10627752623442172,0.0087206667947715,-0.006955894785968832
73.504,0.031999999999996476,-0.001342271142490963,0.17672949729678705,0.013500163313037408,0.004779496518265907
73.536,0.031999999999996476,0.005202244998364204,0.19307957914179763,0.014978467961651124,0.0014783046486137163
73.568,0.031999999999996476,0.0501377445663175,0.2618341465687816,0.02012003558748917,0.005141567625838046
73.60000000000001,0.03200000000001069,0.022763790724625237,0.2572079644369428,0.02007664306318001,-4.3392524309158326e-05
73.632,0.031999999999996476,0.0008888716948196387,0.382798818954895,0.029310117940836246,0.009233474877656234
73.664,0.031999999999996476,0.0030879095048583515,0.20052173290608194,0.016438459735963994,-0.012871658204872252
73.696,0.031999999999996476,0.012375697121372852,0.07663277295598211,0.00658456860190571,-0.009853891134058284
73.72800000000001,0.03200000000001069,0.0033875019236512664,0.20563207123575347,0.015502350168278382,0.008917781566372672
73.76,0.031999999999996476,0.05208465139959012,0.3796972157652723,0.028817955629310988,0.013315605461032606
73.792,0.031999999999996476,-0.0024151678003070474,0.1381513689295726,0.011823316965625955,-0.016994638663685033
73.824,0.031999999999996476,0.02975945248920729,0.17184288575302387,0.013319913926389192,0.0014965969607632374
73.856,0.031999999999996476,0.05498999274572178,0.34338095677449554,0.02602125968574136,0.012701345759352169
73.888,0.03200000000001069,0.047447846168339844,0.3895255206800603,0.030147978344857128,0.004126718659115767
73.92,0.031999999999996476,0.005545673080028157,0.36871472733921923,0.028855779551399622,-0.001292198793457506
73.952,0.031999999999996476,7.892744858790571e-06,-0.09263789741273964,-0.005146794415714881,-0.0340025739671145
73.984,0.031999999999996476,0.13065118484073474,0.8837637120395777,0.06469506386404188,0.06984185827975675
74.016,0.03200000000001069,-0.0009768373245051282,0.14091738327482595,0.014097882659810178,-0.0505971812042317
74.048,0.031999999999996476,0.00025801308501636566,0.18760767839253606,0.014610568927819315,0.0005126862680091375
74.08,0.031999999999996476,-0.0006904621176855608,0.08071916090976142,0.006779560046925988,-0.007831008880893327
74.112,0.031999999999996476,0.10077356115472856,0.4466948629782439,0.033241419150984025,0.026461859104058037
74.144,0.03200000000001069,0.058711873644040624,0.603567777203089,0.04630550751850356,0.013064088367519537
74.176,0.031999999999996476,0.0038030265389870114,0.12180350198036927,0.011630631370965918,-0.03467487614753764
74.208,0.031999999999996476,0.11178519236328166,0.6412510803285786,0.047829175316575,0.03619854394560908
74.24,0.031999999999996476,0.11027717022833967,0.49361983089342804,0.03906204835394465,-0.008767126962630344
74.272,0.03200000000001069,0.005046696008890557,0.2520698243005124,0.020792288002526766,-0.018269760351417887
74.304,0.031999999999996476,0.0025785939600327205,0.27698483858665496,0.0215698473796616,0.0007775593771348344
74.336,0.031999999999996476,0.12498976730300312,0.8351491472191594,0.06266226484866846,0.04109241746900687
74.368,0.031999999999996476,-0.0038188511715834157,0.2293684802680146,0.020485244754685935,-0.042177020093982526
74.4,0.03200000000001069,0.00390169590477942,0.04650976441765802,0.004602932898226686,-0.015882311856459247
74.432,0.031999999999996476,0.13704691542002648,0.9678139098822434,0.07143897721777845,0.06683604431955176
74.464,0.031999999999996476,-0.0012552428639732586,0.0991981616146177,0.011419161548063963,-0.06001981566971448
74.496,0.031999999999996476,0.09177099604513732,0.5078473633117536,0.03800642779283599,0.026587266244772024
74.528,0.03200000000001069,0.0914708650163641,0.451766518666337,0.03541708813676373,-0.002589339656072255
74.56,0.031999999999996476,0.1307556381363646,0.9131398556548412,0.069197107651287,0.03378001951452327
74.592,0.031999999999996476,0.002019154354127434,0.2245425496370671,0.020507595171593423,-0.04868951247969358
74.624,0.031999999999996476,0.13275100012505317,0.6691836830271314,0.050395804179793516,0.029888209008200092
74.656,0.03200000000001069,0.12882219426967753,0.9066585742382822,0.06958518021175321,0.019189376031959693
74.688,0.031999999999996476,0.0030767994742792516,0.30137131974677467,0.026180003398514555,-0.043405176813238654
74.72,0.031999999999996476,0.1174087775505332,0.8091239219494367,0.061014503943026224,0.03483450054451167
74.752,0.031999999999996476,0.0006476090535961531,0.22576823235154037,0.020125357989911455,-0.04088914595311477
74.784,0.03200000000001069,0.020978850677899254,0.23182506561610045,0.018210286191953296,-0.0019150717979581587
74.816,0.031999999999996476,0.13437169851289438,1.07251131046853,0.07992398772828455,0.06171370153633125
74.848,0.031999999999996476,0.0021426909307173223,0.1911693681549436,0.018672576740818278,-0.06125141098746627
74.88,0.031999999999996476,0.0014159784225486602,0.37000348475246153,0.028288090711428435,0.009615513970610157
74.912,0.03200000000001069,0.11981130636134217,0.675549034275992,0.051313074384796535,0.0230249836733681
74.944,0.031999999999996476,0.07401907202624418,0.694225219085572,0.0540157363198733,0.002702661935076768
74.976,0.031999999999996476,0.001620738683589278,0.29248883870223774,0.024627974092759103,-0.0293877622271142
75.008,0.031999999999996476,0.0043644680029621755,0.4179516662219891,0.03215801043424069,0.00753003634148159
75.04,0.03200000000001069,0.00011427242683713399,0.35660845042907896,0.028081518504188697,-0.004076491930051995
75.072,0.031999999999996476,0.0012183352070301561,0.07722694045768519,0.007300406860087757,-0.02078111164410094
75.104,0.031999999999996476,0.0764880400700525,0.6460305044574133,0.04793067538186367,0.04063026852177591
75.136,0.031999999999996476,-0.002572851369076314,0.3786216185917433,0.03061091327890177,-0.017319762102961902
75.168,0.03200000000001069,0.001778624599834669,0.23034899864155195,0.018707057329422697,-0.011903855949479073
75.2,0.031999999999996476,-0.0016843091471191382,0.1676908614102117,0.01341196509882398,-0.005295092230598717
75.232,0.031999999999996476,0.00788820283197706,0.36412504739871204,0.027552098838159202,0.014140133739335222
75.264,0.031999999999996476,0.002672622323085498,0.3867972337595835,0.030035713439295373,0.0024836146011361707
75.296,0.03200000000001069,0.001593979918132885,0.38371445313477903,0.02995238183443344,-8.333160486193383e-05
75.328,0.031999999999996476,0.0006432139043489412,0.2425267110269927,0.01956459264355221,-0.010387789190881229
75.36,0.031999999999996476,0.0010071655400520224,0.31788414265426446,0.02450671774374562,0.004942125100193411
75.392,0.031999999999996476,0.0012851172440378738,0.4288812937883634,0.03295477770386849,0.008448059960122867
75.424,0.03200000000001069,0.0038319240265475237,0.19169033709862074,0.015999399734972605,-0.016955377968895884
75.456,0.031999999999996476,0.004417618652054465,0.42134209810852596,0.03190922392267094,0.015909824187698336
75.488,0.031999999999996476,0.002030785924852928,0.1871010758784089,0.015601545569768024,-0.016307678352902914
75.52,0.031999999999996476,-0.05500713945954977,0.018113666912600662,0.0022327460056529315,-0.013368799564115092
75.552,0.03200000000001069,-0.011386637348446482,0.14554262354548736,0.010832131869387035,0.008599385863734103
75.584,0.031999999999996476,-0.09866645996074526,-0.18328872752596667,-0.01285376555438284,-0.023685897423769874
75.616,0.031999999999996476,-0.0001460726739434752,0.16476661349468513,0.011374938044895911,0.02422870359927875
75.648,0.031999999999996476,-0.04258401736786741,0.09214517010232415,0.007433041363992311,-0.0039418966809036
75.68,0.03200000000001069,-0.05036951853824904,-0.1380331606602443,-0.009721887276769403,-0.017154928640761714
75.712,0.031999999999996476,-0.0008827725068247602,0.1190320504135675,0.008192408361619614,0.01791429563838902
75.744,0.031999999999996476,-0.08690839347128938,-0.30907598231943706,-0.0222565775669632,-0.030448985928582816
75.776,0.031999999999996476,-6.16799546800322e-05,0.29051042799957816,0.020079350978784532,0.042335928545747734
75.808,0.03200000000001069,-0.12583300421770047,-0.6440318015452963,-0.04620308214641495,-0.06628243312519948
75.84,0.031999999999996476,0.004057433791201272,0.3298097615467719,0.021587023243259017,0.06779010538967396
75.872,0.031999999999996476,-0.10416620498442332,-0.44963496555698174,-0.03182005826673212,-0.05340708150999114
75.904,0.031999999999996476,-0.05025119488081335,-0.1649368484322692,-0.013966435812005728,0.017853622454726395
75.936,0.03200000000001069,-0.007261958948585123,0.12267089223439617,0.008214975740695078,0.022181411552700807
75.968,0.031999999999996476,-0.06324355247509714,-0.32033465111337156,-0.023083239826218998,-0.031298215566914075
76.0,0.031999999999996476,-0.12649548413561373,-0.7245914394732198,-0.054619192729578,-0.031535952903359005
76.032,0.031999999999996476,0.0013460106613243045,-0.17809331200945366,-0.0162501381307672,0.0383690545988108
76.06400000000001,0.03200000000001069,-0.00026262137886357695,0.030441483050741305,0.001300568070163925,0.017550706200931125
76.096,0.031999999999996476,-0.0022208106297518402,-0.09649574547558741,-0.007021238383623233,-0.008321806453787158
76.128,0.031999999999996476,-0.01780183449849314,-0.11096228744987914,-0.008565521369394277,-0.001544282985771044
76.16,0.031999999999996476,-0.008016422478631057,-0.1316466545872793,-0.01017580444640784,-0.0016102830770135627
76.19200000000001,0.03200000000001069,-0.001278470901385117,0.2276553126271948,0.016154383448798694,0.026330187895206532
76.224,0.031999999999996476,-0.13451104994249682,-0.6061954734398574,-0.04364717476338802,-0.05980155821218672
76.256,0.031999999999996476,-0.1383752862303558,-0.5627102586416103,-0.043901551024479325,-0.00025437626109130196
76.288,0.031999999999996476,-0.01379086155265527,0.06634415528004328,0.0023445681516272255,0.04624611917610655
76.32000000000001,0.03200000000001069,-0.12368143087354208,-0.8107535115762515,-0.0594876471229022,-0.06183221527452942
76.352,0.031999999999996476,0.0027098281374459718,-0.09194094687393098,-0.0101955250673194,0.049292122055582796
76.384,0.031999999999996476,-0.13444768846362154,-0.6339553628210343,-0.04720979923509928,-0.03701427416777987
76.416,0.031999999999996476,-0.0031512591191068078,-0.16840216334267302,-0.015109711409194437,0.032100087825904844
76.44800000000001,0.03200000000001069,-0.06019548967780363,-0.6487763859573336,-0.04858343207924336,-0.03347372067004892
76.48,0.031999999999996476,0.0018907613943541506,0.035002764386235084,-0.00023056550933747268,0.04835286656990589
76.512,0.031999999999996476,0.006721890369573821,-0.1288632440960307,-0.009489942493076968,-0.009259376983739494
76.544,0.031999999999996476,-0.015528662255723354,-0.17961096442633293,-0.01375647663504915,-0.004266534141972183
76.57600000000001,0.03200000000001069,-0.07235974977553132,-0.6099611469893618,-0.04565082961816998,-0.03189435298312083
76.608,0.031999999999996476,-0.004536942799004418,0.028077015214392972,-0.0005705902364958424,0.04508023938167414
76.64,0.031999999999996476,-0.10918217231739621,-0.7313710114256684,-0.05381812948678612,-0.05324753925029028
76.672,0.031999999999996476,0.000927990024739427,-0.10954232301261205,-0.011162638230602966,0.04265549125618315
76.70400000000001,0.03200000000001069,-0.03766158000655714,-0.3701326120622116,-0.027864044938464103,-0.016701406707861136
76.736,0.031999999999996476,0.0010493008131998475,-0.166945039437636,-0.013885741632176079,0.013978303306288024
76.768,0.031999999999996476,-0.002555542275263103,0.02804926328349895,0.0012611381160641808,0.01514687974824026
76.8,0.031999999999996476,-0.09658619144092212,-0.3727478867419884,-0.02733915967942918,-0.028600297795493362
76.83200000000001,0.03200000000001069,0.001631145294883581,-0.18819875190127072,-0.015418443318842668,0.011920716360586513
76.864,0.031999999999996476,-0.10157567590550011,-0.8992132646776475,-0.06701843967369753,-0.05159999635485486
76.896,0.031999999999996476,-0.003405262930383634,-0.16520477641834613,-0.01601810939566103,0.05100033027803649
76.928,0.031999999999996476,-0.003164718357223954,-0.11369610950943602,-0.009285948329535956,0.0067321610661250746
76.96000000000001,0.03200000000001069,-0.06334718168099548,-0.6025243967398557,-0.04484584984398745,-0.03555990151445149
76.992,0.031999999999996476,0.001146917169583186,-0.032215660423802195,-0.00495805651943906,0.03988779332454839
77.024,0.031999999999996476,0.001405865990422987,0.020720150366994303,0.0012375405206085188,0.006195597040047579
77.056,0.031999999999996476,-0.054732759539644106,-0.6006619016575744,-0.04410137022715816,-0.04533891074776668
77.08800000000001,0.03200000000001069,0.0006093726439001696,-0.06901732778646687,-0.007621481351285926,0.03647988887587224
77.12,0.031999999999996476,-0.12344783241402184,-0.7799435844425083,-0.05779720895008588,-0.05017572759879996
77.152,0.031999999999996476,0.0014820353859890116,-0.05310322326801463,-0.007241802639640539,0.05055540631044534
77.184,0.031999999999996476,-0.01608984393956902,-0.21340122355516983,-0.0161116369044924,-0.008869834264851861
77.21600000000001,0.03200000000001069,-0.05679193933241804,-0.47497916229448817,-0.03586018512020258,-0.01974854821571018
77.248,0.031999999999996476,-0.004517122469948482,-0.09646200936145025,-0.009164013434388092,0.026696171685814486
77.28,0.031999999999996476,-0.11810815749479164,-0.8298551533765721,-0.061556765989304804,-0.05239275255491671
77.312,0.031999999999996476,-0.003439823112243761,-0.35420312835741036,-0.029601793621048287,0.03195497236825652
77.34400000000001,0.03200000000001069,-0.005863135870486522,0.010082748011315241,-0.0009673966745997694,0.028634396946448516
77.376,0.031999999999996476,-0.07509529505263374,-0.6440680994220578,-0.04742076083332979,-0.046453364158730026
77.408,0.031999999999996476,-0.1142281790163015,-0.690024402807671,-0.05348210766743895,-0.006061346834109159
77.44,0.031999999999996476,0.0026985998787633515,0.09859637037253555,0.004163326654919544,0.057645434322358496
77.47200000000001,0.03200000000001069,-0.11635072585767367,-0.7306126723371238,-0.05348907640189821,-0.05765240305681776
77.504,0.031999999999996476,-0.08723079474509234,-0.7323000697230165,-0.056941388049603366,-0.003452311647705153
77.536,0.031999999999996476,-0.0029342016434656493,-0.22065533933088127,-0.019514217454759515,0.03742717059484385
77.568,0.031999999999996476,-0.12709584123684267,-0.8534127205029188,-0.06388670254485256,-0.04437248509009304
77.60000000000001,0.03200000000001069,-0.0012445557043829823,-0.06465698453666652,-0.0084430097098379,0.05544369283501466
77.632,0.031999999999996476,-0.1410963969779645,-0.9652716778996159,-0.0714737049949874,-0.0630306952851495
77.664,0.031999999999996476,-0.07228916522002952,-0.6545941166259495,-0.05226511068149835,0.01920859431348905
77.696,0.031999999999996476,-0.0063303169427488815,-0.09751016906823412,-0.010188136560759694,0.04207697412073865
77.72800000000001,0.03200000000001069,-0.132700054187454,-0.9679189290914942,-0.07176912901100828,-0.06158099245024858
77.76,0.031999999999996476,-0.07304880573782148,-0.32359200659614423,-0.027940195092644927,0.04382893391836335
77.792,0.031999999999996476,-0.1305997610549399,-0.8321839742872187,-0.0628119596584016,-0.03487176456575667
77.824,0.031999999999996476,-0.1345435313050715,-0.8296015583284017,-0.06463516301369664,-0.0018232033552950389
77.856,0.031999999999996476,-0.11031332384964672,-0.6378550548647256,-0.0506393335660007,0.013995829447695937
77.888,0.03200000000001069,-0.04643628889064505,-0.5911641851905027,-0.046397710107354995,0.004241623458645705
77.92,0.031999999999996476,-0.1044247886318715,-0.9522347773031492,-0.07270605822454941,-0.026308348117194416
77.952,0.031999999999996476,0.000508269975903142,-0.17853332611769676,-0.017326634933370205,0.0553794232911792
77.984,0.031999999999996476,-0.0016242700103652067,-0.2945289245295612,-0.022659974478030358,-0.005333339544660153
78.016,0.03200000000001069,-0.0036191133643168364,-0.5007438937338726,-0.038132958795346845,-0.015472984317316488
78.048,0.031999999999996476,-0.09084348589287682,-0.6101022822341372,-0.04706844057129611,-0.008935481775949265
78.08,0.031999999999996476,-0.012000604642549983,-0.24401030998790693,-0.020661791133723663,0.026406649437572448
78.112,0.031999999999996476,-0.001967951671720385,-0.4473323726843214,-0.0340897101576919,-0.01342791902396824
78.144,0.03200000000001069,-0.09516976555705646,-0.9069910371002646,-0.06866829383542085,-0.034578583677728945
78.176,0.031999999999996476,-0.002275287544372262,-0.25405772768977397,-0.022647620116971565,0.046020673718449284
78.208,0.031999999999996476,-0.0025419566201024483,-0.3684884136818752,-0.02840614763007044,-0.005758527513098875
78.24,0.031999999999996476,-0.06778496817010607,-0.6926556963354451,-0.052577917504416115,-0.024171769874345675
78.272,0.03200000000001069,0.0009364968212051165,-0.371167259895226,-0.03033099905399269,0.022246918450423425
78.304,0.031999999999996476,-0.09106117665108754,-0.7699086348502262,-0.058370235998500546,-0.028039236944507856
78.336,0.031999999999996476,0.0007701008374820693,-0.3924224963564197,-0.03222849916276236,0.026141736835738186
78.368,0.031999999999996476,-0.017041943132693044,-0.4101795937309097,-0.03202522176597133,0.0002032773967910323
78.4,0.03200000000001069,-0.06114445733575409,-0.6912293188806357,-0.052681947195684885,-0.020656725429713557
78.432,0.031999999999996476,-0.10635830561499258,-0.6732726125183982,-0.05255390065208198,0.00012804654360290546
78.464,0.031999999999996476,-0.00048312144635316107,-0.20696965340884343,-0.018254483410849228,0.034299417241232755
78.496,0.031999999999996476,-0.10159327017262038,-0.8594580111331662,-0.06425855130244763,-0.0460040678915984
78.528,0.03200000000001069,-0.06076474931061268,-0.7475453972795693,-0.0586842447456972,0.005574306556750432
78.56,0.031999999999996476,-0.0032982866913027586,-0.4581133939550513,-0.03707755008680862,0.021606694658888585
78.592,0.031999999999996476,0.00029413153441171854,-0.5130458493007785,-0.03986996073826468,-0.002792410651456065
78.624,0.031999999999996476,-0.0031747824329962314,-0.46969900045656665,-0.03684342694779412,0.003026533790470562
78.656,0.03200000000001069,0.0025246307172482364,-0.4278412790325421,-0.03359048162866307,0.003252945319131048
78.688,0.031999999999996476,-0.01552847668902968,-0.4900854189700114,-0.03798014024477952,-0.004389658616116447
78.72,0.031999999999996476,0.00029834930068840104,-0.15727799769415057,-0.013758818045764265,0.024221322199015252
78.752,0.031999999999996476,-0.1342227647534245,-1.0403926966406005,-0.07730499844142709,-0.06354618039566283
78.784,0.03200000000001069,0.004498715907634503,-0.20424372969708238,-0.019482876413708092,0.057822122027719
78.816,0.031999999999996476,-0.08946491387111881,-0.7659077506811577,-0.05744975795454615,-0.037966881540838056
78.848,0.031999999999996476,-0.004470787472407964,-0.30599798323991384,-0.0258196825440677,0.03163007541047845
78.88,0.031999999999996476,-0.11814290317058801,-0.6392045882324416,-0.04849779666344571,-0.02267811411937801
78.912,0.03200000000001069,-0.013240207512186502,-0.28547008007022223,-0.023793267425432203,0.024704529238013508
78.944,0.031999999999996476,-0.13097047947648577,-0.8551678294656204,-0.06426279926419949,-0.04046953183876729
78.976,0.031999999999996476,-0.0033168352091682346,-0.21034148749094356,-0.019178392771976773,0.045084406492222714
79.008,0.031999999999996476,-0.12481625942407487,-0.6883992949202433,-0.05173219100207715,-0.03255379823010038
79.04,0.03200000000001069,-0.08689242820519125,-0.7097537423887258,-0.055181902656666885,-0.0034497116545897377
79.072,0.031999999999996476,-0.003898584900925302,-0.38868339860878504,-0.03176946552392032,0.023412437132746565
79.104,0.031999999999996476,-0.015041991632796093,-0.2692525382594877,-0.021634914597423525,0.010134550926496795
79.136,0.031999999999996476,-0.0700417740151329,-0.5529742161668859,-0.04191481277583934,-0.020279898178415814
79.168,0.03200000000001069,-0.002497398251404778,-0.34364927217687297,-0.027691748801728696,0.014223063974110644
79.2,0.031999999999996476,-0.04783268726611399,-0.6325292746464288,-0.04811496524899146,-0.020423216447262766
79.232,0.031999999999996476,0.0005942179696576049,-0.33998988636381766,-0.02778056582470039,0.02033439942429107
79.264,0.031999999999996476,-0.033966689794489295,-0.6448160682376429,-0.04902366615752557,-0.021243100332825178
79.296,0.03200000000001069,-0.0005297505131428171,-0.4391061412341547,-0.03512205612353377,0.013901610033991797
79.328,0.031999999999996476,-0.006003100073318736,-0.3279890806293812,-0.02614795519093655,0.008974100932597224
79.36,0.031999999999996476,-0.07108075893394782,-0.528817899502134,-0.04039888544837617,-0.014250930257439624
79.392,0.031999999999996476,-0.02803962213109096,-0.22285678225237188,-0.01872112864607642,0.02167775680229975
79.424,0.03200000000001069,-0.011213044748214052,-0.3434845827843939,-0.02634068751077834,-0.00761955886470192
79.456,0.031999999999996476,-0.1258284844641304,-0.8010321668167387,-0.060428710583372534,-0.03408802307259419
79.488,0.031999999999996476,0.0019711190688173827,-0.13224152385142218,-0.013213565352211326,0.04721514523116121
79.52,0.031999999999996476,-0.10318355090960615,-0.5997950568877894,-0.04487187128175286,-0.03165830592954153
79.552,0.03200000000001069,4.9729128877689565e-05,-0.16675612397745757,-0.014853694876719632,0.030018176405033226
79.584,0.031999999999996476,-0.08701017392759779,-0.8496826421437603,-0.06334334406692052,-0.04848964919020089
79.616,0.031999999999996476,-0.004732307789928506,-0.49870733080827534,-0.040331802904898365,0.023011541162022156
79.648,0.031999999999996476,-0.00015594779325376278,-0.09572869181080165,-0.009368227466623538,0.030963575438274826
79.68,0.03200000000001069,-0.000937503617106422,-0.4334774879459745,-0.03241885178020841,-0.023050624313584872
79.712,0.031999999999996476,-0.005047595482818023,-0.3661578689169971,-0.028798843033126978,0.0036200087470814324
79.744,0.031999999999996476,0.002167701077795612,0.008326831368343371,-0.001050173585281755,0.027748669447845223
79.776,0.031999999999996476,-0.007826054732517154,-0.3064313383115592,-0.02259565557993862,-0.021545481994656866
79.808,0.03200000000001069,0.0018875154599167316,-0.21889881796616187,-0.017402295013708904,0.005193360566229717
79.84,0.031999999999996476,-0.00980942531550961,-0.14998705973246262,-0.012034700788220628,0.0053675942254882755
79.872,0.031999999999996476,0.007066660126054953,-0.49952675906031324,-0.03743006318422315,-0.02539536239600252
79.904,0.031999999999996476,0.0016759993709355916,-0.1999004562299677,-0.01686152785921333,0.02056853532500982
79.936,0.03200000000001069,0.005597880491043816,-0.26829849989497123,-0.020704132906637276,-0.0038426050474239457
79.968,0.031999999999996476,-0.11163515652542694,-0.8145318747324405,-0.06109608906193196,-0.040391956155294687
80.0,0.031999999999996476,-0.0011107015283654347,-0.21301276578574588,-0.01919202792317712,0.04190406113875484
80.06400000000001,0.03200000000001069,-0.4156287942008968,-2.2256528824839825,-0.16367501709692472,-0.16367501709692472
80.096,0.031999999999996476,0.004330199251670445,0.3729854358138233,0.017980625635588866,0.18165564273251358
80.128,0.031999999999996476,0.0013791719143478195,0.25955122512852424,0.02012546082162535,0.0021448351860364825
80.16,0.031999999999996476,0.12677916719933388,0.6544721377319062,0.049291853542938815,0.029166392721313467
80.19200000000001,0.03200000000001069,0.13067708301350403,0.7931162184250178,0.06117151959525112,0.011879666052312304
80.224,0.031999999999996476,0.13442477421317495,0.5577917531896911,0.044551507285774616,-0.016620012309476503
80.256,0.031999999999996476,0.13525129304513,0.4944537300595863,0.03893415673473447,-0.005617350551040144
80.288,0.031999999999996476,0.23475357053168405,1.0362792777415117,0.07845584576983956,0.03952168903510509
80.32000000000001,0.03200000000001069,0.13199855125884638,0.3743532470422539,0.032059206204704954,-0.04639663956513461
80.352,0.031999999999996476,0.2646553113152899,1.3728335047628357,0.10280923530177445,0.0707500290970695
80.384,0.031999999999996476,0.12755668922797855,0.6683768036557548,0.05508766387466155,-0.047721571427112905
80.416,0.031999999999996476,0.13210454066423663,0.7323137787945072,0.0570346811984201,0.00194701732375855
80.44800000000001,0.03200000000001069,0.13592997740328977,0.7058589144203186,0.0552015839947844,-0.0018330972036356974
80.48,0.031999999999996476,0.12536573905238788,0.681386551890214,0.053296057900141185,-0.0019055260946432145
80.512,0.031999999999996476,0.1377838391620622,0.6801946076067397,0.053098397783376265,-0.00019766011676491946
80.544,0.031999999999996476,0.13128321575603338,1.1411124102559325,0.08698298665361692,0.03388458887024066
80.57600000000001,0.03200000000001069,0.13161062087916023,0.920028724222918,0.07268056837373196,-0.01430241827988496
80.608,0.031999999999996476,0.08982816765893234,0.8528044713852103,0.06691121617580452,-0.005769352197927444
80.64,0.031999999999996476,0.0026645375208068076,0.5329721703462055,0.0430576169322115,-0.023853599243593017
80.672,0.031999999999996476,-0.0034529437974883392,0.29511178672149535,0.024188264157470316,-0.018869352774741187
80.70400000000001,0.03200000000001069,0.0018054289410487994,0.470510757879967,0.03599783389054134,0.011809569733071026
80.736,0.031999999999996476,0.0024386386838375854,0.4795134731444054,0.03734165118020888,0.001343817289667537
80.768,0.031999999999996476,0.005732380709262245,0.31413897943419744,0.025257550787664465,-0.012084100392544414
80.8,0.031999999999996476,0.04259014365570017,0.3650780564227781,0.028306018075532773,0.003048467287868308
80.83200000000001,0.03200000000001069,0.0009847558593533952,0.5124025016594086,0.0393162763530447,0.011010258277511929
80.864,0.031999999999996476,-0.0001167084140886092,0.16508673063442517,0.014410207940253364,-0.02490606841279134
80.896,0.031999999999996476,-0.0024604784051615986,0.4296799018153562,0.03243064531905097,0.018020437378797605
80.928,0.031999999999996476,0.019446650267880984,0.2385610321495378,0.019416023586188616,-0.013014621732862351
80.96000000000001,0.03200000000001069,0.005873855121567868,0.18032035209700834,0.014381668672758228,-0.005034354913430388
80.992,0.031999999999996476,0.048837234008732085,0.4596985483196449,0.034636575836723055,0.020254907163964827
81.024,0.031999999999996476,0.012173669924037853,0.16598276363513745,0.014205947614867263,-0.02043062822185579
81.056,0.031999999999996476,0.13461840922778895,0.8499237889635097,0.06332368420658777,0.0491177365917205
81.08800000000001,0.03200000000001069,0.0013541628413494384,0.1975361154908532,0.01818246856839422,-0.045141215638193545
81.12,0.031999999999996476,0.06129507948185216,0.7097417325226979,0.053244224911669906,0.035061756343275685
81.152,0.031999999999996476,0.005253749617854396,0.15625563335331455,0.014564814671935242,-0.03867941023973466
81.184,0.031999999999996476,0.04850766314760689,0.5091588123216951,0.03828446770401267,0.023719653032077428
81.21600000000001,0.03200000000001069,0.004037262809992855,0.38839473886326187,0.030772764083755833,-0.007511703620256837
81.248,0.031999999999996476,0.002850535925832461,0.1793368301154901,0.014964954399267424,-0.01580780968448841
81.28,0.031999999999996476,0.0006137493023178166,0.3560032405739104,0.02704447196479889,0.012079517565531467
81.312,0.031999999999996476,0.11717102406358389,0.8050555422356572,0.06076521935049451,0.033720747385695624
81.34400000000001,0.03200000000001069,0.0009269108468849496,0.21707220532267454,0.019471459222886654,-0.041293760127607854
81.376,0.031999999999996476,-0.0022721936289250367,0.10882898507355727,0.009127377596964501,-0.010344081625922152
81.408,0.031999999999996476,0.020121355352607135,0.4197065258922131,0.03139222807073321,0.02226485047376871
81.44,0.031999999999996476,0.10579494270551058,0.5448823762646483,0.04188301774526944,0.010490789674536226
81.47200000000001,0.03200000000001069,0.0553691017073605,0.504546948764833,0.03952236488416454,-0.0023606528611049005
81.504,0.031999999999996476,0.02348918125802113,0.49654486925703994,0.0387976118319686,-0.0007247530521959367
81.536,0.031999999999996476,0.0018878983645544416,0.27631843507814624,0.022560270654967022,-0.01623734117700158
81.568,0.031999999999996476,0.11484746504064451,0.7916675754056584,0.05952179643107865,0.03696152577611163
81.60000000000001,0.03200000000001069,-0.0024391494900612353,0.06291989646143326,0.00806328185467201,-0.051458514576406635
81.632,0.031999999999996476,0.0048086846357811115,0.09740493139354418,0.007628666542834366,-0.0004346153118376444
81.664,0.031999999999996476,0.13389799528894383,0.8992672113440309,0.06657271029417236,0.05894404375133799
81.696,0.031999999999996476,0.05865940146772659,0.22392499217139453,0.020310675816467113,-0.046262034477705244
81.72800000000001,0.03200000000001069,0.12922190740102085,0.8002849319306398,0.060025651746327874,0.03971497592986076
81.76,0.031999999999996476,0.13132336263741112,0.9396115338281468,0.07256447054338977,0.012538818797061896
81.792,0.031999999999996476,0.006151200164622798,0.3909237597267316,0.032937701801977685,-0.039626768741412084
81.824,0.031999999999996476,0.0018557055885163045,0.23196096798358798,0.018959925275639097,-0.013977776526338588
81.85600000000001,0.03200000000001069,0.08534097720973065,1.0558905678762287,0.07874497052637192,0.05978504525073282
81.888,0.031999999999996476,0.0008894754953879117,0.29284542775746514,0.0260817936182282,-0.05266317690814372
81.92,0.031999999999996476,0.10821997127625331,0.6442170162543993,0.04888154318610887,0.02279974956788067
81.952,0.031999999999996476,-0.0011601481289458598,0.3957173756198533,0.03192303184445865,-0.016958511341650218
81.984,0.031999999999996476,0.06972164635409166,0.5228235558894626,0.040291449910822376,0.008368418066363723
82.016,0.03200000000001069,0.11171376754916829,0.7076313103582067,0.05436535509179307,0.014073905180970694
82.048,0.031999999999996476,0.03662211426802001,0.4061083390273301,0.033003761051212506,-0.021361594040580564
82.08,0.031999999999996476,0.1299319529154154,0.9997427086296579,0.07542658192784671,0.0424228208766342
82.112,0.031999999999996476,0.02326567908140599,0.1699126919697287,0.016849724870060916,-0.05857685705778579
82.144,0.03200000000001069,0.09444175434565777,0.8326908218250366,0.062208990722755875,0.04535926585269496
82.176,0.031999999999996476,0.001985917796985213,0.10889769155427789,0.011599628568292488,-0.050609362154463385
82.208,0.031999999999996476,0.09801454470689197,0.9245240049489803,0.06865934059237314,0.057059712024080646
82.24,0.031999999999996476,0.0035581029396468252,0.2669433907466776,0.023594717834364648,-0.04506462275800849
82.272,0.03200000000001069,0.006542724071207242,0.3583132895248566,0.027712541772674865,0.004117823938310217
82.304,0.031999999999996476,0.06843414016642127,0.7408284753903795,0.056080513360930236,0.02836797158825537
82.336,0.031999999999996476,-0.004866026811673504,0.15785583532867375,0.014846230204221501,-0.04123428315670873
82.368,0.031999999999996476,-0.0015106896445827621,0.20824945433520442,0.01617177121970277,0.0013255410154812703
82.4,0.03200000000001069,0.04018596105115265,0.49628304297563586,0.037430348829467754,0.021258577609764982
82.432,0.031999999999996476,0.004609027991515774,0.4301707470299269,0.03379567369179726,-0.003634675137670497
82.464,0.031999999999996476,0.07724900804170012,0.7166314151573138,0.05465222966652262,0.020856555974725362
82.496,0.031999999999996476,0.004277771713152976,0.32425434745944537,0.027000760975707132,-0.027651468690815487
82.528,0.03200000000001069,-0.0010703810965023142,0.060979193164738696,0.006043152708535725,-0.020957608267171406
82.56,0.031999999999996476,0.0026483413270063844,0.2213255848130577,0.016625199271161805,0.010582046562626079
82.592,0.031999999999996476,0.016746995728548143,0.351022845076182,0.026774056957202825,0.01014885768604102
82.624,0.031999999999996476,-0.0009679224992538908,0.3695474050457723,0.028722241488246546,0.0019481845310437215
82.656,0.03200000000001069,-0.004783504976093122,0.12356894869050832,0.010745396989173544,-0.017976844499073004
82.688,0.031999999999996476,0.002340172069082416,0.27689995609586376,0.020983607349048757,0.010238210359875212
82.72,0.031999999999996476,0.0010655038610237761,0.4739141940164145,0.03606312147267376,0.015079514123625001
82.752,0.031999999999996476,0.00022294654100987757,0.07552292443678016,0.00763586371472489,-0.028427257757948868
82.784,0.03200000000001069,-0.005545912618852541,0.13116009529309564,0.010086354486627053,0.0024504907719021633
82.816,0.031999999999996476,0.00045025431560540886,0.42572316845000796,0.0318900541787035,0.021803699692076444
82.848,0.031999999999996476,0.002314630190202023,0.3025387037221668,0.024089748216829607,-0.00780030596187389
82.88,0.031999999999996476,-0.002803981182972087,0.24575484007354975,0.019463545552563685,-0.004626202664265923
82.912,0.03200000000001069,0.0045055806425928595,0.2308959137939955,0.01810375033481085,-0.0013597952177528336
82.944,0.031999999999996476,-0.0032825802051109723,0.16634273427501287,0.013277995167512824,-0.004825755167298027
82.976,0.031999999999996476,-0.018978353114977132,0.1720382947805386,0.013418261581632309,0.00014026641411948523
83.008,0.031999999999996476,-0.1208021693506915,-0.4657922025576936,-0.03347984021298075,-0.046898101794613054
83.04,0.03200000000001069,-0.05056208174727648,0.011812459310536686,-0.0010640693673079277,0.03241577084567282
83.072,0.031999999999996476,-0.08587423324632083,-0.11273576885526129,-0.008352041720002795,-0.007287972352694867
83.104,0.031999999999996476,-0.08911938282198822,-0.3578727683990395,-0.026800200113931583,-0.018448158393928788
83.136,0.031999999999996476,-0.005251910968281242,0.2806229075586954,0.01908992134646706,0.04589012146039864
83.168,0.03200000000001069,-0.052908896056296555,0.09596291095098099,0.00815917776202071,-0.010930743584446349
83.2,0.031999999999996476,-0.11230287219155571,-0.32971414838575125,-0.023776231345974775,-0.031935409107995485
83.232,0.031999999999996476,-0.03359264292593427,0.011797115361173779,-0.000505017373541434,0.02327121397243334
83.264,0.031999999999996476,-0.13153972140823392,-0.5247961985080848,-0.03862278549391931,-0.03811776812037787
83.296,0.03200000000001069,-0.06447473919647402,-0.2521895186939797,-0.0207757321155101,0.01784705337840921
83.328,0.031999999999996476,0.0025427287455429453,0.13393551741543194,0.008650284431883844,0.029426016547393942
83.36,0.031999999999996476,-0.08280166359542981,-0.4260865845394714,-0.030835130994296408,-0.039485415426180254
83.392,0.031999999999996476,-0.04944791481946214,-0.2576813528392471,-0.020730028729943357,0.010105102264353051
83.424,0.03200000000001069,0.00039232000253815435,-0.10978005743444719,-0.009269975730802524,0.011460052999140833
83.456,0.031999999999996476,-0.01130352124529067,0.23107820810793545,0.016458396614153218,0.025728372344955744
83.488,0.031999999999996476,-0.10696190984771586,-0.4665137608387784,-0.03335739958057568,-0.049815796194728895
83.52,0.031999999999996476,-0.10709999974926265,-0.54105006552165,-0.04171463628418899,-0.00835723670361331
83.552,0.03200000000001069,-0.03842167430873328,-0.3167696201494435,-0.025703457099024253,0.016011179185164738
83.584,0.031999999999996476,-0.0008488107598420691,0.05334586049641135,0.0024392297892099806,0.028142686888234233
83.616,0.031999999999996476,-0.11368187679754617,-0.8247065373746199,-0.060508291071487724,-0.0629475208606977
83.648,0.031999999999996476,-0.005218574488016707,-0.06838331924372949,-0.008522012629419573,0.05198627844206815
83.68,0.03200000000001069,-0.10522480897107551,-0.6341041484131723,-0.04712413063150953,-0.03860211800208996
83.712,0.031999999999996476,-0.003041105491471649,-0.08644973055103067,-0.009077965369669485,0.03804616526184005
83.744,0.031999999999996476,-0.011358175734576155,-0.10101107042042202,-0.007952439567260815,0.0011255258024086695
83.776,0.031999999999996476,-0.06077756301879667,-0.5983977883898681,-0.044465395900144714,-0.0365129563328839
83.808,0.03200000000001069,-7.985077639107592e-06,-0.08370589166978842,-0.008722696532681425,0.035742699367463285
83.84,0.031999999999996476,-0.07749318267174551,-0.631396525314328,-0.04693659671219907,-0.038213900179517646
83.872,0.031999999999996476,-0.00349822696716262,-0.05265053797035081,-0.006581538931418376,0.04035505778078069
83.904,0.031999999999996476,-0.0016367176525399038,-0.0707683318175046,-0.005584265324214444,0.000997273607203932
83.936,0.03200000000001069,-0.027688158018989033,-0.33654810764133225,-0.025072198552790158,-0.019487933228575713
83.968,0.031999999999996476,-0.013130086667842152,-0.29579706586496796,-0.023200378123908533,0.0018718204288816244
84.0,0.031999999999996476,-0.0026238563837176782,-0.17806678862274744,-0.014434408401972028,0.008765969721936506
84.032,0.031999999999996476,0.0019411715750758426,-0.13153284752566236,-0.010506240485454508,0.00392816791651752
84.06400000000001,0.03200000000001069,-0.01470728647955427,-0.014553173562213192,-0.0016767592545444167,0.008829481230910092
84.096,0.031999999999996476,-0.11012081629265924,-0.4125445012780449,-0.030435413832391692,-0.028758654577847275
84.128,0.031999999999996476,-0.11951866463750617,-0.5769457168827032,-0.044185727073182135,-0.013750313240790443
84.16,0.031999999999996476,-0.10852163298788174,-0.6758076664287187,-0.05224985013834142,-0.008064123065159287
84.19200000000001,0.03200000000001069,0.00478772898351537,0.026760258639619082,-0.0010483801823046722,0.05120146995603675
84.224,0.031999999999996476,-0.12064205516816208,-0.5222516572734138,-0.03846702718903684,-0.03741864700673217
84.256,0.031999999999996476,-0.0007647055469793454,0.04089877101262589,0.0007870388784550643,0.039254066067491905
84.288,0.031999999999996476,-0.14027291264447453,-0.9164417040908451,-0.06734989546780834,-0.0681369343462634
84.32000000000001,0.03200000000001069,-0.0014260326951173108,0.007778217598912784,-0.0033160354716367676,0.06403385999617157
84.352,0.031999999999996476,-0.051705568388267356,-0.36859293795367615,-0.027297839814598546,-0.02398180434296178
84.384,0.031999999999996476,-0.007378193640586813,0.07575258215674202,0.0039949829314812595,0.03129282274607981
84.416,0.031999999999996476,-0.11541932298173359,-0.516742222558792,-0.037770713410617676,-0.04176569634209894
84.44800000000001,0.03200000000001069,6.173021449535643e-05,-0.1740047211688091,-0.014976815060754815,0.02279389834986286
84.48,0.031999999999996476,0.002356937447446848,-0.35016590459246005,-0.02661587765959351,-0.011639062598838696
84.512,0.031999999999996476,-0.0037518053391127596,-0.16110598556908426,-0.01338428074215805,0.013231596917435461
84.544,0.031999999999996476,-0.004016703420089059,-0.2448827809993629,-0.018781397365933,-0.0053971166237749505
84.57600000000001,0.03200000000001069,-0.08261394721851813,-0.5932869918888434,-0.044714692515156695,-0.025933295149223694
84.608,0.031999999999996476,-0.07287330412847763,-0.47841861212107867,-0.03776435106232363,0.006950341452833068
84.64,0.031999999999996476,-0.0011246593863193937,0.011686359237660548,-0.0013206836554098763,0.03644366740691375
84.672,0.031999999999996476,-0.10588768211952498,-0.6204859224278949,-0.045706917127326926,-0.04438623347191705
84.70400000000001,0.03200000000001069,0.001505492385257817,-0.06512233779131016,-0.007427729646732004,0.038279187480594924
84.736,0.031999999999996476,-0.13092373601111681,-0.7536238092726989,-0.055850461615339284,-0.04842273196860728
84.768,0.031999999999996476,-0.12204618721799483,-0.7531970575687564,-0.05861447785974391,-0.0027640162444046296
84.8,0.031999999999996476,-0.08903395671148148,-0.7160568057965981,-0.056042739440836674,0.0025717384189072393
84.83200000000001,0.03200000000001069,-0.02908444069738645,-0.13957520599652823,-0.013499687928929624,0.04254305151190705
84.864,0.031999999999996476,-0.1276608841674037,-0.7531536121810558,-0.05616641176682347,-0.04266672383789385
84.896,0.031999999999996476,-0.07004738214619119,-0.4320155883137778,-0.03501295937275586,0.021153452394067615
84.928,0.031999999999996476,-0.09324380730955269,-0.7545650311739485,-0.057512149160285464,-0.022499189787529607
84.96000000000001,0.03200000000001069,-0.06463207762089664,-0.6303631513748731,-0.049677172265457946,0.007834976894827518
84.992,0.031999999999996476,-0.07602239941495943,-0.5812844736978332,-0.04561560920181039,0.004061563063647557
85.024,0.031999999999996476,0.001141239980985813,-0.22748503736841702,-0.01936264822708032,0.02625296097473007
85.056,0.031999999999996476,-0.13564178121266446,-0.9189736529132323,-0.0686993184123761,-0.04933667018529578
85.08800000000001,0.03200000000001069,-0.0430606763138408,-0.43875859304662745,-0.0362323546109974,0.0324669638013787
85.12,0.031999999999996476,-0.10137855313643869,-0.5296781945183346,-0.04104431481747078,-0.004811960206473377
85.152,0.031999999999996476,-0.13126825656534394,-0.9785303850471772,-0.07433079660088922,-0.03328648178341844
85.184,0.031999999999996476,-0.0015261260956594704,-0.23998827235362052,-0.021939840247486287,0.052390956353402934
85.21600000000001,0.03200000000001069,-0.13066127097906655,-0.7281237200584338,-0.054812950040646465,-0.032873109793160174
85.248,0.031999999999996476,-0.09041773302059837,-0.9695842818825406,-0.0744677487619097,-0.019654798721263238
85.28,0.031999999999996476,-0.0017841541470637954,-0.3888308758860344,-0.03289366514664903,0.041574083615260674
85.312,0.031999999999996476,-0.0014515006538106516,-0.12735660799215223,-0.011264754753071902,0.021628910393577127
85.34400000000001,0.03200000000001069,-0.003236136240016046,-0.29537894439610685,-0.022372538378972514,-0.011107783625900612
85.376,0.031999999999996476,-0.09853636461998616,-0.8737324146686383,-0.06554602568731664,-0.043173487308344125
85.408,0.031999999999996476,-0.012438602249891878,-0.5110149086485318,-0.041364063745629905,0.024181961941686737
85.44,0.031999999999996476,-0.006553538719999951,-0.48927740017856297,-0.03836948008669528,0.002994583658934624
85.47200000000001,0.03200000000001069,-0.002454051992787539,-0.24109445338280006,-0.019945175411888207,0.018424304674807074
85.504,0.031999999999996476,-0.0050237589199856655,-0.5211805457426372,-0.039479151966536945,-0.019533976554648738
85.536,0.031999999999996476,-0.006852749478008983,-0.3851377261946032,-0.03060221065512095,0.008876941311415996
85.568,0.031999999999996476,-0.0685856378391852,-0.6447726765068653,-0.049183366073770794,-0.018581155418649846
85.60000000000001,0.03200000000001069,-0.00452735339386092,-0.25936332022042197,-0.0219129476826248,0.027270418391145995
85.632,0.031999999999996476,-0.09805023044342137,-0.7334869337587373,-0.0552058095079863,-0.0332928618253615
85.664,0.031999999999996476,0.000287528579559814,-0.25612409065021413,-0.022022404111927,0.033183405396059296
85.696,0.031999999999996476,-0.13578950868505232,-0.9151421493884981,-0.06857109402973678,-0.04654868991780978
85.72800000000001,0.03200000000001069,-0.07237630628965487,-0.7178986040006861,-0.05675297196749738,0.011818122062239401
85.76,0.031999999999996476,0.001301539110835365,-0.31494394294033545,-0.026437345634271282,0.030315626333226098
85.792,0.031999999999996476,-0.046238086809967535,-0.18516281238102417,-0.015143118745692536,0.011294226888578746
85.824,0.031999999999996476,-0.09066007446729556,-0.9268719825920033,-0.06903657382022149,-0.05389345507452896
85.85600000000001,0.03200000000001069,-0.054770833592950464,-0.6722707043356857,-0.053424357610277945,0.015612216209943547
85.888,0.031999999999996476,-0.003788658312237933,-0.36557206782137586,-0.029968391568277984,0.02345596604199996
85.92,0.031999999999996476,-0.0022530508526000794,-0.24553333459512922,-0.019786624648935682,0.010181766919342302
85.952,0.031999999999996476,-0.07977953126332908,-0.6322821542614822,-0.04764043643262955,-0.02785381178369387
85.98400000000001,0.03200000000001069,-0.05618997954424878,-0.5120800434409948,-0.04040872084428658,0.007231715588342971
86.016,0.031999999999996476,-0.13592448653800737,-0.948133895193979,-0.0720587395982309,-0.031650018753944326
86.048,0.031999999999996476,-0.040734098191415685,-0.46967487519121764,-0.03869988128958883,0.033358858308642075
86.08,0.031999999999996476,-0.05936895779339726,-0.47695997317240235,-0.037309852918424,0.0013900283711648295
86.112,0.031999999999996476,-0.07426642497072926,-0.766930575440934,-0.05855411163273252,-0.021244258714308517
86.144,0.03200000000001069,-0.001104994436510408,-0.155320487814583,-0.014802578720861744,0.043751532911870776
86.176,0.031999999999996476,-0.12579222829292683,-0.9739434150041391,-0.0724785585600835,-0.057675979839221764
86.208,0.031999999999996476,-0.026512341083579537,-0.46970573564001905,-0.03872638653549673,0.033752172024586774
86.24,0.031999999999996476,-0.08021019214984612,-0.7308385378681534,-0.055981670194037235,-0.017255283658540503
86.272,0.03200000000001069,-0.0027661106082760125,0.052449905953284484,0.000625407769595915,0.05660707796363315
86.304,0.031999999999996476,-0.0032852054270905797,-0.5144336703054486,-0.03779546442170288,-0.0384208721912988
86.336,0.031999999999996476,-0.04081750470967713,-0.5851781099612821,-0.04521602805797314,-0.007420563636270257
86.368,0.031999999999996476,-0.08607202404779106,-0.8042723987055185,-0.061756653973453986,-0.016540625915480847
86.4,0.03200000000001069,-0.005644908183282577,-0.25680718852873025,-0.022450813494476512,0.03930584047897748
86.432,0.031999999999996476,-0.015116858579286725,-0.5174439860270067,-0.03934901269452646,-0.016898199200049948
86.464,0.031999999999996476,-0.0009585282520043232,-0.5654094827673437,-0.043851923645576336,-0.004502910951049877
86.496,0.031999999999996476,-0.0005201674020768969,-0.3029303731717025,-0.024809099370016175,0.01904282427556016
86.528,0.03200000000001069,-0.005039235899460048,-0.3695698655647458,-0.028610458050463927,-0.0038013586804477514
86.56,0.031999999999996476,-0.008887368970836512,-0.5190180315851248,-0.03982035896122511,-0.01120990091076118
86.592,0.031999999999996476,-0.0033120727677840383,-0.4139538055338754,-0.032741049221829466,0.007079309739395641
86.624,0.031999999999996476,-0.0537253715832793,-0.5343275388632094,-0.04118467881323323,-0.008443629591403767
86.656,0.03200000000001069,-0.0007691824878053048,-0.3043203280733493,-0.024757339383860665,0.016427339429372568
86.688,0.031999999999996476,-0.0006381857617898968,-0.07888371369977129,-0.007230344544499331,0.017526994839361335
86.72,0.031999999999996476,-0.09641380727806423,-0.7516041745260853,-0.05569054235869372,-0.04846019781419439
86.752,0.031999999999996476,-0.008550385107952993,-0.22018468091354307,-0.019407394959929228,0.036283147398764495
86.784,0.03200000000001069,-0.07185087415484916,-0.6417348584026334,-0.04831369785602132,-0.02890630289609209
86.816,0.031999999999996476,-0.000602425126493099,-0.10464330972301991,-0.010484597921752952,0.03782909993426837
86.848,0.031999999999996476,-0.13668601469912367,-0.7033721314702605,-0.0523314120340371,-0.04184681411228415
86.88,0.031999999999996476,-0.005162459918676089,-0.20546936987222914,-0.018131308157004578,0.034200103877032526
86.912,0.03200000000001069,-0.09184876210508451,-0.7743657857937014,-0.05799373898344977,-0.039862430826445194
86.944,0.031999999999996476,-0.0008681641028808381,-0.08765470206850026,-0.009794071714260062,0.04819966726918971
86.976,0.031999999999996476,-0.07861839309037655,-0.6230115065281682,-0.04638181003264173,-0.03658773831838167
87.008,0.031999999999996476,-0.003492702823740121,-0.29879740763636703,-0.024651208156492927,0.021730601876148805
87.04,0.03200000000001069,-0.07508144385703534,-0.6864677648744382,-0.05190608643015775,-0.02725487827366482
87.072,0.031999999999996476,-0.0014029623949904644,-0.2740968230525845,-0.023153632953394492,0.028752453476763255
87.104,0.031999999999996476,0.0029989208801664688,-0.303481872825753,-0.02365476354568081,-0.0005011305922863162
87.136,0.031999999999996476,-0.0013409361827298985,-0.43662538415276547,-0.03347509733314641,-0.0098203337874656
87.168,0.03200000000001069,-0.0026866452944062686,-0.3219889389293052,-0.025611625999104656,0.007863471334041753
87.2,0.031999999999996476,-0.0014796775537212188,-0.30858639362587836,-0.024172048833297214,0.0014395771658074416
87.232,0.031999999999996476,-0.0038896534469599654,-0.3005560840213557,-0.023498392583872187,0.0006736562494250274
87.264,0.031999999999996476,-8.31018834091958e-05,-0.1448032964431921,-0.012005407752723324,0.011492984831148863
87.296,0.03200000000001069,-0.007764960090660544,-0.32817577958635924,-0.024827182282118478,-0.012821774529395154
87.328,0.031999999999996476,-0.002598056060346691,-0.1115171014994897,-0.009634243240987843,0.015192939041130634
87.36,0.031999999999996476,-0.0019444269229197007,-0.30763158755427145,-0.023179472606151413,-0.01354522936516357
87.392,0.031999999999996476,0.0002122289985864427,-0.25347685544379284,-0.0199788749404046,0.003200597665746815
87.424,0.03200000000001069,0.002030883062115696,-0.14513182606097444,-0.011826389387350497,0.008152485553054102
87.456,0.031999999999996476,-0.0020143554549902076,-0.37019075591433787,-0.02790663859269069,-0.016080249205340194
87.488,0.031999999999996476,0.0008868348906864639,-0.21903745389882973,-0.017719088483166046,0.010187550109524643
87.52,0.031999999999996476,-0.0018230020625148095,-0.3615982674057295,-0.02761492512612258,-0.009895836642956533
87.552,0.03200000000001069,0.002103378038799079,-0.28343155078112703,-0.02243780460399568,0.005177120522126901
87.584,0.031999999999996476,0.022819165273617055,-0.05401817868130614,-0.005267822863321278,0.0171699817406744
87.616,0.031999999999996476,-0.0033870985456284693,-0.06272949686060904,-0.004917247963547304,0.0003505748997739743
87.648,0.031999999999996476,0.003303258914594442,-0.33570455385355746,-0.02497165711905737,-0.020054409155510065
87.68,0.03200000000001069,-0.0026122643657072527,-0.29148093741238384,-0.022877164895634936,0.002094492223422433
87.712,0.031999999999996476,0.0005356872349273602,-0.13211883321035142,-0.011036726551950643,0.011840438343684293
87.744,0.031999999999996476,-0.004806611201571306,-0.41753994622506657,-0.031343122265652876,-0.020306395713702234
87.776,0.031999999999996476,0.0005462728101392069,-0.2339864803742789,-0.01901682830951731,0.012326293956135565
87.808,0.03200000000001069,-5.334827016851673e-05,-0.021239453250903303,-0.002659778163985468,0.01635705014553184
87.84,0.031999999999996476,-0.0015517619065269289,-0.10413745992973493,-0.007811838931347515,-0.005152060767362047
87.872,0.031999999999996476,0.0017487158847909272,0.03904467889038579,0.002420384271898661,0.010232223203246175
87.904,0.031999999999996476,0.001326091779915759,-0.2675730540588954,-0.019537656449879023,-0.021958040721777684
87.936,0.03200000000001069,0.0017703721006329797,0.06438364535328947,0.003606896973094164,0.023144553422973186
87.968,0.031999999999996476,-0.023615293996434514,-0.12811901330620737,-0.009213678421997972,-0.012820575395092137
88.0,0.031999999999996476,-0.11995941747261696,-0.605140767969229,-0.045034086301698584,-0.03582040787970061
88.032,0.031999999999996476,-0.003053811862370213,0.16111568940288784,0.009248708020006945,0.05428279432170553
88.06400000000001,0.03200000000001069,-0.11471600997837052,-0.609117210913327,-0.04426069827310057,-0.05350940629310752
88.096,0.031999999999996476,-0.0006071552238792005,-0.07760683609678101,-0.008262353599144356,0.03599834467395621
88.128,0.031999999999996476,-0.005358169653765983,-0.3124885407812682,-0.023457456122708963,-0.015195102523564607
88.16,0.031999999999996476,-0.005130808119010532,-0.04900472409238359,-0.004957995819143266,0.018499460303565696
88.19200000000001,0.03200000000001069,-0.018428436518910067,-0.10873756582733896,-0.008282805746827946,-0.0033248099276846797
88.224,0.031999999999996476,-0.04901634691858082,-0.5107079510089712,-0.038035737131948154,-0.02975293138512021
88.256,0.031999999999996476,-0.058517887567611865,-0.3287335491497825,-0.026370907692187216,0.011664829439760938
88.288,0.031999999999996476,-0.09788458995231342,-0.740028546706439,-0.055944235126107224,-0.029573327433920008
88.32000000000001,0.03200000000001069,-0.000699333550397866,-0.23510385442183115,-0.020519199808488403,0.03542503531761882
88.352,0.031999999999996476,0.004958787317653128,-0.11028899398199539,-0.009295232080574995,0.011223967727913408
88.384,0.031999999999996476,-0.003880816571977338,-0.3463730074071445,-0.026008954595557864,-0.01671372251498287
88.416,0.031999999999996476,-0.003162318611397779,-0.11875625749346216,-0.010234835038312625,0.01577411955724524
88.44800000000001,0.03200000000001069,0.001668814817391272,-0.23057626077001203,-0.017547478031702268,-0.0073126429933896425
88.48,0.031999999999996476,-0.0015549264170216788,-0.05923634044084406,-0.005369253617865152,0.012178224413837115
88.512,0.031999999999996476,-0.017247701911656012,-0.19768944330533217,-0.014848088497967076,-0.009478834880101924
88.544,0.031999999999996476,-0.004159333195449703,-0.2210749600747876,-0.017115069094402982,-0.002266980596435906
88.57600000000001,0.03200000000001069,-0.12261039855145864,-0.7764457289163041,-0.058088031927887224,-0.04097296283348424
88.608,0.031999999999996476,-0.0016287442177673895,-0.2715338596015326,-0.02332203005331108,0.034766001874576145
88.64,0.031999999999996476,-0.0013148359934708257,-0.18286348132965916,-0.014794181123805586,0.008527848929505493
88.672,0.031999999999996476,-0.002000928102751392,-0.16117325240193023,-0.012706771921173527,0.002087409202632059
88.70400000000001,0.03200000000001069,-0.0015143418775917423,-0.10380632595839134,-0.008367490948412454,0.004339280972761072
88.736,0.031999999999996476,0.0013014411848598759,-0.29808358627159615,-0.02240418198750551,-0.014036691039093056
88.768,0.031999999999996476,0.0021562223985046986,-0.08986019763075334,-0.007901712052577229,0.014502469934928281
88.8,0.031999999999996476,0.007441664378084994,-0.07916475519662856,-0.0062779525781660305,0.0016237594744111985
88.83200000000001,0.03200000000001069,-0.07188146491594732,-0.4367533798937871,-0.032481362896576514,-0.026203410318410482
88.864,0.031999999999996476,-0.04946703173406766,-0.40917965434265297,-0.031966283587032324,0.0005150793095441905
88.896,0.031999999999996476,-0.0018075842161210357,-0.16075667940057556,-0.013667466687483153,0.01829881689954917
88.928,0.031999999999996476,-0.028349475205219205,-0.19437387234573625,-0.015083308846551737,-0.0014158421590685834
88.96000000000001,0.03200000000001069,-0.02800240206398034,0.02014107121075478,0.0006104334289021671,0.015693742275453903
88.992,0.031999999999996476,-0.12902496759681453,-0.8656180697976741,-0.06362250915987541,-0.06423294258877758
89.024,0.031999999999996476,-0.0028423372890119293,-0.041903330637131135,-0.006754449207797715,0.0568680599520777
89.056,0.031999999999996476,-0.046996957568070576,-0.39834301787814025,-0.029684163884855234,-0.022929714677057518
89.08800000000001,0.03200000000001069,0.0027319475148424007,-0.2476498541560025,-0.019925865774791426,0.009758298110063807
89.12,0.031999999999996476,-0.0005866426189313165,0.10849099855292275,0.0068281507515598975,0.026754016526351322
89.152,0.031999999999996476,-0.07583225919399667,-0.5975074476505379,-0.043546650191981416,-0.05037480094354131
89.184,0.031999999999996476,-0.0024837074934860007,-0.31711717199561285,-0.025834776613937214,0.017711873578044202
89.21600000000001,0.03200000000001069,-0.0008111293223234423,-0.1931773929709451,-0.01569772706375098,0.010137049550186236
89.248,0.031999999999996476,-0.004931190467556371,-0.05530904743594875,-0.004973655183188209,0.01072407188056277
89.28,0.031999999999996476,-0.0005624420734202662,0.022031455119354833,0.0013330736726395122,0.006306728855827721
89.312,0.031999999999996476,-0.024685351561515616,-0.1304575534410615,-0.009516920915431642,-0.010849994588071154
89.34400000000001,0.03200000000001069,-0.028089529924472913,-0.35528533105044224,-0.026677166786958084,-0.017160245871526442
89.376,0.031999999999996476,-0.0027429738259066206,-0.33862191833119576,-0.026442380810336657,0.00023478597662142733
89.408,0.031999999999996476,-0.005470948942968137,-0.21368489295373702,-0.0172409296874431,0.009201451122893556
89.44,0.031999999999996476,-0.0058710404946862105,-0.037151075137765874,-0.003727401451861208,0.013513528235581893
89.47200000000001,0.03200000000001069,-0.004143724855219937,-0.13067450847471776,-0.009825012399943286,-0.006097610948082078
89.504,0.031999999999996476,-8.997088226540302e-05,-0.08826698669516872,-0.007058363099656141,0.0027666493002871453
89.536,0.031999999999996476,-0.014136988578501493,-0.2114012143409989,-0.01595396597839601,-0.00889560287873987
89.568,0.031999999999996476,0.0028690887752568263,-0.23673721434188782,-0.01833071610787827,-0.0023767501294822586
89.60000000000001,0.03200000000001069,-3.0153013631826697e-05,0.011658006469823748,-0.0002008829000485876,0.018129833207829682
89.632,0.031999999999996476,-0.009811730263306132,-0.08398979547040408,-0.006188225367476262,-0.005987342467427675
89.664,0.031999999999996476,-0.03818590163041647,-0.20335329626694176,-0.015311888011502472,-0.009123662644026208
89.696,0.031999999999996476,-0.08944289791776154,-0.5277966271203571,-0.0396982246807903,-0.02438633666928783
89.72800000000001,0.03200000000001069,0.001480304558612781,-0.1694052413230751,-0.014749841719186313,0.02494838296160399
89.76,0.031999999999996476,-0.0030720479280633853,-0.14706348328830415,-0.011666576631700646,0.0030832650874856662
89.792,0.031999999999996476,0.00371464243585202,0.11859059865934876,0.008047678776545357,0.019714255408246003
89.824,0.031999999999996476,-0.10788153179999342,-0.5329838201082567,-0.03873116577942849,-0.04677884455597385
89.85600000000001,0.03200000000001069,-0.05830888690557167,-0.39467742587896376,-0.03126058177789492,0.007470584001533574
89.888,0.031999999999996476,-0.0031954008062481274,-0.28126402678373613,-0.02248886479477744,0.008771716983117479
89.92,0.031999999999996476,-0.0010491674857992,-0.09572585830708005,-0.008337962727679095,0.014150902067098344
89.952,0.031999999999996476,-0.004367510959301039,-0.1445030549590993,-0.01110813029124337,-0.0027701675635642756
89.98400000000001,0.03200000000001069,-0.0010386856565041663,-0.12628510292386158,-0.009928297190946287,0.001179833100297083
90.016,0.031999999999996476,-0.0036073670697504352,-0.11291430479434837,-0.00887689499111937,0.001051402199826917
90.048,0.031999999999996476,-0.0013997725662370892,0.025619124576273092,0.0013715812625565806,0.010248476253675951
90.08,0.031999999999996476,-0.013701187089218433,-0.3341151492485042,-0.024491723632695785,-0.025863304895252365
90.112,0.031999999999996476,0.0024883944270367186,-0.14122317840387305,-0.011799469146605329,0.012692254486090456
90.144,0.03200000000001069,-0.0010364277045667673,-0.02060550183729869,-0.0021965057447701037,0.009602963401835224
90.176,0.031999999999996476,-0.038114718918948215,-0.67446158851868,-0.04972686023888252,-0.04753035449411242
90.208,0.031999999999996476,0.0011024496326641337,-0.2055386497101156,-0.017986044638743814,0.03174081560013871
90.24,0.031999999999996476,-0.0019099258948441643,-0.3208664381791502,-0.024634908311557884,-0.00664886367281407
90.272,0.03200000000001069,0.0012179175145626863,-0.18819641126387385,-0.015262157250216707,0.009372751061341177
90.304,0.031999999999996476,-0.006366497337469726,-0.020289642257186626,-0.0023731751506550036,0.012888982099561703
90.336,0.031999999999996476,0.0008619564316289398,0.04062755113878274,0.0028507581001263834,0.005223933250781387
90.368,0.031999999999996476,-0.0027106056335653456,-0.1258534050526368,-0.00909071627769066,-0.011941474377817044
90.4,0.03200000000001069,0.0024767474187840856,-0.09753663012387556,-0.007697664539039765,0.0013930517386508958
90.432,0.031999999999996476,0.002028679231996292,0.24838286247954847,0.017821752891337125,0.02551941743037689
90.464,0.031999999999996476,-0.06617547188814064,-0.5912286413679664,-0.042450254842496454,-0.06027200773383358
90.496,0.031999999999996476,-0.0036612188690538336,0.023627900087046853,-0.0007130129404554244,0.041737241902041027
90.528,0.03200000000001069,0.00028684712431538157,-0.15899145879672053,-0.011733429471611857,-0.011020416531156433
90.56,0.031999999999996476,-0.007119524216216769,0.05204340713469073,0.0031499238858269905,0.014883353357438848
90.592,0.031999999999996476,0.0032337837997220274,-0.18557052333670637,-0.01346505611754171,-0.016614980003368703
90.624,0.031999999999996476,0.0002301411798861494,-0.2696977541674752,-0.02061095920133442,-0.007145903083792709
90.656,0.03200000000001069,-0.006712654757150011,-0.05926551967733646,-0.005548251408323575,0.015062707793010844
90.688,0.031999999999996476,-0.010653855554007097,-0.06980828331843418,-0.005454012404321825,9.423900400174975e-05
90.72,0.031999999999996476,-0.11701717652320685,-0.6947918969150745,-0.05141000857864885,-0.045955996174327024
90.752,0.031999999999996476,-0.0005845669075973547,-0.08266123368764566,-0.009046778233702384,0.04236323034494647
90.784,0.03200000000001069,-0.0018985822385022813,-0.05835835176479189,-0.004813948571719978,0.004232829661982406
90.816,0.031999999999996476,-0.0041243598356506895,-0.06990467183104977,-0.005418710211784818,-0.0006047616400648402
90.848,0.031999999999996476,-0.12128687165642241,-0.5291913307740217,-0.03922966747244248,-0.03381095726065766
90.88,0.031999999999996476,-0.0002306584720962616,0.1538678837476266,0.009050786496672986,0.04828045396911546
90.912,0.03200000000001069,-0.1041810880447343,-0.6255855238055662,-0.04548320756035284,-0.054533994057025824
90.944,0.031999999999996476,-0.006010367907854655,-0.0054931810795094405,-0.0030296734089120766,0.042453534151440764
90.976,0.031999999999996476,0.002107448918046188,-0.16752416687179633,-0.012494665428577167,-0.009464992019665091
91.008,0.031999999999996476,0.001259547470926285,-0.20386863074768427,-0.01571385079490494,-0.0032191853663277713
91.04,0.03200000000001069,-0.0028765755423684107,-0.16815716351808369,-0.013273462008536846,0.002440388786368092
91.072,0.031999999999996476,6.35917255527854e-05,-0.12150009917965267,-0.009701409534957647,0.0035720524735791993
91.104,0.031999999999996476,-0.044589079148702,-0.11995154204947035,-0.009381316997677018,0.00032009253728062896
91.136,0.031999999999996476,-0.000773183222430726,-0.05060948031753151,-0.004263407424673332,0.005117909573003686
91.168,0.03200000000001069,-0.05248740520472579,-0.2958188772997574,-0.02200070981968863,-0.017737302395015298
91.2,0.031999999999996476,-0.006865375861668547,-0.15793607392187997,-0.012884735338309717,0.009115974481378913
91.232,0.031999999999996476,0.0012670481176453219,-0.04409794109760224,-0.00398679646552253,0.008897938872787187
91.264,0.031999999999996476,-0.01041204591081188,-0.09125297485750301,-0.006940918523528327,-0.002954122058005797
91.296,0.03200000000001069,-0.02542079554208355,-0.1969531368062197,-0.01488467111686935,-0.007943752593341022
91.328,0.031999999999996476,-0.09523365846690116,-0.6229212652821235,-0.04666904927995779,-0.03178437816308844
91.36,0.031999999999996476,-0.0008953253652738068,-0.13076682396708256,-0.012310783030728741,0.03435826624922905
91.392,0.031999999999996476,-0.004078858518197724,0.07777479541091292,0.005008885919384531,0.017319668950113273
91.424,0.03200000000001069,0.003330839452384445,-0.2561496807573197,-0.018548147176835037,-0.02355703309621957
91.456,0.031999999999996476,-0.004269059545367731,0.02288310596039072,0.000612061363919342,0.01916020854075438
91.488,0.031999999999996476,-0.003435391827561751,-0.13516676306601927,-0.009904860633574245,-0.010516921997493586
91.52,0.031999999999996476,-0.0010392661276254903,0.02810452563725689,0.0014950147109796374,0.011399875344553882
91.552,0.03200000000001069,0.0046285794979573315,-0.2924744101947778,-0.021422328551747225,-0.02291734326272686
91.584,0.031999999999996476,-0.0007195677661461907,0.04961581624743973,0.002412067093272404,0.02383439564501963
91.616,0.031999999999996476,-0.0020429232988421367,-0.11594266085178567,-0.00838720313160515,-0.010799270224877554
91.648,0.031999999999996476,0.0016925146871554016,-0.08774177902101689,-0.006936735805215983,0.001450467326389167
91.68,0.03200000000001069,-0.0049300531645820244,0.13053428990076166,0.009199069884811523,0.016135805690027507
91.712,0.031999999999996476,-0.002934087400103246,-0.343983922481522,-0.024765601751871223,-0.03396467163668275
91.744,0.031999999999996476,-0.0023508254131454636,-0.21970293630925544,-0.01758669905018932,0.0071789027016819044
91.776,0.031999999999996476,0.0020756430804370184,-0.14092317030188595,-0.011378785781459372,0.006207913268729947
91.808,0.03200000000001069,0.0015897664529740802,-0.00013436136287699185,-0.0006667677747700102,0.010712018006689361
91.84,0.031999999999996476,0.055482063858170616,0.004973617325899656,0.00032726905594243253,0.0009940368307124426
91.872,0.031999999999996476,0.02941858421825375,-0.010648955427577711,-0.0007642336533801222,-0.0010915027093225547
91.904,0.031999999999996476,0.11960289220564857,0.12363663640418616,0.009048147741306278,0.0098123813946864
91.936,0.03200000000001069,0.013867491292343168,-0.10756612827488746,-0.007388096212528461,-0.01643624395383474
91.968,0.031999999999996476,0.1047922512371168,0.42551409480254004,0.030865894931291746,0.03825399114382021
92.0,0.031999999999996476,0.004743629469185785,-0.14915970753646196,-0.00918737902745977,-0.040053273958751516
92.032,0.031999999999996476,0.08078075142414887,0.4395063922591554,0.03179102071794378,0.04097839974540354
92.06400000000001,0.03200000000001069,0.0024185960125193908,-0.08425394268756833,-0.004360787720545849,-0.03615180843848963
92.096,0.031999999999996476,0.0003703177478596,-0.14409907898155597,-0.010848823160919579,-0.006488035440373729
92.128,0.031999999999996476,-0.006424106452954227,-0.10942086213686114,-0.008673127542152008,0.0021756956187675702
92.16,0.031999999999996476,0.0008266075275629709,-0.02550050556884026,-0.002376004610194851,0.006297122931957158
92.19200000000001,0.03200000000001069,0.01035539502725649,0.04759079415402022,0.0033626732265787072,0.005738677836773558
92.224,0.031999999999996476,0.0014411366242576972,-0.001376889146967352,9.286728459309702e-05,-0.0032698059419856104
92.256,0.031999999999996476,-0.002139905549203421,-0.03752192750699376,-0.0027540099050292824,-0.0028468771896223793
92.288,0.031999999999996476,-0.002171470909714379,0.2604744618102567,0.018996364467922393,0.021750374372951676
92.32000000000001,0.03200000000001069,0.005939312931644998,0.08962625620766629,0.0076877777845995995,-0.011308586683322793
92.352,0.031999999999996476,-0.030555865843499907,-0.16890879492359298,-0.011977782715302419,-0.019665560499902018
92.384,0.031999999999996476,-0.002144189974481967,-0.3653705665617721,-0.027560900573119905,-0.015583117857817486
92.416,0.031999999999996476,0.004033054906140603,0.11337710817184726,0.006746712841737617,0.034307613414857524
92.44800000000001,0.03200000000001069,0.005285939429082602,0.08856680257254375,0.00690270423248329,0.00015599139074567309
92.48,0.031999999999996476,0.0013618591466443039,-0.16033209668641815,-0.011392371956458211,-0.0182950761889415
92.512,0.031999999999996476,0.002141448016188451,0.04865923857525629,0.0029207402992672883,0.0143131122557255
92.544,0.031999999999996476,0.0024570460296734183,0.0292388082516255,0.002318840225514805,-0.0006019000737524831
92.57600000000001,0.03200000000001069,0.0023462068588352663,-0.14205996452604672,-0.010313257460583732,-0.012632097686098537
92.608,0.031999999999996476,0.001657445467848303,0.05644223936662251,0.00355540022503782,0.013868657685621552
92.64,0.031999999999996476,-0.0039091855468871535,-0.014695189336297647,-0.0008754375760878774,-0.004430837801125698
92.672,0.031999999999996476,-0.010202119385103244,-0.10097746895638414,-0.007476444142786668,-0.006601006566698791
92.70400000000001,0.03200000000001069,-0.016368249493451816,-0.0087848462011886,-0.0010776478050651664,0.006398796337721502
92.736,0.031999999999996476,-0.06344520887823422,-0.32527022096307345,-0.02398265733858285,-0.022905009533517685
92.768,0.031999999999996476,-0.026192669424998097,-0.06293041679238504,-0.0060124137963798036,0.017970243542203047
92.8,0.031999999999996476,-0.0012650221153349774,-0.14423076182060263,-0.010953853996967258,-0.004941440200587455
92.83200000000001,0.03200000000001069,0.0004068283808146062,-0.035416136976188665,-0.003236866624783642,0.007716987372183616
92.864,0.031999999999996476,-0.06832937078744758,-0.1812895314089733,-0.013518934527829716,-0.010282067903046074
92.896,0.031999999999996476,-0.047578179129010384,-0.10951443164801132,-0.008834151732045716,0.004684782795784
92.928,0.031999999999996476,-0.025371369608236927,-0.17098936229870154,-0.013084583865888911,-0.004250432133843195
92.96000000000001,0.03200000000001069,-0.007029423134809309,-0.1261922899070238,-0.010035570542855317,0.0030490133230335944
92.992,0.031999999999996476,-0.11431935272429544,-0.5414971604343521,-0.04040116806225132,-0.030365597519396006
93.024,0.031999999999996476,-0.0004498101859808473,0.013063673025944796,-0.0013716167012003597,0.03902955136105096
93.056,0.031999999999996476,-0.002526416869862991,-0.0746063429950791,-0.005565749529748593,-0.004194132828548233
93.08800000000001,0.03200000000001069,0.0018257536033864602,0.10466464936273892,0.007375756433437732,0.012941505963186325
93.12,0.031999999999996476,-0.0725814723332614,-0.54523276532547,-0.039670745442360746,-0.04704650187579848
93.152,0.031999999999996476,-0.003548832164350107,-0.23851335615715272,-0.01983048178624841,0.019840263656112335
93.184,0.031999999999996476,0.0002995354551896816,-0.08234978213272749,-0.00720081705654747,0.01262966472970094
93.21600000000001,0.03200000000001069,-0.0034292898103279097,-0.08999760339069893,-0.0070341406662809735,0.00016667639026649635
93.248,0.031999999999996476,-0.0015010929974404708,-0.004395344511095931,-0.0007293090847276433,0.00630483158155333
93.28,0.031999999999996476,-0.003260131587510152,-0.15903311636283188,-0.011737433739839908,-0.011008124655112264
93.312,0.031999999999996476,-0.000735376483724826,0.07554030930086865,0.004877660230555546,0.016615093970395456
93.34400000000001,0.03200000000001069,-0.0006850658468719963,0.12543510704614858,0.009506109010673237,0.004628448780117691
93.376,0.031999999999996476,0.0009171582482249825,-0.07942204720242524,-0.005291936433964314,-0.014798045444637552
93.408,0.031999999999996476,0.0004332804843014172,-0.23995399353204971,-0.017951769645000126,-0.012659833211035813
93.44,0.031999999999996476,-0.12578808854829332,-0.844571912445083,-0.0631463488466251,-0.045194579201624965
93.47200000000001,0.03200000000001069,-0.00467531854852084,0.08301486834556093,0.002459551735619961,0.06560590058224505
93.504,0.031999999999996476,0.0012595241683694433,-0.03714247449260963,-0.002589478333589348,-0.00504903006920931
93.536,0.031999999999996476,0.002460158293117621,0.11232171830013113,0.008110676408903035,0.010700154742492383
93.568,0.031999999999996476,-0.024451982550799684,-0.08301172381002285,-0.005636479102002792,-0.013747155510905829
93.60000000000001,0.03200000000001069,-0.05204114439566477,-0.3123491792120057,-0.023295618128186344,-0.017659139026183553
93.632,0.031999999999996476,-0.018267251490962495,-0.10139626937012962,-0.008801539167580225,0.01449407896060612
93.664,0.031999999999996476,-0.0006724538475289768,-0.002319028607729777,-0.0006786466284953856,0.008122892539084839
93.696,0.031999999999996476,-0.016698753210538937,-0.24081942793811897,-0.017749092921127214,-0.017070446292631828
93.72800000000001,0.03200000000001069,0.00020121087043008064,-0.026209660783754377,-0.0029521031568494806,0.014796989764277733
93.76,0.031999999999996476,-0.1293746199072712,-0.8285830975864237,-0.061104610866638515,-0.05815250770978903
93.792,0.031999999999996476,-0.003788307556726692,0.06543149714371055,0.0012843342854389846,0.0623889451520775
93.824,0.031999999999996476,-0.004665631341813736,-0.18525227185985035,-0.01354935059904256,-0.014833684884481545
93.85600000000001,0.03200000000001069,-0.0017296984601890264,-0.18386724958152006,-0.014303830695820597,-0.0007544800967780371
93.888,0.031999999999996476,-0.00044873422164611363,-0.24907382323944677,-0.019142692332377257,-0.00483886163655666
93.92,0.031999999999996476,-0.0021397652551731878,0.06064780752773333,0.0033549635274905997,0.022497655859867856
93.952,0.031999999999996476,-0.0010216332989784948,-0.16190157525531026,-0.011712599565100025,-0.015067563092590625
93.98400000000001,0.03200000000001069,-0.003315741709585607,-0.030411966684483545,-0.0029126604900049317,0.008799939075095093
94.016,0.031999999999996476,-0.0014623713178903988,-0.23462301277060624,-0.017422374706225922,-0.01450971421622099
94.048,0.031999999999996476,-0.0029511013037292135,-0.2387050810878136,-0.018560203355802392,-0.0011378286495764695
94.08,0.031999999999996476,0.0014631748701746383,-0.2757019770748917,-0.02134664926527405,-0.0027864459094716597
94.11200000000001,0.03200000000001069,-0.0017224219010113023,-0.056444350309481674,-0.005383252682947625,0.015963396582326428
94.144,0.031999999999996476,0.0016255580666298217,0.1122124552859848,0.007941359165308935,0.01332461184825656
94.176,0.031999999999996476,-0.00022852422239938455,-0.14854626665956272,-0.010465678755316605,-0.018407037920625542
94.208,0.031999999999996476,-9.105936539588488e-05,-0.16429011211502376,-0.012686106040443247,-0.0022204272851266416
94.24,0.031999999999996476,0.004119445554833499,-0.2033459532209876,-0.01568646466118073,-0.003000358620737482
94.272,0.03200000000001069,0.0019953130196521465,-0.19232352372181682,-0.015049080635449602,0.0006373840257311268
94.304,0.031999999999996476,-0.00012573904223200157,-0.04518805649410251,-0.004191909456753232,0.010857171178696369
94.336,0.031999999999996476,-0.0002840129911314783,-0.12640806343239983,-0.00953807268392051,-0.005346163227167278
94.368,0.031999999999996476,-0.0019286848481250458,-0.29637622033673305,-0.02234619851401755,-0.012808125830097038
94.4,0.03200000000001069,0.050257276541243366,0.11139884391875865,0.00690227078138365,0.0292484692954012
94.432,0.031999999999996476,0.020465352891000276,-0.1290700377360718,-0.0090933780830038,-0.015995648864387448
94.464,0.031999999999996476,4.1433100812210984e-05,-0.24963709518130175,-0.018883320854277078,-0.009789942771273279
94.496,0.031999999999996476,0.10546978275875651,0.5407687881700468,0.03867814246943957,0.057561463323716644
94.528,0.03200000000001069,0.0014435157690979117,0.0750101169129413,0.0077491144838543425,-0.030929027985585226
94.56,0.031999999999996476,-0.0005033924198281456,-0.07250607872642689,-0.00488476421948825,-0.012633878703342594
94.592,0.031999999999996476,0.019401937073745403,-0.19068987675858082,-0.01430536966251501,-0.00942060544302676
94.624,0.031999999999996476,0.05857491359189581,0.3002735342123754,0.02125634792081932,0.03556171758333433
94.656,0.03200000000001069,0.001112589480907564,-0.20927865700259127,-0.014163290475419038,-0.03541963839623836
94.688,0.031999999999996476,0.003079630584499946,-0.02935201001619451,-0.0029761871627738234,0.011187103312645214
94.72,0.031999999999996476,0.0029874543706495584,-0.09492443622605498,-0.007152577081102546,-0.004176389918328723
94.752,0.031999999999996476,0.00999972392360615,-0.11708242542744045,-0.009023179764384905,-0.0018706026832823594
94.784,0.03200000000001069,0.12252514098450563,0.5032478751182139,0.036488062877126914,0.04551124264151182
94.816,0.031999999999996476,-0.004528479900758509,-0.1654040494693873,-0.010057429041832818,-0.046545491918959736
94.848,0.031999999999996476,0.08686540975518489,0.5935367056365807,0.043068217667211486,0.05312564670904431
94.88,0.031999999999996476,0.0015388103829174478,0.08649436469953499,0.008847103659971762,-0.03422111400723973
94.912,0.03200000000001069,0.003671241889126268,0.012479120825227908,0.0014284525075971275,-0.007418651152374634
94.944,0.031999999999996476,0.0023140856552082206,-0.06270455500740453,-0.004528843932118016,-0.005957296439715144
94.976,0.031999999999996476,0.0008837279126892326,0.08692344147405948,0.006130923590774146,0.01065976752289216
95.008,0.031999999999996476,0.001586060867753093,0.11095828772833025,0.008513830177017793,0.002382906586243647
95.04,0.03200000000001069,0.0008306003823310952,-0.08809105658112858,-0.005986740689231476,-0.014500570866249268
95.072,0.031999999999996476,0.035104881181883665,0.5411690682194585,0.03945208683471185,0.04543882752394333
95.104,0.031999999999996476,0.00019592564304674392,0.027363577003756745,0.004289856241285891,-0.035162230593425964
95.136,0.031999999999996476,0.003636772712593794,0.1365813041557623,0.010291869488540354,0.006002013247254463
95.168,0.03200000000001069,0.0020683381690509905,0.2926058012292358,0.022112437033221057,0.011820567544680702
95.2,0.031999999999996476,0.001349060621452445,0.07838997413836288,0.007041347051731241,-0.015071089981489816
95.232,0.031999999999996476,0.008287476653118232,0.06405669531775114,0.005117234354563919,-0.0019241126971673217
95.264,0.031999999999996476,0.00047844988949572473,0.16298645758365604,0.012281474227973873,0.007164239873409954
95.296,0.03200000000001069,0.0009482851128708356,0.05843856271278919,0.005006583319734422,-0.007274890908239451
95.328,0.031999999999996476,-0.0005369170157211169,0.0035129294604071925,0.0005473670662155254,-0.004459216253518897
95.36,0.031999999999996476,-0.0003282484949071034,0.09843605411731446,0.007270608711890987,0.0067232416456754615
95.392,0.031999999999996476,0.11950545954036017,0.8402828923520014,0.06221431976693894,0.05494371105504795
95.424,0.03200000000001069,0.0016064512382843086,0.02412067276657194,0.005365415045125681,-0.05684890472181326
95.456,0.031999999999996476,-0.0022168606513463607,-0.15235230713498787,-0.010894282712499205,-0.016259697757624886
95.488,0.031999999999996476,0.0010913500800798976,0.28257308157143085,0.020151571528321737,0.031045854240820944
95.52,0.031999999999996476,-0.0025072218584898166,0.2516006012698506,0.01966609684656443,-0.0004854746817573065
95.552,0.03200000000001069,-0.0008460861099833473,0.23060844787492524,0.01809430312542126,-0.0015717937211431714
95.584,0.031999999999996476,0.003271236085072605,0.10523921990175346,0.008783883501633265,-0.009310419623787994
95.616,0.031999999999996476,-0.024741185477025075,-0.03921466511925145,-0.002376769861043487,-0.011160653362676753
95.648,0.031999999999996476,8.913118952475528e-05,0.19227561489632272,0.014002783538417676,0.016379553399461164
95.68,0.03200000000001069,-0.08455133882428509,-0.24080378596040056,-0.016900397182140217,-0.030903180720557893
95.712,0.031999999999996476,-0.0005626739525911733,0.19720690602814295,0.013526996193569854,0.03042739337571007
95.744,0.031999999999996476,-0.0036692223448101715,0.10041703213490787,0.008165592303784395,-0.0053614038897854596
95.776,0.031999999999996476,0.0005176254808622906,0.1620485207159216,0.012388477031504069,0.004222884727719674
95.808,0.03200000000001069,-0.04775931340070767,-0.21317190772031286,-0.014961535023575686,-0.027350012055079753
95.84,0.031999999999996476,0.0008735064400804555,-0.14176198711877577,-0.011288924261823994,0.0036726107617516927
95.872,0.031999999999996476,0.002089314683378958,0.10412931704631566,0.007005994374230315,0.018294918636054307
95.904,0.031999999999996476,-0.004874424008652336,0.3717238180149901,0.02774110336805125,0.020735108993820934
95.936,0.03200000000001069,-0.0004073954349812348,0.11085594451662441,0.00975383958380237,-0.017987263784248878
95.968,0.031999999999996476,-0.0020323651978111645,0.015394247414780843,0.0016951766059762983,-0.008058662977826071
96.0,0.031999999999996476,0.0050845361725063275,0.10573235670232348,0.007873442442860337,0.006178265836884038
96.032,0.031999999999996476,-0.006570033015302548,0.18385968488302912,0.013975609442614684,0.006102166999754348
96.06400000000001,0.03200000000001069,0.00366045650925765,0.09790109970684978,0.008006468092315215,-0.005969141350299469
96.096,0.031999999999996476,0.0020437255203653287,0.01892147762478402,0.0018536957697640433,-0.006152772322551172
96.128,0.031999999999996476,-0.0014916131919212087,0.32879507916915013,0.0242866767427868,0.022432980973022758
96.16,0.031999999999996476,0.0013582246523050575,-0.18117159269623284,-0.011921352511630035,-0.03620802925441684
96.19200000000001,0.03200000000001069,-0.0015733536587095025,-0.15643274665653087,-0.012192308308439509,-0.0002709557968094741
96.224,0.031999999999996476,0.0007752537588546431,0.015919329896813578,0.00046686041143466426,0.012659168719874173
96.256,0.031999999999996476,-0.001011861958698189,-0.006587022561079165,-0.0004574597101119983,-0.0009243201215466626
96.288,0.031999999999996476,0.0004545091068520929,0.1733401228939225,0.012721063172634548,0.013178522882746548
96.32000000000001,0.03200000000001069,-0.0005807451538904292,-0.13945659595662974,-0.009521294408450625,-0.022242357581085174
96.352,0.031999999999996476,0.0003447045814545064,-0.13580866397468078,-0.010537055455604833,-0.001015761047154208
96.384,0.031999999999996476,0.09119046514678177,0.39931052723546256,0.028757092124048592,0.039294147579653424
96.416,0.031999999999996476,-0.0010140231561274746,0.10650164198618334,0.009492275283391784,-0.01926481684065681
96.44800000000001,0.03200000000001069,-0.004168319666901989,-0.11215247322361098,-0.007699737985449951,-0.017192013268841733
96.48,0.031999999999996476,0.0006276695448572045,0.16900672542024464,0.011984294094842361,0.01968403208029231
96.512,0.031999999999996476,0.0004690853542647302,0.10543800902935163,0.008445777312384386,-0.0035385167824579754
96.544,0.031999999999996476,-3.0122180731944482e-06,0.14989716292724828,0.011511038249556554,0.003065260937172168
96.57600000000001,0.03200000000001069,-0.0021175956165985204,0.018535348299612363,0.0020276153350135503,-0.009483422914543004
96.608,0.031999999999996476,0.0044268142790038914,0.13432615979144025,0.009995428579896005,0.007967813244882455
96.64,0.031999999999996476,-0.00015025347155116597,0.3445392054017095,0.02591451807890336,0.015919089499007354
96.672,0.031999999999996476,-0.005308790646819606,-0.2087421316461166,-0.013854922411691237,-0.039769440490594596
96.70400000000001,0.03200000000001069,-0.0018495962802010369,0.15504541256001717,0.010602242864159402,0.024457165275850637
96.736,0.031999999999996476,0.003361162563817008,0.051474455557886864,0.00439750082411031,-0.006204742040049092
96.768,0.031999999999996476,-0.006169328778071512,-0.020099466570747127,-0.0012242556569951855,-0.005621756481105495
96.8,0.031999999999996476,-0.006354498717410167,-0.07820072213977178,-0.00582157396900375,-0.004597318312008564
96.83200000000001,0.03200000000001069,-0.017926408529494953,-0.02613472202952323,-0.0022580274742749797,0.00356354649472877
96.864,0.031999999999996476,0.003575898944060155,0.125502162645464,0.00909910362392691,0.011357131098201889
96.896,0.031999999999996476,-0.042393118635195744,0.02660022754213387,0.002481469619570267,-0.0066176340043566425
96.928,0.031999999999996476,-0.06998441261089848,-0.2250968324213903,-0.016410419088838626,-0.018891888708408893
96.96000000000001,0.03200000000001069,-0.002677888734081377,-0.042737586044093355,-0.004090290118313846,0.012320128970524782
96.992,0.031999999999996476,0.0010054666009981447,0.22062218119601712,0.01598847650045159,0.020078766618765436
97.024,0.031999999999996476,-0.024897890705294193,-0.3331519797241651,-0.023577072045250082,-0.03956554854570167
97.056,0.031999999999996476,0.0019260760810833005,0.0012362723213775462,-0.001270166879992923,0.02230690516525716
97.08800000000001,0.03200000000001069,-0.003098008516971115,-0.11750983985617991,-0.008715025802101364,-0.007444858922108441
97.12,0.031999999999996476,-0.005694400893459992,-0.08388734845032436,-0.006672205008455208,0.0020428207936461556
97.152,0.031999999999996476,-0.0015123387970533688,-0.04896643487707735,-0.003986182954016377,0.0026860220544388316
97.184,0.031999999999996476,-0.0036877436667535164,0.11439004579034695,0.008182151211313729,0.012168334165330107
97.21600000000001,0.03200000000001069,0.0037684069299340974,0.06957050647949588,0.005588578848387789,-0.00259357236292594
97.248,0.031999999999996476,-0.0038478127092903577,-0.1971099911429553,-0.014172889891673103,-0.019761468740060892
97.28,0.031999999999996476,-0.006795231771223434,-0.0774209737683981,-0.006511743810366339,0.007661146081306764
97.312,0.031999999999996476,5.561498778854892e-05,0.049065453855870744,0.0032323676249987623,0.009744111435365101
97.34400000000001,0.03200000000001069,-0.0038601144838942445,-0.3107864066950521,-0.022668701140566853,-0.025901068765565614
97.376,0.031999999999996476,0.11011341509751107,0.6420151246119961,0.04590529447099949,0.06857399561156634
97.408,0.031999999999996476,-2.090727735124399e-05,-0.010245735144667166,0.0018965966329656885,-0.0440086978380338
97.44,0.031999999999996476,-0.002197410522498164,-0.11561961321057841,-0.008393203769208732,-0.01028980040217442
97.47200000000001,0.03200000000001069,-0.002694700332921856,-0.12076704275850017,-0.00936576759209656,-0.0009725638228878283
97.504,0.031999999999996476,-0.004345616508788073,-0.07541445433155919,-0.006086673179243637,0.0032790944128529226
97.536,0.031999999999996476,-0.0008388771804060887,0.01860099104256737,0.0010165430649258064,0.007103216244169444
97.568,0.031999999999996476,0.001002952743666197,0.20199657847730124,0.014913558227920868,0.013897015162995062
97.60000000000001,0.03200000000001069,0.003610469154589,-0.13249371865697107,-0.008882672117079951,-0.02379623034500082
97.632,0.031999999999996476,0.0043689256612054065,0.17646499269315583,0.012464487062895137,0.021347159179975088
97.664,0.031999999999996476,0.005694159157354752,-0.010172864054585515,-2.855138330731221e-05,-0.01249303844620245
97.696,0.031999999999996476,0.0018000013879945157,0.0020516219616564407,0.00014922849873218126,0.00017777988203949348
97.72800000000001,0.03200000000001069,-0.0010435459569856495,0.014522675772021402,0.0010766156893312372,0.000927387190599056
97.76,0.031999999999996476,0.005993447447720184,-0.013341777907044397,-0.0009190053383526528,-0.0019956210276838903
97.792,0.031999999999996476,0.0034066459099119464,-0.05785806429425301,-0.004307948483957923,-0.00338894314560527
97.824,0.031999999999996476,0.0012937541628211357,0.04476430412734267,0.0030432831716013897,0.007351231655559313
97.85600000000001,0.03200000000001069,0.0013104417642173156,-0.03569057316086349,-0.002449006903306104,-0.005492290074907494
97.888,0.031999999999996476,-0.00038804281807753037,0.03486171872587855,0.0024223597813489675,0.004871366684655072
97.92,0.031999999999996476,0.0006314809820735293,-0.15392867033795957,-0.01118010868580678,-0.013602468467155748
97.952,0.031999999999996476,-0.0036899755527794132,0.19848588816731308,0.013951279809453945,0.025131388495260726
97.98400000000001,0.03200000000001069,0.0022992987088350635,0.13858521273701535,0.010996982452378047,-0.002954297357075898
98.016,0.031999999999996476,0.0018432196329627808,-0.07075980508043757,-0.004568846437367318,-0.015565828889745364
98.048,0.031999999999996476,0.0009922537500339982,0.053790815651250504,0.0036920334753579322,0.00826087991272525
98.08,0.031999999999996476,-0.12378536647601614,-0.41093561180870813,-0.030007160283170478,-0.03369919375852841
98.11200000000001,0.03200000000001069,0.0027783954458711407,-0.163079424280981,-0.01372518349045961,0.016281976792710866
98.144,0.031999999999996476,-0.12012111692365104,-0.4725663838689885,-0.035544981093469576,-0.021819797603009963
98.176,0.031999999999996476,-0.018580404902127475,-0.17512332072856754,-0.014930587651635619,0.020614393441833957
98.208,0.031999999999996476,-0.0785272713939192,-0.20697716138398944,-0.016083076385536358,-0.001152488733900739
98.24000000000001,0.03200000000001069,-0.10792035534328799,-0.6887105772358664,-0.05157639301356908,-0.03549331662803272
98.272,0.031999999999996476,-0.020986889945336512,0.1430386528144591,0.0075416373215772435,0.05911803033514632
98.304,0.031999999999996476,-0.12328580919066565,-0.6475634675057897,-0.047186592308306484,-0.054728229629883725
98.336,0.031999999999996476,-0.13059783380920234,-0.4781269735272581,-0.03788560438956307,0.009300987918743411
98.368,0.031999999999996476,-0.41661014649833905,-2.188735221084902,-0.1631471849191579,-0.12526158052959482
98.4,0.03200000000001069,0.0005527433809161959,0.1852762617346233,0.004206921721803524,0.16735410664096143
98.432,0.031999999999996476,-0.4189770451473734,-2.3075123322466955,-0.16945211786255918,-0.1736590395843627
98.464,0.031999999999996476,-0.24043645835709987,-1.299130843710345,-0.10532069100106295,0.06413142686149623
98.496,0.031999999999996476,-0.18974045686685223,-1.1330672598235263,-0.08940608929690841,0.01591460170415454
98.528,0.03200000000001069,-0.42119615775792923,-2.275735004057182,-0.1725193987465256,-0.0831133094496172
98.56,0.031999999999996476,-0.2686805086882311,-1.6780999159062866,-0.13336723370512643,0.03915216504139918
98.592,0.031999999999996476,-0.41492552206818395,-2.3533025060692854,-0.18076156673980065,-0.04739433303467422
98.624,0.031999999999996476,-0.4126345885799749,-4.681463583076907,-0.3547110908198007,-0.17394952408000003
98.656,0.03200000000001069,-0.4236055194400314,-2.3486371812360836,-0.19319645444400846,0.16151463637579222
98.688,0.031999999999996476,-0.4169071879629774,-4.608295458808219,-0.3500481449879957,-0.15685169054398723
98.72,0.031999999999996476,-0.42148145197319564,-4.678084610810165,-0.36423535848108113,-0.014187213493085438
98.752,0.031999999999996476,-0.4172399253461368,-2.2727560167771808,-0.18816596361118026,0.17606939486990086
98.784,0.03200000000001069,-0.4181365980959944,-2.4675894752604792,-0.19232973648295745,-0.004163772871777188
98.816,0.031999999999996476,-0.38563534671292526,-2.41115113713998,-0.1884196190821519,0.003910117400805546
98.848,0.031999999999996476,-0.4197388238882722,-2.6376907664563616,-0.20485366726252763,-0.01643404818037572
98.88,0.031999999999996476,-0.41601882884686436,-2.497863107083886,-0.19551943196683116,0.009334235295696464
98.912,0.03200000000001069,-0.41499232854313717,-2.9311785983835565,-0.22684669454901593,-0.03132726258218477
98.944,0.031999999999996476,-0.3958353156085686,-4.816951575462105,-0.36733536039734394,-0.140488665848328
98.976,0.031999999999996476,-0.4194549346298809,-4.609133452612713,-0.3601626496929422,0.00717271070440173
99.008,0.031999999999996476,-0.41817214534723696,-2.2059613874070223,-0.18301875771554504,0.17714389197739716
99.04,0.03200000000001069,-0.41725031704356413,-2.5106659130536912,-0.19520044402562098,-0.012181686310075934
99.072,0.031999999999996476,-0.42132859341893,-2.2686125870255993,-0.1781030251202906,0.01709741890533037
99.104,0.031999999999996476,-0.4181870608874832,-2.5099573159468513,-0.19486455292442117,-0.016761527804130566
99.136,0.031999999999996476,-0.4180742419368207,-2.167297574325674,-0.1706329054545775,0.024231647469843687
99.168,0.03200000000001069,-0.4162653183775955,-4.021336908088516,-0.3055805073444888,-0.13494760188991134
99.2,0.031999999999996476,-0.4200199978677787,-3.791562673633948,-0.2964732587071166,0.009107248637372223
99.232,0.031999999999996476,-0.4191890125518725,-3.9003198957910477,-0.30394553639330296,-0.007472277686186357
99.264,0.031999999999996476,-0.41984567812212714,-4.626559549568124,-0.35778473272811195,-0.05383919633480899
99.296,0.03200000000001069,-0.42029523187651074,-2.3120310118635783,-0.1906818669697857,0.16710286575832625
99.328,0.031999999999996476,-0.36781349760821885,-2.301425733806824,-0.18025525808046075,0.010426608889324951
99.36,0.031999999999996476,-0.41628096476245346,-3.86028765030287,-0.29429239799206,-0.11403713991159922
99.392,0.031999999999996476,-0.4202645246255611,-4.149638569769573,-0.3221545890714326,-0.0278621910793726
99.424,0.03200000000001069,-0.4226760150328475,-3.0519358570414226,-0.24303774154011598,0.07911684753131659
99.456,0.031999999999996476,-0.41967162085915277,-4.608212430827485,-0.3529193306321868,-0.1098815890920708
99.488,0.031999999999996476,-0.4115479693575247,-3.033437001472151,-0.24345335167071758,0.1094659789614692
99.52,0.031999999999996476,-0.4212294686769685,-4.582024896754893,-0.35101748623447615,-0.10756413456375857
99.552,0.03200000000001069,-0.418544892068651,-3.4338787052199953,-0.2727921335427312,0.07822535269174496
99.584,0.031999999999996476,-0.37786074568034994,-2.650721136251613,-0.21068267106064545,0.06210946248208574
99.616,0.031999999999996476,-0.4209497541029487,-4.692848997711609,-0.3572756945502438,-0.14659302348959838
99.648,0.031999999999996476,-0.4168213873226003,-3.0971996914011433,-0.24839396320216828,0.10888173134807555
99.68,0.03200000000001069,-0.4246521162573227,-4.7854692081779575,-0.36626404392496387,-0.11787008072279559
99.712,0.031999999999996476,-0.4187424968096211,-3.1228418214259057,-0.2507985803726285,0.11546546355233539
99.744,0.031999999999996476,-0.42369837988155346,-4.719703591033152,-0.3615664418756924,-0.11076786150306395
99.776,0.031999999999996476,-0.41979475494248175,-4.664317499473043,-0.3638878626522622,-0.0023214207765697714
99.808,0.03200000000001069,-0.25828797216722554,-2.1789274836585664,-0.1812457314193699,0.1826421312328923
99.84,0.031999999999996476,-0.41602658244660506,-4.4564894500000065,-0.33819439249626504,-0.15694866107689515
99.872,0.031999999999996476,-0.2582157604939556,-1.7527115403987374,-0.14841845407473933,0.1897759384215257
99.904,0.031999999999996476,-0.4180974894509634,-3.444801000771626,-0.2618995063406601,-0.11348105226592078
99.936,0.03200000000001069,-0.4171559984971155,-4.772176626203167,-0.3660661669863645,-0.1041666606457044
99.968,0.031999999999996476,-0.4188428809200265,-3.335488826207946,-0.2664252660164908,0.09964090096987371
100.0,0.031999999999996476,-0.41662001179086994,-3.316578502257566,-0.2592824191852119,0.007142846831278915
100.032,0.031999999999996476,-0.41615455489169173,-4.440848730382892,-0.34154915645266093,-0.08226673726744904
100.06400000000001,0.03200000000001069,-0.41471413196925166,-4.576510450450623,-0.35627493295087237,-0.01472577649821144
100.096,0.031999999999996476,-0.42092818154271516,-2.235701198391577,-0.1849813958492434,0.17129353710162898
100.128,0.031999999999996476,-0.38995124648917184,-2.330573993821533,-0.18206974478329083,0.002911651065952564
100.16,0.031999999999996476,-0.4193757937616977,-2.4888153804059123,-0.19353876526406794,-0.011469020480777109
100.19200000000001,0.03200000000001069,-0.418627685999898,-2.5044586347555144,-0.19535126970788405,-0.0018125044438161153
100.224,0.031999999999996476,-0.4128804069987597,-4.76760526834947,-0.36188821996397696,-0.1665369502560929
100.256,0.031999999999996476,-0.4167021913075594,-4.575608118991562,-0.35738273067092835,0.0045054892930486146
100.288,0.031999999999996476,-0.41811848451097533,-2.4961597406449783,-0.20419952818220746,0.1531832024887209
100.32000000000001,0.03200000000001069,-0.4192682955161287,-4.741317579565689,-0.36046581917846165,-0.1562662909962542
100.352,0.031999999999996476,-0.4201687265248156,-2.366761741295535,-0.194861553857231,0.16560426532123065
100.384,0.031999999999996476,-0.4179839159836682,-2.1651694136484663,-0.17047622690295575,0.024385326954275255
100.416,0.031999999999996476,-0.4173118491124534,-2.3072569868494632,-0.17951763678248883,-0.009041409879533086
100.44800000000001,0.03200000000001069,-0.42165534020133205,-4.820973118265821,-0.36489884270775663,-0.1853812059252678
100.48,0.031999999999996476,-0.42137832111252044,-2.4070332148485107,-0.1980790415041991,0.16681980120355752
100.512,0.031999999999996476,-0.3981608394310342,-4.405528247119223,-0.3354184655611134,-0.13733942405691427
100.544,0.031999999999996476,-0.41779030378675486,-2.2625874298854627,-0.18575459077444748,0.1496638747866659
100.57600000000001,0.03200000000001069,-0.42036629678841797,-2.5114339194871627,-0.19541486051221532,-0.009660269737767846
100.608,0.031999999999996476,-0.12682676650889235,-0.7712661983389496,-0.06800021060751865,0.12741464990469667
100.64,0.031999999999996476,-0.42009330744747836,-2.5439818472867866,-0.19101059072023008,-0.12301038011271143
100.672,0.031999999999996476,-0.416842662628234,-2.5239578877450164,-0.1966393000044416,-0.005628709284211525
100.70400000000001,0.03200000000001069,-0.4019394994148419,-4.583443376280438,-0.3484192695090399,-0.1517799695045983
100.736,0.031999999999996476,-0.4020571709324186,-2.1745104562411868,-0.18002791460551426,0.16839135490352564
100.768,0.031999999999996476,-0.3967745387953231,-4.492894131318039,-0.3408012975645954,-0.1607733829590811
100.8,0.031999999999996476,-0.4197336250492224,-2.331717704127773,-0.19114919272804679,0.1496521048365486
100.83200000000001,0.03200000000001069,-0.13682506684314052,-1.1072744777361159,-0.09246408251416624,0.09868511021388054
100.864,0.031999999999996476,-0.23777764009022678,-1.4670562115147292,-0.11322551230242313,-0.020761429788256888
100.896,0.031999999999996476,-0.4183698812548013,-2.4338070249052186,-0.18551912428758793,-0.0722936119851648
100.928,0.031999999999996476,-0.41989123453970606,-2.5054271181279346,-0.19495952571655323,-0.009440401428965295
100.96000000000001,0.03200000000001069,-0.4010814790145173,-3.5650193421162233,-0.27342716353902907,-0.07846763782247584
100.992,0.031999999999996476,-0.39169830418737744,-4.264076727721369,-0.32936586638472615,-0.055938702845697075
101.024,0.031999999999996476,-0.4158155093231862,-2.4516972681164013,-0.19931236014328663,0.13005350624143952
101.056,0.031999999999996476,-0.41949132996326266,-2.51510645731562,-0.19646761729872775,0.0028447428445588785
101.08800000000001,0.03200000000001069,-0.05322207243981171,-0.6056312180444707,-0.05588015131813296,0.1405874659805948
101.12,0.031999999999996476,-0.41266222409919356,-2.6529521307117503,-0.1983246101997709,-0.14244445888163795
101.152,0.031999999999996476,-0.42123972936294385,-2.407358216049619,-0.18848676533728775,0.009837844862483153
101.184,0.031999999999996476,-0.404821718702155,-3.3014641844261856,-0.2536715910586819,-0.06518482572139417
101.21600000000001,0.03200000000001069,-0.400607704194532,-3.2355589519774623,-0.252587965212423,0.0010836258462589288
101.248,0.031999999999996476,-0.4001668239338058,-4.387481753855733,-0.3372380722567646,-0.08465010704434162
101.28,0.031999999999996476,-0.4190514853737964,-2.4372378116587026,-0.1987034636255525,0.13853460863121211
101.312,0.031999999999996476,-0.42180913834020706,-2.626384344395545,-0.20461586728501274,-0.005912403659460247
101.34400000000001,0.03200000000001069,0.0014730714562346725,-0.24693331690652395,-0.02997181737941307,0.17464404990559967
101.376,0.031999999999996476,-0.3929687845102514,-2.439156945469542,-0.18110639962585537,-0.1511345822464423
101.408,0.031999999999996476,-0.4182262723436893,-2.4638368505440638,-0.19164622549274601,-0.010539825866890645
101.44,0.031999999999996476,-0.39802417118870215,-2.537330028400018,-0.19765938486629092,-0.006013159373544907
101.47200000000001,0.03200000000001069,-0.39733564007893557,-4.762184274092509,-0.3616228041780076,-0.16396341931171665
101.504,0.031999999999996476,-0.39884317920995777,-2.87900146258357,-0.23259857066210513,0.12902423351590245
101.536,0.031999999999996476,-0.41716334714712744,-2.464628810215236,-0.19467706193447482,0.03792150872763031
101.568,0.031999999999996476,-0.39403670913128847,-2.4418828251940154,-0.1908151433161184,0.0038619186183564136
101.60000000000001,0.03200000000001069,-0.1210760350340016,-0.9171770509789928,-0.0784649903281472,0.1123501529879712
101.632,0.031999999999996476,-0.11745186554724504,-0.9442380695763756,-0.0739691930419158,0.0044957972862313955
101.664,0.031999999999996476,-0.22654932075679202,-1.5241913891590653,-0.11635955329437925,-0.04239036025246344
101.696,0.031999999999996476,-0.4192686899986438,-2.430932577531703,-0.18548866207293652,-0.06912910877855727
101.72800000000001,0.03200000000001069,-0.42325618163064394,-2.3082698150216054,-0.18045877443365646,0.005029887639280056
101.76,0.031999999999996476,-0.41108720566475715,-2.3498143610116857,-0.1832235989808873,-0.002764824547230843
101.792,0.031999999999996476,-0.4005755300938624,-3.196570976473765,-0.2456538830470482,-0.062430284066160885
101.824,0.031999999999996476,-0.4197315433193126,-2.4989089499908737,-0.19795170232260675,0.047702180724441434
101.85600000000001,0.03200000000001069,-0.34859110039629493,-1.862342778083373,-0.14838467895327395,0.0495670233693328
101.888,0.031999999999996476,-0.13631538712381475,-1.0058747151800271,-0.08253836506532926,0.0658463138879447
101.92,0.031999999999996476,-0.13633034295410087,-1.0554605777431967,-0.08238367365196941,0.00015469141335984482
101.952,0.031999999999996476,-0.1284485274281881,-0.7382103409106666,-0.05904408918425229,0.023339584467717125
101.98400000000001,0.03200000000001069,-0.13520907169136656,-1.3155513335355045,-0.10015450386418166,-0.041110414679929375
102.016,0.031999999999996476,-0.39226659015022974,-2.2681089215784946,-0.17257907097454606,-0.0724245671103644
102.048,0.031999999999996476,-0.4203347486773955,-2.412029718277372,-0.18734404243215108,-0.014764971457605025
102.08,0.031999999999996476,-0.41612936821482255,-2.423823200811711,-0.1890637059950691,-0.001719663562918028
102.11200000000001,0.03200000000001069,-0.418037354356828,-2.4760076255656935,-0.19300063500307565,-0.0039369290080065455
102.144,0.031999999999996476,-0.4189613528245779,-2.4350551153767404,-0.19021625340889506,0.002784381594180596
102.176,0.031999999999996476,-0.13471988125887252,-1.155890073896174,-0.09598542674085575,0.09423082666803931
102.208,0.031999999999996476,-0.005146818474894428,-0.43648469536150375,-0.037640333530892446,0.058345093209963304
102.24000000000001,0.03200000000001069,-0.12676653792146444,-0.9816093237053083,-0.07436071374665824,-0.0367203802157658
102.272,0.031999999999996476,-0.12112604879113002,-0.9190550233143671,-0.07188029001364125,0.00248042373301699
102.304,0.031999999999996476,-0.0014609537209986153,-0.38861861984467316,-0.032728684181893036,0.03915160583174822
102.336,0.031999999999996476,-0.05767104854576492,-0.6682064427200758,-0.051029449904608164,-0.018300765722715127
102.36800000000001,0.03200000000001069,-0.09987759354682321,-0.6081148227703325,-0.04766678489082585,0.0033626650137823164
102.4,0.031999999999996476,-0.030830760341345253,-0.4376103946495672,-0.03493372707669256,0.012733057814133288
102.432,0.031999999999996476,-0.13647659801744405,-0.9395342078317751,-0.07111025030055734,-0.03617652322386478
102.464,0.031999999999996476,-0.12222701200139946,-1.0365637426658216,-0.08033426159374607,-0.009224011293188727
102.496,0.031999999999996476,-0.1137621605073905,-0.7811187286687885,-0.062081271070736806,0.018252990523009265
102.528,0.03200000000001069,-0.09975645062965131,-1.0438473308467755,-0.08034866367387143,-0.018267392603134626
102.56,0.031999999999996476,0.0013688020050465557,-0.29037225734954997,-0.025992495832735624,0.05435616784113581
102.592,0.031999999999996476,-0.07942603685382033,-0.8782328911202374,-0.0660859685504438,-0.040093472717708176
102.624,0.031999999999996476,-0.011876014125203432,-0.6517008927895996,-0.0517413132888438,0.014344655261599996
102.656,0.03200000000001069,-0.021228642212769697,-0.5420991210186139,-0.04285307044788618,0.00888824284095762
102.688,0.031999999999996476,-0.12601277322403112,-0.8215297572924429,-0.06288935266907145,-0.020036282221185267
102.72,0.031999999999996476,-0.0014087354229206162,-0.7864948320021826,-0.061469552422959525,0.0014198002461119213
102.752,0.031999999999996476,-0.08970019832529297,-0.9573938151281763,-0.07395553859245474,-0.012485986169495214
102.784,0.03200000000001069,-0.07052265425956368,-0.4914799348889825,-0.04041293077541252,0.03354260781704222
102.816,0.031999999999996476,-0.045215806934005925,-0.6421089930331362,-0.04955384201293095,-0.00914091123751843
102.848,0.031999999999996476,-0.016233354735170593,-0.5963987737659237,-0.04671999851052172,0.002833843502409228
102.88,0.031999999999996476,-0.13185552756580515,-1.100702457647411,-0.08364301047787692,-0.0369230119673552
102.912,0.03200000000001069,0.0007175561220043705,-0.5099869221567437,-0.04233318762920114,0.041309822848675785
102.944,0.031999999999996476,-0.1200341954291072,-0.9792221964928937,-0.07445607801013505,-0.03212289038093392
102.976,0.031999999999996476,-0.003953420674229052,-0.6239215899233798,-0.05018161576418118,0.024274462245953872
103.008,0.031999999999996476,-0.026600435329884594,-0.6113426688896536,-0.04785521674250153,0.002326399021679651
103.04,0.03200000000001069,-0.138573933229168,-1.1525851837592715,-0.0875240130094231,-0.03966879626692157
103.072,0.031999999999996476,-0.08391291511911156,-0.8232841874345798,-0.0655971861778921,0.021926826831530993
103.104,0.031999999999996476,-0.004330207743658433,-0.3157761253698319,-0.027009112848909927,0.038588073328982175
103.136,0.031999999999996476,-0.07960165935290268,-0.7317385453589925,-0.055371429544446744,-0.028362316695536818
103.168,0.03200000000001069,-0.0651741119332787,-0.6434104412304353,-0.05051309114743536,0.004858338397011386
103.2,0.031999999999996476,-0.13074113855217034,-0.932517938144866,-0.07149365455917067,-0.020980563411735313
103.232,0.031999999999996476,-0.019186857243272758,-0.453291676983527,-0.03746243534435034,0.03403121921482033
103.264,0.031999999999996476,-0.13039419582252723,-0.9697405281042544,-0.07347760993157591,-0.03601517458722557
103.296,0.03200000000001069,-0.014955546508939583,-0.33318941600415775,-0.028744619782353643,0.044732990149222274
103.328,0.031999999999996476,-0.12951406680634422,-1.1115485097018893,-0.08340292956545352,-0.05465830978309988
103.36,0.031999999999996476,-0.1339721883855276,-1.1986626726668486,-0.09296469865978302,-0.0095617690943295
103.392,0.031999999999996476,-0.005265996945797729,-0.3818780542739499,-0.03345016493027501,0.05951453372950801
103.424,0.03200000000001069,-0.13444714266348015,-1.0531865796710662,-0.07938262679374408,-0.045932461863469075
103.456,0.031999999999996476,-0.03916325013813183,-0.6093232292178191,-0.049392454129350505,0.029990172664393577
103.488,0.031999999999996476,-0.12731673097232432,-0.8511391955417004,-0.06544435005392267,-0.016051895924572165
103.52,0.031999999999996476,-0.06970293894549473,-0.6875442111980149,-0.05434019899914282,0.011104151054779847
103.552,0.03200000000001069,-0.12448025864222426,-0.8825461341870909,-0.06803965218424901,-0.013699453185106188
103.584,0.031999999999996476,-0.003181225432531365,-0.5967545860899235,-0.04781333380310038,0.020226318381148634
103.616,0.031999999999996476,-0.13764908243409327,-1.0916374161161169,-0.08303948250857116,-0.03522614870547078
103.648,0.031999999999996476,-0.026744362793276577,-0.6960651530833304,-0.05598258176588901,0.027056900742682147
103.68,0.03200000000001069,-0.002725033901866099,-0.5572205796859933,-0.044209950461260195,0.011772631304628814
103.712,0.031999999999996476,-0.004574956387027688,-0.5116395800704534,-0.04017829027669824,0.004031660184561955
103.744,0.031999999999996476,-0.12311172320105918,-0.7261451423108983,-0.05572033388572631,-0.01554204360902807
103.776,0.031999999999996476,-0.11767284369997258,-1.0548935916438273,-0.08079379715723801,-0.025073463271511706
103.808,0.03200000000001069,-0.0015792897490477986,-0.30231261410763416,-0.026896289518757614,0.053897507638480405
103.84,0.031999999999996476,-0.10512990685735374,-1.036815553217125,-0.07780034861666052,-0.05090405909790291
103.872,0.031999999999996476,0.0017983079058476624,-0.4774343087554975,-0.03960196958520194,0.038198379031458576
103.904,0.031999999999996476,-0.000314467688074036,-0.6217062840764986,-0.04800660613331976,-0.008404636548117815
103.936,0.03200000000001069,-0.0012645491885602627,-0.5770494476768531,-0.04520772418675607,0.0027988819465636916
103.968,0.031999999999996476,-0.0019771742219196146,-0.4343800115403698,-0.034554204664433985,0.010653519522322082
104.0,0.031999999999996476,-0.0018542534840596306,-0.39016260412219944,-0.03068742865007943,0.0038667760143545546
104.032,0.031999999999996476,-0.0010404913554282712,-0.483076993343226,-0.03729714846547568,-0.0066097198153962505
104.06400000000001,0.03200000000001069,-0.004570104835429815,-0.33893007384667734,-0.027078124385356356,0.010219024080119325
104.096,0.031999999999996476,-0.004948480509291393,-0.4649065232797692,-0.03575252617460464,-0.008674401789248287
104.128,0.031999999999996476,0.0024501136503418466,-0.36146364558608685,-0.028646078734604462,0.0071064474400001805
104.16,0.031999999999996476,-0.0016064717684557916,-0.41069444673131794,-0.03185627434460821,-0.0032101956100037445
104.19200000000001,0.03200000000001069,0.0006028165152605968,-0.41563173032916584,-0.032404684930848894,-0.0005484105862406871
104.224,0.031999999999996476,-0.0005162229183064063,-0.1604872790081503,-0.01367296342689121,0.018731721503957684
104.256,0.031999999999996476,0.0015169122028332537,-0.25510585188310897,-0.019549869699457167,-0.005876906272565957
104.288,0.031999999999996476,0.0005930515014364469,-0.2809351555322608,-0.02178863091971868,-0.0022387612202615127
104.32000000000001,0.03200000000001069,0.007617082794942616,-0.32371039330769186,-0.025063573215154508,-0.003274942295435828
104.352,0.031999999999996476,0.02313083148132296,-0.22955159023452892,-0.018328172908400147,0.0067354003067543605
104.384,0.031999999999996476,0.09028875889101988,0.2894631191951654,0.020229114830274397,0.03855728773867455
104.416,0.031999999999996476,-0.0005536792601282504,-0.23692137957713913,-0.016255443773744205,-0.0364845586040186
104.44800000000001,0.03200000000001069,0.029781613563736653,-0.06684747656924453,-0.005854390346494612,0.010401053427249594
104.48,0.031999999999996476,0.06244330766973886,0.16079620214958318,0.011487020571229953,0.017341410917724565
104.512,0.031999999999996476,-0.004395961572587497,-0.3969675974722306,-0.028529951928505298,-0.04001697249973525
104.544,0.031999999999996476,-0.0006694943745412147,-0.1478054334388369,-0.012516652868268389,0.016013299060236907
104.57600000000001,0.03200000000001069,-0.0026298263818505608,-0.139722522470373,-0.010997800777464605,0.001518852090803784
104.608,0.031999999999996476,0.04946107626293348,0.16618678898098438,0.011586521206844731,0.022584321984309336
104.64,0.031999999999996476,0.0038237057202469083,-0.01402441899684945,-0.0003624797653681672,-0.011949000972212898
104.672,0.031999999999996476,-0.002999939763665401,-0.28779191939698573,-0.021185208561023662,-0.020822728795655495
104.70400000000001,0.03200000000001069,-0.002733607199613288,-0.10501433558128384,-0.008945780578150273,0.01223942798287339
104.736,0.031999999999996476,0.0011173816332489617,-0.06784540923635247,-0.005505798425518491,0.0034399821526317816
104.768,0.031999999999996476,0.0021479680514558475,-0.20441889899882673,-0.015350856799739574,-0.009845058374221083
104.8,0.031999999999996476,0.00024102329798017942,-0.21464576185698836,-0.016671288751638765,-0.00132043195189919
104.83200000000001,0.03200000000001069,-0.0002578310919802376,0.09454833083892786,0.005990687539997899,0.022661976291636663
104.864,0.031999999999996476,-0.0009123571622190876,-0.03178791450448136,-0.0019918535656407565,-0.007982541105638655
104.896,0.031999999999996476,0.0009405351340342724,-0.02492440616356826,-0.0019479343442121086,4.391922142864789e-05
104.928,0.031999999999996476,0.0035712563351232396,-0.07094447149507888,-0.005329724956264552,-0.0033817906120524434
104.96000000000001,0.03200000000001069,-0.0025989339913718413,-0.17178284483218986,-0.012940629425125572,-0.00761090446886102
104.992,0.031999999999996476,-0.00025448149980321317,-0.0051123290550973005,-0.0011230124396103011,0.011817616985515271
105.024,0.031999999999996476,-0.004039282062438688,0.004202179919213591,0.0002441987905662233,0.0013672112301765244
105.056,0.031999999999996476,0.002557365129732765,-0.12058466266029982,-0.008853726033953915,-0.009097924824520138
105.08800000000001,0.03200000000001069,-0.0008887288684797307,-0.12123567735881659,-0.009426816612404059,-0.0005730905784501437
105.12,0.031999999999996476,-0.002221786778780823,-0.19908318034692107,-0.015184823605505092,-0.005758006993101033
105.152,0.031999999999996476,0.0035441207668968936,-0.04773842537006663,-0.004387300478040015,0.010797523127465077
105.184,0.031999999999996476,0.00034083196183357664,0.07087339244274939,0.004958770522686275,0.00934607100072629
105.21600000000001,0.03200000000001069,-0.006230341918713037,0.04662999267629414,0.00371544547261383,-0.0012433250500724449
105.248,0.031999999999996476,0.0033924354079837883,-0.1262517190756425,-0.009070090776558364,-0.012785536249172193
105.28,0.031999999999996476,0.001970422384095642,-0.05666652373126882,-0.004690876966529426,0.004379213810028938
105.312,0.031999999999996476,0.00516504011335107,-0.23508152800735166,-0.01755874881792008,-0.012867871851390655
105.34400000000001,0.03200000000001069,-0.0015147996509585044,-0.006387073704672895,-0.00148335722361672,0.01607539159430336
105.376,0.031999999999996476,0.06733180488111139,0.09212240032091731,0.0066890693411073825,0.008172426564724103
105.408,0.031999999999996476,-0.002524852726469173,-0.08829683825023414,-0.006107215680060659,-0.01279628502116804
105.44,0.031999999999996476,0.0030658856450001535,0.011816084318265193,0.0005163935879848194,0.006623609268045478
105.47200000000001,0.03200000000001069,0.010788957650655252,0.03963032383488558,0.0029442339168593663,0.002427840328874547
105.504,0.031999999999996476,-0.0034832813943313327,-0.06042119609514029,-0.00427342053760889,-0.007217654454468256
105.536,0.031999999999996476,-0.000304003144075443,-0.0436682489261466,-0.003458073543768905,0.0008153469938399845
105.568,0.031999999999996476,0.011389178180301307,0.1921181376532789,0.013928779961863532,0.017386853505632436
105.60000000000001,0.03200000000001069,0.0022689839362222573,-0.034217753533382536,-0.001712285723144555,-0.015641065685008088
105.632,0.031999999999996476,0.0025145665215867167,-0.39892771914039854,-0.029436083500004928,-0.027723797776860373
105.664,0.031999999999996476,0.13088598470254645,0.7151614452275912,0.050893816714229094,0.08032990021423403
105.696,0.031999999999996476,0.017786787553863277,0.01641738876186201,0.004145391593067499,-0.0467484251211616
105.72800000000001,0.03200000000001069,-0.003849740022298418,-0.029064720504071627,-0.0018981164953311986,-0.006043508088398698
105.76,0.031999999999996476,0.02459595022285195,0.12199657108315004,0.008862078955310711,0.01076019545064191
105.792,0.031999999999996476,0.13388142098940647,0.7243516151330719,0.05378058149088034,0.04491850253556963
105.824,0.031999999999996476,0.011994029281448907,-0.0030973671042654263,0.002876922294901871,-0.050903659195978467
105.85600000000001,0.03200000000001069,-0.0007712156536821215,-0.027796535148311152,-0.0018780814198274146,-0.004755003714729285
105.888,0.031999999999996476,0.11611307856941737,0.6123145341987695,0.04492132962819568,0.04679941104802309
105.92,0.031999999999996476,0.08207099637312812,0.5223047383425363,0.041003675695004405,-0.003917653933191274
105.952,0.031999999999996476,0.011034382220042138,-0.10908471698354347,-0.005655010410572511,-0.04665868610557691
105.98400000000001,0.03200000000001069,0.13273049044314092,0.6632332177207367,0.04844786252010864,0.054102872930681147
106.016,0.031999999999996476,0.12510390248680853,0.4802699199224678,0.03811600911904347,-0.01033185340106517
106.048,0.031999999999996476,0.1310433696649832,0.8686976006500038,0.06608462037126436,0.027968611252220894
106.08,0.031999999999996476,0.052337929726483975,0.3941146712596991,0.03279828638411102,-0.033286333987153346
106.11200000000001,0.03200000000001069,0.10266643103713523,0.46227924772544593,0.03588953541233807,0.00309124902822705
106.144,0.031999999999996476,0.13287298656379007,0.9584003340913912,0.07255284743271632,0.03666331202037826
106.176,0.031999999999996476,0.1174222649304034,0.391848456346729,0.03300503320939927,-0.03954781422331705
106.208,0.031999999999996476,0.12632830777555243,0.5134927903531763,0.03966772624081149,0.006662693031412217
106.24000000000001,0.03200000000001069,0.343249337103453,1.7436722971095029,0.13052003693252978,0.09085231069171829
106.272,0.031999999999996476,0.1340746105507671,0.9334375775721047,0.07618001224916462,-0.05434002468336516
106.304,0.031999999999996476,0.12779373405413022,0.8579094352432458,0.0674886560419797,-0.00869135620718492
106.336,0.031999999999996476,0.15683355556345577,1.1279879330675684,0.08684854596709239,0.019359889925112686
106.36800000000001,0.03200000000001069,0.2807596656328331,1.4246499932755383,0.10978276966169331,0.022934223694600922
106.4,0.031999999999996476,0.1317368294051259,0.9465420985884893,0.07594657837718183,-0.033836191284511485
106.432,0.031999999999996476,0.22659486108377488,1.3047419776536118,0.10033534649799232,0.02438876812081049
106.464,0.031999999999996476,0.4157356098436474,2.560454781982093,0.19408869164458134,0.09375334514658902
106.49600000000001,0.03200000000001069,0.4201212078233623,2.2820576205658507,0.17902759549248762,-0.015061096152093723
106.528,0.031999999999996476,0.4137902490173781,2.418115748863955,0.18816387787362537,0.009136282381137756
106.56,0.031999999999996476,0.3982832442724337,2.264025274202361,0.1773594586213529,-0.010804419252272462
106.592,0.031999999999996476,0.3929308300094725,4.122947055525585,0.31344125831323333,0.13608179969188042
106.624,0.031999999999996476,0.41690922260044494,2.3088609135810447,0.1878888293393832,-0.12555242897385013
106.656,0.03200000000001069,0.1398423468427811,1.0193604767373485,0.08581064919611446,-0.10207818014326873
106.688,0.031999999999996476,0.4151164826985785,2.2786095012923857,0.17252322848296334,0.08671257928684888
106.72,0.031999999999996476,0.42282684161052564,2.482597824264448,0.1925304131948503,0.02000718471188695
106.752,0.031999999999996476,0.41926308383480415,2.4167779266093383,0.18884499933573287,-0.0036854138591174146
106.784,0.03200000000001069,0.3996501627146242,4.527504202328766,0.34385553219644915,0.15501053286071628
106.816,0.031999999999996476,0.41189403544238323,2.3007732472523865,0.18904984850908949,-0.15480568368735967
106.848,0.031999999999996476,0.42151151335272347,2.505726592486941,0.19518537458203972,0.0061355260729502314
106.88,0.031999999999996476,0.1301362297802082,1.0388009073632911,0.08766152569570468,-0.10752384888633504
106.912,0.03200000000001069,0.2286232752004894,1.3637304416057205,0.10534966460338642,0.01768813890768174
106.944,0.031999999999996476,0.13226919404618181,0.9251807050690859,0.0741197375924948,-0.031229927010891625
106.976,0.031999999999996476,0.1340423535091605,1.1190997540661092,0.0865777134928826,0.012457975900387802
107.008,0.031999999999996476,0.41937543617414713,2.5194032001626763,0.19027553355306584,0.10369782006018324
107.04,0.03200000000001069,0.41746738170369924,2.4671033774736784,0.19241577226892445,0.002140238715858611
107.072,0.031999999999996476,0.41677164068633565,2.396898666379057,0.1873764559207356,-0.005039316348188855
107.104,0.031999999999996476,0.392943722158271,2.006274938980376,0.1583589834444884,-0.029017472476247197
107.136,0.031999999999996476,0.41537586864298853,2.3790046066212507,0.18409445570121885,0.02573547225673045
107.168,0.03200000000001069,0.41883023587321355,2.3893652953980413,0.18634206818087204,0.0022476124796531882
107.2,0.031999999999996476,0.12167469083115103,0.8087155044630133,0.0702304771278863,-0.11611159105298574
107.232,0.031999999999996476,0.13641538953367618,0.9594902130849922,0.07461546827698065,0.004384991149094353
107.264,0.031999999999996476,0.12926983469775266,0.7760230603547585,0.06137639380439685,-0.013239074472583802
107.296,0.03200000000001069,0.2199371795066486,1.3837239186560442,0.10530257301018499,0.04392617920578814
107.328,0.031999999999996476,0.41557625347882626,2.5056943490562213,0.19034835040956144,0.08504577739937645
107.36,0.031999999999996476,0.4185885796282944,2.3404791825902365,0.18310800394629667,-0.0072403464632647685
107.392,0.031999999999996476,0.41143970154976467,2.474892451799038,0.19257480768472426,0.009466803738427593
107.424,0.03200000000001069,0.40376721624150347,2.0901977288534725,0.1648307804740389,-0.027744027210685362
107.456,0.031999999999996476,0.4147407236451634,2.4295204016942833,0.18818300958717488,0.023352229113135975
107.488,0.031999999999996476,0.4185768265482347,2.414083234688493,0.18839585948039603,0.0002128498932211509
107.52,0.031999999999996476,0.07888727487884482,0.7185259342096729,0.06371647918089306,-0.12467938029950297
107.552,0.03200000000001069,0.4166932832615438,2.3931383912674455,0.1796702329331112,0.11595375375221816
107.584,0.031999999999996476,0.4201601918874398,2.3264137779220917,0.18145719302651742,0.0017869600934062035
107.616,0.031999999999996476,0.4208664476411613,2.3547341844487573,0.18364304169543855,0.002185848668921131
107.648,0.031999999999996476,0.3978311466503484,2.268495682998495,0.17742722979330888,-0.006215811902129664
107.68,0.03200000000001069,0.39663016211876834,4.560602831083453,0.3456304755457567,0.16820324575244783
107.712,0.031999999999996476,0.4204309597245017,2.3485045031974,0.19266248172531392,-0.1529679938204428
107.744,0.031999999999996476,0.41883705902255586,2.429118344059397,0.18976014062463364,-0.0029023411006802724
107.776,0.031999999999996476,0.15972319775505994,1.1566381110028137,0.09601410658870062,-0.09374603403593303
107.808,0.03200000000001069,0.42193322406792305,2.5224266896171983,0.19104263592361584,0.09502852933491522
107.84,0.031999999999996476,0.4187605246357464,2.4655601477909945,0.19234656692094668,0.0013039309973308377
107.872,0.031999999999996476,0.4170958487152148,2.410943563959307,0.18840532570909324,-0.003941241211853436
107.904,0.031999999999996476,0.40132378054342194,4.641937816698739,0.3522456241638754,0.16384029845478215
107.936,0.03200000000001069,0.4102832827844779,4.194424473341117,0.32879374086702157,-0.023451883296853826
107.968,0.031999999999996476,0.421017265945123,2.3879131464360124,0.19458863310903252,-0.13420510775798905
108.0,0.031999999999996476,0.41981425967221564,2.3682541611309484,0.18539536976919685,-0.009193263339835667
108.032,0.031999999999996476,0.0906517294426656,0.8483363287768586,0.07308954949593162,-0.11230582027326523
108.06400000000001,0.03200000000001069,0.42213265786892085,2.6874387233820634,0.20185424472248636,0.12876469522655476
108.096,0.031999999999996476,0.41511724956599244,2.412011448738201,0.18903272766916843,-0.012821517053317938
108.128,0.031999999999996476,0.4217513209396455,2.28940096203622,0.17927575034979534,-0.009756977319373084
108.16,0.031999999999996476,0.41779629763298437,2.7982515239837547,0.21613347462923546,0.03685772427944012
108.19200000000001,0.03200000000001069,0.41741766825019233,2.211838265551744,0.17513627321192038,-0.04099720141731508
108.224,0.031999999999996476,0.3976679687154791,4.461268658655049,0.33819316319505854,0.16305688998313816
108.256,0.031999999999996476,0.4168365381973382,2.1396416478964704,0.17687331085487507,-0.16131985234018348
108.288,0.031999999999996476,0.41533411639482015,2.4893892872647245,0.19328098516589215,0.016407674311017084
108.32000000000001,0.03200000000001069,0.1209617508739761,1.0436421017069473,0.08790760957950969,-0.10537337558638246
108.352,0.031999999999996476,0.3227660465380375,1.8435564413262802,0.14065038350097037,0.05274277392146068
108.384,0.031999999999996476,0.41822451472303807,2.502972802947525,0.19218880379436584,0.051538420293395476
108.416,0.031999999999996476,0.42192320764701874,2.3927334123241524,0.18705703951336441,-0.0051317642810014275
108.44800000000001,0.03200000000001069,0.4021319704369209,3.1049007024704154,0.23913373131992985,0.052076691806565434
108.48,0.031999999999996476,0.4008881877646657,4.779850973747941,0.3653162930456012,0.12618256172567135
108.512,0.031999999999996476,0.41871326462405306,2.236330612950201,0.18554963251882614,-0.17976666052677506
108.544,0.031999999999996476,0.2893222160593221,1.8999320710554721,0.15043304401991106,-0.03511658849891508
108.57600000000001,0.03200000000001069,-0.004295802401562158,0.21049013954189694,0.024163853441500745,-0.12626919057841032
108.608,0.031999999999996476,0.41571819105871316,2.5854385431389484,0.1915286930497519,0.16736483960825116
108.64,0.031999999999996476,0.4216291875707072,2.356396783921513,0.18434672804571028,-0.007181965004041613
108.672,0.031999999999996476,0.42092882396226705,2.462850445671503,0.19176074622645867,0.007414018180748383
108.70400000000001,0.03200000000001069,0.39486620927814575,4.753126800741212,0.36061619256721444,0.16885544634075578
108.736,0.031999999999996476,0.42217329387830166,2.627743016641372,0.21406285687649915,-0.1465533356907153
108.768,0.031999999999996476,0.4222774360639875,2.477233297993039,0.1945339491573092,-0.019528907719189942
108.8,0.031999999999996476,-0.0011698740604495854,0.2743200217547522,0.031403822021123684,-0.16313012713618552
108.83200000000001,0.03200000000001069,0.3122508568769793,1.8050814486475744,0.13455901227637568,0.103155190255252
108.864,0.031999999999996476,0.24733823046371517,1.5390726422338814,0.12095171840497398,-0.013607293871401693
108.896,0.031999999999996476,0.4151783255366284,2.446107726391719,0.18686974741429793,0.06591802900932395
108.928,0.031999999999996476,0.4164579792565714,2.4482144862375956,0.19083006603602143,0.0039603186217234965
108.96000000000001,0.03200000000001069,0.4189095417453291,2.4716648450552587,0.19278323627691832,0.00195317024089689
108.992,0.031999999999996476,0.4033340002220043,3.355603631533571,0.25790104956691806,0.06511781328999974
109.024,0.031999999999996476,0.4147427037685866,2.3720847705824584,0.18933204107166413,-0.06856900849525394
109.056,0.031999999999996476,0.0007449782665841169,0.2852691210388615,0.031908719905877174,-0.15742332116578694
109.08800000000001,0.03200000000001069,0.4188996297403464,2.4795516217920994,0.1841888488688199,0.1522801289629427
109.12,0.031999999999996476,0.001548959841048256,0.4109086576707713,0.04085136814478562,-0.14333748072403427
109.152,0.031999999999996476,0.2135977931561491,1.385379805700442,0.10423945651523009,0.06338808837044446
109.184,0.031999999999996476,0.4232556603820096,2.4996635882242124,0.18984347415713104,0.08560401764190095
109.21600000000001,0.03200000000001069,0.41773474435081,2.6122789473702768,0.20306707417146821,0.013223600014337172
109.248,0.031999999999996476,0.4209444255234999,2.264104397481604,0.17822562514385987,-0.024841449027608348
109.28,0.031999999999996476,0.418507967479494,2.916956662408944,0.22480245463648138,0.04657682949262151
109.312,0.031999999999996476,0.42269799251510404,2.5515267773654497,0.2006174955328054,-0.02418495910367599
109.34400000000001,0.03200000000001069,0.0013905221892072757,0.34435121048139916,0.03690512902446326,-0.16371236650834214
109.376,0.031999999999996476,0.41832578669822296,2.3154386014023567,0.1724083782678747,0.13550324924341145
109.408,0.031999999999996476,0.04602647056580587,0.8834185721831829,0.0749197785794576,-0.0974885996884171
109.44,0.031999999999996476,0.032719829093955065,0.6971175149729651,0.055591229677734916,-0.019328548901722684
109.47200000000001,0.03200000000001069,0.35563693561233795,2.0552565000166236,0.15435325895820307,0.09876202928046815
109.504,0.031999999999996476,0.41689742422342757,2.4247619851365854,0.18722821690092475,0.03287495794272169
109.536,0.031999999999996476,0.4150852628175441,2.3607501799473942,0.18441861525331812,-0.00280960164760663
109.568,0.031999999999996476,0.4054569504230332,2.683290025887289,0.20797607286815295,0.023557457614834826
109.60000000000001,0.03200000000001069,0.42256377397294337,2.4841092387377066,0.194688222969496,-0.013287849898656945
109.632,0.031999999999996476,0.14165992991056084,1.0770083872590857,0.09044261231726283,-0.10424561065223317
109.664,0.031999999999996476,0.1560539957819221,1.2563045533287736,0.09761009001307729,0.007167477695814453
109.696,0.031999999999996476,0.21426630287449094,1.345015805380643,0.10454770745998739,0.006937617446910099
109.72800000000001,0.03200000000001069,0.0028571553215835546,0.239593566429728,0.02365520788246934,-0.08089249957751804
109.76,0.031999999999996476,0.42123474944371336,2.615493405402452,0.19370957078910062,0.17005436290663128
109.792,0.031999999999996476,0.41721201836814203,2.4165184608983847,0.18889398984908287,-0.004815580940017744
109.824,0.031999999999996476,0.42087154847832065,2.6354009161661653,0.20471265614043943,0.01581866629135656
109.85600000000001,0.03200000000001069,0.40161988570994195,4.542601893507234,0.34588184501967045,0.14116918887923102
109.888,0.031999999999996476,0.41971396409057854,2.2432166866558245,0.18493410317666317,-0.16094774184300728
109.92,0.031999999999996476,0.0053432899531742845,0.3460330646549753,0.03612342518375172,-0.14881067799291145
109.952,0.031999999999996476,0.40823884145151035,2.54559082371153,0.18928869778502536,0.15316527260127363
109.98400000000001,0.03200000000001069,0.4081247163926407,2.3473646511399906,0.18355319009422233,-0.005735507690803027
110.016,0.031999999999996476,0.42388084223540085,2.4866663930060704,0.19346636617370455,0.009913176079482222
110.048,0.031999999999996476,0.41637214414015467,2.365346014122478,0.18511671654425915,-0.0083496496294454
110.08,0.031999999999996476,0.42084549576425445,2.963766432558893,0.2286426720875229,0.043525955543263745
110.11200000000001,0.03200000000001069,0.41877558277042554,2.3014056208735383,0.18244522124299484,-0.04619745084452806
110.144,0.031999999999996476,0.2512742807417554,1.3691802753188989,0.11122222194401013,-0.07122299929898471
110.176,0.031999999999996476,0.11628045786550636,0.9398670788897011,0.07553879416941822,-0.03568342777459191
110.208,0.031999999999996476,0.07248785125127208,0.8683831823901711,0.06822188085109313,-0.007316913318325097
110.24000000000001,0.03200000000001069,0.20880853411542566,1.4220564186337017,0.10851673739533826,0.04029485654424514
110.272,0.031999999999996476,0.18447448496640403,1.241316692154725,0.0975512818804284,-0.010965455514909864
110.304,0.031999999999996476,0.4209255066334758,2.6164894664010276,0.19804877354590114,0.10049749166547274
110.336,0.031999999999996476,0.41981858704783676,2.3564171101641285,0.1847246210764569,-0.01332415246944424
110.36800000000001,0.03200000000001069,0.4223212270152275,2.5712797176470423,0.19975647486336676,0.015031853786909855
110.4,0.031999999999996476,0.41853037554930134,2.2196066586977903,0.1747621335097465,-0.024994341353620247
110.432,0.031999999999996476,0.4173970126252426,2.335171917578869,0.18181792854714077,0.007055795037394258
110.464,0.031999999999996476,0.039276331860049724,0.5801028812092425,0.053157078623234884,-0.1286608499239059
110.49600000000001,0.03200000000001069,0.004253814525073526,0.5650475091894089,0.044622430939009285,-0.0085346476842256
110.528,0.031999999999996476,0.1356452856023869,0.9676109570450969,0.07373434073630086,0.02911190979729158
110.56,0.031999999999996476,0.10877970313906198,1.0216849872146925,0.07939156086870779,0.005657220132406923
110.592,0.031999999999996476,0.0067903506554937085,0.26758346049899856,0.024261349888287553,-0.05513021098042023
110.624,0.031999999999996476,0.08649862483845817,0.9640068179594127,0.07229386509940568,0.04803251521111812
110.656,0.03200000000001069,0.030267742816589654,0.6805813154796306,0.054223562257880865,-0.01807030284152481
110.688,0.031999999999996476,0.10863413627012712,0.8579263247752339,0.06622237249210695,0.011998810234226089
110.72,0.031999999999996476,0.0018924487936301593,0.484022005665526,0.0394180444235792,-0.026804328068527755
110.752,0.031999999999996476,0.09037433471687803,0.9201638414597447,0.06994462467511799,0.030526580251538787
110.784,0.03200000000001069,0.003972987186133201,0.1300537340793915,0.013602019741826673,-0.05634260493329131
110.816,0.031999999999996476,0.10417492975536051,0.9106203006173095,0.06775245522243296,0.05415043548060629
110.848,0.031999999999996476,-0.0002456022238727959,0.5528653104234738,0.04456912691374346,-0.0231833283086895
110.88,0.031999999999996476,0.008658937283303436,0.46593519091240687,0.036837914071164546,-0.0077312128425789176
110.912,0.03200000000001069,0.005005942536251056,0.603869243611617,0.04653529976154442,0.009697385690379874
110.944,0.031999999999996476,-0.0011904107774924379,0.3478413013494566,0.02826676802928879,-0.01826853173225563
110.976,0.031999999999996476,0.0017425374130688213,0.4413537759878272,0.03408907110536982,0.005822303076081031
111.008,0.031999999999996476,0.0035310904594776974,0.49827092456323924,0.03861088729084825,0.004521816185478429
111.04,0.03200000000001069,-0.0006059669718042442,0.2175328041696827,0.018226382607221547,-0.020384504683626705
111.072,0.031999999999996476,0.0015780922009568411,0.41001455314756846,0.03120475536801275,0.012978372760791203
111.104,0.031999999999996476,0.11439010386228136,0.9530095423495337,0.071885959355304,0.04068120398729125
111.136,0.031999999999996476,0.003699509888164436,0.36430982718666244,0.0309413373496526,-0.040944622005651396
111.168,0.03200000000001069,0.0030174407038557273,0.3330231228828081,0.026276810759103205,-0.004664526590549396
111.2,0.031999999999996476,0.0020162323488392324,0.3523897217181164,0.027431756005589968,0.0011549452464867625
111.232,0.031999999999996476,0.007698904490778603,0.37415901735079654,0.02909934886124317,0.0016675928556532035
111.264,0.031999999999996476,-0.00172522028874325,0.27338725162897815,0.021784838982574942,-0.007314509878668229
111.296,0.03200000000001069,-0.0007552083233956978,0.27584222011927717,0.021543118011516288,-0.00024172097105865445
111.328,0.031999999999996476,0.001249315974154327,0.3119349445104091,0.024183430809637398,0.0026403127981211097
111.36,0.031999999999996476,-0.0042656461129248445,0.38627365607483094,0.029802739319046645,0.005619308509409247
111.392,0.031999999999996476,0.003765374697414551,0.47589957614032136,0.036718247279436164,0.006915507960389519
111.424,0.03200000000001069,0.0005124032198296908,0.21132497997248276,0.01766059744718636,-0.019057649832249803
111.456,0.031999999999996476,-0.0015938229602613888,0.3048436201273355,0.023437798876553666,0.005777201429367305
111.488,0.031999999999996476,-0.0016824525967991698,0.446985077707355,0.034224426373396795,0.01078662749684313
111.52,0.031999999999996476,-0.000432993538205856,0.15740773553609833,0.013551545097750759,-0.020672881275646038
111.552,0.03200000000001069,-0.010669029016144938,0.3602930462784783,0.027278350432432166,0.013726805334681407
111.584,0.031999999999996476,-0.1087017030883739,0.03331809144272105,0.0040249740058964775,-0.023253376426535688
111.616,0.031999999999996476,-0.01642929754967866,0.2503513506634592,0.018643253070899247,0.014618279065002768
111.648,0.031999999999996476,0.0020540361554984904,0.1769993955500066,0.014092833446879137,-0.00455041962402011
111.68,0.03200000000001069,-0.0098084382971363,0.1845929188169521,0.014388571339369924,0.0002957378924907869
111.712,0.031999999999996476,-0.10242917025157702,-0.05198912067328418,-0.0029926527556904535,-0.017381224095060377
111.744,0.031999999999996476,-0.05041913754614382,0.2767106136786898,0.020176598122185085,0.02316925087787554
111.776,0.031999999999996476,-0.08815890349561865,-0.46745920844122435,-0.0332122796672532,-0.05338887778943829
111.808,0.03200000000001069,0.0016074149800023366,0.04965323205763479,0.0017341956551581868,0.03494647532241139
111.84,0.031999999999996476,-0.0009943750684806912,0.36896737877380004,0.027234058123481335,0.02549986246832315
111.872,0.031999999999996476,0.0009889954202450142,0.002510750759573646,0.0017568382399254666,-0.02547721988355587
111.904,0.031999999999996476,0.0015765840476860721,0.16650598811810965,0.012346308731905512,0.010589470491980045
111.936,0.03200000000001069,0.001129478091330553,0.05518194470238372,0.004770833729734486,-0.007575475002171026
111.968,0.031999999999996476,-0.003512367112729183,0.1833446401352879,0.013758622195405903,0.008987788465671418
112.0,0.031999999999996476,-0.0029790775024873587,-0.021175695547758343,-0.000762992875743838,-0.01452161507114974
112.032,0.031999999999996476,-0.00022679363847546286,0.09271346949195186,0.006774122671311439,0.007537115547055277
112.06400000000001,0.03200000000001069,-0.0036992581930052246,0.18048313036129718,0.013663834141658822,0.006889711470347382
112.096,0.031999999999996476,-0.003008247834432665,0.034488578153235916,0.0033250983934724294,-0.010338735748186393
112.128,0.031999999999996476,0.0016455933998646385,-0.010710136211829764,-0.0005956709790376456,-0.003920769372510075
112.16,0.031999999999996476,0.0010799191872726264,0.08553736166733959,0.006256049415266586,0.006851720394304232
112.19200000000001,0.03200000000001069,0.005188057096471491,0.11455487244034039,0.008785547229837083,0.0025294978145704965
112.224,0.031999999999996476,0.004573254219600451,0.17986077102974626,0.013734183380288893,0.00494863615045181
112.256,0.031999999999996476,0.0033805676621569253,0.012240307240575838,0.0016930167079057669,-0.012041166672383126
112.288,0.031999999999996476,0.000753296443019414,0.13156465882742507,0.009773031103333659,0.008080014395427892
112.32000000000001,0.03200000000001069,-0.0007524255348607627,-0.0220169824729732,-0.0010549458050342902,-0.01082797690836795
112.352,0.031999999999996476,0.007217096780448313,0.15854419857890684,0.011598475225912258,0.012653421030946549
112.384,0.031999999999996476,0.005485231073049418,0.06240059316821878,0.005258523034310921,-0.0063399521916013375
112.416,0.031999999999996476,0.033291614416288653,0.2482602971188645,0.018560688167436282,0.013302165133125363
112.44800000000001,0.03200000000001069,0.0024568365370221047,-0.22279482020840935,-0.015312890130678913,-0.033873578298115194
112.48,0.031999999999996476,0.07868586019687124,0.3538269165953111,0.025136512563812927,0.04044940269449184
112.512,0.031999999999996476,0.0020144022146903516,-0.14010944844189924,-0.008852572884196653,-0.033989085448009576
112.544,0.031999999999996476,0.0009114745028811755,-0.06393331745841399,-0.005212721515848534,0.003639851368348119
112.57600000000001,0.03200000000001069,0.058357292668415814,0.46571489452775444,0.03394785322384272,0.039160574739691256
112.608,0.031999999999996476,0.0048862316012878845,0.001656803896010927,0.002081619993876119,-0.0318662332299666
112.64,0.031999999999996476,0.003263078891352742,-0.0638188353370851,-0.004573081603316102,-0.00665470159719222
112.672,0.031999999999996476,0.03585962443493699,0.08139957211216912,0.005722143186760257,0.010295224790076359
112.70400000000001,0.03200000000001069,0.10756362684739347,0.7028649429069309,0.05201918115226781,0.04629703796550755
112.736,0.031999999999996476,-0.005428205995706345,-0.07196476326165772,-0.0022892856344409094,-0.05430846678670872
112.768,0.031999999999996476,0.002723187065624318,0.014270312569692738,0.0009172836701468322,0.0032065693045877416
112.8,0.031999999999996476,0.00013142811152181848,0.3301855774522097,0.02433487609451941,0.02341759242437258
112.83200000000001,0.03200000000001069,-0.0029737348619341187,0.19055372853019117,0.015418194312721642,-0.00891668178179777
112.864,0.031999999999996476,-0.0031448221607106868,0.2867509659466082,0.021977809125025345,0.0065596148123037035
112.896,0.031999999999996476,0.0017990190925334896,0.030948070580639336,0.0035446867733331545,-0.018433122351692192
112.928,0.031999999999996476,0.0017590194868194098,0.04110782719322339,0.003227710421406818,-0.00031697635192633666
112.96000000000001,0.03200000000001069,-0.001673378232754769,-0.17203448776055136,-0.012465122450341742,-0.01569283287174856
112.992,0.031999999999996476,-0.06325305452072501,-0.12619911813754867,-0.01000031175621907,0.002464810694122672
113.024,0.031999999999996476,-0.1718311135119274,-0.7203691869875545,-0.05355342195294796,-0.04355311019672889
113.056,0.031999999999996476,-0.15866113228791548,-0.6700957166386806,-0.05237058044357588,0.0011828415093720832
113.08800000000001,0.03200000000001069,-0.1295230118222591,-0.4757435920472893,-0.038009596830085035,0.014360983613490842
113.12,0.031999999999996476,-0.4176637994988034,-1.994744679511791,-0.1488882345215037,-0.11087863769141867
113.152,0.031999999999996476,0.003479068822715568,0.19895587808228277,0.006036079863428618,0.15492431438493232
113.184,0.031999999999996476,-0.1996632444647002,-0.5604728533858315,-0.04086884326320341,-0.04690492312663203
113.21600000000001,0.03200000000001069,-0.29092489895383966,-1.3667104449734144,-0.1028675163211523,-0.06199867305794889
113.248,0.031999999999996476,0.0018425643590929254,0.07532349020162624,-0.00039914032287676973,0.10246837599827553
113.28,0.031999999999996476,-0.1852428929014606,-0.7937143066051086,-0.05839297188987842,-0.05799383156700165
113.312,0.031999999999996476,-0.014994480297043854,-0.18984927739056429,-0.017332531278432036,0.04106044061144638
113.34400000000001,0.03200000000001069,-0.4230812535164596,-2.328494533432041,-0.17223860644841962,-0.15490607516998758
113.376,0.031999999999996476,0.0010627769854752445,-0.20469575853946306,-0.02499654836016123,0.14724205808825838
113.408,0.031999999999996476,0.001002404159807722,-0.04518780205069381,-0.004766148883175494,0.02023039947698574
113.44,0.031999999999996476,-0.17485457485006042,-1.2739448518948087,-0.09396133834152826,-0.08919518945835277
113.47200000000001,0.03200000000001069,-0.003930590926973446,-0.33589536916295404,-0.030126122941686546,0.06383521539984172
113.504,0.031999999999996476,-0.03384247476081608,-0.5105672696285174,-0.03928638594923822,-0.009160263007551676
113.536,0.031999999999996476,-0.00034978459134406704,-0.4359750920703031,-0.03432967385207053,0.0049567120971676926
113.568,0.031999999999996476,-0.11924640244148474,-1.0124176985172118,-0.07643524727835616,-0.042105573426285625
113.60000000000001,0.03200000000001069,-0.003160832337209942,-0.4096985167836531,-0.034541858059800166,0.04189338921855599
113.632,0.031999999999996476,-0.09088715219110627,-0.8922210705745102,-0.0676082092330823,-0.03306635117328214
113.664,0.031999999999996476,-0.004752628277701138,-0.2678343911919771,-0.023599561364902683,0.04400864786817962
113.696,0.031999999999996476,-0.0008267555026738431,-0.4446969156227191,-0.03406549281469096,-0.01046593144978828
113.72800000000001,0.03200000000001069,-0.0968118951457062,-0.7300795374043471,-0.05565678403176051,-0.02159129121706955
113.76,0.031999999999996476,-0.0009114779481158182,-0.32095754074584976,-0.026816305060360472,0.02884047897140004
113.792,0.031999999999996476,-0.09041668804538217,-0.807200830626363,-0.06090981247968422,-0.034093507419323744
113.824,0.031999999999996476,-0.001247094454575422,-0.32352911929058975,-0.027308672016998225,0.03360114046268599
113.85600000000001,0.03200000000001069,-0.111731713860549,-0.8995832565590477,-0.06773206089810202,-0.04042338888110379
113.888,0.031999999999996476,-0.001481578220826632,-0.6118542695753434,-0.04890601098546503,0.01882604991263699
113.92,0.031999999999996476,-0.004361512204767393,-0.4381647399687228,-0.03504603313666074,0.013859977848804286
113.952,0.031999999999996476,-0.002907570271449732,-0.3370505749524706,-0.026809950798996122,0.00823608233766462
113.98400000000001,0.03200000000001069,-0.006946422124325636,-0.40190264735656017,-0.031103725454756002,-0.004293774655759881
114.016,0.031999999999996476,-0.000311728732897743,-0.2678850691358338,-0.02149591804808187,0.009607807406674131
114.048,0.031999999999996476,-0.0285581965982375,-0.4509624176213737,-0.03440481786212075,-0.012908899814038876
114.08,0.031999999999996476,-0.11767225051809675,-0.8575444543355981,-0.06505017181624966,-0.030645353954128908
114.11200000000001,0.03200000000001069,-0.017676949701645465,-0.452177216315337,-0.0370085013377771,0.028041670478472558
114.144,0.031999999999996476,-0.12736109157999356,-0.9346819465874978,-0.07087318871434423,-0.03386468737656713
114.176,0.031999999999996476,-0.0019171424869407897,-0.5052856451452579,-0.041250264618768795,0.02962292409557543
114.208,0.031999999999996476,0.0034760530876507038,-0.28813255168206775,-0.023570672849522082,0.017679591769246713
114.24000000000001,0.03200000000001069,-0.11279627401332075,-0.7836163481206307,-0.05898803693980774,-0.03541736409028566
114.272,0.031999999999996476,-0.13281468796220686,-0.8123216672618632,-0.06314364437855657,-0.0041556074387488345
114.304,0.031999999999996476,-0.4148331423301513,-2.3826173118022953,-0.17886344114130476,-0.11571979676274818
114.336,0.031999999999996476,-0.28119971072207206,-1.8640031700115043,-0.14740483683684574,0.031458604304459015
114.36800000000001,0.03200000000001069,-0.3653666607457157,-2.1305686988091925,-0.16519204998721257,-0.017787213150366826
114.4,0.031999999999996476,-0.28502894811011237,-1.8421428108749778,-0.14500798427084421,0.020184065716368355
114.432,0.031999999999996476,-0.4204606678133193,-4.826439163899094,-0.3633086065268206,-0.2183006222559764
114.464,0.031999999999996476,-0.4157906589492042,-4.437033724616937,-0.3472739359273784,0.016034670599442247
114.49600000000001,0.03200000000001069,-0.41791578893236053,-4.101381968641939,-0.32166436301992435,0.025609572907454026
114.528,0.031999999999996476,-0.41963661471400027,-4.105052123262745,-0.3204558499951011,0.0012085130248232212
114.56,0.031999999999996476,-0.33199409161606636,-3.0991117484958193,-0.2464090006428867,0.07404684935221442
114.592,0.031999999999996476,-0.41802909924322856,-4.629698481839602,-0.3546940393693388,-0.10828503872645209
114.62400000000001,0.03200000000001069,-0.345918463559899,-2.268244838664543,-0.187283398997608,0.16741064037173078
114.656,0.031999999999996476,-0.3976544891895193,-2.487132389437641,-0.19371597717684683,-0.006432578179238813
114.688,0.031999999999996476,-0.37047719846845306,-2.29390667830383,-0.1798774614198893,0.01383851575695752
114.72,0.031999999999996476,-0.42159156448203405,-2.665084136228232,-0.20637505099594391,-0.02649758957605461
114.752,0.031999999999996476,-0.41646606491485594,-3.2789003322798407,-0.2530449144956359,-0.04666986349969196
114.784,0.03200000000001069,-0.4197611150806151,-3.4325744580402713,-0.267040352692995,-0.0139954381973591
114.816,0.031999999999996476,-0.41807556046438205,-4.7415997161030825,-0.3641143104108754,-0.09707395771788041
114.848,0.031999999999996476,-0.4210758013578954,-3.184025105786704,-0.25517391082947793,0.10894039958139745
114.88,0.031999999999996476,-0.4178659424953453,-4.744164090114483,-0.3636178563109004,-0.10844394548142244
114.912,0.03200000000001069,-0.29211012466443537,-1.812934664103054,-0.15431494935336892,0.20930290695753145
114.944,0.031999999999996476,-0.40315304247885486,-2.3530756954923517,-0.18195417934510563,-0.027639229991736708
114.976,0.031999999999996476,-0.0025579995529019482,-0.37127124229145053,-0.037807418228957085,0.14414676111614855
115.008,0.031999999999996476,-0.42084805729779173,-2.674875403044931,-0.1988935303981955,-0.1610861121692384
115.04,0.03200000000001069,-0.4152546027605217,-2.469175078541384,-0.19306563464509244,0.005827895753103052
115.072,0.031999999999996476,-0.41616575904646136,-2.598847502516722,-0.2022653350281747,-0.009199700383082265
115.104,0.031999999999996476,-0.3979371150577877,-4.419885063766029,-0.3367159399737568,-0.13445060494558211
115.136,0.031999999999996476,-0.4271360185887527,-3.888258205744397,-0.3053816898531987,0.03133425012055813
115.168,0.03200000000001069,-0.2934207168957813,-1.645792327866633,-0.13866134390361773,0.16672034594958096
115.2,0.031999999999996476,-0.13319629510086384,-1.0385576032229833,-0.08438055288919864,0.054280791014419086
115.232,0.031999999999996476,-0.41830383430834245,-2.4310877244752644,-0.1836539534117727,-0.09927340052257407
115.264,0.031999999999996476,-0.4130801113926921,-2.362606952719695,-0.1843488238084966,-0.0006948703967238901
115.296,0.03200000000001069,-0.4171708274178235,-2.498546283964769,-0.19438594724624497,-0.010037123437748374
115.328,0.031999999999996476,-0.42043374432747815,-2.5608148511056705,-0.1995446256577418,-0.0051586784114968365
115.36,0.031999999999996476,-0.39411880306849284,-4.634200660943229,-0.35231969349055414,-0.15277506783281233
115.392,0.031999999999996476,-0.42119146129329454,-2.330656152476003,-0.19173607235373497,0.16058362113681918
115.424,0.03200000000001069,-0.41735203586971,-2.3828640661605864,-0.1863051097924892,0.005430962561245756
115.456,0.031999999999996476,0.001347465138976387,-0.3387584981204003,-0.03566759886067836,0.15063751093181085
115.488,0.031999999999996476,-0.41838905970994267,-2.3580333241095195,-0.1754693623485183,-0.13980176348783993
115.52,0.031999999999996476,-0.4160005092009609,-4.195398267915731,-0.31866022336809224,-0.14319086101957396
115.552,0.03200000000001069,-0.42085656178395087,-2.320000265830193,-0.1890093058666087,0.12965091750148355
115.584,0.031999999999996476,-0.3961817005715267,-4.6143612442029776,-0.35025250399384217,-0.16124319812723348
115.616,0.031999999999996476,-0.4116003136265773,-4.777343682994002,-0.371546690588996,-0.021294186595153808
115.648,0.031999999999996476,-0.41610024423551467,-2.3550557692014698,-0.19464038250579727,0.1769063080831987
115.68,0.03200000000001069,-0.3094969136610914,-2.0864998443085008,-0.16467808093657535,0.029962301569221916
115.712,0.031999999999996476,-0.006782991508473736,-0.4323927270683272,-0.041304972834500575,0.12337310810207477
115.744,0.031999999999996476,-0.41827310923008926,-2.4919254874609673,-0.18564126276923446,-0.14433628993473388
115.776,0.031999999999996476,-0.4096215494933491,-4.948052307428841,-0.37459778634377777,-0.18895652357454332
115.808,0.03200000000001069,-0.4121511146436446,-2.340791517956355,-0.19376752318254303,0.18083026316123474
115.84,0.031999999999996476,-0.40568544758365016,-4.51972471916392,-0.34356760000457537,-0.14980007682203234
115.872,0.031999999999996476,-0.4171092380522481,-4.736012483216109,-0.3681212714531328,-0.024553671448557413
115.904,0.031999999999996476,-0.4192872032238504,-2.31709706132522,-0.1916511442429717,0.1764701272101611
115.936,0.03200000000001069,-0.2184357422916067,-1.4270223240599305,-0.11600738875501274,0.07564375548795896
115.968,0.031999999999996476,-0.41949473058591014,-2.5208174528798795,-0.19207848603122257,-0.07607109727620984
116.0,0.031999999999996476,-0.4209829396473796,-2.4326915511627383,-0.1899892015514964,0.0020892844797261723
116.032,0.031999999999996476,-0.4194393943388864,-3.024516094387057,-0.2333915000444905,-0.043402298492994096
116.06400000000001,0.03200000000001069,-0.408414528302078,-4.35098397460255,-0.33344582307232495,-0.10005432302783446
116.096,0.031999999999996476,-0.41662211169697005,-4.5662798915460225,-0.3550547773685687,-0.021608954296243765
116.128,0.031999999999996476,-0.42085258723146995,-2.3624315227012387,-0.19423073414734263,0.1608240432212261
116.16,0.031999999999996476,-0.42037250206466764,-2.4122270134496153,-0.18860848211172812,0.005622252035614506
116.19200000000001,0.03200000000001069,-0.32575007739910733,-2.108376788358947,-0.16593870031009364,0.02266978180163448
116.224,0.031999999999996476,-0.3745177936552119,-2.2752068131100303,-0.17689871252047756,-0.010960012210383924
116.256,0.031999999999996476,-0.4168283890412453,-2.5630588669138814,-0.19870012915446802,-0.02180141663399046
116.288,0.031999999999996476,-0.4212176006361287,-2.4924170557467744,-0.19476369003772845,0.003936439116739576
116.32000000000001,0.03200000000001069,-0.42097026484615596,-2.524993708943241,-0.19693213749248842,-0.0021684474547599697
116.352,0.031999999999996476,-0.40861763955203345,-4.712933703711525,-0.35795892275651775,-0.16102678526402933
116.384,0.031999999999996476,-0.4245482979806287,-2.594710861956153,-0.2114802630033843,0.14647865975313346
116.416,0.031999999999996476,-0.41721753134746437,-2.416107075865386,-0.18988962217407288,0.02159064082931142
116.44800000000001,0.03200000000001069,-0.13176031795950977,-0.8789759571614301,-0.07560224375408717,0.11428737841998571
116.48,0.031999999999996476,-0.24848103821775813,-1.7687613706792762,-0.13443955964305299,-0.05883731588896582
116.512,0.031999999999996476,-0.4212237043904112,-2.511401282406536,-0.19245009094913465,-0.058010531306081664
116.544,0.031999999999996476,-0.4183526338963013,-2.471035695272114,-0.19283049100361707,-0.00038040005448242153
116.57600000000001,0.03200000000001069,-0.42169981044741817,-2.4658697607804387,-0.1924725471553374,0.0003579438482796682
116.608,0.031999999999996476,-0.4047927386285116,-2.045458084134699,-0.16153471346165899,0.030937833693678418
116.64,0.031999999999996476,-0.40161259202848704,-2.4761716425923797,-0.19142347350049874,-0.02988876003883975
116.672,0.031999999999996476,-0.41909262559565524,-2.3952034065652863,-0.18719450163723914,0.004228971863259601
116.70400000000001,0.03200000000001069,-0.4004197812224509,-2.2254685417898075,-0.17446802659031033,0.012726475046928809
116.736,0.031999999999996476,-0.0018670393087736252,-0.28657802615935735,-0.031146891236413513,0.14332113535389682
116.768,0.031999999999996476,-0.15230070550589264,-1.2074843473884513,-0.09059675371444594,-0.059449862478032425
116.8,0.031999999999996476,-0.4178698332634388,-2.540011969402621,-0.1920231225965922,-0.10142636888214628
116.83200000000001,0.03200000000001069,-0.4204998971943296,-2.4249003999018583,-0.18941304244301982,0.0026100801535723916
116.864,0.031999999999996476,-0.41824033405133987,-2.3500091541985433,-0.1837548457505746,0.0056581966924452165
116.896,0.031999999999996476,-0.4165446675609861,-2.2780085926802145,-0.1781332656710116,0.00562158007956301
116.928,0.031999999999996476,-0.39491396267857465,-3.2253632323008454,-0.2474774118144278,-0.06934414614341622
116.96000000000001,0.03200000000001069,-0.4172850175710039,-2.2914845661790073,-0.1828029367887434,0.06467447502568441
116.992,0.031999999999996476,-0.11241584157560863,-0.8895827778364063,-0.07597316393701793,0.10682977285172547
117.024,0.031999999999996476,-0.11832613177298702,-0.7345721263699738,-0.058406461248752234,0.017566702688265698
117.056,0.031999999999996476,-0.15109937860788003,-0.9544860451620372,-0.07356487110180229,-0.015158409853050059
117.08800000000001,0.03200000000001069,-0.3931373767929967,-2.388423980946708,-0.17989207271375365,-0.10632720161195136
117.12,0.031999999999996476,-0.41574090742591524,-2.236505593195759,-0.1748581313631457,0.0050339413506079456
117.152,0.031999999999996476,-0.4188949483315603,-2.327795711432719,-0.18128102254396147,-0.006422891180815765
117.184,0.031999999999996476,-0.4201363524906217,-2.475339865922153,-0.1925022406691545,-0.011221218125193028
117.21600000000001,0.03200000000001069,-0.414516754230865,-2.179565636905104,-0.17139872744744744,0.02110351322170706
117.248,0.031999999999996476,-0.41811373128331264,-2.439738931199001,-0.18931364408333926,-0.017914916635891814
117.28,0.031999999999996476,-0.005273336361365658,-0.4574554664676732,-0.04457028070841995,0.1447433633749193
117.312,0.031999999999996476,-0.128728697354248,-1.018671817488063,-0.07748635739404122,-0.03291607668562127
117.34400000000001,0.03200000000001069,-0.00034653235474854855,-0.6448184903021015,-0.05189331378558787,0.025593043608453353
117.376,0.031999999999996476,-0.13049158765754595,-0.8954231589318798,-0.06884537507380249,-0.016952061288214623
117.408,0.031999999999996476,-0.18388762593641636,-1.2208609965676434,-0.09375677423154716,-0.024911399157744665
117.44,0.031999999999996476,-0.18492962632351653,-1.196600135508964,-0.09341073711433508,0.00034603711721208075
117.47200000000001,0.03200000000001069,-0.06141077928018469,-0.8221811731975667,-0.06585590541493747,0.02755483169939761
117.504,0.031999999999996476,-0.22091471133656645,-1.3764602104056052,-0.10502699633448528,-0.03917109091954782
117.536,0.031999999999996476,-0.012770543263539207,-0.6642338188476049,-0.05491101713267949,0.05011597920180579
117.568,0.031999999999996476,-0.3297885191986788,-2.1288220627382146,-0.15972401906069775,-0.10481300192801826
117.60000000000001,0.03200000000001069,-0.41713869227178424,-2.7280748330765334,-0.20984396146780268,-0.050119942407104934
117.632,0.031999999999996476,-0.4207634381602704,-2.3956048626429345,-0.18828742259120163,0.021556538876601056
117.664,0.031999999999996476,-0.41984153167664756,-2.4932575779542216,-0.1942243862838884,-0.005936963692686786
117.696,0.031999999999996476,-0.19468096704354212,-1.4941876842763875,-0.12109529544853948,0.07312909083534894
117.72800000000001,0.03200000000001069,-0.012635568258776243,-0.3289879844849185,-0.031184570628917635,0.08991072481962184
117.76,0.031999999999996476,-0.314710522095726,-1.769763602768632,-0.13194907271012887,-0.10076450208121124
117.792,0.031999999999996476,0.002927348540211662,-0.4090865564586542,-0.03770161630652341,0.09424745640360546
117.824,0.031999999999996476,-0.13273752225466603,-1.0517150226867107,-0.07951984052708719,-0.04181822422056378
117.85600000000001,0.03200000000001069,-0.06739082368151071,-0.7917760320749369,-0.06281799580002208,0.01670184472706511
117.888,0.031999999999996476,-0.1144438757528982,-0.836925706910487,-0.06517413102026065,-0.0023561352202385727
117.92,0.031999999999996476,-0.054559446086894586,-0.8174498045917985,-0.06387788626582608,0.0012962447544345723
117.952,0.031999999999996476,-0.11523361965327283,-1.0844747607515173,-0.08344013100972134,-0.019562244743895257
117.98400000000001,0.03200000000001069,-0.0006938465768127604,-0.5173130530474331,-0.04286024090969733,0.040579890100024
118.016,0.031999999999996476,-0.007590826473076024,-0.4558367740244794,-0.03599662179280716,0.0068636191168901725
118.048,0.031999999999996476,-0.09637017858059446,-0.9473681539752801,-0.07174772040613572,-0.035751098613328564
118.08,0.031999999999996476,-0.003286361901670947,-0.30449466966110994,-0.02653453670980486,0.04521318369633086
118.11200000000001,0.03200000000001069,-0.13292076898863367,-1.1605369293790528,-0.08687796298692818,-0.060343426277123316
118.144,0.031999999999996476,-0.00274047533805017,-0.5555921732887503,-0.045873758952308344,0.04100420403461984
118.176,0.031999999999996476,-0.002265500856896777,-0.39123263355969523,-0.031419586287487665,0.014454172664820679
118.208,0.031999999999996476,-0.047846225045350244,-0.8141980997368912,-0.061690136415102875,-0.03027055012761521
118.24000000000001,0.03200000000001069,-0.022784337950266537,-0.3399072175399913,-0.02855816845314363,0.03313196796195925
118.272,0.031999999999996476,-0.04391648433587073,-0.7337099609748831,-0.05560583344687459,-0.027047664993730965
118.304,0.031999999999996476,-0.13410884849358584,-1.1665145827781913,-0.08899582012310543,-0.03338998667623084
118.336,0.031999999999996476,-0.0004873787956074855,-0.2712989209408839,-0.02508903072051196,0.06390678940259348
118.36800000000001,0.03200000000001069,0.0016735728405691793,-0.48317902337241186,-0.03698146142726973,-0.011892430706757766
118.4,0.031999999999996476,-0.0035099612861003112,-0.4691410579451852,-0.03663564532766524,0.0003458160996044901
118.432,0.031999999999996476,-0.007746657136307515,-0.5874622833631669,-0.045317051400601854,-0.008681406072936618
118.464,0.031999999999996476,-0.02077192749938358,-0.4545602450392386,-0.03604457496607671,0.009272476434525147
118.49600000000001,0.03200000000001069,-0.06320554589181715,-0.864455599348662,-0.06565308065134814,-0.029608505685271437
118.528,0.031999999999996476,-0.002592288639861399,-0.6398751183784618,-0.050846652940856746,0.014806427710491399
118.56,0.031999999999996476,-0.0036090089407443005,-0.29290926086509467,-0.024475943772883306,0.02637070916797344
118.592,0.031999999999996476,-0.0035724556870357816,-0.4554153045328214,-0.034904318311114485,-0.010428374538231179
118.62400000000001,0.03200000000001069,-0.0034844416977924484,-0.26432835507692914,-0.0214537612112924,0.013450557099822086
118.656,0.031999999999996476,-0.05130694456408634,-0.5980933082172897,-0.045222423206953535,-0.023768661995661137
118.688,0.031999999999996476,-0.07607037162983525,-0.5515554485913443,-0.04317216140673649,0.002050261800217043
118.72,0.031999999999996476,-0.0013671220696522914,-0.10107551551340377,-0.009925405369737602,0.03324675603699889
118.75200000000001,0.03200000000001069,-0.12950807973224196,-0.7596813547718182,-0.056440123399548625,-0.046514718029811025
118.784,0.031999999999996476,-0.022245558120907064,-0.5616217148560655,-0.04456002439511039,0.011880099004438233
118.816,0.031999999999996476,-0.0010053281375915371,-0.15543410966045051,-0.014003068746184158,0.030556955648926236
118.848,0.031999999999996476,-0.0001326910144630919,-0.30829123216755794,-0.02348019128793297,-0.009477122541748812
118.88,0.031999999999996476,-0.03709128987058685,-0.6958934798004479,-0.05253165391686095,-0.029051462628927983
118.912,0.03200000000001069,0.00017435454422608427,-0.4771482050361903,-0.03812219101051082,0.014409462906350132
118.944,0.031999999999996476,0.00043702352491251236,-0.30747828713863085,-0.02481278181216957,0.013309409198341251
118.976,0.031999999999996476,0.003937913375964702,-0.3213011095891345,-0.025060975386945697,-0.0002481935747761267
119.008,0.031999999999996476,-0.001130239238976885,-0.22930364287878316,-0.01830978883347077,0.006751186553474928
119.04,0.03200000000001069,0.001667607708597408,-0.2421608889525582,-0.01886557384812713,-0.0005557850146563625
119.072,0.031999999999996476,0.003993193940846997,-0.1852701454594697,-0.014713900642024528,0.0041516732061026036
119.104,0.031999999999996476,-0.0009826421728564734,-0.121471270800264,-0.009782444683354409,0.0049314559586701185
119.136,0.031999999999996476,0.0034687145133262833,-0.3732095721137592,-0.028010647976922518,-0.01822820329356811
119.168,0.03200000000001069,-0.002076419712245185,-0.3811772681400248,-0.029648891513598244,-0.0016382435366757257
119.2,0.031999999999996476,-0.0031556655496866727,-0.19016424086390046,-0.015696324511110096,0.013952567002488148
119.232,0.031999999999996476,-0.0007933492630903755,-0.19795044048683239,-0.015463454568911149,0.00023286994219894747
119.264,0.031999999999996476,-0.0015983181126774698,-0.20080534561729568,-0.01565996157184078,-0.00019650700292963078
119.296,0.03200000000001069,-0.0002754715066225992,-0.24382568680298222,-0.018835031374972586,-0.0031750698031318067
119.328,0.031999999999996476,-0.0031870332699366136,0.004373437524318416,-0.0007657054055769278,0.018069325969395658
119.36,0.031999999999996476,-0.03414139813549308,-0.14805573697916527,-0.010932255899583994,-0.010166550494007066
119.392,0.031999999999996476,-0.11484874602033195,-0.583538242540945,-0.04354464358156482,-0.032612387681980826
119.424,0.03200000000001069,-0.07753066366057526,-0.6881714274471419,-0.053122074765308884,-0.009577431183744066
119.456,0.031999999999996476,-0.00908287971515253,-0.2358687156953674,-0.020412527164740027,0.03270954760056886
119.488,0.031999999999996476,-0.0030299470585019145,-0.32860540023872287,-0.025344111932860992,-0.004931584768120965
119.52,0.031999999999996476,-0.00032948472734484755,-0.022479863890998847,-0.0031162664920057893,0.022227845440855203
119.552,0.03200000000001069,-0.03651814489747937,-0.24052861437119444,-0.017868427972306145,-0.014752161480300355
119.584,0.031999999999996476,-0.0014924777326879388,-0.16423631451119347,-0.013109503637994837,0.004758924334311307
119.616,0.031999999999996476,-0.10726753646551031,-0.7638194739004254,-0.056928256674235275,-0.043818753036240436
119.648,0.031999999999996476,-0.0012676282321735656,-0.11578250240804819,-0.011801087211157735,0.04512716946307754
119.68,0.03200000000001069,-0.0027287957687509544,-0.058280996334111046,-0.004967263553086473,0.006833823658071263
119.712,0.031999999999996476,0.0014294849666115178,-0.20056545629971972,-0.01503638462927582,-0.010069121076189347
119.744,0.031999999999996476,-0.001102069125857013,-0.03651477715378036,-0.003553341600806139,0.011483043028469682
119.776,0.031999999999996476,-0.00128419845628944,-0.388474216379368,-0.028773612997205534,-0.025220271396399395
119.808,0.03200000000001069,-0.002981758472629775,-0.15334679972543305,-0.012938232528918915,0.01583538046828662
119.84,0.031999999999996476,0.0019637863554960292,-0.1984836912230201,-0.015343447842198958,-0.002405215313280043
119.872,0.031999999999996476,0.005127118652826398,-0.2710499984328629,-0.020818841372921688,-0.00547539353072273
119.904,0.031999999999996476,0.0009857030945034301,-0.21184181364478966,-0.016780747471873303,0.004038093901048385
119.936,0.03200000000001069,-0.0004682960305784553,-0.042851133468534953,-0.004120019137664031,0.012660728334209271
119.968,0.031999999999996476,-0.0013780506149420415,-0.007979354430672037,-0.0008246484375451025,0.0032953707001189287
120.0,0.031999999999996476,0.00023519043639298704,-0.34542191046817,-0.025450011729051546,-0.024625363291506445
120.032,0.031999999999996476,-0.0033124165890638184,-0.15077895152527848,-0.012557523954448,0.012892487774603546
120.06400000000001,0.03200000000001069,-0.00016366019099741907,-0.22195069468355125,-0.017047238637137294,-0.004489714682689293
120.096,0.031999999999996476,-0.0001964843669783751,-0.2581472665044929,-0.01996832981575567,-0.0029210911786183777
120.128,0.031999999999996476,0.005062300878139018,-0.12569381119044326,-0.010396304610664176,0.009572025205091496
120.16,0.031999999999996476,-0.00467354989204955,-0.16452669367454278,-0.012699499396522587,-0.002303194785858411
120.19200000000001,0.03200000000001069,0.001140427292774789,-0.10850408155302052,-0.00871254512276002,0.003986954273762567
120.224,0.031999999999996476,-0.004628283192175283,-0.369134316558552,-0.027649188445353627,-0.018936643322593608
120.256,0.031999999999996476,0.0011228838072050967,-0.05348284773914176,-0.005529302887832354,0.02211988555752127
120.288,0.031999999999996476,-0.00408849930402411,-0.09398991880282492,-0.00723124147446487,-0.001701938586632516
120.32000000000001,0.03200000000001069,0.0014435148415252279,-0.2381845749226478,-0.017933600491256266,-0.010702359016791396
120.352,0.031999999999996476,0.00012011685828649106,-0.07540965356492908,-0.006580933221838892,0.011352667269417374
120.384,0.031999999999996476,-0.0009277737669680732,-0.07581749202639895,-0.005955546742575561,0.0006253864792633308
120.416,0.031999999999996476,0.0011995894037697184,-0.10893918870965899,-0.008355220834135962,-0.002399674091560401
120.44800000000001,0.03200000000001069,-0.003604965740605548,-0.02402075633650675,-0.0022488310553981086,0.006106389778737853
120.48,0.031999999999996476,3.875241132375598e-05,0.06049919910754469,0.0043193018627046015,0.00656813291810271
120.512,0.031999999999996476,0.0021585170664174366,-0.11487743146986626,-0.00819876301718217,-0.012518064879886772
120.544,0.031999999999996476,0.003949321686787736,-0.15752383025803182,-0.012057645185065437,-0.0038588821678832673
120.57600000000001,0.03200000000001069,0.001419560986882046,-0.011763624912604716,-0.0015611763776203179,0.01049646880744512
120.608,0.031999999999996476,0.0006085676335045167,-0.1503879494487128,-0.011149689138486891,-0.009588512760866573
120.64,0.031999999999996476,0.051744412162349186,0.331357637604211,0.02372445445142659,0.03487414358991348
120.672,0.031999999999996476,0.003447192312639533,-0.23167365948253538,-0.01566774251641164,-0.03939219696783823
120.70400000000001,0.03200000000001069,0.0013741842264918416,-0.12678159594462218,-0.010228031609060547,0.005439710907351094
120.736,0.031999999999996476,-0.003963957228109168,-0.23212002867099854,-0.017660614317113625,-0.007432582708053078
120.768,0.031999999999996476,0.045583045391079206,0.3195959579841063,0.022483628161874693,0.04014424247898832
120.8,0.031999999999996476,0.11617233698743454,0.29144369799244785,0.02273079468300629,0.00024716652113159626
120.83200000000001,0.03200000000001069,-0.0015934090619808485,-0.06172650131241036,-0.0032271530729703203,-0.02595794775597661
120.864,0.031999999999996476,0.01854117725629762,0.033120661723615615,0.0022494003942737104,0.00547655346724403
120.896,0.031999999999996476,0.13032891764213456,0.44571455172481506,0.03290780490030298,0.030658404506029267
120.928,0.031999999999996476,0.004079583506693742,0.034658823184462784,0.004448554936843699,-0.028459249963459277
120.96000000000001,0.03200000000001069,0.13438322638049072,0.5764229792139147,0.04264708742751412,0.03819853249067042
120.992,0.031999999999996476,0.04795377593768675,0.18482817663490625,0.01605428300231687,-0.02659280442519725
121.024,0.031999999999996476,0.02447660027364466,-0.008168537565903302,0.00032608284975109897,-0.015728200152565774
121.056,0.031999999999996476,0.12805257163748893,0.8672332413686101,0.06379535346416125,0.06346927061441016
121.08800000000001,0.03200000000001069,0.06793638477433629,0.07647698838008979,0.009306981971573494,-0.054488371492587756
121.12,0.031999999999996476,0.029977397605543504,0.017492059963048437,0.0018236535380742483,-0.007483328433499246
121.152,0.031999999999996476,0.021079022264871915,0.3611761372144686,0.026666252775544703,0.024842599237470453
121.184,0.031999999999996476,-0.0004911514819076259,0.04494392611948186,0.004844604688063277,-0.021821648087481424
121.21600000000001,0.03200000000001069,0.0006677231635862635,0.0834119522709622,0.006413808424113242,0.0015692037360499648
121.248,0.031999999999996476,-0.0016223962300580378,-0.1804337333422094,-0.01289887437338436,-0.0193126827974976
121.28,0.031999999999996476,0.1050193426696704,0.28533641321978487,0.02023906433568746,0.03313793870907182
121.312,0.031999999999996476,0.08536428345958992,0.6612169830556327,0.049794429221881695,0.029555364886194233
121.34400000000001,0.03200000000001069,0.0018878719689742435,0.28851232849491265,0.024091848465516236,-0.02570258075636546
121.376,0.031999999999996476,0.003110911948876703,0.40128274759019694,0.030901224344435003,0.006809375878918767
121.408,0.031999999999996476,-0.006261157546400895,0.14985906179961195,0.012804568532871999,-0.018096655811563004
121.44,0.031999999999996476,0.000797162842313947,0.2334004404860066,0.01790351719255119,0.005098948659679192
121.47200000000001,0.03200000000001069,0.0027026721779660197,0.02451850314083468,0.0028366498115154704,-0.015066867381035721
121.504,0.031999999999996476,-0.003900194950677267,0.15193075880554496,0.011336779593144917,0.008500129781629447
121.536,0.031999999999996476,-0.0026055375959855324,0.23475585593868895,0.01791846065004469,0.006581681056899772
121.568,0.031999999999996476,0.004165368705367467,0.26311483329711766,0.02038394064622759,0.0024654799961828996
121.60000000000001,0.03200000000001069,-4.754109662637833e-05,0.15315667700696817,0.012439922813226712,-0.007944017833000876
121.632,0.031999999999996476,0.003697371371425917,0.22689401016765948,0.01740398217208725,0.004964059358860537
121.664,0.031999999999996476,0.05202171024339608,0.3561708516681556,0.027197600946701286,0.009793618774614037
121.696,0.031999999999996476,0.1304766380060628,0.5434708531252327,0.041537062058272775,0.01433946111157149
121.72800000000001,0.03200000000001069,0.12227251650805766,0.6867838717601056,0.052904137775838335,0.01136707571756556
121.76,0.031999999999996476,0.07079155528352127,0.4487714880164546,0.03605686396311867,-0.016847273812719665
121.792,0.031999999999996476,0.13252005723946872,0.6531656848550409,0.050115481913964484,0.014058617950845814
121.824,0.031999999999996476,0.002225272737455464,-0.01253972565806621,0.0019709462894834467,-0.04814453562448104
121.85600000000001,0.03200000000001069,0.13295163630245985,0.7557606239441057,0.0556925883792727,0.05372164208978925
121.888,0.031999999999996476,0.13579979375410045,0.8379170532613947,0.06483569165606146,0.009143103276788758
121.92,0.031999999999996476,0.13371612964801147,1.0148055515839967,0.07837193480908992,0.013536243153028468
121.952,0.031999999999996476,0.11514278509266758,0.8570367641587292,0.06755101728076664,-0.010820917528323287
121.98400000000001,0.03200000000001069,0.13251752031729552,0.6586223582148318,0.05233489533609602,-0.015216121944670619
122.016,0.031999999999996476,0.32423492445810453,1.8708912224086178,0.14060700950488697,0.08827211416879095
122.048,0.031999999999996476,0.10580754335243968,0.7406902838488967,0.06258764423519877,-0.0780193652696882
122.08,0.031999999999996476,0.2682973756948397,1.527918637544022,0.1159766096682345,0.05338896543303573
122.11200000000001,0.03200000000001069,0.18318069088100178,0.8739121422599953,0.07096291960946899,-0.045013690058765515
122.144,0.031999999999996476,0.4228806721662207,2.5949968570751993,0.19493328055365733,0.12397036094418834
122.176,0.031999999999996476,0.4166092265018551,2.2022926421770896,0.1732104182535454,-0.021722862300111917
122.208,0.031999999999996476,0.4203287532685448,2.400842234872073,0.18655775946470848,0.013347341211163072
122.24000000000001,0.03200000000001069,0.4148890587685897,4.60843926597068,0.3496754748603086,0.1631177153956001
122.272,0.031999999999996476,0.4156013094198848,4.416802420585677,0.34499909312774074,-0.004676381732567847
122.304,0.031999999999996476,0.4190173589095396,2.229236760668387,0.1838550558003871,-0.16114403732735363
122.336,0.031999999999996476,0.28578885662990666,1.7739409991849053,0.14106980570585448,-0.04278525009453263
122.36800000000001,0.03200000000001069,0.25910698808372185,1.9103405194346808,0.14863070428840833,0.007560898582553849
122.4,0.031999999999996476,0.4005816305763992,2.670832976763029,0.20499397555739296,0.05636327126898463
122.432,0.031999999999996476,0.4180489824729096,2.436146881777304,0.1909889066472906,-0.014005068910102364
122.464,0.031999999999996476,0.4215165897999872,2.6319254396842653,0.20457800642759144,0.013589099780300845
122.49600000000001,0.03200000000001069,0.41569400941500256,4.781621710806327,0.3634516433190165,0.15887363689142509
122.528,0.031999999999996476,0.4170403711994777,2.398293359089742,0.19735276504597513,-0.1660988782730414
122.56,0.031999999999996476,0.41490693906535264,2.441628503386374,0.19095090630588796,-0.0064018587400871685
122.592,0.031999999999996476,0.005688623815839457,0.26819033400363085,0.030746197635957706,-0.16020470866993025
122.62400000000001,0.03200000000001069,0.4064706127959719,2.210572292066377,0.16434093669735284,0.13359473906139513
122.656,0.031999999999996476,0.3434776075393698,2.147039002163167,0.16738098525302167,0.003040048555668834
122.688,0.031999999999996476,0.4228223187244732,2.3839193469314384,0.18497671866120463,0.017595733408182962
122.72,0.031999999999996476,0.42237890058517835,2.3499035625541533,0.18349097563635822,-0.0014857430248464143
122.75200000000001,0.03200000000001069,0.41842361915346304,2.3220418355775356,0.18135624734902758,-0.002134728287330634
122.784,0.031999999999996476,0.4218082331985586,2.4915621831417365,0.1936995762105253,0.012343328861497721
122.816,0.031999999999996476,0.41516814848711064,2.2728728850481805,0.17832968468697183,-0.015369891523553475
122.848,0.031999999999996476,-0.002527822031172005,0.2961153957703051,0.03207120151857464,-0.14625848316839718
122.88,0.031999999999996476,0.07610649176435293,0.8126703088579601,0.06161539947419041,0.02954419795561577
122.912,0.03200000000001069,0.1508329411895025,1.0072002585182072,0.07762673533647937,0.016011335862288964
122.944,0.031999999999996476,0.4166457026702386,2.395547036793767,0.1806503915305856,0.10302365619410622
122.976,0.031999999999996476,0.41742719914537263,2.442644413518547,0.1900614039469081,0.0094110124163225
123.008,0.031999999999996476,0.4178053077605278,2.4375144915077254,0.19022743738829595,0.0001660334413878528
123.04,0.03200000000001069,0.4048242576126792,4.7044350025937725,0.35694687019735144,0.1667194328090555
123.072,0.031999999999996476,0.42066714881182105,2.3105569395500707,0.1905250943267386,-0.16642177587061285
123.104,0.031999999999996476,0.0024171592588627506,0.4227466162914201,0.04208771991012721,-0.14843737441661137
123.136,0.031999999999996476,0.11965438536936707,0.9985593690134471,0.07586396743218833,0.03377624752206112
123.168,0.03200000000001069,0.1652641614885683,1.3318390495321437,0.10232330224786083,0.026459334815672503
123.2,0.031999999999996476,0.10233359697929495,0.8504094399560882,0.06844633271221201,-0.033876969535648824
123.232,0.031999999999996476,0.015038221992245542,0.5568489201121769,0.044902139380148795,-0.023544193332063215
123.264,0.031999999999996476,0.18108346131672765,1.4108424677622926,0.10634583373846958,0.06144369435832078
123.296,0.03200000000001069,0.2890886048241123,1.886091872212911,0.14484287039988303,0.03849703666141345
123.328,0.031999999999996476,0.3071322571985006,1.9595461123396416,0.1524671102811847,0.007624239881301675
123.36,0.031999999999996476,0.4162239301029458,2.409001563023711,0.1859603062652185,0.0334931959840338
123.392,0.031999999999996476,0.4178353378782752,2.573791583216858,0.2000125329927235,0.014052226727505002
123.424,0.03200000000001069,0.14252501174804824,1.0902675801181338,0.09172506387096792,-0.10828746912175559
123.456,0.031999999999996476,0.07233542809043071,0.8499948316711954,0.06780401579716908,-0.023921048073798842
123.488,0.031999999999996476,0.13544844603382608,1.1144571964463117,0.08587169795904466,0.018067682161875584
123.52,0.031999999999996476,0.06061810398294326,0.8041156061262488,0.06409213774261648,-0.021779560216428184
123.552,0.03200000000001069,0.04751753674975401,0.7879926125498046,0.061649135216778825,-0.002443002525837651
123.584,0.031999999999996476,0.08628389247967617,0.9844828949628656,0.07595804280835688,0.01430890759157806
123.616,0.031999999999996476,0.13863171063148924,0.9691402356104525,0.07565578020407505,-0.0003022626042818305
123.648,0.031999999999996476,0.09101075245952656,0.9919357468947981,0.0773147179257977,0.0016589377217226392
123.68,0.03200000000001069,0.09011345709616901,1.039120872632914,0.08088049170500554,0.0035657737792078453
123.712,0.031999999999996476,0.1336264231802347,1.3080994536725135,0.10086708631129157,0.01998659460628603
123.744,0.031999999999996476,0.08782502113105986,0.7843200870889443,0.06350204072976233,-0.03736504558152924
123.776,0.031999999999996476,0.11540929352945692,1.071942337700644,0.08249679656372316,0.018994755833960833
123.808,0.03200000000001069,0.2347663851565797,1.6772340573147166,0.12810663646251208,0.04560983989878892
123.84,0.031999999999996476,0.4156054250033886,2.5141100802699032,0.19228370274253384,0.06417706628002176
123.872,0.031999999999996476,0.4138031301221458,2.432544008442472,0.18999019819792332,-0.002293504544610525
123.904,0.031999999999996476,0.42149203160543647,3.618124338525547,0.2770456423084951,0.08705544411057178
123.936,0.03200000000001069,0.4138091124023952,3.7929782117294737,0.2949300662554524,0.01788442394695733
123.968,0.031999999999996476,0.4194072089556451,2.2719539125360013,0.18410604607637382,-0.11082402017907861
124.0,0.031999999999996476,0.41410500682518714,2.453681038080303,0.19107253156716106,0.006966485490787239
124.032,0.031999999999996476,0.34297497377420144,2.0563359616133585,0.16225385342650242,-0.028818678140658638
124.06400000000001,0.03200000000001069,0.4174311723166034,2.543971780496058,0.19645102628591427,0.034197172859411845
124.096,0.031999999999996476,0.4173990904329141,2.7725223091140445,0.21523285518079768,0.018781828894883418
124.128,0.031999999999996476,0.41808734669242414,4.478492217862293,0.34177452634058086,0.12654167115978318
124.16,0.031999999999996476,0.4207066155547081,2.678492982972085,0.21670730887994125,-0.12506721746063962
124.19200000000001,0.03200000000001069,0.4169350368249193,4.640814466774947,0.35379686014455813,0.1370895512646169
124.224,0.031999999999996476,0.4203902275380857,4.296265240527936,0.3363726853758946,-0.017424174768663536
124.256,0.031999999999996476,0.30881855933701174,1.760885040483497,0.14891436965021138,-0.18745831572568322
124.288,0.031999999999996476,0.3275613043941961,2.0551323573839824,0.1597315882894101,0.010817218639198711
124.32000000000001,0.03200000000001069,0.30368842790545447,1.9787966570504083,0.15474231165300745,-0.00498927663640264
124.352,0.031999999999996476,0.4225722120240964,2.4450897790114965,0.18874558712009906,0.034003275467091615
124.384,0.031999999999996476,0.4156659836474567,4.336616820260657,0.32981189190689325,0.1410663047867942
124.416,0.031999999999996476,0.42449483643568076,4.2190662056801305,0.3293108207697486,-0.0005010711371446486
124.44800000000001,0.03200000000001069,0.41793469818157913,3.029418994747873,0.24179496904339798,-0.08751585172635062
124.48,0.031999999999996476,0.4223207037352743,3.278960925977383,0.25509412977470586,0.01329916073130788
124.512,0.031999999999996476,0.42005964231631043,2.5276912952983963,0.20061333925368,-0.05448079052102586
124.544,0.031999999999996476,0.34201448570093124,2.0105572757175656,0.15943806052593795,-0.04117527872774204
124.57600000000001,0.03200000000001069,0.26057656207864427,1.7786305627777956,0.1400051066547034,-0.01943295387123456
124.608,0.031999999999996476,0.4066005262276754,2.3124603137907553,0.17814122095269136,0.038136114297987966
124.64,0.031999999999996476,0.4177744012144339,3.680720571029481,0.28096495289581874,0.10282373194312738
124.672,0.031999999999996476,0.4203021846038274,3.5625515012375675,0.27821069195916937,-0.0027542609366493775
124.70400000000001,0.03200000000001069,0.4237607467373678,4.5308150079487595,0.34925800861426,0.07104731665509062
124.736,0.031999999999996476,0.4166865349121658,2.357441050702093,0.19352909159172574,-0.15572891702253425
124.768,0.031999999999996476,0.41768377899766335,2.3439434432955113,0.18354638771841564,-0.0099827038733101
124.8,0.031999999999996476,0.26140328981264316,1.8779595425683042,0.1487015338231549,-0.034844853895260736
124.83200000000001,0.03200000000001069,0.09582634351069162,0.8314689846659433,0.06973081987918223,-0.07897071394397268
124.864,0.031999999999996476,0.39683011071605045,2.3274242781800765,0.17518480451428403,0.1054539846351018
124.896,0.031999999999996476,0.4215587481891648,2.544383115414149,0.19722776783040608,0.022042963316122044
124.928,0.031999999999996476,0.41810544738137945,3.2157749984218915,0.2478745989240153,0.050646831093609235
124.96000000000001,0.03200000000001069,0.4169586716182946,4.518087314930862,0.34657073651170867,0.09869613758769336
124.992,0.031999999999996476,0.42016720950580205,4.522771539433559,0.3526128524485402,0.006042115936831516
125.024,0.031999999999996476,0.1506246245563985,1.0659754475023444,0.09874809065115814,-0.25386476179738204
125.056,0.031999999999996476,0.2618875516792741,1.8138766266943067,0.13909353418557624,0.0403454435344181
125.08800000000001,0.03200000000001069,0.03369472982582089,0.5914568566819796,0.051525612664925495,-0.08756792152065074
125.12,0.031999999999996476,0.0804845918850742,0.7951895815539161,0.06145294804352718,0.009927335378601687
125.152,0.031999999999996476,0.41820296858245504,2.671774646612965,0.20003053469827428,0.1385775866547471
125.184,0.031999999999996476,0.41736732679611876,2.2305149720114605,0.17558015456314205,-0.024450380135132233
125.21600000000001,0.03200000000001069,0.4194009397295603,2.338683081657366,0.1821233639498038,0.0065432093866617524
125.248,0.031999999999996476,0.4181039870450409,4.605617241743614,0.3492119489957501,0.1670885850459463
125.28,0.031999999999996476,0.4181645759108081,2.3305726367744697,0.19155052336638723,-0.15766142562936286
125.312,0.031999999999996476,0.0005503264707725253,0.4275133919950269,0.042497466747877695,-0.14905305661850954
125.34400000000001,0.03200000000001069,0.002019749804085792,0.30577550246033974,0.024940139274703906,-0.01755732747317379
125.376,0.031999999999996476,0.2567319694313477,1.6136136188946277,0.12010528226395574,0.09516514298925183
125.408,0.031999999999996476,0.0014207450409035223,0.36586138370176235,0.033839096211131604,-0.08626618605282413
125.44,0.031999999999996476,0.10330399189829638,0.8515101951793235,0.06457375244190776,0.030734656230776154
125.47200000000001,0.03200000000001069,0.15556796949621846,1.1689484111342703,0.08969251410510133,0.025118761663193573
125.504,0.031999999999996476,0.0018455300235068123,0.407692983379076,0.03515970046709667,-0.05453281363800466
125.536,0.031999999999996476,0.19793998839922003,1.399995918123985,0.10498575400725517,0.0698260535401585
125.568,0.031999999999996476,0.0007698158994724417,0.4276586850866893,0.03751084732919434,-0.06747490667806083
125.60000000000001,0.03200000000001069,0.13278761811038,1.0996060733025372,0.08303074631974958,0.04551989899055524
125.632,0.031999999999996476,0.11126225092568467,1.097947822982515,0.08553662000614197,0.002505873686392393
125.664,0.031999999999996476,0.0020968441421119104,0.6027167416333109,0.04926187588896399,-0.03627474411717798
125.696,0.031999999999996476,0.001363976166904776,0.4241978620912719,0.03403944952670309,-0.015222426362260899
125.72800000000001,0.03200000000001069,0.06891021312438422,1.0190739771343447,0.07690799713287297,0.04286854760616988
125.76,0.031999999999996476,0.0002706837605356723,0.5603762130910517,0.045650021388465724,-0.031257975744407245
125.792,0.031999999999996476,0.024788254233481827,0.8298306233249763,0.0636612656357495,0.01801124424728378
125.824,0.031999999999996476,-0.001223989279264773,0.5171287210408844,0.04170486943410411,-0.02195639620164539
125.85600000000001,0.03200000000001069,0.0007758160416265799,0.4446339572640677,0.03510606558095598,-0.006598803853148136
125.888,0.031999999999996476,0.0015229069960815387,0.4641912627960207,0.03616337139851972,0.0010573058175637404
125.92,0.031999999999996476,0.0019941958047238113,0.4060922700891142,0.03195179560501193,-0.004211575793507789
125.952,0.031999999999996476,0.020899455089172465,0.7991644198628792,0.060615280145081156,0.02866348454006923
125.98400000000001,0.03200000000001069,0.00027583189986890344,0.5162816765799382,0.04146673565920186,-0.0191485444858793
126.016,0.031999999999996476,0.0016863050649222361,0.5341361676891665,0.04167433116499779,0.00020759550579593083
126.048,0.031999999999996476,0.005989303584266351,0.16614947494293458,0.014624490727125888,-0.0270498404378719
126.08,0.031999999999996476,0.095071312741794,0.9512528396398817,0.07079960765264565,0.056175116925519755
126.11200000000001,0.03200000000001069,0.0012354768384176375,0.43187083171271257,0.03584707484336221,-0.03495253280928343
126.144,0.031999999999996476,0.0021373875624721645,0.1802379711341772,0.01532415979454453,-0.020522915048817682
126.176,0.031999999999996476,0.0013776020120512787,0.47042195950486954,0.03547958706747955,0.02015542727293502
126.208,0.031999999999996476,-0.0024148038289827454,0.30126228879148365,0.02420310079713598,-0.01127648627034357
126.24000000000001,0.03200000000001069,-0.0007897821137603496,0.28470678469204863,0.022334624122503338,-0.0018684766746326423
126.272,0.031999999999996476,0.0021221241907439484,0.49813697922232414,0.037922463535702985,0.015587839413199647
126.304,0.031999999999996476,-0.002749877753569345,0.2157774055579354,0.018057548127185043,-0.019864915408517942
126.336,0.031999999999996476,-0.06652656279680524,0.019242175291237,0.0024575195301571743,-0.01560002859702787
126.36800000000001,0.03200000000001069,0.003674687800213538,0.2980420509590751,0.02205995027138171,0.019602430741224537
126.4,0.031999999999996476,-0.11626574235108801,-0.19175424710036304,-0.012828150179241682,-0.03488810045062339
126.432,0.031999999999996476,-0.08298210207264271,0.16347394504003762,0.011281353665931231,0.024109503845172915
126.464,0.031999999999996476,-0.06717927458518276,0.14235943540179996,0.011120407267947932,-0.00016094639798329945
126.49600000000001,0.03200000000001069,-0.0017896878485950604,0.26115538390213094,0.019847396941275925,0.008726989673327993
126.528,0.031999999999996476,-0.0005528948443908898,0.11894098545767877,0.009892718933415234,-0.009954678007860691
126.56,0.031999999999996476,-0.10396096394754839,-0.11053455920735471,-0.007557638979601687,-0.017450357913016922
126.592,0.031999999999996476,0.00222217821003882,0.23935564747914967,0.017165973001923983,0.02472361198152567
126.62400000000001,0.03200000000001069,-0.05021843812839963,-0.14724664919984715,-0.00983757614306051,-0.02700354914498449
126.656,0.031999999999996476,-0.033990161957276735,-0.0018687669652273997,-0.0007053437444866819,0.009132232398573829
126.688,0.031999999999996476,-0.0006877074260949973,0.07109090804667981,0.005187322636215455,0.005892666380702137
126.72,0.031999999999996476,0.001436061258583989,0.02957579187319636,0.0024744697854556176,-0.002712852850759837
126.75200000000001,0.03200000000001069,0.0001709630435577833,0.05152495847102741,0.003932005975335348,0.0014575361898797302
126.784,0.031999999999996476,-0.0015648549079345163,0.18376810225721538,0.013741338943069099,0.009809332967733751
126.816,0.031999999999996476,-0.10185440544585006,-0.470670057252744,-0.03381990779397226,-0.04756124673704136
126.848,0.031999999999996476,-0.0007973725402158656,0.06101788178457537,0.0025348767588106447,0.036354784552782904
126.88000000000001,0.03200000000001069,-0.0009675633773604067,0.0001521292837490054,0.0001575237196216621,-0.0023773530391889824
126.912,0.031999999999996476,-0.04918663161210621,0.1573387602803769,0.01157982176792763,0.011422298048305968
126.944,0.031999999999996476,-0.12256615498671167,-0.46427045243701454,-0.03347406179946987,-0.0450538835673975
126.976,0.031999999999996476,-0.08605616282346885,-0.19787143219822018,-0.016483936660597442,0.01699012513887243
127.008,0.031999999999996476,-0.1987284624706356,-0.8350985457589759,-0.06236493867021215,-0.04588100200961471
127.04,0.03200000000001069,-0.24567144841677,-1.117606409029672,-0.08578929885908138,-0.023424360188869224
127.072,0.031999999999996476,-0.0014192004183627618,0.24868281878836232,0.013335653712603576,0.09912495257168495
127.104,0.031999999999996476,-0.41808363782406943,-2.0393563233199594,-0.1492048709483428,-0.16254052466094637
127.136,0.031999999999996476,-0.002779132563631171,0.04660639046591211,-0.005186015092553096,0.14401885585578972
127.168,0.03200000000001069,-0.07029287099166558,-0.5491856270733247,-0.04068661927643616,-0.03550060418388307
127.2,0.031999999999996476,-0.06508587257292898,-0.3795530341286809,-0.030261217109919348,0.010425402166516811
127.232,0.031999999999996476,-0.00599197214748553,-0.19567729988387947,-0.016137105112161064,0.014124111997758284
127.264,0.031999999999996476,0.0007919280296282935,-0.27322833061884305,-0.021024853517567985,-0.004887748405406921
127.296,0.03200000000001069,-0.005386287619940165,-0.12232967729982344,-0.010209897581343897,0.010814955936224087
127.328,0.031999999999996476,-0.04587165622044594,-0.5589048165306327,-0.04169139477364228,-0.03148149719229838
127.36,0.031999999999996476,0.0009878464631585453,-0.3350728505163594,-0.027048139094989595,0.014643255678652687
127.392,0.031999999999996476,0.00202880858627419,-0.19881217491353625,-0.016182156501184222,0.010865982593805373
127.424,0.03200000000001069,-0.0036078482538138565,-0.35183619557823587,-0.0268082944868117,-0.010626137985627476
127.456,0.031999999999996476,-0.00032350275129977124,0.004338884655037484,-0.001228535557957766,0.025579758928853932
127.488,0.031999999999996476,-0.002672184659121908,-0.0898954983810868,-0.006681857537438126,-0.00545332197948036
127.52,0.031999999999996476,-0.019803508440709758,-0.49393520035714783,-0.03670984398617714,-0.03002798644873901
127.552,0.03200000000001069,-0.00023826963231528546,-0.26877421148545033,-0.021884941830754477,0.014824902155422662
127.584,0.031999999999996476,0.005434095869606398,-0.004992096013492604,-0.0016305173812792228,0.020254424449475256
127.616,0.031999999999996476,-0.12440615345579481,-1.0264713738475837,-0.07558106559728547,-0.07395054821600625
127.648,0.031999999999996476,-0.004590217245798702,-0.32093761835948476,-0.02796505036427076,0.047616015233014716
127.68,0.03200000000001069,-0.0004624604581472416,-0.3322182739645412,-0.026045803684401653,0.0019192466798691084
127.712,0.031999999999996476,-0.0011404317339926084,-0.1671831760534305,-0.013798288862015427,0.012247514822386226
127.744,0.031999999999996476,0.0019268747842273771,-0.2899501206875959,-0.022119560041497132,-0.008321271179481705
127.776,0.031999999999996476,0.0018631059913737983,-0.11938213497436637,-0.010056331049194117,0.012063228992303015
127.808,0.03200000000001069,-0.1013350961823989,-0.8639398559089543,-0.06411487540686657,-0.054058544357672454
127.84,0.031999999999996476,-0.07598406619261969,-0.49692168990847957,-0.04024502626142593,0.023869849145440637
127.872,0.031999999999996476,-0.42051776394069496,-2.168430989913104,-0.16179021440861327,-0.12154518814718734
127.904,0.031999999999996476,0.0005822982766980064,-0.13060624186885555,-0.018944812485631488,0.14284540192298179
127.936,0.03200000000001069,-0.3005368107319158,-1.9486446473467545,-0.1443974352954828,-0.1254526228098513
127.968,0.031999999999996476,0.004637515696684238,-0.3462608471554188,-0.033800031906337166,0.11059740338914563
128.0,0.031999999999996476,-0.09137514003377623,-0.8844372272460209,-0.06699295869190289,-0.03319292678556572
128.032,0.03200000000001069,0.00032668711390072076,-0.2898854551086274,-0.025185683753623414,0.04180727493827947
128.064,0.031999999999982265,-0.04565693921864953,-0.5108739762422692,-0.03902373422480244,-0.013838050471179024
128.096,0.03200000000001069,-0.14867825573983454,-0.828376587774412,-0.06317180608478319,-0.024148071859980753
128.12800000000001,0.03200000000001069,-0.09789265233936986,-0.9471344241605731,-0.07329933019099337,-0.010127524106210178
128.16,0.031999999999982265,-0.0026990280463342433,-0.4049778504334093,-0.03401366558562576,0.03928566460536761
128.192,0.03200000000001069,-0.0019442120963374628,-0.3223808286463569,-0.025671536706212174,0.008342128879413588
128.224,0.031999999999982265,-0.022124462274559338,-0.478801736776868,-0.036693182312931644,-0.01102164560671947
128.256,0.03200000000001069,-0.12205791936272956,-1.0025826752566989,-0.0758484206039381,-0.03915523829100645
128.288,0.03200000000001069,-0.00293091834937022,-0.24966345153738664,-0.022738966150277838,0.053109454453660256
128.32,0.031999999999982265,-0.0027509425126923644,-0.511921999154289,-0.03895955931624188,-0.01622059316596404
128.352,0.03200000000001069,-0.0013452342237451251,-0.4932681441339005,-0.03852415047780191,0.00043540883843996847
128.38400000000001,0.03200000000001069,-0.005281827946298248,-0.43661585536620495,-0.03433279257914983,0.004191357898652076
128.416,0.031999999999982265,-0.1078790360796379,-0.9475234495153148,-0.07166308954919454,-0.0373302969700447
128.448,0.03200000000001069,-0.0064050352030984,-0.31213460885329336,-0.027091493907148923,0.04457159564204562
128.48,0.031999999999982265,-0.001114364228881666,-0.3342867575394253,-0.02614749082633749,0.0009440030808114327
128.512,0.03200000000001069,-0.004760770145857158,-0.309647766683689,-0.024281037430678328,0.0018664533956591622
128.544,0.03200000000001069,-0.0029397070536083736,-0.4558450112978434,-0.03492466728055051,-0.010643629849872185
128.576,0.031999999999982265,-0.0063458325649572095,-0.37283169606670435,-0.02943429621134994,0.005490371069200573
128.608,0.03200000000001069,-0.03488330660146882,-0.6841059454365136,-0.05200852095620115,-0.02257422474485121
128.64000000000001,0.03200000000001069,0.0028320182481957968,-0.20700267612242446,-0.01822542764178867,0.03378309331441248
128.672,0.031999999999982265,-0.13630587488359658,-1.046545544807116,-0.07801533354213266,-0.059789905900344
128.704,0.03200000000001069,-0.07992625830179773,-0.7968450706558732,-0.06310392024462769,0.014911413297504977
128.736,0.031999999999982265,-0.0038757316113515895,-0.206752828953803,-0.01884758099322222,0.04425633925140547
128.768,0.03200000000001069,-0.10428131716619345,-0.6870728602377688,-0.05161554723617063,-0.03276796624294841
128.8,0.03200000000001069,-0.19310315455094768,-1.134951940547286,-0.086444340721259,-0.034828793485088376
128.832,0.031999999999982265,-0.0008560315089194196,-0.4042031821827,-0.03471554564265983,0.05172879507859918
128.864,0.03200000000001069,-0.1555010629678663,-0.9576189521004707,-0.07242761107736127,-0.037712065434701444
128.89600000000002,0.03200000000001069,-0.0006579761774089019,-0.34383288937930306,-0.029466727759599326,0.04296088331776195
128.928,0.031999999999982265,-0.1765525652565914,-0.8579502179775125,-0.06479494037864376,-0.03532821261904444
128.96,0.03200000000001069,-0.0024185361116409346,-0.17047814727328942,-0.016277553718967844,0.04851738665967592
128.992,0.031999999999982265,-0.15308413130546605,-1.095741678612336,-0.08152077940003866,-0.06524322568107081
129.024,0.03200000000001069,-0.11792106914593439,-0.8542611462415898,-0.06752867760484042,0.013992101795198233
129.056,0.03200000000001069,-0.12269879185302371,-0.7830859025629211,-0.06148668293004272,0.006041994674797706
129.088,0.031999999999982265,-0.12838590103044717,-0.7152456294784746,-0.05614889510064407,0.0053377878293986505
129.12,0.03200000000001069,-0.1180872780281423,-0.8685751873277179,-0.06711663994570698,-0.01096774484506291
129.15200000000002,0.03200000000001069,-0.030705199223377826,-0.5191579429190643,-0.04205357444303899,0.025063065502667986
129.184,0.031999999999982265,-0.10216763756919484,-0.9693203213394344,-0.07371175005715692,-0.031658175614117934
129.216,0.03200000000001069,0.0026860663191018487,-0.5809304364993727,-0.046977067237405565,0.02673468281975136
129.248,0.031999999999982265,-0.019206470523815265,-0.5327792178919385,-0.04189264712996778,0.005084420107437787
129.28,0.03200000000001069,-0.002483935652145153,-0.24108323965126677,-0.020147739935894356,0.02174490719407342
129.312,0.03200000000001069,-0.09700134477443796,-0.6128210741265249,-0.046230111043991905,-0.02608237110809755
129.344,0.031999999999982265,-0.1270460236885644,-0.943064704570692,-0.07202201365937827,-0.025791902615386365
129.376,0.03200000000001069,-0.00638717292855051,-0.34311021883362436,-0.029390167639081945,0.04263184602029632
129.40800000000002,0.03200000000001069,0.000500988164338475,-0.28684611466232696,-0.02279139551838552,0.006598772120696424
129.44,0.031999999999982265,-0.056452686308768714,-0.5490234679768079,-0.041691036436148,-0.01889964091776248
129.472,0.03200000000001069,-0.0018299618299609964,-0.244380191751163,-0.02037855974066327,0.02131247669548473
129.504,0.031999999999982265,-0.007364054780433854,-0.4772746496565792,-0.03627532130114722,-0.015896761560483946
129.536,0.03200000000001069,-0.05739429247627855,-0.5097124908516875,-0.03957851287491455,-0.0033031915737673292
129.568,0.03200000000001069,-0.14803922318321228,-1.0534097705115661,-0.07975282417402368,-0.04017431129910914
129.6,0.031999999999982265,0.004558762953736921,-0.23976203289077636,-0.022236211197777977,0.057516612976245704
129.632,0.03200000000001069,-0.14315714833558887,-1.0767114605822916,-0.08046528065690155,-0.05822906945912357
129.66400000000002,0.03200000000001069,0.0006205859382873556,-0.3592213867930772,-0.031062408597495577,0.04940287205940597
129.696,0.031999999999982265,-0.002351407870959162,-0.5898238319660011,-0.04516898240292948,-0.0141065738054339
129.728,0.03200000000001069,-0.001858698139188026,-0.24218150443724246,-0.020417646390906166,0.02475133601202331
129.76,0.031999999999982265,-0.0024031335828150107,-0.5537601184095909,-0.041902336433773515,-0.02148469004286735
129.792,0.03200000000001069,-0.01143195298852447,-0.4878068287210949,-0.03829240791451736,0.0036099285192561573
129.824,0.03200000000001069,-0.04101804282066273,-0.4041434693304664,-0.0319313876704929,0.006361020244024455
129.856,0.031999999999982265,-0.12636540777674599,-0.9714280172248464,-0.07328240598221675,-0.041351018311723844
129.888,0.03200000000001069,-0.002279240156748754,-0.20756620248896632,-0.019494991262318462,0.053787414719898285
129.92000000000002,0.03200000000001069,-0.03425399403321995,-0.4750985860910042,-0.036064285500215044,-0.016569294237896583
129.952,0.031999999999982265,-0.001994369720830916,-0.42091611280998276,-0.03303622421883009,0.0030280612813849556
129.984,0.03200000000001069,-0.0006776385321161515,-0.27434648753604257,-0.022082653592280052,0.010953570626550037
130.016,0.031999999999982265,-0.03984122077463187,-0.5728401008032817,-0.043401601990970845,-0.021318948398690793
130.048,0.03200000000001069,-0.056236122097737574,-0.5866808509938127,-0.045650177125807094,-0.002248575134836249
130.08,0.03200000000001069,-0.001021706767796105,-0.3490752165899752,-0.028306413122057193,0.0173437640037499
130.112,0.031999999999982265,-0.002990285205240078,-0.4983867923369975,-0.03828558072053334,-0.009979167598476148
130.144,0.03200000000001069,-0.005942777810365476,-0.1494028779561919,-0.013197312753479228,0.025088267967054115
130.17600000000002,0.03200000000001069,-0.0027191078626702834,-0.3462091736587926,-0.02622216974336474,-0.013024856989885513
130.208,0.031999999999982265,0.0017193774288942478,-0.10623807073696981,-0.009326553462679153,0.016895616280685588
130.24,0.03200000000001069,-0.006941356263260047,-0.39746980358208633,-0.029768432714391047,-0.020441879251711894
130.272,0.031999999999982265,-0.0011484095944553122,-0.13840563132970904,-0.0118968856457204,0.017871547068670647
130.304,0.03200000000001069,-0.0007786971986186041,-0.4084850477813822,-0.030726879174383933,-0.018829993528663533
130.336,0.03200000000001069,0.0011701118909977983,-0.2709696908419036,-0.021701006838784745,0.009025872335599188
130.368,0.031999999999982265,0.008076606386919122,-0.12119458653022847,-0.010165456456734407,0.011535550382050338
130.4,0.03200000000001069,0.00047100365976243967,-0.22211706967551895,-0.016921382041039525,-0.006755925584305118
130.43200000000002,0.03200000000001069,-0.0006644715069985069,-0.19747322772074702,-0.015499081675464262,0.0014223003655752624
130.464,0.031999999999982265,0.0010413302719485466,-0.4708095118104392,-0.03551818583068676,-0.0200191041552225
130.496,0.03200000000001069,-0.004186202793996298,-0.3789116576158511,-0.029915681239369038,0.005602504591317725
130.528,0.031999999999982265,-0.001606016249147388,-0.008776511382794994,-0.0023724313248786356,0.027543249914490402
130.56,0.03200000000001069,-0.0015605508548211615,-0.21176251607210175,-0.015710021669519892,-0.013337590344641256
130.592,0.03200000000001069,0.11752644855625927,0.6834675145533098,0.04935543076501961,0.0650654524345395
130.624,0.031999999999982265,-0.002887897638584327,-0.16476679226632268,-0.009267743720825289,-0.0586231744858449
130.656,0.03200000000001069,0.0031447342857624217,-0.054768000746546086,-0.004562669478408143,0.0047050742424171454
130.68800000000002,0.03200000000001069,-0.003689631526953787,-0.33978234899589876,-0.025251069608504866,-0.02068840013009672
130.72,0.031999999999982265,-0.001472163738767847,-0.15252077031517725,-0.01267413295763006,0.012576936650874806
130.752,0.03200000000001069,0.0028421765446346027,-0.06685282723468036,-0.0056480380648933634,0.007026094892736696
130.784,0.031999999999982265,-0.002842153397851641,-0.20891952616404716,-0.015690045304087987,-0.010042007239194625
130.816,0.03200000000001069,0.005091615467463014,0.042989490555867524,0.002255685026633215,0.0179457303307212
130.848,0.03200000000001069,-0.001106807532870634,-0.2282127781199744,-0.016652600777619306,-0.018908285804252523
130.88,0.031999999999982265,0.0372873525026571,-0.009415355995906557,-0.0016537466985099066,0.014998854079109399
130.912,0.03200000000001069,0.0005012949238522276,-0.2885720083710944,-0.021317120130123893,-0.019663373431613985
130.94400000000002,0.03200000000001069,-0.0027152706990345287,-0.1635834485682722,-0.01326058154658181,0.008056538583542083
130.976,0.031999999999982265,0.0028310003404963787,-0.11148365950623346,-0.008964054715421398,0.0042965268311604115
131.008,0.03200000000001069,-0.0005118093093446175,-0.10903768860937309,-0.00853614292991461,0.00042791178550678766
131.04,0.031999999999982265,0.0007506946504507587,0.024629776888196606,0.001318495711738023,0.009854638641652633
131.072,0.03200000000001069,0.0018307895720677649,-0.30072382650358614,-0.02203918277466332,-0.023357678486401343
131.104,0.03200000000001069,0.058068419119702716,0.14441058508299204,0.009347685439394125,0.031386868214057444
131.136,0.031999999999982265,0.0019486566370001408,-0.26051799209387316,-0.018618918886891364,-0.02796660432628549
131.168,0.03200000000001069,0.0019947684380493768,-0.023490748549244385,-0.002802367986134292,0.015816550900757072
131.2,0.031999999999982265,-0.000787276219461152,0.1604009387293389,0.011634143246082031,0.014436511232216323
131.232,0.03200000000001069,-0.002581570971347199,0.0763347239766045,0.006285301252006096,-0.005348841994075935
131.264,0.03200000000001069,0.0018787701924408875,-0.021682482798900202,-0.0012316900511895438,-0.007516991303195639
131.296,0.031999999999982265,2.463093021123817e-05,0.03622185092150758,0.0025926587903606258,0.00382434884155017
131.328,0.03200000000001069,-0.0010453733147909648,0.06185388184855113,0.004698420282319769,0.0021057614919591434
131.36,0.03200000000001069,-0.0002505350907038133,-0.025438485234202262,-0.0015995164959980322,-0.006297936778317801
131.392,0.031999999999982265,0.0028810312815668636,-0.23981565699903087,-0.0177284363471385,-0.016128919851140466
131.424,0.03200000000001069,0.0015142546266615922,0.04652122743749277,0.0023977353217376853,0.020126171668876185
131.456,0.031999999999982265,0.0038893013999741805,-0.102373070836753,-0.007390119768288639,-0.009787855090026325
131.488,0.03200000000001069,-0.049252346585867586,-0.14584967795069012,-0.011152443151110213,-0.0037623233828215736
131.52,0.03200000000001069,-0.10449478123240882,-0.6214812797190454,-0.046347694336863275,-0.03519525118575306
131.552,0.031999999999982265,0.0011012701477242607,-0.01482007532116588,-0.0037654813484044383,0.04258221298845884
131.584,0.03200000000001069,0.0044335470691119145,0.15136241707419862,0.010913848670076564,0.014679330018481002
131.616,0.03200000000001069,-0.0007707787297358027,-0.06261510761588633,-0.003974682777605253,-0.014888531447681817
131.648,0.031999999999982265,-0.000867426717831348,0.06911168521866151,0.00485303421372565,0.008827716991330902
131.68,0.03200000000001069,-0.032436578317873666,-0.27681044210090916,-0.020076541421027688,-0.02492957563475334
131.712,0.031999999999982265,-0.0771926637503866,-0.4505971845816095,-0.03429601923791118,-0.014219477816883493
131.744,0.03200000000001069,-0.00399007026792674,0.09527779966283641,0.005026873404991626,0.039322892642902806
131.776,0.03200000000001069,0.0016949992685980166,-0.0644435153360337,-0.004448993948603859,-0.009475867353595485
131.808,0.031999999999982265,-0.0008050761966904397,-0.07374470980773208,-0.005680038980540235,-0.0012310450319363763
131.84,0.03200000000001069,-0.005542544500340657,-0.1994194004225392,-0.01499325128859121,-0.009313212308050975
131.872,0.03200000000001069,0.0010964235692130224,0.13836412003499193,0.009309782157188397,0.02430303344577961
131.904,0.031999999999982265,-0.0003637771543954086,-0.11177974362341563,-0.0076828625261084514,-0.016992644683296847
131.936,0.03200000000001069,0.0030166055029058397,0.00956341888658969,0.00025977142253232494,0.007942633948640776
131.968,0.031999999999982265,-0.0050492060016921764,-0.40030198897334235,-0.0294233025743973,-0.029683073996929623
132.0,0.03200000000001069,-0.004492931049267681,-0.12910421987705042,-0.011192933695981197,0.0182303688784161
132.032,0.03200000000001069,0.005438163230896853,-0.0972816176047774,-0.007800269933528654,0.0033926637624525427
132.064,0.031999999999982265,0.0007626004198649189,-0.17800281504008847,-0.013540669726276544,-0.00574039979274789
132.096,0.03200000000001069,0.0014514889644180486,-0.037928418362875804,-0.0035709548535080814,0.009969714872768463
132.12800000000001,0.03200000000001069,0.06471179867443276,0.2558242164811119,0.0186072228946248,0.022178177748132882
132.16,0.031999999999982265,0.013186568791252466,-0.10356512156623521,-0.006542024679655445,-0.025149247574280248
132.192,0.03200000000001069,0.001002178813887196,-0.19016418509838962,-0.014362382296802407,-0.007820357617146962
132.224,0.031999999999982265,-0.0050681417612328606,-0.004441643760484341,-0.0011557665732809406,0.013206615723521466
132.256,0.03200000000001069,0.0009930926309498472,-0.15884776695121222,-0.01174842209966449,-0.010592655526383549
132.288,0.03200000000001069,0.0028792444904455036,0.065822703208752,0.004162390929586364,0.015910813029250855
132.32,0.031999999999982265,0.0024793346723511675,-0.0709070910417363,-0.004974232546110531,-0.009136623475696895
132.352,0.03200000000001069,-0.0005639816403728644,-0.03965091096390206,-0.003203094831048597,0.001771137715061934
132.38400000000001,0.03200000000001069,-0.12928539392438057,-0.6986129025211605,-0.05156106280067168,-0.048357967969623085
132.416,0.031999999999982265,-0.08180043884308992,-0.3573642927819548,-0.029257223641747463,0.022303839158924216
132.448,0.03200000000001069,-0.0002709047222786846,0.02280776362070694,-1.1704437274953858e-05,0.02924551920447251
132.48,0.031999999999982265,-0.09298018904118951,-0.480421187850093,-0.035330958658137505,-0.03531925422086255
132.512,0.03200000000001069,0.0032850893304336585,-0.09857122514561223,-0.009288573885295644,0.02604238477284186
132.544,0.03200000000001069,-0.03026271351292834,-0.3116927915927924,-0.023458179297893036,-0.014169605412597392
132.576,0.031999999999982265,-0.13043793486654606,-0.7430988391404114,-0.05600187600303408,-0.03254369670514104
132.608,0.03200000000001069,0.003048659654325396,-0.12871280347078315,-0.012698505378229513,0.04330337062480456
132.64000000000001,0.03200000000001069,0.004584993543266638,-0.01504661093580402,-0.0018396041813291799,0.010858901196900334
132.672,0.031999999999982265,-0.003829265115895049,-0.18680101210082042,-0.01384358739396704,-0.012003983212637861
132.704,0.03200000000001069,8.424201443161244e-05,-0.056748476037630294,-0.004972473315332727,0.008871114078634314
132.736,0.031999999999982265,0.00029286545982684686,-0.10785822814416617,-0.008218974826937958,-0.003246501511605231
132.768,0.03200000000001069,-0.07836906752398885,-0.45891603618146065,-0.034223263084321734,-0.026004288257383774
132.8,0.03200000000001069,0.002745019795952771,0.05851644927689713,0.002327635516671905,0.03655089860099364
132.832,0.031999999999982265,-0.0009956817559086195,-0.30502445021143804,-0.02229719490593106,-0.024624830422602963
132.864,0.03200000000001069,-0.00048805342784705516,-0.1772387984420498,-0.014321377882277221,0.007975817023653837
132.89600000000002,0.03200000000001069,-0.004358084349687625,-0.1308471347893688,-0.010449287867845007,0.003872090014432214
132.928,0.031999999999982265,0.0009001389817906528,-0.121179216640692,-0.009514774791656886,0.0009345130761881214
132.96,0.03200000000001069,-0.0006210779748183413,-0.18762776507460685,-0.014347467516256618,-0.004832692724599732
132.992,0.031999999999982265,-0.0013582590126940373,0.0373432883474004,0.0019179678149094687,0.016265435331166086
133.024,0.03200000000001069,-0.0010191149270052148,0.03606395632199348,0.0027628740297615394,0.0008449062148520707
133.056,0.03200000000001069,0.0006656941651534988,-0.105825291416032,-0.007622917730744902,-0.010385791760506441
133.088,0.031999999999982265,-0.006017719495292957,-0.034339325788554566,-0.0029653858072649884,0.0046575319234799135
133.12,0.03200000000001069,0.10132831880351997,0.42081757683543275,0.030775830929307968,0.03374121673657296
133.15200000000002,0.03200000000001069,-0.00434122926330265,-0.16308206075214984,-0.010216431348186724,-0.040992262277494695
133.184,0.031999999999982265,-0.004071758754525184,-0.13295125708041322,-0.010367050719866142,-0.00015061937167941755
133.216,0.03200000000001069,-0.0012592962579943835,0.09538908420233597,0.0064164545806178145,0.016783505300483954
133.248,0.031999999999982265,-0.0021065278565368167,0.07016451792075913,0.005530330546149736,-0.0008861240344680789
133.28,0.03200000000001069,-0.0030474575083807754,0.0016854892252632803,0.0004432121417848818,-0.005087118404364854
133.312,0.03200000000001069,-0.004137401964132785,-0.14608544776719817,-0.010717570689505592,-0.011160782831290475
133.344,0.031999999999982265,0.006676075884007745,0.06770026591235491,0.004359977417347625,0.015077548106853217
133.376,0.03200000000001069,-0.003368660843531603,-0.3129115511958936,-0.022759888875075428,-0.027119866292423054
133.40800000000002,0.03200000000001069,0.0214516348900367,0.18130212795726938,0.0120190921599011,0.03477898103497653
133.44,0.031999999999982265,-0.003574809698105662,-0.1872110069003077,-0.013073688745020247,-0.025092780904921348
133.472,0.03200000000001069,0.0009318696343824535,-0.054015574664013286,-0.004727049590296674,0.008346639154723574
133.504,0.031999999999982265,0.001711373895970248,-0.016521905031406468,-0.001487912851874493,0.003239136738422181
133.536,0.03200000000001069,-0.0040449425733565985,0.013074471136768878,0.0008756037320229004,0.0023635165838973935
133.568,0.03200000000001069,-0.00369281217095468,-0.00598507082692556,-0.00038959566828118713,-0.0012651994003040875
133.6,0.031999999999982265,-0.002517772650696965,0.07093204855439957,0.005193867918429095,0.005583463586710282
133.632,0.03200000000001069,0.00010019827334876328,-0.049852862363929204,-0.003366353584936194,-0.00856022150336529
133.66400000000002,0.03200000000001069,-0.0008096754342710943,0.060305274500170106,0.004240527058096425,0.007606880643032619
133.696,0.031999999999982265,-0.02798177535367539,-0.19560578401360096,-0.014140091945359264,-0.018380619003455688
133.728,0.03200000000001069,-0.03577259831732246,-0.25805640398012414,-0.01979382086757105,-0.005653728922211786
133.76,0.031999999999982265,-0.001250152692485255,0.04394343647067778,0.00208893124647996,0.02188275211405101
133.792,0.03200000000001069,-0.04927740267193947,-0.18311111744727315,-0.013345440977995763,-0.015434372224475723
133.824,0.03200000000001069,-0.0007427729719977132,0.07613439942713433,0.004828520978041452,0.018173961956037214
133.856,0.031999999999982265,0.0008968996921571075,-0.08620681961461445,-0.0060609229774122595,-0.010889443955453711
133.888,0.03200000000001069,0.0013047637672625179,0.04881149326859087,0.00323971677682911,0.00930063975424137
133.92000000000002,0.03200000000001069,1.0561249086692359e-05,-0.200228140172916,-0.014537796918892863,-0.017777513695721975
133.952,0.031999999999982265,0.0016974027230142606,0.13380871760400082,0.009001069791342102,0.023538866710234967
133.984,0.03200000000001069,0.0006583690731091843,0.05420025871553667,0.004505522760828079,-0.004495547030514023
134.016,0.031999999999982265,-0.004096254745839769,0.17255536148031927,0.012949860041739175,0.008444337280911096
134.048,0.03200000000001069,0.0012123567402742641,-0.08041667326539498,-0.005166276888706407,-0.018116136930445583
134.08,0.03200000000001069,-0.002173486848654792,0.15156686148439108,0.010848016923573801,0.016014293812280207
134.112,0.031999999999982265,0.0006969336509688296,0.1291795964498279,0.010126142795619453,-0.0007218741279543476
134.144,0.03200000000001069,-0.015556092234773866,-0.15097738554519316,-0.01051833824464126,-0.020644481040260714
134.17600000000002,0.03200000000001069,-0.004725419177991041,-0.2004678958157876,-0.015349668431962863,-0.004831330187321603
134.208,0.031999999999982265,-0.0013436034291232756,-0.029152610556127032,-0.0030300117866758256,0.012319656645287037
134.24,0.03200000000001069,-0.002795423254473583,0.028951918952591135,0.001954210891311267,0.004984222677987093
134.272,0.031999999999982265,9.189606042245566e-06,-0.1458046734206987,-0.010609693916092025,-0.012563904807403293
134.304,0.03200000000001069,0.002556862288779437,0.03152110066620815,0.0017055810370698564,0.012315274953161882
134.336,0.03200000000001069,-0.005651737854062262,-0.06134019663909997,-0.004412510334240339,-0.006118091371310195
134.368,0.031999999999982265,0.135513148083519,0.8432154374243517,0.06175552410736674,0.06616803444160708
134.4,0.03200000000001069,-0.0002995532292302901,-0.07619002302618744,-0.002037942094565711,-0.06379346620193245
134.43200000000002,0.03200000000001069,0.09649778682286407,0.39649266019253765,0.029040511519951722,0.031078453614517432
134.464,0.031999999999982265,0.0004854979647143711,-0.22922505074240968,-0.01518078020291569,-0.044221291722867415
134.496,0.03200000000001069,0.005096222434081384,0.10092246060847329,0.006545488170994593,0.021726268373910285
134.528,0.031999999999982265,0.1048183099997695,0.2905557218365855,0.02174539859176469,0.015199910420770096
134.56,0.03200000000001069,0.07046992538026349,0.2858370458519998,0.02227586290237793,0.0005304643106132413
134.592,0.03200000000001069,0.02845893975980595,0.08553226352725943,0.0075760270558630745,-0.014699835846514856
134.624,0.031999999999982265,0.13034058436821414,0.6290669084168582,0.046699079986447324,0.03912305293058425
134.656,0.03200000000001069,0.003668391327435031,0.036850524288919856,0.005405890724980218,-0.041293189261467106
134.68800000000002,0.03200000000001069,-0.004241609059625419,0.0874728363576977,0.006744849284954196,0.0013389585599739781
134.72,0.031999999999982265,0.05744023107584121,0.5200644545046098,0.038635031710052864,0.03189018242509867
134.752,0.03200000000001069,-0.0006380884640361572,-0.13091514969534565,-0.007397165009777477,-0.04603219671983034
134.784,0.031999999999982265,0.009187643934818888,0.24609894144682157,0.01767114038197869,0.025068305391756168
134.816,0.03200000000001069,-8.254963700163803e-05,-0.07478908553468887,-0.004479867652216179,-0.02215100803419487
134.848,0.03200000000001069,-0.0034117237430838867,0.05779699611509473,0.00399178555729556,0.008471653209511739
134.88,0.031999999999982265,0.11570012459774069,0.6621427498529353,0.048924569901118715,0.044932784343823154
134.912,0.03200000000001069,0.0013751672008274522,-0.024933707572671587,0.0009907397999490079,-0.04793383010116971
134.94400000000002,0.03200000000001069,0.002978628020484395,0.004150509908745123,0.0003624239337921087,-0.0006283158661568992
134.976,0.031999999999982265,0.08739565008164986,0.44814565726914485,0.032977655541783474,0.03261523160799137
135.008,0.03200000000001069,0.003087202475519485,0.2778987082923007,0.02234050359557293,-0.010637151946210545
135.04,0.031999999999982265,0.0018050228196281244,0.18242294155195157,0.01470512111152201,-0.007635382484050919
135.072,0.03200000000001069,-0.002168082342148555,0.024850915728979045,0.002676455052325623,-0.012028666059196388
135.104,0.03200000000001069,-0.001003787683020012,-0.0013534836550944769,5.4973787393818004e-05,-0.002621481264931805
135.136,0.031999999999982265,0.04518714521331274,0.16595412687079406,0.012207477665384483,0.012152503877990665
135.168,0.03200000000001069,0.04128227546946203,0.47842673603756997,0.03588833696167795,0.023680859296293467
135.2,0.031999999999982265,0.0027771038569121354,-0.011541273148722612,0.0012230527552724356,-0.034665284206405515
135.232,0.03200000000001069,0.0010847207910370054,0.23845235401020337,0.017606445831967365,0.016383393076694928
135.264,0.03200000000001069,0.00541023302934634,0.21462085633330846,0.016799670268524993,-0.0008067755634423718
135.296,0.031999999999982265,-0.002579006401755733,0.23163578256722456,0.0180043773884407,0.0012047071199157086
135.328,0.03200000000001069,-0.0011510201952465297,0.20919350500441838,0.016423513844267122,-0.0015808635441735795
135.36,0.03200000000001069,-0.0033394525444953574,-0.008066521288482424,0.000354900505902873,-0.01606861333836425
135.392,0.031999999999982265,-0.0006644545975506741,-0.10469817331659949,-0.007679039301328557,-0.00803393980723143
135.424,0.03200000000001069,-0.002575006699221238,0.15098285992801794,0.010660009860014343,0.0183390491613429
135.456,0.031999999999982265,-0.0007644164028986273,0.0627444160521054,0.005229631106943422,-0.00543037875307092
135.488,0.03200000000001069,0.0026602620940017014,0.2777346741323378,0.020726572624745435,0.015496941517802013
135.52,0.03200000000001069,-0.002773361126677244,-0.018987089209085945,-0.00019978891738937928,-0.020926361542134814
135.552,0.031999999999982265,0.00014766856781572594,0.21240428299977943,0.015608725452245092,0.01580851436963447
135.584,0.03200000000001069,-0.057140869670173844,-0.3131600285855786,-0.022128782108072235,-0.037737507560317324
135.616,0.03200000000001069,-0.002761688914282167,0.19227635882845262,0.012862572795529924,0.03499135490360216
135.648,0.031999999999982265,0.0009546071018048883,0.06612062855556183,0.005605070466248921,-0.007257502329281003
135.68,0.03200000000001069,-0.004795263347440602,0.029217227803267503,0.002472217099519996,-0.0031328533667289247
135.712,0.031999999999982265,-0.07814088224044863,-0.2428250389369206,-0.017714689550948477,-0.020186906650468472
135.744,0.03200000000001069,-0.124011035978417,-0.46076262536456863,-0.03490724052522894,-0.017192550974280466
135.776,0.03200000000001069,0.004061965846954465,0.013826343269841354,-0.0009983703884735527,0.03390887013675539
135.808,0.031999999999982265,-0.02906825407282473,-0.16751137263891977,-0.012376459287679917,-0.011378088899206365
135.84,0.03200000000001069,0.0007953090999372321,0.08594398039079483,0.005605858203409773,0.01798231749108969
135.872,0.03200000000001069,-0.11615717784900312,-0.3887417116798881,-0.02826453250406026,-0.033870390707470034
135.904,0.031999999999982265,-0.004126729655682053,-0.09193808389080094,-0.008392832909728507,0.019871699594331754
135.936,0.03200000000001069,-0.12010713414549791,-0.4082750678533157,-0.030509151469881788,-0.02211631856015328
135.968,0.031999999999982265,-0.13363618441008152,-0.5172660322254364,-0.039801126351617415,-0.009291974881735627
136.0,0.03200000000001069,-0.06571552262842291,0.010004138508395807,-0.00156197570801764,0.03823915064359978
136.032,0.03200000000001069,-0.1313348046962425,-0.6876303133928628,-0.05065866041503579,-0.049096684707018154
136.064,0.031999999999982265,-0.1308159992633756,-0.4628492079126929,-0.03696251333567407,0.013696147079361724
136.096,0.03200000000001069,-0.13566469205967058,-0.3772467126435695,-0.029876620503903047,0.00708589283177102
136.12800000000001,0.03200000000001069,-0.13388089982025259,-0.6100327124164252,-0.04658669359552795,-0.016710073091624904
136.16,0.031999999999982265,-0.13825687742877263,-0.860380139236862,-0.0659619571782138,-0.019375263582685855
136.192,0.03200000000001069,-0.12983839775425582,-0.8628754073304183,-0.06726397585786999,-0.0013020186796561806
136.224,0.031999999999982265,-0.1297757981898897,-0.42738348650680413,-0.03531296569754611,0.031951010160323874
136.256,0.03200000000001069,-0.12786147321568297,-0.8662135610530988,-0.06574012642489134,-0.030427160727345227
136.288,0.03200000000001069,-0.13793757733708106,-0.7756339725139377,-0.060835414896122764,0.004904711528768577
136.32,0.031999999999982265,-0.18379886143716948,-1.0097197063244783,-0.07776698830842291,-0.016931573412300144
136.352,0.03200000000001069,-0.41069270084514026,-2.3137375676859735,-0.17464220131696467,-0.09687521300854177
136.38400000000001,0.03200000000001069,-0.11351133241778445,-0.5997845178102732,-0.05419022252125978,0.12045197879570489
136.416,0.031999999999982265,-0.4212121553144293,-2.648986883286868,-0.19793544697500048,-0.14374522445374072
136.448,0.03200000000001069,0.00427475624587165,-0.17110347029294706,-0.024009618779844272,0.1739258281951562
136.48,0.031999999999982265,-0.4243015099763592,-2.4930745784994714,-0.1847273223445837,-0.1607177035647394
136.512,0.03200000000001069,-0.42525923152499995,-2.4479334629680007,-0.19068571929758046,-0.0059583969529967695
136.544,0.03200000000001069,-0.4184869594734694,-3.8258546941753,-0.2923623315063907,-0.10167661220881022
136.576,0.031999999999982265,-0.4188319187583874,-3.5557575672439423,-0.27836902467101476,0.013993306835375918
136.608,0.03200000000001069,-0.4258390798389019,-4.640801479018077,-0.3573555790105033,-0.07898655433948853
136.64000000000001,0.03200000000001069,-0.40351841564378005,-2.2661610877573075,-0.1872838077129396,0.1700717712975637
136.672,0.031999999999982265,-0.19051953557980095,-1.3571928586209583,-0.11061999173963935,0.07666381597330024
136.704,0.03200000000001069,-0.11728410933810153,-0.97814964109067,-0.07831933627050204,0.03230065546913731
136.736,0.031999999999982265,-0.41925158567407184,-2.3443012249813155,-0.17692174613573022,-0.09860240986522818
136.768,0.03200000000001069,-0.4187655386364751,-2.560792173793563,-0.19853476573835202,-0.021613019602621797
136.8,0.03200000000001069,-0.4196630549074399,-4.837162528707781,-0.3671872569357543,-0.1686524911974023
136.832,0.031999999999982265,-0.42163964954572825,-2.4741952702937686,-0.20315026231713013,0.1640369946186242
136.864,0.03200000000001069,-0.4116541322179336,-4.642586015460975,-0.35314450444035317,-0.14999424212322304
136.89600000000002,0.03200000000001069,-0.4057824772692629,-2.2611092439000924,-0.18666919251991246,0.1664753119204407
136.928,0.031999999999982265,-0.054726690654268294,-0.5120332760898427,-0.0484312834400628,0.13823790907984967
136.96,0.03200000000001069,-0.4204856571574236,-2.5471268942853347,-0.1901121820698473,-0.1416808986297845
136.992,0.031999999999982265,-0.4222307946501205,-2.5053180625907823,-0.19521665873772706,-0.005104476667879748
137.024,0.03200000000001069,-0.42026639631011026,-2.4956405480401673,-0.19479964885639675,0.00041700988133031025
137.056,0.03200000000001069,-0.41602164394751345,-4.737631622586597,-0.359652106702373,-0.16485245784597627
137.088,0.031999999999982265,-0.4177624492189079,-2.263008446291443,-0.18718453817126088,0.17246756853111214
137.12,0.03200000000001069,-0.41878564406840496,-2.2620441974927026,-0.17715723341352715,0.010027304757733724
137.15200000000002,0.03200000000001069,-0.1534057997200225,-1.0752004243429907,-0.08929760645481759,0.08785962695870957
137.184,0.031999999999982265,-0.20082561657433073,-1.2806963680446912,-0.09933776945960604,-0.010040163004788452
137.216,0.03200000000001069,-0.4162892898302659,-2.5858710259667226,-0.19590021878162328,-0.09656244932201724
137.248,0.031999999999982265,-0.4182380244536717,-2.4001403630698217,-0.18781600491347228,0.008084213868151002
137.28,0.03200000000001069,-0.4161009455981033,-2.905612087286101,-0.22452181579226185,-0.036705810878789574
137.312,0.03200000000001069,-0.4090431921433823,-4.68133798566955,-0.35722809318035553,-0.13270627738809368
137.344,0.031999999999982265,-0.41326313629874645,-2.912290586899221,-0.2347929577912781,0.12243513538907744
137.376,0.03200000000001069,-0.42290745845499816,-2.28596195845534,-0.18166454113262928,0.053128416658648814
137.40800000000002,0.03200000000001069,-0.1669320752776347,-1.3453637856606746,-0.10942568395718404,0.07223885717544525
137.44,0.031999999999982265,-0.34724487395556863,-2.223663311265969,-0.16984574740199723,-0.060420063444813196
137.472,0.03200000000001069,-0.4267722122901971,-2.40233931321436,-0.18647361559971523,-0.016627868197718
137.504,0.031999999999982265,-0.4188772324965195,-2.427731839602348,-0.18930089923872073,-0.002827283639005501
137.536,0.03200000000001069,-0.41709713708294677,-3.255350900364103,-0.2503274089032577,-0.06102650966453699
137.568,0.03200000000001069,-0.4047531864381175,-4.526700431327025,-0.3473457455005208,-0.09701833659726306
137.6,0.031999999999982265,-0.41493692716238467,-2.2874489633983233,-0.18827146445184822,0.15907428104867255
137.632,0.03200000000001069,-0.04053290112846998,-0.27140765537448874,-0.030828118471039095,0.15744334598080914
137.66400000000002,0.03200000000001069,-0.41741123578666983,-2.6551290906673577,-0.19703847357457888,-0.1662103551035398
137.696,0.031999999999982265,-0.10817413593846278,-0.7974215041063811,-0.07001740740273757,0.1270210661718413
137.728,0.03200000000001069,-0.15404923707233975,-1.1269998891571111,-0.08692186747817769,-0.016904460075440123
137.76,0.031999999999982265,-0.09271080557869829,-1.0519414139737884,-0.08237792910311502,0.004543938375062673
137.792,0.03200000000001069,-0.15972968639131133,-1.0538582470555045,-0.08225657607011691,0.00012135303299810885
137.824,0.03200000000001069,-0.10207216401471646,-0.9861949482674381,-0.07727359615255772,0.004982979917559194
137.856,0.031999999999982265,-0.02880905327371872,-0.6902071000439584,-0.055218919916437424,0.022054676236120292
137.888,0.03200000000001069,-0.10385933442681392,-0.8956526524779023,-0.06905423625623662,-0.013835316339799196
137.92000000000002,0.03200000000001069,-0.03236819640432494,-0.6250748164643974,-0.04995458096231381,0.01909965529392281
137.952,0.031999999999982265,-0.1160058648281653,-1.1370263517283414,-0.08650100733812013,-0.036546426375806323
137.984,0.03200000000001069,-0.0745189544575926,-0.9995580189494488,-0.07850134650021129,0.007999660837908845
138.016,0.031999999999982265,-0.04401760894415774,-0.4775716425022363,-0.03965253710140478,0.03884880939880651
138.048,0.03200000000001069,-0.11621894499292375,-1.219265355125667,-0.09195415478381155,-0.05230161768240677
138.08,0.03200000000001069,-0.00399052114112256,-0.3858730047608922,-0.03368561672791471,0.058268538055896844
138.112,0.031999999999982265,0.0002592609700953917,-0.4551779779137974,-0.03541853118438082,-0.00173291445646611
138.144,0.03200000000001069,-0.01900261428171546,-0.4859078288394318,-0.037778450935370696,-0.0023599197509898764
138.17600000000002,0.03200000000001069,-0.10975526385057129,-1.0812458282840334,-0.08169597825182374,-0.04391752731645305
138.208,0.031999999999982265,-0.003624053261088803,-0.5156466698744206,-0.04263700638344626,0.039058971868377486
138.24,0.03200000000001069,-0.07987775784890898,-0.8109687568880427,-0.06210022112803706,-0.019463214744590798
138.272,0.031999999999982265,-0.003967507749786061,-0.6198760405765897,-0.049170812925584555,0.012929408202452503
138.304,0.03200000000001069,-0.03680451620200984,-0.7402840636587072,-0.05727924340383079,-0.008108430478246234
138.336,0.03200000000001069,-0.016678834909352142,-0.5774919565176507,-0.04577556718559037,0.011503676218240416
138.368,0.031999999999982265,-0.001974852762535962,-0.34216176229701883,-0.027805234779946116,0.017970332405644256
138.4,0.03200000000001069,-0.0024859911339964263,-0.3302425909980237,-0.025891285505242053,0.0019139492747040632
138.43200000000002,0.03200000000001069,-0.11328115872080571,-0.8714259042751927,-0.06557953841717956,-0.039688252911937505
138.464,0.031999999999982265,0.002622566069790593,-0.5257197246370393,-0.042447393903112605,0.023132144514066956
138.496,0.03200000000001069,0.001350332420426027,-0.3487576571454965,-0.028098166006724507,0.014349227896388098
138.528,0.031999999999982265,-0.0015378983814662527,-0.4389977322253421,-0.033906073874144786,-0.005807907867420279
138.56,0.03200000000001069,0.0018231718525373568,-0.4237360487413826,-0.03311901137906944,0.0007870624950753469
138.592,0.03200000000001069,-0.0764051580183549,-0.5873479956504291,-0.045105634621488346,-0.011986623242418906
138.624,0.031999999999982265,-0.003431796062765796,-0.3549918101191261,-0.0287100848137222,0.016395549807766144
138.656,0.03200000000001069,-0.04185545224405213,-0.7881251500206351,-0.05961630876595139,-0.03090622395222919
138.68800000000002,0.03200000000001069,0.0027540537124129336,-0.3920236343440044,-0.0322711013917691,0.027345207374182293
138.72,0.031999999999982265,-0.0074260063699748335,-0.2511176188138123,-0.020330227489803725,0.011940873901965375
138.752,0.03200000000001069,-0.0037602590564983908,-0.3132217938645605,-0.02420804695132052,-0.0038778194615167946
138.784,0.031999999999982265,-0.007377144124410076,-0.49992156886353495,-0.03816185363438164,-0.01395380668306112
138.816,0.03200000000001069,-0.0049242910235371825,-0.35576903595631515,-0.028366384104964313,0.009795469529417327
138.848,0.03200000000001069,-0.0029634096941080074,-0.2440114538058553,-0.019582222777485826,0.008784161327478487
138.88,0.031999999999982265,0.0023688495434840326,-0.34510413702781123,-0.026509500066784642,-0.006927277289298817
138.912,0.03200000000001069,-8.322741011255311e-05,-0.3934991101874576,-0.030468382684209698,-0.003958882617425056
138.94400000000002,0.03200000000001069,-0.04111905617794511,-0.3964503196862417,-0.030913957941855152,-0.0004455752576454537
138.976,0.031999999999982265,-0.0007071275869482936,-0.48609155120800895,-0.03753191706077109,-0.006617959118915936
139.008,0.03200000000001069,-0.07541545540884949,-0.8650361827560864,-0.06578163977414264,-0.028249722713371554
139.04,0.031999999999982265,0.0008617746132765571,-0.5051141606961851,-0.04094372318862237,0.024837916585520273
139.072,0.03200000000001069,0.0016935840617566013,-0.08016179103298131,-0.008258759651128832,0.03268496353749353
139.104,0.03200000000001069,-0.002720931658635163,-0.34379614853493196,-0.025759617212903964,-0.01750085756177513
139.136,0.031999999999982265,-0.06669346567343755,-0.5040731053846191,-0.03855672929083312,-0.012797112077929156
139.168,0.03200000000001069,-0.003572325791568474,-0.16137318752611207,-0.014093265187484634,0.024463464103348487
139.20000000000002,0.03200000000001069,-0.09500333577251671,-0.5237871229869803,-0.0393330148668301,-0.025239749679345468
139.232,0.031999999999982265,-0.06423471852460633,-0.35268173295970623,-0.028206953201218403,0.011126061665611697
139.264,0.03200000000001069,-0.000866422383305782,-0.1283878751009559,-0.011070034811289332,0.01713691838992907
139.296,0.031999999999982265,-0.08338757966780379,-0.41582479314625354,-0.03121891237484304,-0.020148877563553706
139.328,0.03200000000001069,-0.0006929726293635312,-0.1206929865607372,-0.01067802859060075,0.020540883784242292
139.36,0.03200000000001069,-0.12840874196248098,-0.7382483769176127,-0.054907385597972806,-0.04422935700737206
139.392,0.031999999999982265,-0.005382567315054052,-0.4062350792647144,-0.033044372478241144,0.021863013119731663
139.424,0.03200000000001069,-0.0020427840058924633,-0.2279439205724647,-0.018670668698917783,0.014373703779323361
139.456,0.031999999999982265,-0.003210315644450851,-0.3580398214709421,-0.027408170054389804,-0.008737501355472022
139.488,0.03200000000001069,0.0002743964905158277,-0.0033422641225783443,-0.0018280392421881411,0.025580130812201663
139.52,0.03200000000001069,-0.0031094471333114096,-0.2103067947833799,-0.01557154034332237,-0.01374350110113423
139.552,0.031999999999982265,0.0008082010679924081,-0.14083306368490217,-0.011255826066657613,0.004315714276664757
139.584,0.03200000000001069,-0.0010501115599517617,-0.39234443628358123,-0.029502887170606517,-0.018247061103948903
139.616,0.03200000000001069,0.0037586866210490236,-0.1611376615568453,-0.01355327459815939,0.015949612572447126
139.648,0.031999999999982265,-0.0015010304784004458,-0.09001557519000251,-0.007402183832148671,0.00615109076601072
139.68,0.03200000000001069,0.007922981569643623,-0.18878052303059048,-0.014310283669571053,-0.006908099837422382
139.712,0.031999999999982265,-0.0065103794565378485,-0.32073455819461,-0.02441301153663945,-0.010102727867068397
139.744,0.03200000000001069,-0.0014151967463082056,-0.3785285866101687,-0.02924641863997872,-0.004833407103339269
139.776,0.03200000000001069,-0.0011593943752252758,-0.2740437421051235,-0.021841607643587793,0.007404810996390926
139.808,0.031999999999982265,0.0008619753385636098,-0.06072609559277936,-0.00572670669164552,0.016114900951942273
139.84,0.03200000000001069,0.0035913440926002723,-0.1353485581805066,-0.010284161121742044,-0.004557454430096523
139.872,0.03200000000001069,-0.00016786802700386662,-0.3901099540585801,-0.02928246952045504,-0.018998308398712995
139.904,0.031999999999982265,0.0013893668685636,-0.1312059645235946,-0.01133936631101278,0.017943103209442257
139.936,0.03200000000001069,0.06262097684162247,0.2109773235673205,0.01486070900229265,0.02620007531330543
139.968,0.031999999999982265,0.007767100536036769,-0.14813718461836684,-0.010036147084245264,-0.024896856086537914
140.0,0.03200000000001069,0.12177073583146181,0.32660326438124765,0.023439100523614878,0.033475247607860144
140.032,0.03200000000001069,0.0015837789723302923,-0.08957583217338633,-0.005234309329485854,-0.028673409853100733
140.064,0.031999999999982265,0.06854815799477035,0.18518878588891519,0.013316653409712368,0.01855096273919822
140.096,0.03200000000001069,0.002034953342941808,0.020922763272251663,0.002307422870927774,-0.011009230538784593
140.12800000000001,0.03200000000001069,0.0061323059930255604,-0.0621925281186946,-0.004440447210252706,-0.00674787008118048
140.16,0.031999999999982265,0.0015132490512305707,-0.10846117332691031,-0.008232602175831643,-0.003792154965578937
140.192,0.03200000000001069,0.09659214334145724,0.37962327656709344,0.02744232121334502,0.03567492338917666
140.224,0.031999999999982265,-0.002983595364476057,-0.18073543688661156,-0.011707105069431954,-0.039149426282776977
140.256,0.03200000000001069,-0.004243366177281122,-0.20452417834235506,-0.015716594780251444,-0.00400948971081949
140.288,0.03200000000001069,0.0022765418510489804,-0.07555572788908553,-0.006463689865537793,0.009252904914713651
140.32,0.031999999999982265,0.12279009962118621,0.7490597432584806,0.054712880329021434,0.06117657019455923
140.352,0.03200000000001069,-0.00403961561829728,-0.31416738147543133,-0.019945416268359276,-0.07465829659738071
140.38400000000001,0.03200000000001069,-0.0006695625511550646,-0.09110895419877967,-0.007851603615931879,0.012093812652427397
140.416,0.031999999999982265,-0.00179403432434994,-0.05985118298347901,-0.0048547353891738145,0.0029968682267580643
140.448,0.03200000000001069,0.03772750395199455,0.06265710465529709,0.004327558271421947,0.009182293660595761
140.48,0.031999999999982265,-0.0005053675302294894,0.10962819833410967,0.008311908484863649,0.003984350213441702
140.512,0.03200000000001069,0.0006830380154910596,-0.0349818436830925,-0.002092733896343178,-0.010404642381206827
140.544,0.03200000000001069,8.041454482254184e-05,-0.05425083543006394,-0.0041104303234809035,-0.0020176964271377256
140.576,0.031999999999982265,0.0029380906493982053,-0.02136514040020637,-0.0018084886162773113,0.002301941707203592
140.608,0.03200000000001069,0.007422781109387814,0.0443593334586085,0.003157793050068452,0.004966281666345763
140.64000000000001,0.03200000000001069,0.13048323732295686,0.5353315495143549,0.0395506998866494,0.036392906836580946
140.672,0.031999999999982265,0.013488003041370673,0.19928960657523576,0.016939028238436207,-0.022611671648213195
140.704,0.03200000000001069,0.018820582193809103,0.05177765914101859,0.004785615260199368,-0.012153412978236838
140.736,0.031999999999982265,-0.001292316281822544,-0.012897879953518255,-0.0006722438574982903,-0.005457859117697659
140.768,0.03200000000001069,0.07621502591582428,0.5862219719671473,0.04307208858207171,0.04374433243957
140.8,0.03200000000001069,-0.001887785855059255,0.07183156515848024,0.007769021524886493,-0.03530306705718522
140.832,0.031999999999982265,0.0023256580108611292,-0.10395437529328738,-0.0071963298570562936,-0.014965351381942786
140.864,0.03200000000001069,0.05050676530387249,0.304980886910758,0.022012926016544254,0.02920925587360055
140.89600000000002,0.03200000000001069,0.006961310904245205,0.1763789843129075,0.014241736375635734,-0.00777118964090852
140.928,0.031999999999982265,-0.0023911194466496744,-0.0655945277650329,-0.004001674121941377,-0.018243410497577113
140.96,0.03200000000001069,0.0764774606506976,0.528841070276898,0.03866007913598867,0.04266175325793005
140.992,0.031999999999982265,1.585060668320984e-05,0.055455650512614196,0.006310031816029218,-0.032350047319959455
141.024,0.03200000000001069,0.04558325369235626,0.42303053267172797,0.03147403350840645,0.02516400169237723
141.056,0.03200000000001069,0.0010336138284294824,0.10246965459662971,0.009352608538073891,-0.022121424970332558
141.088,0.031999999999982265,-0.005121540358489961,0.09972582999556306,0.007873777592142306,-0.0014788309459315852
141.12,0.03200000000001069,0.134962738363447,0.6775617488054843,0.05028259039677276,0.04240881280463046
141.15200000000002,0.03200000000001069,0.0014716123448918943,-0.03016790265838143,0.0006842131786354751,-0.049598377218137285
141.184,0.031999999999982265,0.03871985578155222,0.21962106380457874,0.01619048177304071,0.015506268594405235
141.216,0.03200000000001069,0.004474795163187776,0.08426886751719218,0.007131813186426617,-0.009058668586614093
141.248,0.031999999999982265,0.10215582028517756,0.5797540065563456,0.04304695395702974,0.03591514077060312
141.28,0.03200000000001069,-0.0011000087054550312,0.20900727915957298,0.017855503604636072,-0.025191450352393667
141.312,0.03200000000001069,0.01601957401309589,0.15914276005804381,0.012734176377973461,-0.005121327226662611
141.344,0.031999999999982265,-0.0003076955662497484,-0.013475009382468615,-0.00025582298321513805,-0.0129899993611886
141.376,0.03200000000001069,0.10327562613442133,0.5913043853194005,0.0434698900042342,0.04372571298744934
141.40800000000002,0.03200000000001069,0.07337843772233209,0.43374157302727023,0.03440693018683586,-0.009062959817398339
141.44,0.031999999999982265,-0.0023233732690771244,-0.13953338763447068,-0.008275036581688816,-0.042681966768524676
141.472,0.03200000000001069,0.1277785384085415,0.7684438043725081,0.05603382119840288,0.0643088577800917
141.504,0.031999999999982265,-0.0014850495462874439,0.08044109417474445,0.009150437109537484,-0.0468833840888654
141.536,0.03200000000001069,0.003531070894860521,0.16689526137248423,0.012801761619611057,0.003651324510073573
141.568,0.03200000000001069,-0.00035491209966498295,0.3167242528399099,0.02403100718571147,0.011229245566100414
141.6,0.031999999999982265,0.005235018227339795,0.45004591699147384,0.0344837665562772,0.010452759370565726
141.632,0.03200000000001069,-0.0014011863295796305,0.2633810950976026,0.021359821432878377,-0.01312394512339882
141.66400000000002,0.03200000000001069,0.004895733054590373,0.21074193542122346,0.016731092458158035,-0.004628728974720341
141.696,0.031999999999982265,-0.0003921812091412615,0.1312541398268022,0.0106183297107263,-0.006112762747431735
141.728,0.03200000000001069,0.0322613267860311,0.5117210358091318,0.038245067262248265,0.027626737551521965
141.76,0.031999999999982265,-0.005678210994813546,0.22489253072909107,0.018746500112513307,-0.01949856714973496
141.792,0.03200000000001069,0.04777293407608545,0.3767319909541442,0.028787174109609293,0.010040673997095986
141.824,0.03200000000001069,0.0024217400123496156,0.3017326886600155,0.023851347281663392,-0.0049358268279459
141.856,0.031999999999982265,0.10764147927121907,0.6441929106611018,0.048751008845213085,0.024899661563549693
141.888,0.03200000000001069,0.11083949543845427,0.6205935681835881,0.04845294235380793,-0.0002980664914051523
141.92000000000002,0.03200000000001069,0.10971471181519384,0.5669686424857686,0.04449214606806206,-0.003960796285745874
141.952,0.031999999999982265,0.11238623009801278,0.5786679185329084,0.04512386036154854,0.0006317142934864836
141.984,0.03200000000001069,0.09012988019933041,0.49826607801528955,0.03924755908215217,-0.0058763012793963745
142.016,0.031999999999982265,0.08928759006227646,0.7717433317202145,0.05901990480950904,0.019772345727356873
142.048,0.03200000000001069,-0.0008312702860005339,0.29869216006765764,0.02537305378313886,-0.03364685102637018
142.08,0.03200000000001069,0.076655949440329,0.4644116086032911,0.035617697883736955,0.010244644100598096
142.112,0.031999999999982265,0.03356587230227802,0.5446572012161637,0.042110390796800796,0.006492692913063841
142.144,0.03200000000001069,-0.007167499631676075,0.31090499257470494,0.025295017601867448,-0.01681537319493335
142.17600000000002,0.03200000000001069,-0.002321036321643996,0.36431932803767453,0.02825238394286957,0.002957366341002122
142.208,0.031999999999982265,-0.0011381310866287707,0.2323476388430894,0.01871788205899706,-0.00953450188387251
142.24,0.03200000000001069,-0.0010521508403696436,0.38427044179299,0.029339901397948426,0.010622019338951367
142.272,0.031999999999982265,0.0006956731982633229,0.37301840604614184,0.02912562352136574,-0.0002142778765826872
142.304,0.03200000000001069,-0.002638782109607805,0.0019842145734963353,0.0018273149755676156,-0.027298308545798122
142.336,0.03200000000001069,0.0013256307377472827,0.39393682207540637,0.02907569233205081,0.027248377356483194
142.368,0.031999999999982265,0.0030479595098059026,0.32735650973552444,0.02575238477836331,-0.0033233075536874997
142.4,0.03200000000001069,-0.026344227997767904,0.25148085011907634,0.01998062010369845,-0.005771764674664861
142.43200000000002,0.03200000000001069,-0.1103473670284638,0.05087235544406456,0.004894627314713034,-0.015085992788985416
142.464,0.031999999999982265,-0.08203039237581512,-0.12862516699279486,-0.009176561593671506,-0.01407118890838454
142.496,0.03200000000001069,-0.016288384605117067,0.07341562521869117,0.004869247269279235,0.014045808862950742
142.528,0.031999999999982265,-0.11760268641654703,-0.19368458179561135,-0.013962510861099217,-0.01883175813037845
142.56,0.03200000000001069,-0.08525128554798903,-0.0932913013723325,-0.007666706309626077,0.00629580455147314
142.592,0.03200000000001069,-0.021905204435156693,0.027879766082117903,0.0016076924274938543,0.00927439873711993
142.624,0.031999999999982265,-0.11303832402639163,-0.38082231187092547,-0.0279129484714916,-0.029520640898985453
142.656,0.03200000000001069,0.002659943150454477,0.012997243797981353,-0.0006555685212633883,0.02725737995022821
142.68800000000002,0.03200000000001069,0.003475452489030121,0.1426895363880219,0.010455575459540383,0.011111143980803772
142.72,0.031999999999982265,0.001177177177696532,0.08436638906115543,0.006807914090079028,-0.0036476613694613547
142.752,0.03200000000001069,0.0014117379755462206,0.1416901604011919,0.010812941091476975,0.004005027001397946
142.784,0.031999999999982265,0.0028068240451979004,0.14917126921852739,0.011594310043781204,0.0007813689523042296
142.816,0.03200000000001069,-0.08443675561033062,-0.37649774666524183,-0.027018400741349726,-0.03861271078513093
142.848,0.03200000000001069,0.0020555408396828317,0.15802315928783847,0.010061311568309967,0.037079712309659695
142.88,0.031999999999982265,-0.004061180179957567,0.03668421812296581,0.0032785959482342355,-0.006782715620075731
142.912,0.03200000000001069,-0.054189345011803496,-0.2972735363558306,-0.02167229287663382,-0.024950888824868057
142.94400000000002,0.03200000000001069,0.002198168088240436,0.22947529802497219,0.015624543912105798,0.037296836788739615
142.976,0.031999999999982265,-0.004526623158286983,-0.03408101863736736,-0.0016043353188972132,-0.01722887923100301
143.008,0.03200000000001069,0.0013693996967358527,-0.10394226797521808,-0.007736554728677187,-0.006132219409779973
143.04,0.031999999999982265,-0.0013509167271212618,-0.17213068119203467,-0.013105153453011196,-0.005368598724334009
143.072,0.03200000000001069,-0.004227530316902124,-0.015714352386480543,-0.001912185457206525,0.011192967995804671
143.104,0.03200000000001069,-0.0005798774580123306,0.17961750991304182,0.013098723660033437,0.015010909117239962
143.136,0.031999999999982265,-0.0030598231778437026,-0.292850701511613,-0.020780129683665743,-0.03387885334369918
143.168,0.03200000000001069,-0.004511897975427823,-0.08720522087254984,-0.007612709418607696,0.013167420265058048
143.20000000000002,0.03200000000001069,-0.0034745631356008365,-0.15430282312088114,-0.011786939256838372,-0.004174229838230676
143.232,0.031999999999982265,-0.006276192145636753,0.08033931486909617,0.005227722279193854,0.017014661536032226
143.264,0.03200000000001069,0.0023970744078400693,-0.25140696954418384,-0.018186733898736335,-0.02341445617793019
143.296,0.031999999999982265,0.0027811918894649914,0.10193796978733534,0.006446638011238955,0.02463337190997529
143.328,0.03200000000001069,0.002198420021195683,-0.010963977704533393,-0.00043413493643997746,-0.006880772947678933
143.36,0.03200000000001069,0.002052805392028492,-0.01708543578933223,-0.0012815290273891465,-0.000847394090949169
143.392,0.031999999999982265,0.004341837617123649,-0.15112270024671517,-0.01118757909495629,-0.009906050067567144
143.424,0.03200000000001069,0.0016649871455774183,0.0663047252092785,0.004230215886140448,0.015417794981096739
143.456,0.031999999999982265,0.0042483700358954745,-0.3216891034028097,-0.023412883066053058,-0.027643098952193506
143.488,0.03200000000001069,-0.03380733707270222,-0.08266786335618066,-0.007431017543979432,0.015981865522073625
143.52,0.03200000000001069,-0.10270593777061858,-0.4927491691388688,-0.03666587129805064,-0.02923485375407121
143.552,0.031999999999982265,-0.04571928968269876,-0.18359203669181742,-0.01561808689960194,0.021047784398448705
143.584,0.03200000000001069,-0.1184123299150129,-0.3626961637416895,-0.0275743757874597,-0.01195628888785776
143.616,0.03200000000001069,-0.07962889958238674,-0.32918514049917147,-0.025800193079300433,0.0017741827081592665
143.648,0.031999999999982265,-0.1284627679795298,-0.673854440094908,-0.051044829508910046,-0.025244636429609613
143.68,0.03200000000001069,-0.0060996095889207375,0.12441404303121661,0.0062026659704899414,0.05724749547939999
143.712,0.031999999999982265,-0.13334161443202217,-0.7879105263051498,-0.057585044382873596,-0.06378771035336353
143.744,0.03200000000001069,-0.12688858245102005,-0.3168517614929103,-0.026625681815963087,0.03095936256691051
143.776,0.03200000000001069,-0.13242973462935115,-0.6278131250311572,-0.04770659547409091,-0.021080913658127823
143.808,0.031999999999982265,-0.13701929149651498,-0.5830211066560076,-0.04562956200199801,0.0020770334720928985
143.84,0.03200000000001069,-0.13098579610879596,-0.6418414424133976,-0.04983531758971658,-0.004205755587718567
143.872,0.03200000000001069,-0.08661306199139124,-0.38915611999699934,-0.03149557613655882,0.01833974145315776
143.904,0.031999999999982265,-0.1103245998306665,-0.5887708836828359,-0.04511655471025405,-0.013620978573695236
143.936,0.03200000000001069,-0.13045642879378586,-0.7233294459492016,-0.055798348389230104,-0.010681793678976051
143.968,0.031999999999982265,-0.1158968688588452,-0.6108136839559745,-0.04814056386538609,0.007657784523844011
144.0,0.03200000000001069,-0.07038762532025002,-0.7198174128343693,-0.05571464593827749,-0.007574082072891397
144.032,0.03200000000001069,0.00279944009410637,-0.0867428359877763,-0.00959544293641154,0.04611920300186595
144.064,0.031999999999982265,-0.0744504432287421,-0.47556602187903935,-0.035527169038397,-0.025931726101985457
144.096,0.03200000000001069,-0.0031209965159782072,-0.39583642522972534,-0.031160851075516027,0.004366317962880971
144.12800000000001,0.03200000000001069,-0.09281387292113653,-0.6155128576092999,-0.04706384216087513,-0.0159029910853591
144.16,0.031999999999982265,-0.057817747390716295,-0.4534216506160133,-0.03606168309400649,0.01100215906686864
144.192,0.03200000000001069,-0.10280185700933483,-0.9860936911063712,-0.07459936110716034,-0.03853767801315385
144.224,0.031999999999982265,0.0006716701305932728,-0.5075514055540682,-0.04163199764841808,0.03296736345874226
144.256,0.03200000000001069,-0.0030699390670048533,-0.2666262828359421,-0.022011134063093855,0.019620863585324225
144.288,0.03200000000001069,0.009156133540426525,-0.40528053814088244,-0.031075105043418965,-0.00906397098032511
144.32,0.031999999999982265,0.004833721209090605,-0.4137817420404646,-0.03222354018970058,-0.0011484351462816116
144.352,0.03200000000001069,-0.0009574441732539447,-0.27458065954313415,-0.022052959155173486,0.010170581034527091
144.38400000000001,0.03200000000001069,0.0014786365620502854,-0.3122650596621294,-0.024237140211717943,-0.002184181056544457
144.416,0.031999999999982265,-0.0013045076048184673,-0.24993103873296355,-0.019779172951843074,0.004457967259874868
144.448,0.03200000000001069,-0.006447219300980524,-0.33174775230257375,-0.02553863826075677,-0.005759465308913695
144.48,0.031999999999982265,-0.0014968429009633558,-0.20443256183835584,-0.016508338937568017,0.009030299323188752
144.512,0.03200000000001069,-0.014105409328138975,-0.5345397429879551,-0.04026318495763686,-0.023754846020068842
144.544,0.03200000000001069,-0.0072347162807408745,-0.29134574630576093,-0.023749988711391813,0.016513196246245046
144.576,0.031999999999982265,0.0010693063416121848,-0.12350070982987305,-0.010453335120482101,0.013296653590909712
144.608,0.03200000000001069,-0.10873228573535763,-0.8001489725127695,-0.05944659807194793,-0.04899326295146583
144.64000000000001,0.03200000000001069,-0.07804091286140474,-0.6383955535505792,-0.05037955089256202,0.00906704717938591
144.672,0.031999999999982265,-4.928991395586197e-05,-0.25180069172743763,-0.02142584491675973,0.02895370597580229
144.704,0.03200000000001069,0.002373222558506409,-0.211829052161754,-0.01681485074433081,0.004610994172428919
144.736,0.031999999999982265,-0.13242377724815263,-0.7636811704329655,-0.057131992077310276,-0.040317141332979464
144.768,0.03200000000001069,-0.07591626220558978,-0.4854573192651958,-0.03899881843255511,0.01813317364475517
144.8,0.03200000000001069,-0.0229485460521781,-0.4175193682594906,-0.032955834735185055,0.006042983697370052
144.832,0.031999999999982265,-0.1057003504698694,-0.6459019780882216,-0.049402287715498,-0.016446452980312942
144.864,0.03200000000001069,-0.08439501237239444,-0.6967329759304995,-0.05408984937396422,-0.004687561658466226
144.89600000000002,0.03200000000001069,-0.07110911205713892,-0.8030201828290625,-0.06217684325545112,-0.008086993881486898
144.928,0.031999999999982265,-0.0540405602701726,-0.5817287162440486,-0.04636987337840695,0.01580696987704417
144.96,0.03200000000001069,0.000609080921517041,-0.3135784560027893,-0.025737520709283625,0.020632352669123326
144.992,0.031999999999982265,-0.1374803929007319,-1.0532081713760673,-0.07893897081430025,-0.053201450105016625
145.024,0.03200000000001069,-0.002183002334105549,-0.27620228671314273,-0.024869052713808532,0.05406991810049172
145.056,0.03200000000001069,-0.12019828392077474,-0.945398889147327,-0.07096051592349364,-0.046091463209685116
145.088,0.031999999999982265,-0.01423380177414671,-0.5560583994343786,-0.044989145788669006,0.025971370134824638
145.12,0.03200000000001069,-0.11381448976272335,-0.9465231469746808,-0.07220470851733975,-0.02721556272867074
145.15200000000002,0.03200000000001069,-0.009546088381507188,-0.34385824239120455,-0.029455724266606576,0.042748984250733174
145.184,0.031999999999982265,-0.12113545501784186,-0.9742323158619497,-0.07334571697391055,-0.04388999270730398
145.216,0.03200000000001069,-0.05325903006742516,-0.5607455765834205,-0.04547153731489486,0.027874179659015695
145.248,0.031999999999982265,-0.09295123882214479,-0.5894284818366365,-0.04597173397770473,-0.0005001966628098709
145.28,0.03200000000001069,-0.12416056629939372,-0.8761875239690706,-0.06708893478023009,-0.02111720080252536
145.312,0.03200000000001069,-0.058077597840073276,-0.884663844290167,-0.06893136182472773,-0.0018424270444976354
145.344,0.031999999999982265,-0.002115507030901607,-0.41254849331631355,-0.03431825359234628,0.034613108232381444
145.376,0.03200000000001069,-0.050053610420989755,-0.8296617864262144,-0.06299467682719563,-0.028676423234849348
145.40800000000002,0.03200000000001069,-0.009684880660050871,-0.26802959859143916,-0.02334758199005646,0.03964709483713917
145.44,0.031999999999982265,-0.042968326763246065,-0.7282345540465675,-0.054902368429825106,-0.031554786439768646
145.472,0.03200000000001069,-0.0003622570115631228,-0.24703594583499344,-0.02133654251010488,0.033565825919720224
145.504,0.031999999999982265,-0.015328567010400161,-0.42555363641816435,-0.03252704973441658,-0.0111905072243117
145.536,0.03200000000001069,-0.0455016837511323,-0.53148349625513,-0.04096317328258913,-0.008436123548172553
145.568,0.03200000000001069,-0.0020979172313000524,-0.23178076863166377,-0.019409976442013255,0.021553196840575876
145.6,0.031999999999982265,-0.0020431744769040827,-0.30267651407301954,-0.02337941944256508,-0.0039694430005518255
145.632,0.03200000000001069,-0.12476359616728332,-1.0389144970863253,-0.07775167975795991,-0.05437226031539483
145.66400000000002,0.03200000000001069,0.0012250844610547321,-0.33047189760204304,-0.028791510973087332,0.048960168784872575
145.696,0.031999999999982265,-0.002903111254665029,-0.4426424475741472,-0.0342141332319474,-0.005422622258860067
145.728,0.03200000000001069,-0.003595073521267465,-0.3278236069456214,-0.026083372667502578,0.008130760564444822
145.76,0.031999999999982265,0.0002393099021052547,-0.24949368168985772,-0.01985359091291714,0.0062297817545854395
145.792,0.03200000000001069,0.0019622204845289037,-0.2497546530072489,-0.019513143247086986,0.0003404476658301521
145.824,0.03200000000001069,-0.0016082318128714539,-0.3539507541024265,-0.02715609439265993,-0.007642951145572945
145.856,0.031999999999982265,-0.0007117799690156019,-0.18331768981886953,-0.015048920717539901,0.01210717367512003
145.888,0.03200000000001069,-0.0007948743515590571,-0.47289186908349484,-0.035645335479244276,-0.020596414761704374
145.92000000000002,0.03200000000001069,-0.0246823546625699,-0.42047877014949503,-0.03297987634216074,0.002665459137083534
145.952,0.031999999999982265,-0.020717776684424517,-0.513271066369366,-0.039649968326074585,-0.006670091983913842
145.984,0.03200000000001069,0.0014119063968151993,-0.2733822675535697,-0.022393549984522594,0.01725641834155199
146.016,0.031999999999982265,-0.001574493578458919,-0.1901791334384478,-0.015278575538777617,0.007114974445744977
146.048,0.03200000000001069,-0.02173801218917349,-0.41495979313969567,-0.03139825525353994,-0.016119679714762324
146.08,0.03200000000001069,-0.007377675655678917,-0.43004773853207995,-0.03343840041962853,-0.0020401451660885944
146.112,0.031999999999982265,-0.0001489048031487014,-0.6463092809695,-0.04946009893358644,-0.016021698513957905
146.144,0.03200000000001069,-0.0006569657044611012,-0.19535085771598182,-0.01722143222377167,0.03223866670981477
146.17600000000002,0.03200000000001069,-0.00412637434112608,-0.2582296191212763,-0.01998444208096316,-0.0027630098571914917
146.208,0.031999999999982265,0.002224450231054119,-15.540604013553027,-1.1440132225758628,-1.1240287804948996
146.24,0.03200000000001069,0.4011991048838073,4.935536938212538,0.2969176760178324,1.4409308985936953
146.272,0.031999999999982265,0.2930017257259752,-12.60938709684455,-0.910156399556593,-1.2070740755744254
146.304,0.03200000000001069,-0.006796996656346593,5.6611754301755415,0.3637816338081788,1.2739380333647718
146.336,0.03200000000001069,0.40444851869743237,-19.857021164263113,-1.4392890558702522,-1.803070689678431
146.368,0.031999999999982265,-0.31741949705915673,3.4820198641359976,0.17297969960860782,1.6122687554788602
146.4,0.03200000000001069,-0.007611494214442686,-15.885944145712882,-1.1582699721665042,-1.331249671775112
146.43200000000002,0.03200000000001069,-0.00796683498841794,7.640855636373908,0.49504439683947654,1.6533143690059808
146.464,0.031999999999982265,-0.0061894758127745576,-15.572746029803065,-1.1166448138170375,-1.6116892106565142
146.496,0.03200000000001069,-0.19788422932246816,3.8729545425763927,0.22035507896234874,1.3369998927793862
146.528,0.031999999999982265,-0.0040547152122651885,-15.316474549711668,-1.1136561121287119,-1.3340111910910606
146.56,0.03200000000001069,-0.009568529318355353,-11.76539376078239,-0.9295200624211963,0.18413604970751551
146.592,0.03200000000001069,-0.0054626911454538725,9.043098192427394,0.6113711533627559,1.5408912157839523
146.624,0.031999999999982265,0.34100688055155987,-19.71886114353242,-1.4148356220137266,-2.0262067753764823
146.656,0.03200000000001069,-0.05742753642663937,11.121149235218569,0.7361746780363136,2.1510103000500402
146.68800000000002,0.03200000000001069,0.33640520962992065,-19.81105010293564,-1.4144104265831101,-2.1505851046194238
146.72,0.031999999999982265,-0.24437134395269974,10.734339921109683,0.7077531796030254,2.1221636061861355
146.752,0.03200000000001069,0.39302044493611515,-19.51309553990255,-1.394139527424193,-2.1018927070272184
146.784,0.031999999999982265,-0.23479370982532544,11.470906577438093,0.7630906786593691,2.157230206083562
146.816,0.03200000000001069,0.39652587604419537,-19.39950464230414,-1.382591444297436,-2.145682122956805
146.848,0.03200000000001069,-0.23605652210147873,11.749458182014324,0.7842420869422588,2.166833531239695
146.88,0.031999999999982265,0.39143573808149534,-19.33342401014033,-1.3765108083461286,-2.1607528952883874
146.912,0.03200000000001069,-0.016950839661010728,12.946153594241427,0.8725983681195554,2.249109176465684
146.94400000000002,0.03200000000001069,0.39574854266303133,-19.365393197538566,-1.3737611029978463,-2.2463594711174015
146.976,0.031999999999982265,-0.0536654097453907,12.642225956783847,0.8504061987741238,2.22416730177197
147.008,0.03200000000001069,0.39811676549112046,-19.003589628435247,-1.3484351200468863,-2.1988413188210103
147.04,0.031999999999982265,-0.050357317003593444,12.799233524262668,0.8634146164896206,2.211849736536507
147.072,0.03200000000001069,0.3881046653060989,-19.053566543701066,-1.3513594697570754,-2.2147740862466962
147.104,0.03200000000001069,-0.053897127814350444,12.805774886637728,0.8637268497483764,2.2150863195054518
147.136,0.031999999999982265,0.39417236575121767,-18.893177670529738,-1.339546410757263,-2.2032732605056395
147.168,0.03200000000001069,-0.047356269400605125,12.739675415028104,0.8595478366365387,2.1990942473938015
147.20000000000002,0.03200000000001069,0.3996821009958111,-18.989255703448933,-1.3468532616332733,-2.206401098269812
147.232,0.031999999999982265,-0.04704945193402321,12.82465578057181,0.865375494204272,2.212228755837545
147.264,0.03200000000001069,0.3920045860891303,-19.059010406327413,-1.351646612985517,-2.2170221071897886
147.296,0.031999999999982265,-0.000397425296848526,9.302826968688503,0.6061026899172578,1.9577493029027746
147.328,0.03200000000001069,0.394017090680011,-19.134249439110413,-1.3721472883898636,-1.9782499783071215
147.36,0.03200000000001069,-0.15313822356636164,12.411056624868431,0.8334991177733776,2.205646406163241
147.392,0.031999999999982265,0.39607095375356344,-19.14829562241088,-1.3600528618148828,-2.1935519795882605
147.424,0.03200000000001069,-0.15924935595151526,12.308872207911206,0.8266826526979351,2.186735514512818
147.45600000000002,0.03200000000001069,0.3972135364842306,-19.087406762538112,-1.3559685895109745,-2.1826512422089097
147.488,0.031999999999982265,-0.1622084825183094,12.394890326334364,0.8332442258838247,2.189212815394799
147.52,0.03200000000001069,0.39180813104774637,-19.133634943240914,-1.3589894268217468,-2.1922336527055717
147.552,0.031999999999982265,-0.15056418420264225,12.457770530061461,0.8376940601563752,2.196683486978122
147.584,0.03200000000001069,0.39262878357562303,-19.18503069136419,-1.3625121969511276,-2.200206257107503
147.616,0.03200000000001069,-0.2716101677713625,11.864911493563344,0.793891706056531,2.1564039030076585
147.648,0.031999999999982265,0.3936100377065754,-19.09631303932284,-1.3585165502330094,-2.1524082562895406
147.68,0.03200000000001069,-0.23306102418444288,12.619009345923999,0.84957889792551,2.2080954481585193
147.712,0.031999999999982265,0.3988840896936818,-19.26903539402237,-1.3680038210877221,-2.2175827190132322
147.744,0.03200000000001069,-0.2311946794063301,12.70983572655474,0.8557105991322899,2.223714420220012
147.776,0.03200000000001069,0.3982539031989493,-19.165128431174317,-1.3600085020484975,-2.2157191011807873
147.808,0.031999999999982265,-0.22883152803402088,12.6921065778863,0.8548683559183871,2.2148768579668845
147.84,0.03200000000001069,0.3966233234729857,-19.141462699073777,-1.3583167406734697,-2.213185096591857
147.872,0.03200000000001069,-0.22870836812121764,11.913375500615208,0.7976979599342943,2.156014700607764
147.904,0.031999999999982265,0.38125612222468247,-18.588945541492272,-1.3209848979955765,-2.118682857929871
147.936,0.03200000000001069,-0.2238959179178821,11.404691239782656,0.7624443370242776,2.083429235019854
147.968,0.031999999999982265,0.34900749175784074,-17.341613327657036,-1.2312909636044256,-1.9937353006287033
148.0,0.03200000000001069,-0.22415461333582806,11.31957789517722,0.7613630305006432,1.9926539941050687
148.032,0.03200000000001069,0.3640992131493072,-17.832572738731088,-1.267458652727466,-2.0288216832281094
148.064,0.031999999999982265,-0.22643348544537328,11.67860039980797,0.7856776994717538,2.05313635219922
148.096,0.03200000000001069,0.3901263838800461,-19.02688820812904,-1.3538852194472506,-2.1395629189190046
148.12800000000001,0.03200000000001069,-0.23451833033396288,10.577635557004056,0.6997231695644921,2.0536083890117425
148.16,0.031999999999982265,0.3907832839022142,-19.117628052630497,-1.3655203239095728,-2.065243493474065
148.192,0.03200000000001069,-0.18908573600859174,11.287295409873197,0.7512400320344301,2.116760355944003
148.224,0.031999999999982265,0.3940808194071936,-18.97374440208075,-1.3519650666961114,-2.1032050987305415
148.256,0.03200000000001069,-0.18364888070916952,11.251151577370553,0.7493645389038172,2.1013296055999287
148.288,0.03200000000001069,0.4022894954059365,-18.78846467814721,-1.3384478243203202,-2.0878123632241374
148.32,0.031999999999982265,-0.18503573561871067,11.13362532715426,0.7415019697795857,2.079949794099906
148.352,0.03200000000001069,0.39064521097771215,-19.12378955016256,-1.3635615902254437,-2.1050635600050294
148.38400000000001,0.03200000000001069,-0.17710689691261272,11.260421074109818,0.749376763184501,2.1129383534099446
148.416,0.031999999999982265,0.3987123504006349,-18.97745130425523,-1.3523452379140606,-2.1017220010985618
148.448,0.03200000000001069,-0.187270303491953,11.596627829912173,0.7747489938336252,2.1270942317476855
148.48,0.031999999999982265,0.39650295651145745,-18.993952147223016,-1.3520939981661728,-2.1268429919997978
148.512,0.03200000000001069,-0.1844282302616559,7.8024661772357335,0.49573999034235094,1.8478339885085238
148.544,0.03200000000001069,-0.06322795042003587,-15.640616614565628,-1.1215958760219797,-1.6173358663643307
148.576,0.031999999999982265,-0.004050783523066605,11.631076692360676,0.7906033188471407,1.9121991948691206
148.608,0.03200000000001069,-0.07902229951888547,-18.732231111872903,-1.331931718383431,-2.1225350372305716
148.64000000000001,0.03200000000001069,-0.002996780552622115,11.461356537613373,0.7659795660157653,2.0979112843991965
148.672,0.031999999999982265,-0.04739135237823407,-19.170846353605935,-1.3656090891516073,-2.1315886551673726
148.704,0.03200000000001069,-0.0007423736880778991,11.947572229320322,0.799791814556281,2.165400903707888
148.736,0.031999999999982265,0.008163135082417216,-18.36752673399647,-1.3045808324437262,-2.104372647000007
148.768,0.03200000000001069,0.0005825088176546976,12.123421387064717,0.8162469064271505,2.1208277388708767
148.8,0.03200000000001069,0.010347750089867963,-16.569610010108317,-1.1714116920549347,-1.9876585984820851
148.832,0.031999999999982265,-0.0015105798709782756,11.058812798754717,0.7456430813716424,1.917054773426577
148.864,0.03200000000001069,0.01029096427628416,-17.0522783606095,-1.210983125587054,-1.9566262069586964
148.89600000000002,0.03200000000001069,-0.0014275986195811706,11.775969731001544,0.7960985422426612,2.0070816678297154
148.928,0.031999999999982265,0.010020526165117375,-17.953445503431514,-1.2743424141617168,-2.070440956404378
148.96,0.03200000000001069,-0.0021191631305092114,11.879270087584787,0.8000376005638946,2.0743800147256115
148.992,0.031999999999982265,0.009036609061943578,-18.03161363793979,-1.2798635182745355,-2.07990111883843
149.024,0.03200000000001069,0.08461724032400163,12.51494286103036,0.8464663920565414,2.126329910331077
149.056,0.03200000000001069,0.01285130503197658,-17.99962836783151,-1.274831022949487,-2.1212974150060284
149.088,0.031999999999982265,0.08575762350004151,12.536661815805994,0.8483541302243451,2.123185153173832
149.12,0.03200000000001069,0.011281755534704462,-18.06609165267271,-1.2796097705873362,-2.1279639008116815
149.15200000000002,0.03200000000001069,0.08313457790267108,11.56539692965732,0.7766512178074908,2.056260988394827
149.184,0.031999999999982265,0.01281994594797503,-17.95194030179737,-1.2753543973980357,-2.0520056152055264
149.216,0.03200000000001069,0.08698498423685759,11.744596304352237,0.7900752391818487,2.0654296365798843
149.248,0.031999999999982265,0.013400830060893886,-18.062282124604618,-1.28269400366575,-2.0727692428475986
149.28,0.03200000000001069,0.08711544314033427,11.838027726101839,0.7965224983986046,2.0792165020643543
149.312,0.03200000000001069,0.011487895611591659,-18.00682831727603,-1.2782437237853455,-2.07476622218395
149.344,0.031999999999982265,0.08666030960191541,11.71236152271335,0.7875378878910027,2.065781611676348
149.376,0.03200000000001069,0.011544833863213689,-17.996378516662585,-1.277993916360358,-2.0655318042513606
149.40800000000002,0.03200000000001069,0.08740372285940848,11.703299037050316,0.7868858517949283,2.0648797681552864
149.44,0.031999999999982265,0.012941853993254093,-17.37400470937375,-1.2322620470447663,-2.0191478988396945
149.472,0.03200000000001069,0.0589226918216078,10.737589533627842,0.7185074148181865,1.9507694618629527
149.504,0.031999999999982265,0.025285059537641996,-16.344652797729662,-1.1605106984186928,-1.8790181132368793
149.536,0.03200000000001069,0.06374455677332204,10.807136809512766,0.7277640764269814,1.8882747748456743
149.568,0.03200000000001069,0.02665316341207801,-16.61842121092698,-1.1801093109966023,-1.9078733874235838
149.6,0.031999999999982265,0.07331046369082338,11.259839634353051,0.759924534874299,1.9400338458709014
149.632,0.03200000000001069,0.08103757462964281,-17.6374227591411,-1.2531903220521232,-2.013114856926422
149.66400000000002,0.03200000000001069,0.0002674905974828496,11.241070468658194,0.7543253468044768,2.0075156688566
149.696,0.031999999999982265,0.08731569694051718,-17.970725540806146,-1.2780247200738808,-2.0323500668783576
149.728,0.03200000000001069,-0.16306564969226411,10.936439226537965,0.7304890293631393,2.00851374943702
149.76,0.031999999999982265,0.02886441045683023,-18.66420838302538,-1.330399653991419,-2.060888683354558
149.792,0.03200000000001069,-0.1616137495846292,10.790270650568687,0.7167162025434197,2.0471158565348384
149.824,0.03200000000001069,0.033389105332921803,-18.64390487519194,-1.3297016220176021,-2.046417824561022
149.856,0.031999999999982265,-0.1572022489814012,11.00716865795688,0.7327072278771188,2.062408849894721
149.888,0.03200000000001069,0.028171697116317562,-18.730395073193446,-1.33513898362332,-2.067846211500439
149.92000000000002,0.03200000000001069,-0.14611135050236643,11.40479708798572,0.7616350188146356,2.0967740024379555
149.952,0.031999999999982265,0.030635938557199902,-18.729214862174278,-1.3333822159438733,-2.095017234758509
149.984,0.03200000000001069,-0.14667149853588746,11.258379506089614,0.750968853255896,2.0843510691997693
150.016,0.031999999999982265,0.024788444966403863,-18.688343044788787,-1.3309922411371458,-2.0819610943930416
150.048,0.03200000000001069,-0.14808246435973468,11.216532495793231,0.7480293856817599,2.0790216268189057
150.08,0.03200000000001069,0.030091597431390116,-18.734746165476928,-1.3345744298953335,-2.0826038155770936
150.112,0.031999999999982265,-0.14357517632282685,11.378044138183252,0.759700191992603,2.0942746218879362
150.144,0.03200000000001069,0.030388668201469255,-18.779670537134084,-1.3372044334769737,-2.096904625469577
150.17600000000002,0.03200000000001069,-0.15709036369397925,9.71772324445099,0.6374479897169852,1.9746524231939588
150.208,0.031999999999982265,0.012938426190847124,-15.726253914825442,-1.1197129903587004,-1.7571609800756858
150.24,0.03200000000001069,-0.0011149512209271792,9.758498429562755,0.6530021865076611,1.7727151768663614
150.272,0.031999999999982265,-0.011282096055021432,-16.079943651341587,-1.1448254842574697,-1.7978276707651308
150.304,0.03200000000001069,0.0009587144218680681,9.627668112644825,0.641931174253766,1.7867566585112358
150.336,0.03200000000001069,0.0004962650475617834,-16.72765545703612,-1.1930974764852857,-1.8350286507390519
150.368,0.031999999999982265,-0.0033872604711606778,11.111948120602394,0.7482987646390237,1.9413962411243095
150.4,0.03200000000001069,-0.0032153860193882247,-16.82773591756771,-1.1943169133200526,-1.9426156779590764
150.43200000000002,0.03200000000001069,-0.003852614226792648,9.53259916924872,0.632082688063868,1.8263996013839208
150.464,0.031999999999982265,-0.0011693258183703677,-15.401375488947807,-1.0961310912500124,-1.7282137793138803
150.496,0.03200000000001069,-0.002968583185909142,11.046048078290841,0.7490502405985866,1.845181331848599
150.528,0.031999999999982265,-0.0015099157587086607,-15.396657988823033,-1.0890317362813018,-1.8380819768798884
150.56,0.03200000000001069,0.001393916447082225,11.08369926323349,0.7522289564827671,1.841260692764069
150.592,0.03200000000001069,0.00015923524835841405,-15.398633504967034,-1.088993511849394,-1.8412224683321612
150.624,0.031999999999982265,-0.0008993070739736714,11.323219913073004,0.7698455659855293,1.8588390778349235
150.656,0.03200000000001069,-0.0005235567950127438,-15.388303697733914,-1.0872168648650737,-1.8570624308506032
150.68800000000002,0.03200000000001069,-0.0014653443081829574,11.274169140575026,0.7663409252578278,1.8535577901229017
150.72,0.031999999999982265,-0.00022269550213590208,-16.975458671869134,-1.2041389208370157,-1.9704798460948436
150.752,0.03200000000001069,-0.0019514126834746298,11.551522370921994,0.7799877421727412,1.984126663009757
150.784,0.031999999999982265,-1.4830639164584294e-05,-16.977074457222713,-1.2034699279024201,-1.9834576700751614
150.816,0.03200000000001069,0.0016515090844443107,11.409184839807967,0.7695588282397828,1.9730287561422029
150.848,0.03200000000001069,0.0004468476478518204,-16.39657596838464,-1.1613819891319612,-1.9309408173717442
150.88,0.031999999999982265,0.0015757635432681943,10.727894622821346,0.7218862892596525,1.8832682783916137
150.912,0.03200000000001069,0.0014782041667147268,-15.683976939739484,-1.1117293868709115,-1.833615676130564
150.94400000000002,0.03200000000001069,0.0013726628148954714,10.561184365909925,0.7124927781450404,1.8242221650159518
150.976,0.031999999999982265,-0.0017686513819709442,-15.658085118138555,-1.1103675751797837,-1.822860353324824
151.008,0.03200000000001069,-0.00012830563448415036,10.519833909633283,0.7095304723574902,1.819898047537274
151.04,0.031999999999982265,-0.000183757117890544,-15.99764992735662,-1.1355102593437263,-1.8450407317012165
151.072,0.03200000000001069,0.001456413937376079,11.150615593764021,0.7544668363126339,1.8899770956563602
151.104,0.03200000000001069,-0.0019212408543960904,-16.81459738991851,-1.1929946259312467,-1.9474614622438806
151.136,0.031999999999982265,0.00033527927386643416,11.332772742252631,0.7645441948004561,1.9575388207317028
151.168,0.03200000000001069,-0.002198614031402899,-16.788510505245533,-1.1904944339113968,-1.9550386287118529
151.20000000000002,0.03200000000001069,-4.268705008338819e-05,9.86443862753758,0.6567069052005541,1.8472013391119508
151.232,0.031999999999982265,0.0006979751987146697,-15.149123435146032,-1.0761588847303718,-1.7328657899309259
151.264,0.03200000000001069,-0.002296455060869333,11.215074155958039,0.7626334336994187,1.8387923184297905
151.296,0.031999999999982265,-0.002526711177984671,-15.242212488404435,-1.0768896339866445,-1.8395230676860632
151.328,0.03200000000001069,-0.001580036283563676,11.211466638264167,0.762325950550423,1.8392155845370675
151.36,0.03200000000001069,-0.001453965182660552,-15.383293857502712,-1.087282540544244,-1.8496084910946669
151.392,0.031999999999982265,-0.0020088745348938704,11.458169980772276,0.7798685973264482,1.867151137870692
151.424,0.03200000000001069,0.000908028993461469,-16.879957411509142,-1.1963347964853568,-1.9762033938118049
151.45600000000002,0.03200000000001069,-0.0034976406401759476,11.290814078864896,0.7612657202253191,1.9576005167106758
151.488,0.031999999999982265,9.026445542460572e-05,-16.88217835995007,-1.1975720524763342,-1.9588377727016533
151.52,0.03200000000001069,8.538505002413346e-05,11.42817942522438,0.7712961732630135,1.9688682257393477
151.552,0.031999999999982265,0.00031409269416367037,-16.969543710292545,-1.2034178713252741,-1.9747140445882876
151.584,0.03200000000001069,0.0008909577696491961,11.394558704501696,0.7684862241146754,1.9719040954399496
151.616,0.03200000000001069,0.0003300004090796792,-16.942028171631833,-1.2015565881528028,-1.970042812267478
151.648,0.031999999999982265,-0.0006968372898357105,9.949751763384878,0.6623422445716228,1.8638988327244257
151.68,0.03200000000001069,8.493515124626012e-05,-14.569078892885523,-1.0331769547651712,-1.6955191993367942
151.712,0.031999999999982265,-0.00032749640671803423,9.264320053918457,0.6216558423612147,1.654832797126386
151.744,0.03200000000001069,-0.002391824959785081,-13.77643784281803,-0.9772347408857535,-1.5988905832469682
151.776,0.03200000000001069,-0.0034168484268829583,8.911608494885446,0.5989468468370444,1.5761815877227978
151.808,0.031999999999982265,-0.0011771122811350067,-14.832106823921789,-1.0561798462387637,-1.655126693075808
151.84,0.03200000000001069,-0.0038186500368480904,8.865231787508538,0.5909788651427494,1.6471587113815132
151.872,0.03200000000001069,0.00012965692796883236,-15.065596222120263,-1.0738106937037215,-1.664789558846471
151.904,0.031999999999982265,-0.005950626811852193,7.3135660510295395,0.47585120285866433,1.5496618965623858
151.936,0.03200000000001069,-0.00712879967679261,-13.133350325556059,-0.9383591065827331,-1.4142103094413976
151.968,0.031999999999982265,-0.008382343934135799,6.159483788304662,0.3987992270655403,1.3371583336482735
152.0,0.03200000000001069,0.00022870553001936585,-9.548241598427719,-0.6791575382542484,-1.0779567653197888
152.032,0.03200000000001069,-0.009839603893189127,6.072189413483082,0.4073430464740033,1.0865005847282516
152.064,0.031999999999982265,-0.007409264200828878,-12.59738258761699,-0.9028988304261579,-1.3102418769001614
152.096,0.03200000000001069,-0.0308343793961075,-2.9718869535766204,-0.27067675654222345,0.6322220738839345
152.12800000000001,0.03200000000001069,-0.014753021902987903,-10.78493304727283,-0.8087523386643973,-0.5380755821221739
152.16,0.031999999999982265,-0.008416019569534874,-1.8295627967265644,-0.18123498915856126,0.627517349505836
152.192,0.03200000000001069,-0.00026969171863777555,-6.970716948630068,-0.5230906320870377,-0.34185564292847637
152.224,0.031999999999982265,0.002292780424146466,-9.272054205585869,-0.7120665062343133,-0.18897587414727568
152.256,0.03200000000001069,-0.0005089590426241304,-8.53115476405723,-0.6684899964297077,0.04357650980460559
152.288,0.03200000000001069,-0.0008697780681957837,-9.2689816252146,-0.7202343191948758,-0.05174432276516805
152.32,0.031999999999982265,-0.0012215190339354175,-9.154148634716423,-0.7147766270984263,0.005457692096449529
152.352,0.03200000000001069,-0.0006696245799797018,-8.93584277762301,-0.6984072973889744,0.01636932970945182
152.38400000000001,0.03200000000001069,-0.014875039623111696,-8.73866357662042,-0.6829617079769646,0.015445589412009797
152.416,0.031999999999982265,-0.011531511736423144,-8.455070716782,-0.6612145651966405,0.02174714278032419
152.448,0.03200000000001069,-0.004734409229844714,-8.114396593450884,-0.6349058705052394,0.02630869469140107
152.48,0.031999999999982265,-0.006044474427440801,-0.29226428231072427,-0.058145711917733274,0.5767601585875061
152.512,0.03200000000001069,-0.004825260218599409,-7.627523566927916,-0.5642865091030546,-0.5061407971853212
152.544,0.03200000000001069,-0.0027643112061259125,0.2626962334700852,-0.01325699927752704,0.5510295098255276
152.576,0.031999999999982265,-0.006608717663687758,-5.851818888607912,-0.43110940087077293,-0.4178524015932459
152.608,0.03200000000001069,-0.001839282421789367,-2.215605305432433,-0.18782366415031546,0.24328573672045747
152.64000000000001,0.03200000000001069,-0.020723893267491536,-5.33185147151132,-0.40294845182154126,-0.2151247876712258
152.672,0.031999999999982265,-0.0010655306296416581,-2.343266634517797,-0.19558620158830023,0.20736225023324104
152.704,0.03200000000001069,-0.019153653401595354,-5.26630403181708,-0.39857620238740227,-0.20299000079910204
152.736,0.031999999999982265,-0.003445312659189958,-2.389535504951066,-0.1987364188722736,0.19983978351512866
152.768,0.03200000000001069,-0.2549091350936916,-6.650591629298594,-0.50055888499142,-0.30182246611914637
152.8,0.03200000000001069,-0.002314372277184268,-2.266023068870367,-0.19554065256571787,0.30501823242570214
152.832,0.031999999999982265,-0.005862675628261276,-3.2794988495353423,-0.252463469760217,-0.056922817194499126
152.864,0.03200000000001069,-0.0017335874550266014,-4.969782094618489,-0.3800533842021076,-0.1275899144418906
152.89600000000002,0.03200000000001069,-0.08680477935791572,-2.7728516198121165,-0.2258562675695522,0.1541971166325554
152.928,0.031999999999982265,-0.18126877208528294,-3.0601689060774846,-0.23808398853651883,-0.012227720966966615
152.96,0.03200000000001069,-0.26221413897106516,-3.995443626371487,-0.30757019836539595,-0.06948620982887713
152.992,0.031999999999982265,-0.2607787081432119,-3.806944113486582,-0.29771927630559036,0.009850922059805589
153.024,0.03200000000001069,-0.2620440224276809,-3.8781372099299927,-0.3023861480975056,-0.004666871791915217
153.056,0.03200000000001069,-0.2582861534567155,-3.630689250840323,-0.2844581833429081,0.01792796475459746
153.088,0.031999999999982265,-0.2595996094391128,-3.809534355689806,-0.2965755279904389,-0.012117344647530781
153.12,0.03200000000001069,-0.2594202849382491,-1.6387896323909248,-0.13763799248885272,0.15893753550158618
153.15200000000002,0.03200000000001069,-0.2588516445786543,-2.8245743497430946,-0.21566555183459654,-0.07802755934574382
153.184,0.031999999999982265,-0.2573926002948134,-1.6090407594277254,-0.13077939532415675,0.08488615651043979
153.216,0.03200000000001069,-0.25800888196479854,-1.6927156063799724,-0.1320324629878979,-0.001253067663741142
153.248,0.031999999999982265,-0.32724936351398926,-1.8861113104416236,-0.1463271653101282,-0.014294702322230318
153.28,0.03200000000001069,-0.4201527201740425,-2.4452267281228006,-0.18826985975079064,-0.041942694440662426
153.312,0.03200000000001069,-0.42263723222987803,-2.6677939521534397,-0.2070588168890874,-0.018788957138296758
153.344,0.031999999999982265,-0.4146981167105797,-4.867313763890613,-0.36989667121257147,-0.16283785432348408
153.376,0.03200000000001069,-0.41794413393820556,-2.211963083665647,-0.1840220599034796,0.18587461130909186
153.40800000000002,0.03200000000001069,-0.2589148238859629,-1.9773897172139228,-0.1560411115044973,0.027980948398982325
153.44,0.031999999999982265,0.000622537586554937,-0.30311308368668666,-0.03129911429752295,0.12474199720697435
153.472,0.03200000000001069,0.06789481515487117,-0.16966372889837944,-0.01428397805720951,0.017015136240313436
153.504,0.031999999999982265,-0.06998539675214475,-0.8100905172826917,-0.060398841010266296,-0.046114862953056786
153.536,0.03200000000001069,0.01576954378325638,-0.21727630365472778,-0.01946531797674561,0.040933523033520686
153.568,0.03200000000001069,-0.05908042282947216,-0.6344576941545651,-0.04778187739125683,-0.028316559414511222
153.6,0.031999999999982265,-0.027851800440150218,-2.516421972265765,-0.18781664553742475,-0.14003476814616792
153.632,0.03200000000001069,-0.004492411353285567,-2.4256656468618165,-0.18922648283635057,-0.0014098372989258257
153.66400000000002,0.03200000000001069,-0.0053043076926938305,-0.20945570049750192,-0.026327290007650914,0.16289919282869966
153.696,0.031999999999982265,-0.0007950827131244635,-2.4365849588802,-0.1807068599453012,-0.15437956993765029
153.728,0.03200000000001069,-0.0021647313213746366,-2.3166515500944134,-0.18079912010232937,-9.226015702817891e-05
153.76,0.031999999999982265,-0.26017475905288534,-6.658803574052432,-0.500127289552343,-0.31932816945001363
153.792,0.03200000000001069,-0.0029933948247426435,-2.133202912453555,-0.18574811257185941,0.31437917698048357
153.824,0.03200000000001069,-0.004537947857299088,-2.4556021450242973,-0.1913086051914404,-0.005560492619580998
153.856,0.031999999999982265,-0.23465090858011312,-3.8393194110431232,-0.2933884884628919,-0.10207988327145148
153.888,0.03200000000001069,-0.006394514644607391,-0.19784355885654534,-0.03148650700837737,0.26190198145451454
153.92000000000002,0.03200000000001069,-0.23782381994730487,-1.7167329740728836,-0.1280666187729416,-0.09658011176456421
153.952,0.031999999999982265,-0.0036610038101280596,-0.37411110450783125,-0.03490538316256732,0.09316123561037427
153.984,0.03200000000001069,-0.11377686441338354,-1.104381032605938,-0.08323148686487375,-0.04832610370230643
154.016,0.031999999999982265,-0.002408307334557312,-0.3085465028660546,-0.027495456688849867,0.05573603017602388
154.048,0.03200000000001069,-0.2598583025578892,-1.8596547556196241,-0.13834671930580755,-0.11085126261695769
154.08,0.03200000000001069,-0.00357801266286085,-0.2845202759064775,-0.02891031405806269,0.10943640524774487
154.112,0.031999999999982265,-0.0026814035479820713,-0.42448635893895426,-0.03288578875382655,-0.003975474695763859
154.144,0.03200000000001069,-0.002697963369895523,-0.5108019301058079,-0.03946295589627605,-0.0065771671424494985
154.17600000000002,0.03200000000001069,-0.1299453179277731,-0.9583430839767714,-0.07275492751546904,-0.03329197161919299
154.208,0.031999999999982265,-0.005346311602701878,-0.37777585414657927,-0.0319817967529212,0.04077313076254784
154.24,0.03200000000001069,-0.1988726681691083,-1.4853977470677395,-0.1110827664008518,-0.07910096964793059
154.272,0.031999999999982265,-0.0025195019784996983,-0.29906646519139507,-0.02840612125430679,0.082676645146545
154.304,0.03200000000001069,-0.0022251793124784605,-0.35329830478051993,-0.027621496541046533,0.0007846247132602575
154.336,0.03200000000001069,-0.0020401486807414522,-2.5198747350743282,-0.18690672230173921,-0.15928522576069268
154.368,0.031999999999982265,-0.001151855226423133,-0.23992668721315596,-0.028434215636124523,0.1584725066656147
154.4,0.03200000000001069,-0.0006127895679908954,-1.6279256171934566,-0.12135949966670204,-0.09292528403057751
154.43200000000002,0.03200000000001069,-0.003617338948054038,1.742254878518938,0.12111984639510051,0.24247934606180255
154.464,0.031999999999982265,-0.0014922631412697483,-2.5538834580590235,-0.18082103093387772,-0.30194087732897823
154.496,0.03200000000001069,-0.003642420472180374,-0.2385503700396876,-0.027981679608970557,0.15283935132490717
154.528,0.031999999999982265,-0.00377057946661418,-0.39515295887161833,-0.03067499465838066,-0.0026933150494101027
154.56,0.03200000000001069,-0.002271586715573264,-0.22004704984932652,-0.01795314904075271,0.012721845617627951
154.592,0.03200000000001069,-0.0015056711389259665,-2.3815955910251665,-0.17617949794250312,-0.1582263489017504
154.624,0.031999999999982265,-0.05726947042343689,-0.8785799796785025,-0.07478165065181405,0.10139784729068907
154.656,0.03200000000001069,-0.4196909826295161,-2.5111300670170835,-0.1889861496380907,-0.11420449898627666
154.68800000000002,0.03200000000001069,-0.4131820663625111,-2.4304078893831926,-0.18964274281873025,-0.000656593180639542
154.72,0.031999999999982265,-0.4149022629426398,-2.377752724415222,-0.18580837457919733,0.003834368239532926
154.752,0.03200000000001069,-0.41804443689098153,-2.3297960630132963,-0.18206027629489382,0.0037480982843035027
154.784,0.031999999999982265,-0.42117615954864246,-2.5822745250415347,-0.20041122532232875,-0.01835094902743492
154.816,0.03200000000001069,-0.026559764482941433,-0.40841839055273055,-0.04160473616934539,0.15880648915298334
154.848,0.03200000000001069,-0.0008895692739334449,-0.4443799198926692,-0.0350816030140907,0.0065231331552546915
154.88,0.031999999999982265,0.09166633616081955,-0.028475650980205047,-0.004119334412874411,0.030962268601216286
154.912,0.03200000000001069,0.12218624771481587,0.1689558996179574,0.012187249750246432,0.016306584163120842
154.94400000000002,0.03200000000001069,0.22126982411204416,0.43535122331457093,0.03271938626037023,0.020532136510123797
154.976,0.031999999999982265,0.28027907036443384,0.7701620575309266,0.058526752150707254,0.025807365890337025
155.008,0.03200000000001069,0.1461620921774569,0.17852521096075344,0.0165074798793248,-0.042019272271382455
155.04,0.031999999999982265,0.41240596129456125,1.6688301374479573,0.12367910789478063,0.10717162801545584
155.072,0.03200000000001069,0.0799598070062776,-0.19199994290083733,-0.006979838447082992,-0.13065894634186362
155.104,0.03200000000001069,0.28559966078883847,1.0002433277288585,0.07315518124341067,0.08013501969049366
155.136,0.031999999999982265,0.13296876323908313,0.2358342511813605,0.02156648539913501,-0.05158869584427565
155.168,0.03200000000001069,0.16604585347877837,0.6728263452084192,0.0507248151380159,0.029158329738880887
155.20000000000002,0.03200000000001069,0.13122867410522907,0.2813841522824755,0.02362135109323562,-0.027103464044780277
155.232,0.031999999999982265,0.19305086963753862,0.8414908817984288,0.06324706886355484,0.03962571777031922
155.264,0.03200000000001069,0.13461539794951854,0.4552946719741,0.03713366826239083,-0.02611340060116401
155.296,0.031999999999982265,0.31069532610804024,1.587058581576351,0.11885633998840474,0.08172267172601391
155.328,0.03200000000001069,0.12587551142251974,0.5371900777570021,0.046366546892770984,-0.07248979309563375
155.36,0.03200000000001069,0.128412626555737,0.5365921785747719,0.04213780834575652,-0.004228738547014464
155.392,0.031999999999982265,0.12958034526406792,0.8324827500339298,0.06365354681463073,0.02151573846887421
155.424,0.03200000000001069,0.12797948416757826,0.8812991549598064,0.06848560003009939,0.00483205321546866
155.45600000000002,0.03200000000001069,0.12346164773520935,0.6242476050924517,0.04986092080571258,-0.018624679224386806
155.488,0.031999999999982265,0.03501595937727567,0.5884438721782691,0.04615272062147032,-0.003708200184242262
155.52,0.03200000000001069,0.13230012800640428,0.8367494609487034,0.064199098884877,0.01804637826340668
155.552,0.031999999999982265,0.00032806731247776434,0.36407256605590893,0.030480133746178653,-0.03371896513869835
155.584,0.03200000000001069,0.1352079926152056,0.8855030629553082,0.0668796858321855,0.03639955208600684
155.616,0.03200000000001069,0.13357986951735956,0.8597276004756625,0.06708546505765026,0.00020577922546476113
155.648,0.031999999999982265,0.1276464236949649,0.7978078877759489,0.06254375480557467,-0.004541710252075587
155.68,0.03200000000001069,0.13286813832320224,1.084142670222026,0.08333869081809105,0.020794936012516377
155.712,0.031999999999982265,0.13486800310294303,1.1485899074901254,0.0892786277233657,0.005939936905274654
155.744,0.03200000000001069,-0.0027997473753388893,0.3612850430152312,0.03172295674202627,-0.05755567098133943
155.776,0.03200000000001069,0.1350929915823712,0.9266487360496343,0.06997729497662339,0.03825433823459712
155.808,0.031999999999982265,0.13767207266102394,1.1883827899746022,0.09143366425439414,0.021456369277770754
155.84,0.03200000000001069,0.017745615843565505,0.4602594056796011,0.03912596206201651,-0.05230770219237763
155.872,0.03200000000001069,0.1351828409496012,1.0270276857646665,0.0777865543450029,0.038660592282986385
155.904,0.031999999999982265,0.13157174389849616,1.2103145171409622,0.09349734977951092,0.015710795434508026
155.936,0.03200000000001069,0.09327036858166819,0.9728200798940948,0.07693892480298653,-0.01655842497652439
155.968,0.031999999999982265,0.1319332862162369,0.7469097921249623,0.059369528467076535,-0.017569396335909995
156.0,0.03200000000001069,0.133962208174732,1.0267995088597637,0.07893841658379312,0.019568888116716587
156.032,0.03200000000001069,0.14037373913259726,0.8612332793719806,0.06789233243052346,-0.011046084153269659
156.064,0.031999999999982265,0.1311076075907373,1.1523248303368712,0.08866159077032151,0.02076925833979805
156.096,0.03200000000001069,0.13407137826910193,1.1199466422485311,0.08747948161518117,-0.0011821091551403456
156.12800000000001,0.03200000000001069,0.10363772153775894,0.8692677187900532,0.06897625473289971,-0.018503226882281454
156.16,0.031999999999982265,0.11688946772382035,1.0899807573765823,0.08413936735857543,0.015163112625675712
156.192,0.03200000000001069,0.00014835211805217465,0.504470196157073,0.04195614057461058,-0.04218322678396485
156.224,0.031999999999982265,0.01567957978486342,0.6012048988818891,0.04663483374267969,0.004678693168069112
156.256,0.03200000000001069,0.1364115332174012,1.1783815779163083,0.0893506340935661,0.04271580035088641
156.288,0.03200000000001069,0.13798823896831153,1.230025118093248,0.09561445549762444,0.006263821404058345
156.32,0.031999999999982265,0.07703882214844324,0.9517718026766179,0.07551324828962001,-0.02010120720800443
156.352,0.03200000000001069,0.03432383151094845,0.7289093233413146,0.05796346692518505,-0.017549781364434962
156.38400000000001,0.03200000000001069,0.015270388416484313,0.28993748181588785,0.024668245576714085,-0.03329522134847097
156.416,0.031999999999982265,0.12843925975177228,0.9566182049840164,0.07177399454050132,0.04710574896378723
156.448,0.03200000000001069,0.12490121326000661,1.132780776209759,0.08744840137697107,0.015674406836469756
156.48,0.031999999999982265,0.021487822181515244,0.588511044681022,0.048327551092950755,-0.03912085028402032
156.512,0.03200000000001069,0.13179624250091884,1.0621520713804595,0.08090080886810014,0.032573257775149383
156.544,0.03200000000001069,0.09233012038186708,0.9845709658698414,0.07707590092890866,-0.003824907939191477
156.576,0.031999999999982265,0.13125143822328086,1.0933651245496125,0.08485583959249933,0.007779938663590669
156.608,0.03200000000001069,0.10382930468871651,0.9320907303560805,0.07344481279866101,-0.01141102679383832
156.64000000000001,0.03200000000001069,0.014726621427188944,0.5132148684825377,0.04198183898584252,-0.03146297381281849
156.672,0.031999999999982265,0.13836483522626497,1.0261274394587732,0.07788521716889686,0.03590337818305434
156.704,0.03200000000001069,0.13285386583362419,1.0702130862568733,0.08319995453261195,0.005314737363715086
156.736,0.031999999999982265,0.005729596086779997,0.44453652789946735,0.037494373599615216,-0.04570558093299673
156.768,0.03200000000001069,0.07290780673530758,0.7432735685282252,0.05682502219472886,0.019330648595113645
156.8,0.03200000000001069,0.1340929765377239,1.116827444554893,0.08541219936591815,0.02858717717118929
156.832,0.031999999999982265,0.002035199264445835,0.4628042452028546,0.03896549652192237,-0.04644670284399578
156.864,0.03200000000001069,0.08448261675713328,0.9695699082606551,0.07355183284529815,0.03458633632337578
156.89600000000002,0.03200000000001069,0.06161835891961466,0.9670036427632454,0.07535974639997091,0.0018079135546727604
156.928,0.031999999999982265,0.005603398956863643,0.48115608090109324,0.03973477583652525,-0.03562497056344566
156.96,0.03200000000001069,-0.0004653232841824803,0.3604340001273068,0.028800249974921248,-0.010934525861604004
156.992,0.031999999999982265,0.0035281681725235245,0.6370210828102406,0.04850928658924502,0.01970903661432377
157.024,0.03200000000001069,-0.00016887195608076216,0.38686484828057377,0.0312505249487521,-0.01725876164049292
157.056,0.03200000000001069,0.00432692570171824,0.45086959691515993,0.03496111626709298,0.0037105913183408806
157.088,0.031999999999982265,0.07066061137695281,0.7475667573653647,0.05699450166458543,0.02203338539749245
157.12,0.03200000000001069,0.0018653933063459867,0.5024317299227373,0.040239183242347175,-0.016755318422238256
157.15200000000002,0.03200000000001069,0.00639042599979103,0.6126068975618056,0.04737422094477483,0.0071350377024276546
157.184,0.031999999999982265,0.0001269694936378182,0.309735237342172,0.025512869597280503,-0.021861351347494326
157.216,0.03200000000001069,0.009521524774258733,0.44786021168282875,0.03440857584326327,0.008895706245982765
157.248,0.031999999999982265,0.0028323194607805147,0.24752020271215458,0.02018906712377675,-0.014219508719486518
157.28,0.03200000000001069,0.0015284983015455423,0.4220491760731422,0.03220308823101242,0.012014021107235671
157.312,0.03200000000001069,0.0037446401234916453,0.5153261627642495,0.03975625731913474,0.00755316908812232
157.344,0.031999999999982265,0.0015633933329512555,0.34344666254502093,0.027552237427602714,-0.012204019891532029
157.376,0.03200000000001069,0.0010509031307623844,0.35807213403987875,0.027923271100202002,0.00037103367259928854
157.40800000000002,0.03200000000001069,0.05409478884778723,0.6311102108908038,0.048023972547761605,0.020100701447559603
157.44,0.031999999999982265,0.0005709434974158308,0.38864657154346255,0.03135353654901128,-0.016670435998750323
157.472,0.03200000000001069,0.0012297059475942474,0.3803573219945299,0.029781574362810977,-0.0015719621862003048
157.504,0.031999999999982265,0.0019900948744042976,0.21702186851583186,0.01767910019051614,-0.012102474172294837
157.536,0.03200000000001069,0.0021948773796615704,0.2430296292067494,0.018893052129453195,0.0012139519389370544
157.568,0.03200000000001069,-0.0011902339158862923,0.4024831578094235,0.030689381065674676,0.01179632893622148
157.6,0.031999999999982265,0.004234567571079718,0.2130805922932795,0.01744166468817724,-0.013247716377497436
157.632,0.03200000000001069,0.004975156244898566,0.3322379072935363,0.025439742173389866,0.007998077485212626
157.66400000000002,0.03200000000001069,0.003551701313191205,0.370807966125619,0.02873791467360862,0.003298172500218754
157.696,0.031999999999982265,0.003508072156952627,0.178071049052483,0.01475439859326855,-0.01398351608034007
157.728,0.03200000000001069,0.003747390225347598,0.12506028254964105,0.010048719329707079,-0.004705679263561472
157.76,0.031999999999982265,0.0023391937319720843,0.39504642346899094,0.029631906761495144,0.019583187431788066
157.792,0.03200000000001069,0.003320017909165466,0.30462376564464283,0.024112723374938704,-0.00551918338655644
157.824,0.03200000000001069,-0.0018801357651549396,0.2522405338354681,0.01994183127554015,-0.004170892099398554
157.856,0.031999999999982265,0.006613292289288343,0.17283399181638612,0.013861474435040825,-0.006080356840499325
157.888,0.03200000000001069,0.11092772788338419,0.6802556638313358,0.05082636573487593,0.0369648912998351
157.92000000000002,0.03200000000001069,-0.0013249027168864824,0.3082836892047015,0.025605411553653413,-0.025220954181222516
157.952,0.031999999999982265,-0.007540747904791289,0.13449120671551024,0.011368690600465374,-0.014236720953188038
157.984,0.03200000000001069,0.07823553400721248,0.6840622137270655,0.05096239416446763,0.039593703564002256
158.016,0.031999999999982265,0.00016546513491099018,0.12616198647445376,0.012219993079391148,-0.03874240108507648
158.048,0.03200000000001069,0.0706256528569869,0.572291024557493,0.04279186050336925,0.0305718674239781
158.08,0.03200000000001069,0.0057645169668009925,0.14264123136811255,0.012960203108049522,-0.029831657395319726
158.112,0.031999999999982265,0.12040324292212103,0.86329433763603,0.06423504170288637,0.05127483859483684
158.144,0.03200000000001069,0.009831888447447904,0.07302405753534105,0.009078435451691928,-0.05515660625119444
158.17600000000002,0.03200000000001069,0.004253258856377654,0.014134968478215784,0.0015635784900569164,-0.0075148569616350115
158.208,0.031999999999982265,0.12776494591805446,0.634570069276574,0.04675669057150086,0.04519311208144394
158.24,0.03200000000001069,0.006506346649700328,0.029342346028279842,0.0048570634010080905,-0.04189962717049277
158.272,0.031999999999982265,0.11125136371578097,0.46450017902809254,0.03443984216781026,0.029582778766802167
158.304,0.03200000000001069,0.1015952112498788,0.643157697274813,0.04928614306343168,0.014846300895621424
158.336,0.03200000000001069,-0.002936338310669439,0.18488325338376788,0.01644159991826458,-0.032844543145167104
158.368,0.031999999999982265,0.05035080095990923,0.39066679724378073,0.029678883157789264,0.013237283239524684
158.4,0.03200000000001069,0.1029657119287165,0.5241837749380647,0.04026192809361151,0.010583044935822246
158.43200000000002,0.03200000000001069,0.050995264962889655,0.42980859935083826,0.03393250572910158,-0.00632942236450993
158.464,0.031999999999982265,-0.002758945866464116,0.2892716914035105,0.02323199797035264,-0.01070050775874894
158.496,0.03200000000001069,0.0029769083198887742,0.21403785662026908,0.017081554274672443,-0.006150443695680196
158.528,0.031999999999982265,0.002809501584266181,0.16431520715541423,0.013069879928006478,-0.004011674346665965
158.56,0.03200000000001069,0.13795703939886406,0.7804693400559873,0.05815040416233802,0.045080524234331544
158.592,0.03200000000001069,0.0018054274334519894,0.33240111255588495,0.0278018223138197,-0.03034858184851832
158.624,0.031999999999982265,0.0009582040718999226,0.28950302752315493,0.022895091781107765,-0.004906730532711935
158.656,0.03200000000001069,-0.0013584410691953924,0.0050851541055302076,0.0016956759195249158,-0.02119941586158285
158.68800000000002,0.03200000000001069,0.13179447643998263,0.8990307245101604,0.06621281292153165,0.06451713700200673
158.72,0.031999999999982265,0.00026124713180202864,0.29336226750863015,0.025396332229153735,-0.04081648069237792
158.752,0.03200000000001069,-0.002293812203600086,0.15212760983321633,0.01265360572386395,-0.012742726505289785
158.784,0.031999999999982265,0.0007692985317183532,0.4632472009199387,0.03479778507230268,0.022144179348438733
158.816,0.03200000000001069,0.011674929066677322,0.3790069903430783,0.029881103958290623,-0.004916681114012059
158.848,0.03200000000001069,-0.0017588572421457973,0.43024755910086576,0.033365511524350924,0.003484407566060301
158.88,0.031999999999982265,-0.0015016374780759353,0.1153863953743379,0.010411701862108646,-0.02295380966224228
158.912,0.03200000000001069,0.0039454625123477175,0.3815820626562221,0.02866268926444899,0.018250987402340345
158.94400000000002,0.03200000000001069,0.002741990919833491,0.3424943987470136,0.026841786278835565,-0.0018209029856134235
158.976,0.031999999999982265,-0.0017906207612441462,0.362184061454129,0.02818464948396933,0.0013428632051337638
159.008,0.03200000000001069,0.003249005790658476,0.3403089279862725,0.02665346946839156,-0.0015311800155777683
159.04,0.031999999999982265,-0.11641011096107791,-0.3455438802906088,-0.023872695010878173,-0.05052616447926973
159.072,0.03200000000001069,-0.0006695955717758061,0.39054257982904006,0.027342441112332746,0.05121513612321092
159.104,0.03200000000001069,-0.0005950422752219826,0.3753405955152112,0.029181086320664244,0.0018386452083314977
159.136,0.031999999999982265,-0.0004925129104522198,0.2860588352604167,0.022721428741148558,-0.006459657579515686
159.168,0.03200000000001069,0.0006202131656322385,-0.0025991242363819934,0.0011205469425959423,-0.021600881798552615
159.20000000000002,0.03200000000001069,-0.0023667404752473697,0.1581283527451524,0.011693483019200633,0.010572936076604691
159.232,0.031999999999982265,-0.00025096769922008754,0.1664403816058195,0.012915117353720546,0.0012216343345199127
159.264,0.03200000000001069,0.004332125239666031,0.18540977110942503,0.014380654378003798,0.0014655370242832519
159.296,0.031999999999982265,-0.0014313984798543246,0.24006722866467983,0.018484780287646184,0.004104125909642386
159.328,0.03200000000001069,-0.0035332206828977194,0.11387817378893192,0.009441736013732473,-0.009043044273913711
159.36,0.03200000000001069,0.0030009649546914956,0.11443638377948652,0.008960740296386712,-0.0004809957173457606
159.392,0.031999999999982265,-0.00035324913379969325,0.0356801568451245,0.0031412220898505714,-0.005819518206536141
159.424,0.03200000000001069,8.887255546885516e-05,0.24542010806101966,0.018229590189847943,0.015088368099997373
159.45600000000002,0.03200000000001069,0.005083641725310223,0.12122225217955002,0.009967089313029906,-0.008262500876818037
159.488,0.031999999999982265,0.059419841887504814,0.4746624584532332,0.035482175581994534,0.025515086268964628
159.52,0.03200000000001069,0.11114842195774526,0.6481726474741624,0.04971511658376438,0.014232941001769847
159.552,0.031999999999982265,-0.001623116543173681,0.031462720014857955,0.005183783389697969,-0.04453133319406641
159.584,0.03200000000001069,0.12818360270808546,0.7201368016825449,0.053258278544157794,0.04807449515445983
159.616,0.03200000000001069,0.11735127713100657,0.6308431675099605,0.049466900732984584,-0.0037913778111732105
159.648,0.031999999999982265,0.0022196920775511752,0.1022297880033018,0.010373680326422613,-0.03909322040656197
159.68,0.03200000000001069,0.0020454402142194242,0.27959711119464836,0.021160497885783947,0.010786817559361334
159.71200000000002,0.03200000000001069,0.10790586134772788,0.6793166285206829,0.0511786747581279,0.030018176872343955
159.744,0.031999999999982265,0.0035969264353800205,0.16157092521889668,0.014836460134139366,-0.03634221462398854
159.776,0.03200000000001069,0.02889615997981067,0.2759514950123627,0.021150030608741145,0.006313570474601779
159.808,0.031999999999982265,0.08644138450798894,0.4224821161498619,0.032290402278108817,0.011140371669367672
159.84,0.03200000000001069,0.1314870133129956,0.6040854482858307,0.04628867584013429,0.013998273562025473
159.872,0.03200000000001069,0.0007762679261853163,0.28558333258421764,0.023674065533072736,-0.022614610307061554
159.904,0.031999999999982265,0.13383584772870238,0.8154814462351633,0.0613373722369926,0.03766330670391986
159.936,0.03200000000001069,0.021905889851872577,0.03643869786934132,0.006220660029076372,-0.05511671220791623
159.968,0.031999999999982265,0.12870641802865898,0.7765723405985534,0.05746841879110003,0.051247758762023664
160.0,0.03200000000001069,0.11863195383877838,0.5487606695708304,0.04367358275642328,-0.013794836034676752
160.032,0.03200000000001069,0.13017048433560818,0.6403717342682167,0.0496143180417715,0.00594073528534822
160.096,0.03200000000001069,-0.41591588585459777,-2.1133946009538405,-0.15541951764625977,-0.15541951764625977
160.12800000000001,0.03200000000001069,0.0029387680770414657,0.29430299669121984,0.012670883610744662,0.16809040125700445
160.16,0.031999999999982265,0.0012005179590137173,0.08809371043877094,0.007209909845065855,-0.005460973765678807
160.192,0.03200000000001069,0.0007790988746643045,0.049853814754987215,0.0040824822755819905,-0.003127427569483865
160.224,0.031999999999982265,-0.0008077272133646085,0.008427069479998998,0.0008554065352501,-0.0032270757403318907
160.256,0.03200000000001069,0.11508220055549366,1.3848723049423926,0.10189320481486716,0.10103779827961706
160.288,0.03200000000001069,0.0021008180953203904,-0.2721081051093301,-0.014128690934671227,-0.11602189574953839
160.32,0.031999999999982265,0.14097965042187097,0.17533339444186344,0.012078421242693524,0.026207112177364753
160.352,0.03200000000001069,0.13958385994922087,0.5756739357853933,0.04303246774973582,0.030954046507042296
160.38400000000001,0.03200000000001069,0.39113752088439174,1.7692691721172038,0.13259668034275235,0.08956421259301653
160.416,0.031999999999982265,0.13678148198733237,0.44068713169141105,0.040062915558205,-0.09253376478454735
160.448,0.03200000000001069,0.1315170452868754,0.5834317383235296,0.045218497355252275,0.005155581797047275
160.48,0.031999999999982265,0.1300446595376861,0.587087892895578,0.04578499877330864,0.0005665014180563643
160.512,0.03200000000001069,0.24560378125986113,1.0930148157019486,0.083023682875349,0.03723868410204036
160.544,0.03200000000001069,0.13447557398240517,0.5640510931188969,0.046273325796149865,-0.03675035707919914
160.576,0.031999999999982265,0.1343025222986918,0.5935207144425421,0.04631896420006763,4.563840391776791e-05
160.608,0.03200000000001069,0.14813142266970317,0.642907529500483,0.0499535164287054,0.0036345522286377677
160.64000000000001,0.03200000000001069,0.21194892953379485,1.0077635782432601,0.07699493224296174,0.027041415814256335
160.672,0.031999999999982265,0.13090519170218018,0.6232762516797444,0.05028072315711644,-0.0267142090858453
160.704,0.03200000000001069,0.1314824347933886,0.8601532354385227,0.06615852354146633,0.01587780038434989
160.736,0.031999999999982265,0.13259515294195326,1.1087240019671338,0.08535508478799711,0.019196561246530783
160.768,0.03200000000001069,0.011202176839255971,0.33460691956725647,0.02953453898557392,-0.05582054580242319
160.8,0.03200000000001069,0.1253121212604517,0.9483715858653903,0.07144846293345093,0.04191392394787701
160.832,0.031999999999982265,-0.002702758168231859,0.09737504340493852,0.011285636623598874,-0.060162826309852056
160.864,0.03200000000001069,0.13085407180521896,0.918566144330673,0.06820307170761862,0.056917435084019745
160.89600000000002,0.03200000000001069,0.002553859474421712,0.5276803796994316,0.04274303507794618,-0.025460036629672438
160.928,0.031999999999982265,0.0022636080457644763,0.3110280437752339,0.025340588785955406,-0.017402446291990777
160.96,0.03200000000001069,0.0026165580577600695,0.24505887034521898,0.019484573653639797,-0.005856015132315609
160.992,0.031999999999982265,0.004180891139468485,0.5348230298640942,0.04045583322416543,0.020971259570525636
161.024,0.03200000000001069,-0.0010876417627473016,0.4625626677284918,0.036352441300887016,-0.004103391923278417
161.056,0.03200000000001069,0.0009279893821962817,0.3742639095527587,0.029622045593025077,-0.006730395707861939
161.088,0.031999999999982265,-0.0009822673359096686,0.21955469402393543,0.01785615530331373,-0.011765890289711346
161.12,0.03200000000001069,0.0004964554181594985,0.5037598602706364,0.038077433606687576,0.020221278303373846
161.15200000000002,0.03200000000001069,0.006326269692199704,0.4248143812728231,0.033439120948233036,-0.0046383126584545395
161.184,0.031999999999982265,-0.00046365868963781814,0.3660412157788241,0.028849163533106854,-0.004589957415126182
161.216,0.03200000000001069,-0.0011292488051062085,0.30206118347638444,0.023879083457116732,-0.004970080075990122
161.248,0.031999999999982265,-0.0001523772105495097,0.38260116392978866,0.02951509372287287,0.005636010265756136
161.28,0.03200000000001069,0.003550978953216735,0.16861108141554057,0.01410357626033209,-0.015411517462540778
161.312,0.03200000000001069,0.002396606763757771,0.5048087082321306,0.037937933195800216,0.023834356935468128
161.344,0.031999999999982265,0.0031247588986877085,0.4162547903866371,0.032801593465608195,-0.005136339730192022
161.376,0.03200000000001069,0.0005800270877106511,0.3997151835725465,0.031288750878294525,-0.0015128425873136703
161.40800000000002,0.03200000000001069,0.0012981493403181636,0.269651781476922,0.02163652382088419,-0.009652227057410336
161.44,0.031999999999982265,-0.004148796406543877,0.23856458389971352,0.01879315010289069,-0.0028433737179934977
161.472,0.03200000000001069,-0.0007611178312782416,0.1542246033482662,0.012426623487206603,-0.006366526615684088
161.504,0.031999999999982265,0.05814278127685104,0.3038906405223795,0.023065564050583666,0.010638940563377063
161.536,0.03200000000001069,0.00742598317124821,0.026398339561324237,0.0032728936123718497,-0.019792670438211816
161.568,0.03200000000001069,0.13690832841535647,0.7662554235810286,0.05653953853998679,0.053266644927614945
161.6,0.031999999999982265,-0.0027861300242867804,0.2584757369070984,0.022272339657375205,-0.03426719888261159
161.632,0.03200000000001069,0.1196825565871794,0.7786311131165831,0.05854647005056792,0.036274130393192716
161.66400000000002,0.03200000000001069,0.004385462525877464,0.2718968812263453,0.023375191955878886,-0.035171278094689035
161.696,0.031999999999982265,0.008875860702285899,0.4066482261705054,0.03125443093512798,0.007879238979249095
161.728,0.03200000000001069,0.10480989661688082,0.670234327831444,0.051093473754634466,0.019839042819506485
161.76,0.031999999999982265,0.10409604976884766,0.5172372062488587,0.040987320425521896,-0.01010615332911257
161.792,0.03200000000001069,0.021125854735266143,0.29338868761629805,0.023942030750870185,-0.01704528967465171
161.824,0.03200000000001069,0.06533176839935385,0.7481339709221798,0.056400093032917556,0.03245806228204737
161.856,0.031999999999982265,0.009391112685867373,0.24764735130579243,0.021467967667056383,-0.03493212536586117
161.888,0.03200000000001069,0.04463095882181202,0.4161471828386677,0.03184288406069326,0.010374916393636874
161.92000000000002,0.03200000000001069,0.10851847695477321,0.7772334450680376,0.05899618392820134,0.027153299867508085
161.952,0.031999999999982265,0.027812845250336733,0.28382711917203474,0.02427850592408242,-0.03471767800411892
161.984,0.03200000000001069,0.11870958924775496,0.9415821008686773,0.07064573672739241,0.04636723080330999
162.016,0.031999999999982265,0.11879162461894091,0.8664093626593696,0.06779425400723435,-0.0028514827201580606
162.048,0.03200000000001069,0.0030304024452435757,0.09856112228562527,0.011161907021716742,-0.05663234698551761
162.08,0.03200000000001069,0.06266754311396874,0.6362713258394244,0.04743590401908163,0.03627399699736489
162.112,0.031999999999982265,0.1069063366689813,0.6877636138120673,0.05331672293477323,0.005880818915691595
162.144,0.03200000000001069,0.02947902335220198,0.519795781679258,0.04130382476710214,-0.012012898167671086
162.17600000000002,0.03200000000001069,-0.004758988925767122,0.3255625538304196,0.026326375663523662,-0.01497744910357848
162.208,0.031999999999982265,0.1005135832905685,0.7279638426778069,0.05505442326619157,0.028728047602667905
162.24,0.03200000000001069,0.02785862632280163,0.3778377140482892,0.030964512157100277,-0.02408991110909129
162.272,0.031999999999982265,0.0951771100280301,0.49127022202889875,0.03791567613415373,0.006951163977053455
162.304,0.03200000000001069,0.1297145676908098,0.8778717131092083,0.06674772164101478,0.028832045506861047
162.336,0.03200000000001069,0.023974199483353418,0.47264173493749023,0.038611464658456156,-0.028136256982558623
162.368,0.031999999999982265,-0.0026332735948400234,0.345274533551364,0.02762057165084954,-0.010990893007606615
162.4,0.03200000000001069,0.03938043370107811,0.38403698892945,0.029836677281612507,0.0022161056307629656
162.43200000000002,0.03200000000001069,0.0640752509809166,0.6966970656038238,0.05295770387335561,0.023121026591743105
162.464,0.031999999999982265,-0.0010259763029089471,0.3412445138785201,0.02815239825114754,-0.024805305622208073
162.496,0.03200000000001069,0.016814711872202757,0.2676524686450119,0.02130843515753513,-0.0068439630936124075
162.528,0.031999999999982265,0.04528604177052415,0.5392448051431786,0.04088630142240357,0.01957786626486844
162.56,0.03200000000001069,-5.6840834968130184e-05,0.29981928621408444,0.02440910669441618,-0.01647719472798739
162.592,0.03200000000001069,0.005451186844353827,0.35005072524950415,0.02715192484222833,0.002742818147812149
162.624,0.031999999999982265,0.0006650801434774749,0.06937296454483284,0.006669159107661573,-0.020482765734566755
162.656,0.03200000000001069,0.03354911911761066,0.606311725683115,0.04497330604372918,0.0383041469360676
162.68800000000002,0.03200000000001069,0.0006884335578923771,0.3551182500451223,0.028711744027757734,-0.016261562015971443
162.72,0.031999999999982265,0.003576671319598022,0.28830370516767717,0.022859422284855636,-0.005852321742902098
162.752,0.03200000000001069,0.01732769093073279,0.5161630034938356,0.03927839755754135,0.016418975272685717
162.784,0.031999999999982265,0.00137486119963478,0.30375903996231085,0.02460601427011184,-0.014672383287429511
162.816,0.03200000000001069,0.0009537626371651167,0.42110360151525583,0.03238853674932296,0.007782522479211119
162.848,0.03200000000001069,-0.00026209089435042004,0.23116435820186965,0.01886963961980351,-0.01351889712951945
162.88,0.031999999999982265,0.00481353056781986,0.506643918112046,0.03834803538855654,0.019478395768753026
162.912,0.03200000000001069,-0.0010709097282200705,0.3343288464177545,0.026800415810984805,-0.011547619577571732
162.94400000000002,0.03200000000001069,0.0013572564858305674,0.21635651937915418,0.01745807073031161,-0.009342345080673196
162.976,0.031999999999982265,-0.0975194951172219,-0.2166171464075458,-0.014922235687913751,-0.03238030641822536
163.008,0.03200000000001069,0.0017351646527786996,0.24809405129070794,0.017383445821127785,0.032305681509041534
163.04,0.031999999999982265,-0.050751430602590845,-0.17052598260061308,-0.011536989088912175,-0.028920434910039962
163.072,0.03200000000001069,0.0010225460956454432,0.28750680329548517,0.020477295695005816,0.03201428478391799
163.104,0.03200000000001069,-0.023598294802590562,0.2338731439951163,0.01838121937900396,-0.0020960763160018554
163.136,0.031999999999982265,-0.1120763357775801,-0.2149013391337839,-0.014742762312197807,-0.033123981691201766
163.168,0.03200000000001069,-0.047039868846733855,-0.10794944961130998,-0.00878971304797656,0.0059530492642212475
163.20000000000002,0.03200000000001069,-0.052670831072018344,0.08460118165140786,0.00571416803270674,0.0145038810806833
163.232,0.031999999999982265,-0.13265341452801466,-0.31630648467637235,-0.02293137687679788,-0.02864554490950462
163.264,0.03200000000001069,-0.0017779252227492573,0.14750022054828402,0.009523392388586386,0.032454769265384265
163.296,0.031999999999982265,-0.12667235928209158,-0.4970277208531465,-0.03600175451008282,-0.045525146898669204
163.328,0.03200000000001069,-0.1000385297399848,-0.2692219875573439,-0.021876994032045807,0.014124760478037013
163.36,0.03200000000001069,-0.03660112737108656,-0.10032002793879569,-0.008640496268124109,0.013236497763921698
163.392,0.031999999999982265,-0.09773461875256066,-0.20608759883057015,-0.0156545365789857,-0.007014040310861591
163.424,0.03200000000001069,0.0015563944310167774,0.1005503911724434,0.006490776581698751,0.02214531316068445
163.45600000000002,0.03200000000001069,-0.10547940162172345,-0.5120320207467873,-0.037280244236663755,-0.043771020818362504
163.488,0.031999999999982265,-0.0010365399185917818,-0.12347321477088327,-0.011232402301563783,0.026047841935099972
163.52,0.03200000000001069,-6.273121612942187e-05,0.36093395313463456,0.025894728440057874,0.03712713074162166
163.552,0.031999999999982265,-0.13279274077535386,-0.6163553779207822,-0.043832035306319815,-0.06972676374637769
163.584,0.03200000000001069,-0.01688298119415069,0.010468206002302746,-0.0017605487360757694,0.042071486570244045
163.616,0.03200000000001069,-0.1030931456455808,-0.5082454457115342,-0.03747812005216603,-0.03571757131609026
163.648,0.031999999999982265,-0.10913286592682858,-0.6458420365271949,-0.04965894696044603,-0.012180826908279999
163.68,0.03200000000001069,0.003007485275413756,0.04314267258429055,0.00030595670101047354,0.049964903661456506
163.71200000000002,0.03200000000001069,0.0002712190016148618,0.02430252762995941,0.0018048759847222112,0.0014989192837117377
163.744,0.031999999999982265,-0.11959938354563504,-0.6100877056335308,-0.044761794233381655,-0.046566670218103866
163.776,0.03200000000001069,0.0004914635575254523,-0.11803418736384597,-0.011264317975956065,0.03349747625742559
163.808,0.031999999999982265,-0.1318432186381605,-0.705226442089697,-0.052512790976674696,-0.04124847300071863
163.84,0.03200000000001069,0.00024682561558736217,0.012450438857271626,-0.00211590690244286,0.05039688407423184
163.872,0.03200000000001069,-0.12166238080565434,-0.5922187625810563,-0.0436740512942693,-0.041558144391826445
163.904,0.031999999999982265,-0.0015271758862732904,0.15073448650649857,0.008563785574385729,0.05223783686865503
163.936,0.03200000000001069,-0.1219812506027557,-0.7147181121218236,-0.05206615240814316,-0.06062993798252889
163.968,0.031999999999982265,-4.968110636818607e-05,-0.3869698139729461,-0.03146357873314741,0.020602573674995753
164.0,0.03200000000001069,0.0013721934906177654,-0.08843354176994772,-0.008319786077031066,0.023143792656116345
164.032,0.03200000000001069,-0.09469578380205812,-0.6081073424474716,-0.04520064528003684,-0.036880859203005774
164.064,0.031999999999982265,0.004009502373913537,-0.20218928827233443,-0.017478437624442074,0.027722207655594765
164.096,0.03200000000001069,-0.002258430162013634,-0.13628991312367666,-0.011031805166852749,0.006446632457589325
164.12800000000001,0.03200000000001069,0.001651812595296182,-0.48122496910331125,-0.03602624916600167,-0.024994443999148918
164.16,0.031999999999982265,-0.0021490943875529353,-0.13301695882853293,-0.011861859422256526,0.024164389743745143
164.192,0.03200000000001069,0.006153201699825356,-0.03243517644612761,-0.003070064428048167,0.008791794994208358
164.224,0.031999999999982265,-0.0038775534137792476,-0.27103268173190653,-0.020109036792758075,-0.017038972364709908
164.256,0.03200000000001069,0.0013474564573883057,-0.34111696517796214,-0.026246695033113488,-0.006137658240355413
164.288,0.03200000000001069,0.0024201712347223666,-0.16601602459206272,-0.013724053551482335,0.012522641481631153
164.32,0.031999999999982265,-0.05842595959271926,-0.3663351503108343,-0.027732646885479332,-0.014008593333996996
164.352,0.03200000000001069,-0.003129293433483625,0.051974927870144634,0.0022212678382882304,0.02995391472376756
164.38400000000001,0.03200000000001069,-0.10201910149969254,-0.6662512084925005,-0.04886803303717048,-0.05108930087545871
164.416,0.031999999999982265,-0.030707502918484814,-0.3502087759333789,-0.02857553918720089,0.02029249384996959
164.448,0.03200000000001069,-0.03226176024800882,-0.4074765406088966,-0.03161555661647664,-0.003040017429275746
164.48,0.031999999999982265,-0.0008545593177022308,-0.20728090870195592,-0.01706862190365422,0.014546934712822417
164.512,0.03200000000001069,-6.308681477227748e-05,-0.017073322311195904,-0.0022409317918491295,0.01482769011180509
164.544,0.03200000000001069,-0.0362852030109883,-0.31718661574353274,-0.02345534249155275,-0.02121441069970362
164.576,0.031999999999982265,-0.09906941746325391,-0.859120143099434,-0.06453394520924421,-0.04107860271769147
164.608,0.03200000000001069,0.004291360976784082,-0.07100351586635664,-0.008947099783469139,0.05558684542577508
164.64000000000001,0.03200000000001069,-0.001110765725641461,0.052253176329171244,0.003326202603261359,0.012273302386730498
164.672,0.031999999999982265,-0.03274503468708342,-0.5030217340489017,-0.036800313649458856,-0.040126516252720214
164.704,0.03200000000001069,-0.005079760141070473,-0.08872989129586661,-0.008649664473502855,0.028150649175956
164.736,0.031999999999982265,-0.0055876827267076195,-0.2392127126510521,-0.01809109422435298,-0.009441429750850125
164.768,0.03200000000001069,-0.09620247810362638,-0.5469749061518506,-0.04126904067642063,-0.02317794645206765
164.8,0.03200000000001069,-0.1325025318575686,-0.7419469695777666,-0.05694537185679929,-0.015676331180378665
164.832,0.031999999999982265,-3.87464169153084e-05,-0.09258325373086851,-0.010095997252423588,0.0468493746043757
164.864,0.03200000000001069,-0.13092810454103324,-0.6733455535841539,-0.0501008171368809,-0.04000481988445731
164.89600000000002,0.03200000000001069,-0.13245552076668712,-0.7917067102583757,-0.06111456476767371,-0.011013747630792811
164.928,0.031999999999982265,-0.024001324406688777,-0.3917277573988573,-0.032335835471501775,0.028778729296171937
164.96,0.03200000000001069,-0.12390212954443411,-0.862662623431112,-0.06530712268541262,-0.03297128721391085
164.992,0.031999999999982265,-0.005542365377684058,-0.002080507295305116,-0.0039231209445031645,0.06138400174090946
165.024,0.03200000000001069,-0.06600006193096572,-0.6053826917931862,-0.044746458430256,-0.040823337485752835
165.056,0.03200000000001069,-0.01281389267879585,-0.3231180826508033,-0.026345348765888676,0.018401109664367324
165.088,0.031999999999982265,-0.13703048177602498,-0.705507928672644,-0.053404105563602484,-0.027058756797713808
165.12,0.03200000000001069,-0.08060204635778691,-0.9748102978327249,-0.07477073986616803,-0.021366634302565544
165.15200000000002,0.03200000000001069,-0.08076019266465377,-0.6062628995589112,-0.048901156813785346,0.025869583052382683
165.184,0.031999999999982265,-0.10895860254428484,-0.878078139983071,-0.06739708398896106,-0.018495927175175716
165.216,0.03200000000001069,0.0017973834053125232,-0.1781008928271035,-0.01698835150451816,0.0504087324844429
165.248,0.031999999999982265,-0.08997262225890697,-0.6036550578341218,-0.04537365154913726,-0.0283853000446191
165.28,0.03200000000001069,-0.12852029385625727,-1.0798136892861236,-0.08202912235271337,-0.03665547080357611
165.312,0.03200000000001069,-0.0020359626378757324,-0.201556605339615,-0.019557983996653552,0.062471138356059816
165.344,0.031999999999982265,-0.13342742252569412,-0.8187026289065296,-0.061336641148985335,-0.04177865715233178
165.376,0.03200000000001069,-0.001558400478629643,-0.3216181790120833,-0.027192781461541166,0.03414385968744417
165.40800000000002,0.03200000000001069,-0.004239001937995901,-0.4725311891330002,-0.036319864875739814,-0.009127083414198649
165.44,0.031999999999982265,-0.0005017682122681996,-0.47392626842167224,-0.03694935743117576,-0.0006294925554359426
165.472,0.03200000000001069,-0.003385761230684013,-0.27008502381281735,-0.02199516615651495,0.014954191274660807
165.504,0.031999999999982265,-0.070230732572636,-0.9852234220184534,-0.07372331427057785,-0.0517281481140629
165.536,0.03200000000001069,-0.000553242226546922,-0.44277437426956595,-0.036817706719515335,0.036905607551062515
165.568,0.03200000000001069,-0.0017313093749400288,-0.26273286063270956,-0.021446886336779606,0.015370820382735729
165.6,0.031999999999982265,0.004633093095656468,-0.2213152779892897,-0.01751368464212838,0.003933201694651226
165.632,0.03200000000001069,-0.07267681489689899,-0.8182519830092427,-0.06118548503113057,-0.04367180038900219
165.66400000000002,0.03200000000001069,-0.0038851440226773727,-0.3857998798014742,-0.03190399217170993,0.029281492859420638
165.696,0.031999999999982265,-0.0012788722141059642,-0.3761335751430448,-0.02950273635812892,0.0024012558135810096
165.728,0.03200000000001069,-0.07250577995952562,-0.7032831444481493,-0.05342276750178559,-0.023920031143656668
165.76,0.031999999999982265,-0.003989421395342161,-0.2748071088408172,-0.023293424130733847,0.03012934337105174
165.792,0.03200000000001069,0.0026282083856238856,-0.47373828237747473,-0.03618352848360794,-0.01289010435287409
165.824,0.03200000000001069,-0.040570224332277235,-0.38888364692721017,-0.030687433209798675,0.005496095273809263
165.856,0.031999999999982265,-0.06865226914160706,-0.6236999861022499,-0.04763859546785864,-0.016951162258059965
165.888,0.03200000000001069,-0.11329805089538343,-0.7987857872261571,-0.06149301990501736,-0.013854424437158723
165.92000000000002,0.03200000000001069,-0.07510913166715837,-0.6874960081486253,-0.05410854749037093,0.007384472414646431
165.952,0.031999999999982265,-0.0027429034105697333,-0.3609233684108284,-0.029666022811499455,0.024442524678871477
165.984,0.03200000000001069,-0.07934520100835259,-0.7926497733218706,-0.06000423600742004,-0.030338213195920585
166.016,0.031999999999982265,-0.0007751264812879229,-0.2429742915172684,-0.021332373641939486,0.03867186236548055
166.048,0.03200000000001069,-0.10796129130203498,-0.8766925033615215,-0.06570366352922812,-0.044371289887288626
166.08,0.03200000000001069,-0.0018621811428824729,-0.1707571422589393,-0.016350530822869785,0.04935313270635833
166.112,0.031999999999982265,-0.08500012789065443,-0.5806076388842627,-0.04364191833947753,-0.027291387516607746
166.144,0.03200000000001069,-0.05481455678582917,-0.4990873807175631,-0.039222406722610154,0.004419511616867378
166.17600000000002,0.03200000000001069,-0.045652651005824774,-0.45531823124843845,-0.03574847922677507,0.003473927495835083
166.208,0.031999999999982265,-0.13273147201215624,-0.7186755173760653,-0.054915287069354585,-0.019166807842579514
166.24,0.03200000000001069,-0.11112725711550767,-0.6846648480278555,-0.05352061688316656,0.001394670186188024
166.272,0.031999999999982265,-0.1178242148235916,-0.960367789968517,-0.0737153606575822,-0.020194743774415644
166.304,0.03200000000001069,-0.004640064847027496,-0.11427622867842943,-0.012659419531889357,0.06105594112569285
166.336,0.03200000000001069,-0.08259910770559091,-0.6585811102552347,-0.049163020634488,-0.03650360110259864
166.368,0.031999999999982265,-0.11872265537898759,-0.8240041767329637,-0.06343558964046453,-0.01427256900597653
166.4,0.03200000000001069,4.724600892475394e-05,-0.24609944588837768,-0.02176028708311092,0.041675302557353605
166.43200000000002,0.03200000000001069,-0.05376518785311396,-0.22389298087600887,-0.017721341832346738,0.004038945250764182
166.464,0.031999999999982265,-0.09273562983665329,-0.786727026362009,-0.058879120436858445,-0.04115777860451171
166.496,0.03200000000001069,-5.2957143876856936e-05,-0.2948044305508827,-0.02507902192188679,0.033800098514971656
166.528,0.031999999999982265,-0.02169696611603758,-0.45033441485577536,-0.03456548367880986,-0.009486461756923067
166.56,0.03200000000001069,-0.10752089800971451,-0.837729685158691,-0.0636022642922898,-0.02903678061347994
166.592,0.03200000000001069,-0.00033080632453273923,-0.24479751636369446,-0.021674164864917043,0.04192809942737275
166.624,0.031999999999982265,-0.004838314951523485,-0.30529275043421344,-0.02370252756678727,-0.0020283627018702274
166.656,0.03200000000001069,0.0018606879311499518,-0.404352328364648,-0.03110448687340609,-0.00740195930661882
166.68800000000002,0.03200000000001069,-0.0026323680828855807,-0.41501410156837387,-0.03231586437446666,-0.0012113775010605676
166.72,0.031999999999982265,-0.0018680884365155994,-0.37197730031398735,-0.029220859968226476,0.0030950044062401823
166.752,0.03200000000001069,-0.1196117210533549,-0.6268949061400566,-0.04778888669033052,-0.01856802672210404
166.784,0.031999999999982265,0.00038109316647335565,-0.27471135006861735,-0.022961143265224797,0.02482774342510572
166.816,0.03200000000001069,0.005348411136005436,-0.13430195003402415,-0.011202121451480043,0.011759021813744754
166.848,0.03200000000001069,-0.12809842597408305,-0.7922160267914327,-0.058906434191119614,-0.04770431273963957
166.88,0.031999999999982265,-0.08226988686757872,-0.5701715119562945,-0.045331156258002894,0.01357527793311672
166.912,0.03200000000001069,-0.001313972134202269,-0.278137435984404,-0.02307121588814063,0.022259940369862265
166.94400000000002,0.03200000000001069,-0.11289787196130448,-0.7045615872771348,-0.05314549873138147,-0.03007428284324084
166.976,0.031999999999982265,0.0007644012688805368,-0.07650667986953943,-0.008694359197946307,0.04445113953343516
167.008,0.03200000000001069,-0.022042706079314415,-0.5682953092278382,-0.04229448310032549,-0.03360012390237918
167.04,0.031999999999982265,-0.014767946364203087,-0.2793641401542679,-0.022986123649656083,0.01930835945066941
167.072,0.03200000000001069,-0.014513398779392356,-0.11591434658588257,-0.009851335023596308,0.013134788626059775
167.104,0.03200000000001069,-0.12442426472173931,-0.7183098960964824,-0.05339338094499231,-0.043542045921396
167.136,0.031999999999982265,-0.0010909792597017644,-0.2089125704547648,-0.018445828393630223,0.03494755255136209
167.168,0.03200000000001069,-0.12127006108193626,-0.8939101895445848,-0.06680321847577471,-0.048357390082144486
167.20000000000002,0.03200000000001069,-0.003267834479948352,-0.21554380758938085,-0.019707628628685397,0.04709558984708931
167.232,0.031999999999982265,0.00037990132308836296,-0.26581349049009284,-0.02068568752490152,-0.0009780588962161225
167.264,0.03200000000001069,-0.00535173890359556,-0.1906902245106875,-0.015217567967181584,0.005468119557719935
167.296,0.031999999999982265,-0.0023879011577123905,-0.30268515900130916,-0.023138031317513363,-0.007920463350331778
167.328,0.03200000000001069,-0.0005125221563103929,-0.09889424962774236,-0.008608442727753372,0.01452958858975999
167.36,0.03200000000001069,0.0002490588555842568,-0.3145933302663171,-0.02363222222441561,-0.015023779496662237
167.392,0.031999999999982265,-0.001686556236472545,-0.18680149193638196,-0.0151016904237791,0.00853053180063651
167.424,0.03200000000001069,0.0005980815969776193,-0.1429951985465268,-0.011387705951551214,0.0037139844722278853
167.45600000000002,0.03200000000001069,-0.001474088881195937,-0.29322547389940795,-0.022221269530179118,-0.010833563578627903
167.488,0.031999999999982265,0.006046552035492556,-0.08844276459647434,-0.007786914338701643,0.014434355191477476
167.52,0.03200000000001069,-0.03800444370244427,-0.4116929258739493,-0.030725522402546702,-0.02293860806384506
167.552,0.031999999999982265,-0.07196317095686328,-0.2925785303154388,-0.02329004746296793,0.007435474939578773
167.584,0.03200000000001069,-0.0002153839980433214,-0.19310364180855066,-0.015545398519413185,0.0077446489435547446
167.616,0.03200000000001069,-0.0026725440830855573,-0.2897197415225796,-0.022203476934866816,-0.006658078415453631
167.648,0.031999999999982265,-0.0007422899316746657,-0.32887317280910233,-0.02546719386696373,-0.0032637169320969134
167.68,0.03200000000001069,0.004661941934170092,-0.33556590718379964,-0.026147790437517734,-0.0006805965705540054
167.71200000000002,0.03200000000001069,-0.0023302314267372357,-0.09341116302899573,-0.008378965915755784,0.01776882452176195
167.744,0.031999999999982265,-0.010763620485106975,-0.06337714799435293,-0.005144479793956554,0.0032344861217992304
167.776,0.03200000000001069,-0.05667842872438999,-0.35618333760887133,-0.026490789398965084,-0.02134630960500853
167.808,0.031999999999982265,-0.10211194915299526,-0.5303712969779578,-0.040532914153268526,-0.014042124754303442
167.84,0.03200000000001069,-0.0015799558131399545,-0.09509138918357524,-0.009332970053970512,0.031199944099298015
167.872,0.03200000000001069,-0.0031420948708243018,-0.2253262249985164,-0.01710932537806172,-0.007776355324091207
167.904,0.031999999999982265,-0.002945254877667215,-0.20257590529639916,-0.01588518353568007,0.0012241418423816486
167.936,0.03200000000001069,0.000533401468404703,-0.278402036105601,-0.021390785790639053,-0.005505602254958983
167.968,0.031999999999982265,-7.358078350048295e-05,-0.3993891380890325,-0.030606038015493754,-0.009215252224854701
168.0,0.03200000000001069,0.00018105809171684267,-0.09735563276053157,-0.008926413634556122,0.02167962438093763
168.032,0.03200000000001069,-0.001869921202375731,0.10199052539680066,0.006985092711698345,0.01591150634625447
168.064,0.031999999999982265,-0.028685055149411227,-0.3631604191247372,-0.026303656519050887,-0.03328874923074923
168.096,0.03200000000001069,0.003783148368024673,-0.1770874740230424,-0.01454153878441663,0.011762117734634257
168.12800000000001,0.03200000000001069,-0.008685975245646687,-0.032038463152934696,-0.0031955854610017462,0.011345953323414884
168.16,0.031999999999982265,-0.10600103140809711,-0.5248932544809354,-0.03878524702660845,-0.03558966156560671
168.192,0.03200000000001069,-0.0029084629644708145,-0.11338150700824973,-0.010577138250046872,0.02820810877656158
168.224,0.031999999999982265,-0.11130103047176661,-0.396041533743406,-0.029735592533438212,-0.01915845428339134
168.256,0.03200000000001069,-0.009383901720899606,-0.19014267987234051,-0.01569974408082729,0.014035848452610921
168.288,0.03200000000001069,-0.0023888309990010557,-0.31489814768412244,-0.024064012853917627,-0.008364268773090336
168.32,0.031999999999982265,-0.022809567476098157,-0.2642434064082725,-0.020821713229783628,0.0032422996241339985
168.352,0.03200000000001069,-0.015271398123394371,-0.25175990857684266,-0.0197164990044288,0.0011052142253548287
168.38400000000001,0.03200000000001069,-0.045636346956502434,-0.4087790407024477,-0.0311999185483839,-0.011483419543955101
168.416,0.031999999999982265,0.0009055014391267433,-0.2043437807112909,-0.016828630443577897,0.014371288104806004
168.448,0.03200000000001069,-0.003961372382359136,-0.23696373434963292,-0.01839786801351975,-0.0015692375699418518
168.48,0.031999999999982265,0.0009999787418135887,-0.32831161895122196,-0.025206202775543092,-0.006808334762023343
168.512,0.03200000000001069,0.0015063920350891784,-0.21592731939744758,-0.017334474818079783,0.007871727957463309
168.544,0.03200000000001069,0.0016218572321447951,0.04993681111006331,0.0026716611544249655,0.020006135972504748
168.576,0.031999999999982265,-0.016352819545501104,-0.3636559616837166,-0.026589109257059346,-0.02926077041148431
168.608,0.03200000000001069,-0.13244771058338717,-0.7423320539057445,-0.05612623214241331,-0.029537122885353963
168.64000000000001,0.03200000000001069,0.001632657833306547,-0.10607058547858714,-0.011040570503778612,0.0450856616386347
168.672,0.031999999999982265,-0.001614118285761689,-0.3725969287431432,-0.028038224488057758,-0.016997653984279146
168.704,0.03200000000001069,-0.004766545773394637,-0.16113782632719545,-0.013468733089448506,0.014569491398609252
168.736,0.031999999999982265,-0.002565704233709908,-0.27369946460598465,-0.02090545816158271,-0.007436725072134205
168.768,0.03200000000001069,-0.0013451558628035341,-0.053890099315519406,-0.005169942930751716,0.015735515230830995
168.8,0.03200000000001069,-0.0010720420325603926,-0.1398373113742239,-0.010582123589856152,-0.005412180659104437
168.832,0.031999999999982265,-0.004251280014757207,-0.07625996996320938,-0.006219071700341702,0.0043630518895144505
168.864,0.03200000000001069,-0.021672436956059034,-0.35636323414872917,-0.02656605423102643,-0.02034698253068473
168.89600000000002,0.03200000000001069,-0.001276586566593753,-0.00897275023019211,-0.002193491895980869,0.02437256233504556
168.928,0.031999999999982265,-0.10229366851661342,-0.7700284343429531,-0.05675469374035137,-0.0545612018443705
168.96,0.03200000000001069,-0.0007326048762258606,-0.0424411009217292,-0.006397524305626197,0.05035716943472517
168.992,0.031999999999982265,-0.0008107588963754033,-0.10219944548439688,-0.007885093547897739,-0.0014875692422715416
169.024,0.03200000000001069,-0.023840062573449894,-0.21567955080570847,-0.0163163221974414,-0.008431228649543663
169.056,0.03200000000001069,-0.12183880596505882,-0.7012236303356456,-0.05251007083840543,-0.03619374864096403
169.088,0.031999999999982265,-0.0012752624015455434,-0.1561154756180335,-0.014512125402719645,0.037997945435685784
169.12,0.03200000000001069,-0.0291339382827236,-0.214097263248825,-0.01658253284968083,-0.002070407446961185
169.15200000000002,0.03200000000001069,-0.000827148861864272,0.04069644105452993,0.0020355311639601763,0.018618064013641005
169.184,0.031999999999982265,-0.03714709305721521,-0.7114665732964363,-0.05220390361323191,-0.05423943477719209
169.216,0.03200000000001069,0.00300972008268042,-0.14157940498428861,-0.01342546472427384,0.03877843888895807
169.248,0.031999999999982265,-0.0024775449227093923,-0.10262424937455662,-0.00832205024144077,0.005103414482833071
169.28,0.03200000000001069,-0.002600529649796427,-0.33070460939617846,-0.02480051616676787,-0.016478465925327097
169.312,0.03200000000001069,-0.0006041307533920124,-0.039572529577596084,-0.004341883715877987,0.020458632450889882
169.344,0.031999999999982265,-0.006278323833323282,-0.24698903195558058,-0.018414282296848418,-0.014072398580970431
169.376,0.03200000000001069,-0.016844487674428175,-0.13329007051449207,-0.010865221511804536,0.007549060785043882
169.40800000000002,0.03200000000001069,-0.019451723844029503,-0.2659762886610628,-0.02018719573083022,-0.009321974219025685
169.44,0.031999999999982265,-0.025064150394004187,-0.38064591376679946,-0.029158174909214678,-0.008970979178384457
169.472,0.03200000000001069,-0.0033855343895997357,-0.18004974828462403,-0.014924173818823175,0.014234001090391503
169.504,0.031999999999982265,-0.0003534092695867067,-0.1014755057559097,-0.008324090469457706,0.0066000833493654685
169.536,0.03200000000001069,-9.72857426474054e-05,-0.08694684649740611,-0.0068746328515907045,0.0014494576178670018
169.568,0.03200000000001069,-0.00217262525350366,-0.20722862380151727,-0.015636506147228706,-0.008761873295638002
169.6,0.031999999999982265,0.0020405040502203234,-0.03372828117026852,-0.0033830665168291703,0.012253439630399536
169.632,0.03200000000001069,-0.005220091026663824,-0.2703661057844874,-0.020078085968539362,-0.016695019451710192
169.66400000000002,0.03200000000001069,0.0014332987859957216,-0.10786604837462636,-0.009091583016614925,0.010986502951924437
169.696,0.031999999999982265,-0.008902256686072052,-0.134389958576172,-0.010407916696882976,-0.0013163336802680514
169.728,0.03200000000001069,0.004243098179842157,-0.09644084941686086,-0.007693121343132372,0.002714795353750604
169.76,0.031999999999982265,-0.011491021918083719,-0.14519293747044745,-0.01112163830892825,-0.0034285169657958785
169.792,0.03200000000001069,-0.003492511954657628,0.020222215375394932,0.0008451043758557329,0.011966742684783984
169.824,0.03200000000001069,-0.0915514039852071,-0.530888557056452,-0.038992877637991266,-0.039837982013847
169.856,0.031999999999982265,-0.0003943152385770996,-0.07839536525047315,-0.008016235784401846,0.03097664185358942
169.888,0.03200000000001069,0.0029445835940314718,0.021110154316236415,0.0010896756306428125,0.009105911415044658
169.92000000000002,0.03200000000001069,-0.11711929693317298,-0.8004039289110144,-0.05879898025746137,-0.059888655888104186
169.952,0.031999999999982265,0.002091297066492897,-0.006514853821878837,-0.0038735147318713055,0.054925465525590064
169.984,0.03200000000001069,0.0022244899355103745,-0.14250495368289706,-0.01070346100510487,-0.006829946273233565
170.016,0.031999999999982265,-0.0025952604952400203,-0.05172212318650116,-0.004421557587550263,0.006281903417554607
170.048,0.03200000000001069,-0.10575010944667419,-0.5356793882424044,-0.03964923598680919,-0.03522767839925892
170.08,0.03200000000001069,0.001038589476333271,-0.17808362167211247,-0.015385223703615067,0.024264012283194122
170.112,0.031999999999982265,-0.04113610219335189,-0.3524812639846415,-0.026809726768052607,-0.01142450306443754
170.144,0.03200000000001069,0.0002808394192129219,0.06258106844909321,0.0030545251460635326,0.02986425191411614
170.17600000000002,0.03200000000001069,-0.004038170660746695,-0.2621448142858353,-0.019101854099586365,-0.022156379245649897
170.208,0.031999999999982265,-0.0021765963959589304,-0.08388389164969376,-0.007271572813492356,0.011830281286094008
170.24,0.03200000000001069,-0.0035721936790369846,-0.20735190154734054,-0.015668486998524196,-0.008396914185031839
170.272,0.031999999999982265,-0.00276805600432031,-0.24458921404417136,-0.018891673506251865,-0.0032231865077276683
170.304,0.03200000000001069,0.0008338438257523306,-0.01921449806702922,-0.0025036374297276757,0.016388036076524188
170.336,0.03200000000001069,-0.0031933303117539025,-0.15920234495522606,-0.011852309187936628,-0.009348671758208953
170.368,0.031999999999982265,-0.0024697158043352086,-0.10591618804058092,-0.008473323338219678,0.0033789858497169506
170.4,0.03200000000001069,0.0016421659923888748,-0.10797857573381657,-0.008429926059296882,4.339727892279516e-05
170.43200000000002,0.03200000000001069,-0.00219229348920343,-0.031652031929583865,-0.002814349454782462,0.00561557660451442
170.464,0.031999999999982265,-0.024207495254735974,-0.5346954809139519,-0.03948409657566966,-0.0366697471208872
170.496,0.03200000000001069,-0.002007528360096642,-0.09660960346253489,-0.009384072604385613,0.03010002397128405
170.528,0.031999999999982265,-0.0006781826276429127,-0.06723854267427437,-0.005486471515569722,0.003897601088815891
170.56,0.03200000000001069,0.0016876496164275245,-0.28000184869501404,-0.02090812831554172,-0.015421656799971997
170.592,0.03200000000001069,1.1631373816844203e-05,-0.020382072759519802,-0.0027059092136505407,0.018202219101891178
170.624,0.031999999999982265,-0.000171864601211721,0.034665121862401296,0.002393071270016592,0.005098980483667133
170.656,0.03200000000001069,0.004272949864943957,0.14171722753761465,0.010560066810161617,0.008166995540145024
170.68800000000002,0.03200000000001069,-0.07531717388357638,-0.4450527427296927,-0.03211965658800675,-0.04267972339816837
170.72,0.031999999999982265,0.0008849729023007439,0.1464574666142566,0.008916277113742557,0.04103593370174931
170.752,0.03200000000001069,-0.1306947959524787,-0.7294633837426373,-0.05313017401149797,-0.06204645112524053
170.784,0.031999999999982265,-0.003377924226326857,-0.20040338599266774,-0.0178048663473815,0.03532530766411647
170.816,0.03200000000001069,-0.0001684909481284851,0.03983587831662263,0.0019016809997005552,0.019706547347082055
170.848,0.03200000000001069,-0.04370824210403964,-0.1954031021464027,-0.014260206101017631,-0.016161887100718187
170.88,0.031999999999982265,-0.09052212037908978,-0.45507244638111455,-0.034289359330078935,-0.020029153229061306
170.912,0.03200000000001069,0.0028590264448005824,-0.14581987522067,-0.012703119745167081,0.021586239584911855
170.94400000000002,0.03200000000001069,0.002572878685168704,-0.02923368950585732,-0.002883191535947454,0.009819928209219626
170.976,0.031999999999982265,-0.04713992612044701,-0.38673904456274233,-0.028607320923552074,-0.02572412938760462
171.008,0.03200000000001069,3.6589536090305955e-05,-0.003435949976418228,-0.0019041547949262103,0.026703166128625864
171.04,0.031999999999982265,-0.023677082353184106,-0.34381180364769615,-0.025393923015275276,-0.023489768220349067
171.072,0.03200000000001069,0.0019730535025897244,0.10371681149009343,0.006161390051706305,0.03155531306698158
171.104,0.03200000000001069,-0.01648581947204334,-0.350253479644188,-0.025402028861126528,-0.03156341891283283
171.136,0.031999999999982265,-0.02504574184127946,-0.30801787128455693,-0.024118139722057747,0.0012838891390687807
171.168,0.03200000000001069,-0.0030471065314759743,-0.1118472152669518,-0.009617587509101862,0.014500552212955885
171.20000000000002,0.03200000000001069,-0.028684170776818393,-0.1591335035327796,-0.012257928351774125,-0.0026403408426722633
171.232,0.031999999999982265,-0.004683290258227207,-0.06414530832261361,-0.005424899402761899,0.006833028949012226
171.264,0.03200000000001069,-0.03675032816987591,-0.3148866236898569,-0.023470008068909032,-0.018045108666147135
171.296,0.031999999999982265,0.003549999530512679,-0.2432331134869094,-0.019242320180982715,0.004227687887926317
171.328,0.03200000000001069,-0.001001317348773173,-0.2172344138094861,-0.017086309394878478,0.002156010786104237
171.36,0.03200000000001069,-0.0011307984969484996,-0.11312450270268339,-0.00930557843636292,0.007780730958515558
171.392,0.031999999999982265,-0.010842410765819615,-0.1768576175330095,-0.013543351713895747,-0.004237773277532827
171.424,0.03200000000001069,-0.001778647652743554,-0.23723260964484613,-0.018227985052232262,-0.004684633338336516
171.45600000000002,0.03200000000001069,0.0008970957353324308,-0.052037569948649845,-0.00487913944805502,0.013348845604177241
171.488,0.031999999999982265,-0.0018545434905991166,-0.13096672488736005,-0.00991299083351105,-0.00503385138545603
171.52,0.03200000000001069,-0.001791468911122847,-0.19691319191056766,-0.015053308553822168,-0.005140317720311118
171.552,0.031999999999982265,0.0011893409066678167,-0.3363912005339806,-0.025607298701921678,-0.01055399014809951
171.584,0.03200000000001069,-0.004127022303661029,-0.09687910529068788,-0.008602797085725577,0.0170045016161961
171.616,0.03200000000001069,-0.00449357837261911,-0.22718248253578568,-0.01720368276570674,-0.008600885679981162
171.648,0.031999999999982265,-0.005849426871443826,-0.28557674842152925,-0.0219945315040895,-0.0047908487383827615
171.68,0.03200000000001069,0.006499652998138923,-0.07838873111549857,-0.007034449062083308,0.014960082442006192
171.71200000000002,0.03200000000001069,0.000400107867482459,0.2595837519273037,0.018683755656241235,0.025718204718324544
171.744,0.031999999999982265,-0.001208632085996053,0.008424711816175327,0.0016981511991708115,-0.016985604457070425
171.776,0.03200000000001069,0.0003386218762686562,-0.24167655434957264,-0.01767491584484656,-0.01937306704401737
171.808,0.031999999999982265,0.0010852506290092213,-0.14440697512814496,-0.011640078251680359,0.006034837593166201
171.84,0.03200000000001069,-0.0009502824320455055,-0.08030834490195175,-0.0065778648572967224,0.005062213394383636
171.872,0.03200000000001069,0.07979494476558399,0.46541709562750133,0.03384714455909129,0.04042500941638801
171.904,0.031999999999982265,0.0023760152630614264,-0.16193490717580308,-0.00995476531084839,-0.043801909869939676
171.936,0.03200000000001069,-5.164948155523529e-05,0.10180704468973449,0.00691223370500945,0.01686699901585784
171.96800000000002,0.03200000000001069,0.021391944503179813,0.1179482206874011,0.009072975742449883,0.002160742037440433
172.0,0.031999999999982265,0.030931652048434,0.0811568259166178,0.0064920658828093065,-0.0025809098596405768
172.032,0.03200000000001069,0.002532317937036903,-0.027370349404282773,-0.001638040718214257,-0.008130106601023564
172.064,0.031999999999982265,0.010249299257793392,-0.06106122723856162,-0.004585019061800251,-0.0029469783435859937
172.096,0.03200000000001069,-0.003231635464658198,0.040644908125461086,0.002724346827617877,0.007309365889418128
172.12800000000001,0.03200000000001069,0.07254471106926788,0.24119435093599384,0.017894761229274442,0.015170414401656566
172.16,0.031999999999982265,-4.586283966613585e-05,0.00144314458995971,0.001139177243340208,-0.016755583985934235
172.192,0.03200000000001069,0.00043694924175984273,0.11032656734994988,0.00817920440402794,0.007040027160687732
172.224,0.031999999999982265,-0.0037129742132243635,-0.06048374336723855,-0.003975810259602634,-0.012155014663630575
172.256,0.03200000000001069,0.004319230651849614,-0.04545167836533593,-0.0035720465817858506,0.00040376367781678373
172.288,0.03200000000001069,-0.00047371906239940584,-0.05392789257053318,-0.004172080389559867,-0.0006000338077740163
172.32,0.031999999999982265,0.0006359167776156365,0.05430374535790025,0.0037526593802100125,0.00792473976976988
172.352,0.03200000000001069,-0.003777022114300006,-0.12353663147128872,-0.008868274294589194,-0.012620933674799207
172.38400000000001,0.03200000000001069,-0.004612385791036252,-0.07035158649525519,-0.005685628902522996,0.0031826453920661977
172.416,0.031999999999982265,-0.003777469247717187,0.045227281387558806,0.002997798404109299,0.008683427306632295
172.448,0.03200000000001069,0.004307057802041446,-0.023469053287959882,-0.0015528593573124049,-0.004550657761421704
172.48,0.031999999999982265,0.0007828224244072405,-0.14239803239609156,-0.010561628694777303,-0.009008769337464898
172.512,0.03200000000001069,0.004172306689875322,-0.10020156450693375,-0.007978558834559047,0.0025830698602182563
172.544,0.03200000000001069,0.000857330056424813,0.09605293416424512,0.006603159691066059,0.014581718525625106
172.576,0.031999999999982265,-0.0005689922477930947,-0.0031070157043057733,0.00015270368092227412,-0.006450456010143785
172.608,0.03200000000001069,3.1718460311721056e-05,-0.11830656730779468,-0.008691476314036673,-0.008844179994958947
172.64000000000001,0.03200000000001069,0.0014366684601267784,0.11901081785669942,0.008250331589217579,0.016941807903254252
172.672,0.031999999999982265,0.004825433608515415,0.14350578643869394,0.011029732073557121,0.002779400484339542
172.704,0.03200000000001069,-0.10435576908141961,-0.6778205633123524,-0.049210341493941025,-0.060240073567498144
172.736,0.031999999999982265,-0.004264495932910904,0.08268482891205514,0.003239793413686677,0.052450134907627705
172.768,0.03200000000001069,0.005200285278122645,-0.1235599749169387,-0.008899598256154924,-0.0121393916698416
172.8,0.03200000000001069,-0.0013947379778140286,-0.012015516781630682,-0.001397389425850294,0.0075022088303046295
172.832,0.031999999999982265,-0.016087408339130693,0.07320949127009535,0.00530317256734835,0.006700561993198644
172.864,0.03200000000001069,-0.0010961305277814328,-0.1577187487331084,-0.011292525243987345,-0.016595697811335696
172.89600000000002,0.03200000000001069,-0.0052257553069856915,-0.25554929396148707,-0.019445060029270267,-0.008152534785282921
172.928,0.031999999999982265,-0.0015934596300289376,0.06840684410960174,0.003908109426873406,0.02335316945614367
172.96,0.03200000000001069,-0.017425938157216245,-0.15724275420428135,-0.011338056207102935,-0.015246165633976341
172.992,0.031999999999982265,0.0017936199882108992,-0.020456208040458845,-0.002158889701649849,0.009179166505453085
173.024,0.03200000000001069,-0.0006144030815643738,0.12982748013099482,0.009422911583703463,0.011581801285353313
173.056,0.03200000000001069,-0.12880090191713497,-0.848549755873141,-0.06185856525076729,-0.07128147683447075
173.088,0.031999999999982265,0.0052786109268972885,-0.06785133702600007,-0.008560840619786174,0.05329772463098112
173.12,0.03200000000001069,0.005143532705297235,-0.0072749957895509665,-0.0010292142723991112,0.007531626347387063
173.15200000000002,0.03200000000001069,-0.000543855272356284,0.008599158808063294,0.0005729684956780403,0.0016021827680771515
173.184,0.031999999999982265,-0.023291207653706767,-0.08415893591919273,-0.006155990266957307,-0.006728958762635347
173.216,0.03200000000001069,-0.012876259331782563,-0.10788915168208657,-0.00828957229310546,-0.0021335820261481533
173.248,0.031999999999982265,-0.00759129356132168,0.009544880754605517,0.00022338332876288647,0.008512955621868348
173.28,0.03200000000001069,0.0053640348617467444,0.11810007321123488,0.008698001847647723,0.008474618518884836
173.312,0.03200000000001069,-0.11824752571484823,-0.4245335226688559,-0.030718163790149463,-0.039416165637797186
173.344,0.031999999999982265,0.003663900969098943,-0.09876281768542243,-0.009036371250234576,0.02168179253991489
173.376,0.03200000000001069,-0.0006262071403979993,0.08285534892748592,0.005571539748202073,0.014607910998436648
173.40800000000002,0.03200000000001069,-0.10146730924300039,-0.660956480022513,-0.04828524939845377,-0.05385678914665584
173.44,0.031999999999982265,0.0001712263272943514,0.17266895025561155,0.009910650792603715,0.058195900191057484
173.472,0.03200000000001069,-0.10788380757049476,-0.21582623308830926,-0.015299777336087316,-0.02521042812869103
173.504,0.031999999999982265,-0.12368528827067272,-0.5733134530022701,-0.04304484322776134,-0.02774506589167402
173.536,0.03200000000001069,0.002688219343846837,0.07559323949098325,0.003074204850506736,0.046119048078268075
173.568,0.03200000000001069,-0.00985601528797319,-0.06077804605557204,-0.004292160262385957,-0.007366365112892693
173.6,0.031999999999982265,-0.09543597146765787,-0.6052915417823221,-0.044761059537306594,-0.04046889927492064
173.632,0.03200000000001069,-0.001674601106438785,-0.0105999277600414,-0.003363535777086856,0.04139752376021974
173.66400000000002,0.03200000000001069,-0.001367928692558727,-0.25629387350665256,-0.019042083327817746,-0.01567854755073089
173.696,0.031999999999982265,0.005864958040798006,0.18030603881321902,0.012160465024333144,0.03120254835215089
173.728,0.03200000000001069,0.0006581875316720972,-0.14980619538056128,-0.010314769108432103,-0.022475234132765247
173.76,0.031999999999982265,-0.021485971939648654,-0.13496373957274443,-0.010520726086399737,-0.00020595697796763415
173.792,0.03200000000001069,-0.0014132847913280666,-0.2617886046129564,-0.019859345094188866,-0.009338619007789128
173.824,0.03200000000001069,0.0008956220217599603,-0.3233226341292365,-0.02492368142581076,-0.005064336331621896
173.856,0.031999999999982265,-0.0025365359090227155,-0.2122058264375046,-0.017044485685892487,0.007879195739918275
173.888,0.03200000000001069,0.00401391429984984,0.1319878790620803,0.008722456081677796,0.025766941767570283
173.92000000000002,0.03200000000001069,-0.0011101441410033017,-0.22133800560310024,-0.0157737077201782,-0.024496163801855996
173.952,0.031999999999982265,0.0009593335850559017,-0.22028100047906607,-0.017110116269996024,-0.001336408549817824
173.984,0.03200000000001069,0.004531044800933263,-0.14782884743831892,-0.011859118157836874,0.00525099811215915
174.016,0.031999999999982265,-0.0024815202668129507,-0.01587209249911387,-0.0018518532323147385,0.010007264925522135
174.048,0.03200000000001069,-0.002217530330278195,-0.34997912511680956,-0.02584444991205888,-0.02399259667974414
174.08,0.03200000000001069,-0.004022098495597217,-0.28879592361385026,-0.022730093895780006,0.0031143560162788728
174.112,0.031999999999982265,0.0009833184540478388,-0.12472633687844537,-0.010484590424079473,0.012245503471700532
174.144,0.03200000000001069,0.001417254530965557,0.001891846157224564,-0.00046613894143828665,0.010018451482641187
174.17600000000002,0.03200000000001069,-0.004904779215699112,0.079489258579009,0.005818748309308718,0.006284887250747004
174.208,0.031999999999982265,0.005349499490157497,0.2001794942588347,0.01505715632310943,0.009238408013800712
174.24,0.03200000000001069,-0.00188180397249836,-0.13688127007956474,-0.009197043856885117,-0.024254200179994547
174.272,0.031999999999982265,-0.01736745150065543,-0.10443349644094287,-0.00821099984325619,0.0009860440136289263
174.304,0.03200000000001069,0.0012505775003793158,-0.03914808076571187,-0.003352972175516104,0.004858027667740086
174.336,0.03200000000001069,-0.0016551862950296755,0.010348760435752023,0.0005674861948795324,0.003920458370395636
174.368,0.031999999999982265,-0.002572997451100243,-0.21465745143678447,-0.015753197144712752,-0.016320683339592284
174.4,0.03200000000001069,0.002127438412224725,-0.17696749596900302,-0.013923647281041516,0.0018295498636712367
174.43200000000002,0.03200000000001069,0.0010868975507469924,0.05428011125732507,0.0031879723592960346,0.01711161964033755
174.464,0.031999999999982265,6.233266731277632e-05,0.012427414046804712,0.0010979535482315119,-0.0020900188110645227
174.496,0.03200000000001069,-0.059209919945944746,-0.3488370413530939,-0.025590171188243284,-0.026688124736474795
174.528,0.031999999999982265,-0.0024917778989388133,0.04411376484876276,0.0017668392753340035,0.02735701046357729
174.56,0.03200000000001069,-0.0002884616092190991,-0.36073035842471274,-0.026426194263389876,-0.02819303353872388
174.592,0.03200000000001069,-0.002600197673592181,0.051050849164466394,0.002228731186035104,0.02865492544942498
174.624,0.031999999999982265,-0.001456015345187218,-0.08346028690551066,-0.006009025807065238,-0.008237756993100342
174.656,0.03200000000001069,0.0031998342899544636,0.006459871182460972,0.000128164871592496,0.006137190678657734
174.68800000000002,0.03200000000001069,-0.00034167177841375656,0.08907075808784642,0.006557682564498201,0.006429517692905705
174.72,0.031999999999982265,-0.0029990125752554705,-0.07356276984562182,-0.005031253789711042,-0.011588936354209243
174.752,0.03200000000001069,0.00021004681660661786,0.006334177803675006,0.0001753672289124752,0.005206621018623517
174.784,0.031999999999982265,0.0022514611362237404,-0.022266084460866874,-0.0016273291062046315,-0.0018026963351171067
174.816,0.03200000000001069,0.002875273316524688,-0.13939776466468684,-0.010345287396165427,-0.008717958289960795
174.848,0.03200000000001069,0.0035371715672899533,0.06651216537799558,0.004294095806148383,0.01463938320231381
174.88,0.031999999999982265,0.005584940912793487,0.17100212010803806,0.012823428836289492,0.008529333030141108
174.912,0.03200000000001069,0.0017728690752145417,0.06026315000042949,0.005172050421894157,-0.007651378414395335
174.94400000000002,0.03200000000001069,0.0014858334983964318,-0.07888022690948127,-0.005502292052382288,-0.010674342474276444
174.976,0.031999999999982265,0.0025135594865222685,0.03256228874978326,0.002076995844143489,0.007579287896525778
175.008,0.03200000000001069,-0.00147647959940079,-0.09395769590001388,-0.00678976718358297,-0.00886676302772646
175.04,0.031999999999982265,-0.0026540168202221982,-0.12781763016039577,-0.00979170447120962,-0.0030019372876266496
175.072,0.03200000000001069,0.004535424446681837,0.001925963037488548,-0.00042363031125246383,0.009368074159957156
175.104,0.03200000000001069,0.03522996710850218,0.2112534365005875,0.015511169782780873,0.015934800094033336
175.136,0.031999999999982265,0.0016896359426724712,0.15490670146776073,0.012287319440156177,-0.0032238503426246963
175.168,0.03200000000001069,0.0008442189832853265,0.16559327621840325,0.0128871026606064,0.0005997832204502236
175.20000000000002,0.03200000000001069,-0.0005639183375260007,-0.1711432924914813,-0.011841955942263957,-0.024729058602870356
175.232,0.031999999999982265,0.1244839909817354,0.4677754721589105,0.03371668897957297,0.04555864492183693
175.264,0.03200000000001069,0.0029702475314465305,-0.03160454877041272,-0.0003777723136820074,-0.03409446129325498
175.296,0.031999999999982265,0.11054352334111683,0.4974322448773018,0.03655947151132971,0.03693724382501172
175.328,0.03200000000001069,-0.000974306314407028,-0.02130558812425164,0.000543726798951477,-0.036015744712378235
175.36,0.03200000000001069,0.005221123018371199,0.07252000740592719,0.005364526617377857,0.004820799818426379
175.392,0.031999999999982265,0.11918393726814978,0.7840659337484858,0.05797007553633824,0.05260554891896038
175.424,0.03200000000001069,0.002741424396335258,-0.04610819155191323,-4.424784938135798e-05,-0.0580143233857196
175.45600000000002,0.03200000000001069,0.004003422686822955,-0.12719581051253698,-0.009356563102978478,-0.00931231525359712
175.488,0.031999999999982265,0.06620542320214105,0.23758584461309867,0.01693197106760263,0.026288534170581107
175.52,0.03200000000001069,0.005136557586429711,-0.33258114908518777,-0.023480625959488136,-0.04041259702709077
175.552,0.031999999999982265,0.11128930405711694,0.43716218096439546,0.030793490924120995,0.05427411688360913
175.584,0.03200000000001069,0.06976389718128988,0.34208509859306285,0.02693469546760537,-0.0038587954565156256
175.616,0.03200000000001069,0.005909152865578237,-0.06964251786773795,-0.003566611407976742,-0.030501306875582113
175.648,0.031999999999982265,0.006995038160098997,0.24707023262377004,0.01796370368204944,0.021530315090026182
175.68,0.03200000000001069,0.0017006539510100514,0.12150530017419199,0.009972555343771202,-0.007991148338278237
175.71200000000002,0.03200000000001069,0.0018247234169722964,0.04431010815762302,0.0038342818136846164,-0.006138273530086585
175.744,0.031999999999982265,-0.0012213333484690446,0.21799426446021158,0.016252697138105163,0.012418415324420546
175.776,0.03200000000001069,0.0018620642596706273,-0.07079134484112976,-0.004267758316496338,-0.020520455454601502
175.808,0.031999999999982265,0.002694573035328432,0.03598495862242379,0.002399968255918088,0.0066677265724144254
175.84,0.03200000000001069,-0.0033328217450464093,0.19674999424140405,0.014607587095330176,0.012207618839412088
175.872,0.03200000000001069,0.0023546844296969765,0.26822303959003474,0.02056846561699286,0.005960878521662685
175.904,0.031999999999982265,0.000920730604362908,0.22142404692844578,0.01747097311647192,-0.003097492500520941
175.936,0.03200000000001069,-0.003397076495375237,0.10084948114749555,0.008425076852767024,-0.009045896263704896
175.96800000000002,0.03200000000001069,0.00044221899879788975,0.08827530816575624,0.0069781580743622845,-0.0014469187784047393
176.0,0.031999999999982265,0.003104606615330401,0.07577016757861868,0.005974997916384253,-0.0010031601579780312
176.032,0.03200000000001069,0.0034240619289151782,-0.022138530816585948,-0.0012831414511122452,-0.007258139367496499
176.064,0.031999999999982265,-0.00427050743441341,-0.19133809032253088,-0.014145121073808942,-0.012861979622696697
176.096,0.03200000000001069,0.0037376374114540894,0.08014181803822783,0.005077062655926445,0.019222183729735387
176.12800000000001,0.03200000000001069,-0.0001300735062884686,0.003167353543358228,0.0005260220420841658,-0.004551040613842279
176.16,0.031999999999982265,0.001536495804364324,0.05219143452873588,0.003868536684201497,0.003342514642117331
176.192,0.03200000000001069,0.008153883856183177,0.09535597164854659,0.007235826808769287,0.00336729012456779
176.224,0.031999999999982265,0.005689684030976616,-0.022753519316630364,-0.0012555813554748106,-0.008491408164244096
176.256,0.03200000000001069,0.08302483960387672,0.5678129127111171,0.041684606658851986,0.042940188014326794
176.288,0.03200000000001069,0.00011141248490832834,0.02182918489403971,0.004011737102606157,-0.03767286955624583
176.32,0.031999999999982265,-0.005053692404325245,0.021342026237106362,0.001801091326860729,-0.0022106457757454278
176.352,0.03200000000001069,0.0025955499443752078,-0.07820680381230292,-0.005647370725159379,-0.007448462052020108
176.38400000000001,0.03200000000001069,0.04039977361309325,0.2834016235162199,0.020515402080965566,0.026162772806124945
176.416,0.031999999999982265,-0.004123313905738289,0.22271635161577683,0.017562946186890336,-0.00295245589407523
176.448,0.03200000000001069,-0.0020720729970017692,-0.17370958682744797,-0.011760749674271147,-0.029323695861161483
176.48,0.031999999999982265,-0.0007937838016965449,0.1628251803226272,0.01129526340846627,0.023056013082737414
176.512,0.03200000000001069,-0.0024263118821443793,-0.07990837005209606,-0.005224414493046774,-0.01651967790151304
176.544,0.03200000000001069,0.003807531216180218,-0.20445123369269258,-0.01533699066551951,-0.010112576172472736
176.576,0.031999999999982265,0.1266105719640946,0.7266482074795844,0.05255248343926692,0.06788947410478643
176.608,0.03200000000001069,0.0020170099086456793,0.11133802758183375,0.01122163017220608,-0.04133085326706084
176.64000000000001,0.03200000000001069,0.003580475107869685,0.26412189548004267,0.020071398379557615,0.008849768207351534
176.672,0.031999999999982265,-0.002367099498244211,0.022185575112313623,0.002790235537598643,-0.01728116284195897
176.704,0.03200000000001069,-0.005720950329268402,-0.05232939732290375,-0.0036872380074929267,-0.00647747354509157
176.736,0.031999999999982265,0.002528908946075766,0.09534123815249726,0.0067985553990745195,0.010485793406567447
176.768,0.03200000000001069,-0.011574714008860882,0.07977938528373794,0.006259468397706386,-0.0005390870013681336
176.8,0.03200000000001069,0.0023663416672954282,-0.01707487539520222,-0.000894336865936366,-0.007153805263642752
176.832,0.031999999999982265,0.004444747386293886,0.07630304986757844,0.005559714327681893,0.006454051193618259
176.864,0.03200000000001069,-0.0010903182525517528,0.11217345604465993,0.00857021854624873,0.0030105042185668363
176.89600000000002,0.03200000000001069,-0.0556596143237439,-0.26171134819010733,-0.018751561011273867,-0.027321779557522595
176.928,0.031999999999982265,0.00617052402513233,-0.028767559200989223,-0.0031980831442005595,0.015553477867073309
176.96,0.03200000000001069,0.0011630717495481858,0.38057228471234067,0.027802749628191147,0.031000832772391705
176.992,0.031999999999982265,-0.10522252098187033,-0.40787057708532326,-0.028389867526635772,-0.056192617154826915
177.024,0.03200000000001069,-0.0015452561331374146,-0.05793411242862616,-0.005899408621638126,0.022490458904997648
177.056,0.03200000000001069,0.0005508619964803265,0.10247415436959972,0.007195405103810398,0.013094813725448524
177.088,0.031999999999982265,-0.004487125244552126,0.029768395676340705,0.0026045586617761338,-0.004590846442034264
177.12,0.03200000000001069,-0.008458376203206963,0.15349635559945327,0.011438515527941426,0.008833956866165293
177.15200000000002,0.03200000000001069,-0.025094159907160175,-0.027546166088195347,-0.0013654163405472368,-0.012803931868488664
177.184,0.031999999999982265,-0.016387343755589128,-0.12363839906298621,-0.009171220097831724,-0.007805803757284488
177.216,0.03200000000001069,-0.040407888230183,-0.12570508100452052,-0.009773826208362878,-0.000602606110531154
177.248,0.031999999999982265,0.001347211783568605,0.24588717080538466,0.017518364261789952,0.02729219047015283
177.28,0.03200000000001069,-0.05308590496013738,-0.47801024377328194,-0.03414166258477547,-0.05166002684656542
177.312,0.03200000000001069,0.0009373791949634705,0.02128833294692839,-0.0004054178689601671,0.0337362447158153
177.344,0.031999999999982265,0.001270341601718067,0.12353259468102468,0.009061210593755769,0.009466628462715936
177.376,0.03200000000001069,-0.0061230471656238804,-0.03323362438662822,-0.0019209129335586068,-0.010982123527314376
177.40800000000002,0.03200000000001069,0.003986720295124583,0.08558437866926775,0.0061830020603341855,0.008103914993892793
177.44,0.031999999999982265,-0.0014567599840104198,-0.016916463701741196,-0.0008871015652580424,-0.007070103625592228
177.472,0.03200000000001069,-0.0017431378887074042,-0.17207644575337205,-0.012705752351970849,-0.011818650786712806
177.504,0.031999999999982265,0.0004130707841215553,-0.2809295736283635,-0.021393115842378334,-0.008687363490407485
177.536,0.03200000000001069,-0.00283255375336351,0.04747020159130644,0.0022559645282423475,0.023649080370620683
177.568,0.03200000000001069,-0.001525172545941463,0.09335459025999779,0.006995552464676278,0.00473958793643393
177.6,0.031999999999982265,-0.0017804616883300183,-0.07625423466682865,-0.0052039068967537705,-0.012199459361430048
177.632,0.03200000000001069,-0.004438832023700374,0.20074676113209097,0.014462545537442218,0.01966645243419599
177.66400000000002,0.03200000000001069,0.004712545442239206,0.06313258861046357,0.00547769428278833,-0.008984851254653887
177.696,0.031999999999982265,0.00528647107339498,0.07213023932115248,0.005620696376904053,0.00014300209411572274
177.728,0.03200000000001069,0.0033077396290685335,0.015676862183312556,0.0014773576142949137,-0.004143338762609139
177.76,0.031999999999982265,-0.0028360827386318967,-0.16069530075000438,-0.011732282322605005,-0.01320963993689992
177.792,0.03200000000001069,0.000902273680163011,0.018247713464996738,0.0006646471423556265,0.012396929464960632
177.824,0.03200000000001069,0.0018813444501858288,-0.1484918384067025,-0.010881753963814777,-0.011546401106170404
177.856,0.031999999999982265,-0.0022615406229522326,-0.2596933794006582,-0.019726103563925044,-0.008844349600110267
177.888,0.03200000000001069,-0.001524699239556938,0.07177909198877265,0.004139880915656088,0.02386598447958113
177.92000000000002,0.03200000000001069,0.0009268685839896306,0.1104962843873958,0.008364913289173836,0.004225032373517748
177.952,0.031999999999982265,0.0020043865318171055,-0.007909814983154038,-9.879085535759493e-05,-0.008463704144531431
177.984,0.03200000000001069,-0.003534143859625675,-0.00778691163045955,-0.0005783543500452465,-0.00047956349468765154
178.016,0.031999999999982265,0.0020870571271648544,0.08334635305749699,0.0060959218188492035,0.00667427616889445
178.048,0.03200000000001069,0.002196140834471133,0.007282946662682661,0.0008875014921664424,-0.005208420326682761
178.08,0.03200000000001069,7.628994419844243e-05,0.09067945753408828,0.006719822489001245,0.005832320996834802
178.112,0.031999999999982265,-0.03349261981166372,-0.28334042153917716,-0.02044898962239382,-0.027168812111395067
178.144,0.03200000000001069,-0.001499540989789444,0.034868085153995476,0.0013837055670257628,0.021832695189419583
178.17600000000002,0.03200000000001069,-0.004063138235551375,-0.32854179888235524,-0.02408115825946757,-0.025464863826493333
178.208,0.031999999999982265,-0.0027456009317824034,0.09489477804902385,0.0055884004129535085,0.02966955867242108
178.24,0.03200000000001069,-0.0013812605110214665,-0.08524537592511944,-0.005946351051695171,-0.01153475146464868
178.272,0.031999999999982265,-0.06868871965488574,-0.1155634570972442,-0.008841840173027275,-0.0028954891213321043
178.304,0.03200000000001069,-0.11038236310715534,-0.41135780760922347,-0.030761777625022052,-0.021919937451994775
178.336,0.03200000000001069,-0.12791985335372702,-0.3799579074987784,-0.02971803963335937,0.001043737991662682
178.368,0.031999999999982265,-0.09712173339172812,-0.4512526848422354,-0.034900819676012836,-0.0051827800426534655
178.4,0.03200000000001069,-0.12964289003832222,-0.5524041190206072,-0.04263871616901583,-0.007737896493002994
178.43200000000002,0.03200000000001069,0.0018750623758478262,0.01197565957127682,-0.0015808010458450215,0.04105791512317081
178.464,0.031999999999982265,-0.20145697609662305,-0.9416192924692406,-0.06933815423519847,-0.06775735318935346
178.496,0.03200000000001069,-0.18252164415698963,-1.0566284320163657,-0.08170752192167939,-0.01236936768648092
178.528,0.031999999999982265,-0.24488731523616902,-1.113901469925971,-0.08663346629169652,-0.00492594437001713
178.56,0.03200000000001069,-0.4132264209058628,-2.1671882190976564,-0.16437678262513886,-0.07774331633344234
178.592,0.03200000000001069,-0.08561768307485358,-0.45313074259348146,-0.04281265751979817,0.12156412510534069
178.624,0.031999999999982265,-0.41882798100531976,-2.2725256330528114,-0.16959358502764033,-0.12678092750784214
178.656,0.03200000000001069,-0.29349058854678295,-1.6495743835418584,-0.13110055506608,0.038493029961560316
178.68800000000002,0.03200000000001069,-0.34926723472935567,-1.9551459164265064,-0.15135018768593758,-0.02024963261985757
178.72,0.031999999999982265,-0.41708653730672385,-2.596939005653246,-0.19971678945335394,-0.04836660176741636
178.752,0.03200000000001069,-0.42024507132921324,-4.672474562531062,-0.35514430373966355,-0.1554275142863096
178.784,0.031999999999982265,-0.4258336657680825,-2.513322133974796,-0.20533243215255423,0.14981187158710932
178.816,0.03200000000001069,-0.4169527503102499,-4.611512302596406,-0.3509853112101898,-0.14565287905763555
178.848,0.03200000000001069,-0.41858995387766446,-4.719820165809256,-0.367358702390738,-0.016373391180548202
178.88,0.031999999999982265,-0.41630757886001496,-2.539090158749156,-0.20793254450109463,0.15942615788964334
178.912,0.03200000000001069,-0.003352581625248124,-0.10330585943064682,-0.019600890341521262,0.18833165415957337
178.94400000000002,0.03200000000001069,-0.42424539837915,-2.515918805567722,-0.18615278015044978,-0.16655188980892852
178.976,0.031999999999982265,-0.4181795059653521,-2.4216443742094222,-0.1888347041202769,-0.0026819239698271102
179.008,0.03200000000001069,-0.4174681897552611,-4.520746823707023,-0.34335799870873956,-0.15452329458846267
179.04,0.031999999999982265,-0.4226013290904065,-3.565140643711278,-0.28200299107939686,0.061355007629342706
179.072,0.03200000000001069,-0.4176865052254954,-4.630047601388081,-0.3567745219433304,-0.07477153086393357
179.104,0.03200000000001069,-0.4156236158413295,-2.0273587104198136,-0.16968868290523076,0.18708583903809967
179.136,0.031999999999982265,-0.4169700044315285,-2.4125285785486104,-0.18721386929175,-0.01752518638651923
179.168,0.03200000000001069,-0.41859966060470444,-2.547965220373866,-0.19818562345697086,-0.010971754165220865
179.20000000000002,0.03200000000001069,-0.420301015522091,-2.440278510777038,-0.1908997076916282,0.007285915765342654
179.232,0.031999999999982265,-0.4210069328744956,-2.390083920593874,-0.18678777696218576,0.004111930729442437
179.264,0.03200000000001069,-0.4182740720441293,-3.827040280915288,-0.2922244952074278,-0.10543671824524206
179.296,0.031999999999982265,-0.4187521319212494,-3.830778979841097,-0.29858620448440415,-0.006361709276976324
179.328,0.03200000000001069,-0.4243050583708221,-3.853283514131733,-0.3006084486433292,-0.002022244158925046
179.36,0.03200000000001069,-0.41304109520768983,-3.8130257827354264,-0.29776462824830413,0.002843820395025065
179.392,0.031999999999982265,-0.41530996331673087,-2.7242225268588034,-0.21752961906410664,0.08023500918419749
179.424,0.03200000000001069,-0.4172154647995683,-2.289585212818878,-0.18093439945464052,0.03659521960946613
179.45600000000002,0.03200000000001069,-0.42144723303529935,-2.765736222340457,-0.21383804426477054,-0.03290364481013003
179.488,0.031999999999982265,-0.419419836792995,-4.598285447193715,-0.35050362641135163,-0.1366655821465811
179.52,0.03200000000001069,-0.4208737198589466,-4.216935059065325,-0.3303486105161227,0.020155015895228945
179.552,0.031999999999982265,-0.41744831214193967,-4.222014851468228,-0.329558649119237,0.0007899613968856967
179.584,0.03200000000001069,-0.4173745425792876,-4.043162999317868,-0.3163602396585137,0.013198409460723315
179.616,0.03200000000001069,-0.42233369084646033,-4.005342033732341,-0.31281694527609016,0.003543294382423512
179.648,0.031999999999982265,-0.4169597353009021,-4.085072784039501,-0.3184758115959135,-0.005658866319823319
179.68,0.03200000000001069,-0.4184921069484333,-4.155125147498572,-0.32395415940589534,-0.005478347809981854
179.71200000000002,0.03200000000001069,-0.2814736361594173,-1.7346856603676322,-0.1462707512502765,0.17768340815561884
179.744,0.031999999999982265,-0.37256049834857596,-4.512893048444501,-0.3403232525500785,-0.194052501299802
179.776,0.03200000000001069,-0.25653429077091455,-1.5551085771974107,-0.13400958453075615,0.20631366801932235
179.808,0.031999999999982265,-0.419371182873431,-4.690739574382875,-0.3526943005029798,-0.21868471597222364
179.84,0.03200000000001069,-0.42304067547357926,-4.458444342089717,-0.34823572348761256,0.004458577015367227
179.872,0.03200000000001069,-0.4188832938982827,-4.350660611639163,-0.34005189399742153,0.00818382949019103
179.904,0.031999999999982265,-0.2656755891488463,-3.7306316905367,-0.2939823817711925,0.046069512226229015
179.936,0.03200000000001069,-0.41426229829446953,-4.411746093223632,-0.34141213876408427,-0.04742975699289176
179.96800000000002,0.03200000000001069,-0.26358394128069135,-1.7520549470764142,-0.14855592557774822,0.19285621318633606
180.0,0.031999999999982265,-0.41794782412261555,-4.651767664597825,-0.3506680442841857,-0.20211211870643747
180.032,0.03200000000001069,-0.3550541859131935,-3.6166018586410047,-0.28620946267128183,0.06445858161290385
180.064,0.031999999999982265,-0.3699858489342225,-2.305480688225623,-0.18606818035171194,0.1001412823195699
180.096,0.03200000000001069,-0.42168822616382373,-3.0599791597450885,-0.23577310496552303,-0.0497049246138111
180.12800000000001,0.03200000000001069,-0.4225107737326764,-4.636884494687877,-0.3546084999327704,-0.11883539496724735
180.16,0.031999999999982265,-0.41594559973143685,-4.652891701644436,-0.3626459313201692,-0.008037431387398819
180.192,0.03200000000001069,-0.41832841129340365,-2.5007817407647623,-0.2048432708377037,0.1578026604824655
180.224,0.031999999999982265,-0.4227158590301786,-5.016805320752787,-0.3807624127342538,-0.1759191418965501
180.256,0.03200000000001069,-0.41747701587302977,-2.400163348735813,-0.1984896192625535,0.1822727934717003
180.288,0.03200000000001069,-0.4241839808230912,-2.5066323739426477,-0.1957969352157488,0.0026926840468046997
180.32,0.031999999999982265,-0.415447331394949,-2.5082216478797084,-0.1957583646142132,3.8570601535614646e-05
180.352,0.03200000000001069,-0.4177231037559899,-2.3250748181607888,-0.18228747862795602,0.013470885986257175
180.38400000000001,0.03200000000001069,-0.4200157109405033,-2.390602527498328,-0.18632873938970976,-0.004041260761753734
180.416,0.031999999999982265,-0.4107004117066931,-4.576153180162858,-0.3472879276793484,-0.16095918828963865
180.448,0.03200000000001069,-0.415143649877111,-4.6352022022351145,-0.3609224316416681,-0.013634503962319688
180.48,0.031999999999982265,-0.41995425314467627,-2.5417246519610477,-0.20775472575376944,0.15316770588789866
180.512,0.03200000000001069,-0.41105504689703204,-4.622356451581482,-0.35192262915856676,-0.14416790340479732
180.544,0.03200000000001069,-0.4186040044831894,-2.4737239739796975,-0.2022343901948207,0.14968823896374606
180.576,0.031999999999982265,-0.41297917985102883,-2.496974703678581,-0.19530289012954222,0.006931500065278484
180.608,0.03200000000001069,-0.12083659369095665,-1.0586757119666084,-0.08912990739213848,0.10617298273740373
180.64000000000001,0.03200000000001069,-0.41576911419325363,-2.4064199698999946,-0.1821140570085912,-0.09298414961645272
180.672,0.031999999999982265,-0.3988416714794995,-2.4438440527064547,-0.1902341217427709,-0.0081200647341797
180.704,0.03200000000001069,-0.39756316348124365,-4.496821486107957,-0.3416793110513335,-0.15144518930856257
180.736,0.031999999999982265,-0.4075459156808971,-4.5424224917819815,-0.35377561045427847,-0.012096299402944988
180.768,0.03200000000001069,-0.42414844861201323,-2.4377745206949424,-0.19969763015896091,0.15407798029531755
180.8,0.03200000000001069,-0.10331895352426437,-0.9757337323656661,-0.08328403971469704,0.11641359044426387
180.832,0.031999999999982265,-0.24129084756282593,-1.5888997357235344,-0.12165595726574287,-0.038371917551045825
180.864,0.03200000000001069,-0.42163325409154345,-2.394879989903794,-0.183143103129681,-0.06148714586393812
180.89600000000002,0.03200000000001069,-0.4206140806891783,-2.3949065279837223,-0.18669465097371096,-0.003551547844029973
180.928,0.031999999999982265,-0.3945950818627018,-4.471174962354886,-0.3395889295020774,-0.15289427852836646
180.96,0.03200000000001069,-0.39604585628843186,-2.1168777923339017,-0.17527982806243805,0.16430910143963937
180.992,0.031999999999982265,-0.4149832982444068,-2.552516486140723,-0.19783138337768325,-0.022551555315245192
181.024,0.03200000000001069,-0.4162080140319786,-2.3765606865433093,-0.1861934345120452,0.011637948865638043
181.056,0.03200000000001069,-0.07465944971222628,-0.7305098418806043,-0.06447063450305632,0.12172280000898889
181.088,0.031999999999982265,-0.42259462062309244,-2.5744956482196257,-0.19305082337877078,-0.12858018887571446
181.12,0.03200000000001069,-0.42004525120704905,-2.4145951269152075,-0.18871451855181223,0.0043363048269585425
181.15200000000002,0.03200000000001069,-0.40253337677507167,-2.3606526115982662,-0.18449724287847027,0.004217275673341958
181.184,0.031999999999982265,-0.40071766197903264,-4.5427535377041695,-0.3447259798031893,-0.16022873692471903
181.216,0.03200000000001069,-0.4080956871647163,-2.608145768761952,-0.21170434349959225,0.13302163630359706
181.248,0.031999999999982265,-0.4181948516078513,-2.0663594529912817,-0.16418203872911175,0.0475223047704805
181.28,0.03200000000001069,-0.41853452340292774,-2.4137566912381003,-0.18698629148701668,-0.02280425275790493
181.312,0.03200000000001069,-0.20125379491765383,-1.122636291000584,-0.0933534732915055,0.09363281819551117
181.344,0.031999999999982265,-0.4177418383544798,-2.8615976973223765,-0.21583175274718402,-0.12247827945567852
181.376,0.03200000000001069,-0.4174460892194972,-2.4302013525266846,-0.19117732596214324,0.02465442678504079
181.40800000000002,0.03200000000001069,-0.3949448031151063,-3.0937443019501876,-0.23855114743568684,-0.047373821473543604
181.44,0.031999999999982265,-0.3945070449998538,-4.482467637593758,-0.3434130231159562,-0.10486187568026933
181.472,0.03200000000001069,-0.4023642834170676,-3.404543188621837,-0.27019579436445523,0.07321722875150094
181.504,0.031999999999982265,-0.4121898640159085,-2.4384882611829934,-0.19492513309009343,0.0752706612743618
181.536,0.03200000000001069,-0.3919658330538622,-2.0585837226695824,-0.16264156141677494,0.032283571673318495
181.568,0.03200000000001069,-0.08570219527281583,-0.961482294830599,-0.08009677309477624,0.0825447883219987
181.6,0.031999999999982265,-0.23266544835637493,-1.564497555335043,-0.11967741743009577,-0.039580644335319534
181.632,0.03200000000001069,-0.4181730928807353,-2.353004711537869,-0.17994936639362363,-0.06027194896352786
181.66400000000002,0.03200000000001069,-0.41594224261674817,-2.302516236454586,-0.1797158765313708,0.00023348986225282808
181.696,0.031999999999982265,-0.4095735691528852,-2.5447131616873713,-0.1975136141171126,-0.017797737585741796
181.728,0.03200000000001069,-0.39604086164550806,-3.9585900270083454,-0.30251788601928803,-0.10500427190217543
181.76,0.031999999999982265,-0.4022429336315022,-3.558805522354628,-0.27917944277686196,0.023338443242426066
181.792,0.03200000000001069,-0.4148136356882962,-2.1894479713789305,-0.17712927150748398,0.10205017126937799
181.824,0.03200000000001069,-0.13742252672903044,-0.8559484508238993,-0.07317215244574747,0.1039571190617365
181.856,0.031999999999982265,-0.194442175305427,-1.2167480164681117,-0.09370408561097393,-0.02053193316522646
181.888,0.03200000000001069,-0.13805882081829599,-1.1646917102819934,-0.09106114263028445,0.0026429429806894833
181.92000000000002,0.03200000000001069,-0.12209699909228716,-0.9413963220681291,-0.07448737454279322,0.016573768087491225
181.952,0.031999999999982265,-0.4024288898536756,-2.626012282708123,-0.1974176255128854,-0.12293025097009216
181.984,0.03200000000001069,-0.41667561294122385,-2.271129834345499,-0.1784161399009497,0.01900148561193568
182.016,0.031999999999982265,-0.417740765903134,-2.4785240555416688,-0.1925710196620028,-0.01415487976105309
182.048,0.03200000000001069,-0.4172089132687812,-2.4503835750466743,-0.19131871050752658,0.0012523091544762166
182.08,0.03200000000001069,-0.42159118204056484,-2.465083268938606,-0.19232743467326183,-0.0010087241657352475
182.112,0.031999999999982265,-0.4172752034098399,-2.378981816921923,-0.18605374710548858,0.006273687567773245
182.144,0.03200000000001069,-0.1876534005131159,-1.0847116224751088,-0.09051064965089846,0.09554309745459012
182.17600000000002,0.03200000000001069,-0.13382386336857954,-1.056110545487295,-0.08289170506421902,0.007618944586679444
182.208,0.031999999999982265,-0.12120096933278021,-0.8433576648547484,-0.06680597538830418,0.01608572967591483
182.24,0.03200000000001069,-0.1366060365844955,-1.040648564099723,-0.08038617846591717,-0.013580203077612985
182.272,0.031999999999982265,-0.1300107154073966,-0.9824211084241083,-0.07688809078686963,0.0034980876790475374
182.304,0.03200000000001069,-0.027058616081210105,-0.5883958795367933,-0.047709444830451975,0.029178645956417656
182.336,0.03200000000001069,-0.13062380876489663,-1.033773349203137,-0.07877814850676876,-0.031068703676316783
182.368,0.031999999999982265,-0.055248952917958505,-0.7042990284016242,-0.05634209993965566,0.0224360485671131
182.4,0.03200000000001069,0.000372360947794844,-0.4730085475423149,-0.03803773319568647,0.018304366743969187
182.43200000000002,0.03200000000001069,-0.11645124713392842,-1.1282478357273134,-0.08516748465111981,-0.04712975145543334
182.464,0.031999999999982265,-0.005756606944422053,-0.6415938221562449,-0.05209959535279997,0.033067889298319844
182.496,0.03200000000001069,0.00011438672632173766,-0.4107551524626291,-0.03321468854350471,0.018884906809295256
182.528,0.031999999999982265,-0.12933915067008378,-1.19335428223903,-0.08967699755446987,-0.056462309010965155
182.56,0.03200000000001069,0.000568808404200027,-0.6316391092599408,-0.051627853532887166,0.0380491440215827
182.592,0.03200000000001069,-0.005251150349326836,-0.2777946275240209,-0.02340950820321645,0.028218345329670717
182.624,0.031999999999982265,0.0010027917958937845,-0.652229063684793,-0.04931648239625812,-0.02590697419304167
182.656,0.03200000000001069,-0.06543866764992193,-0.7873327259256272,-0.060747622047851876,-0.011431139651593758
182.68800000000002,0.03200000000001069,-0.0013886287628845642,-0.4229990706704258,-0.034614351667744486,0.02613327038010739
182.72,0.031999999999982265,-0.13678379531993265,-1.2593612059437738,-0.09461196293594303,-0.05999761126819854
182.752,0.03200000000001069,-0.043088090938089525,-0.530742267531427,-0.044492767939119146,0.05011919499682388
182.784,0.031999999999982265,-0.08789557951270942,-0.7444505920265513,-0.057315591620735386,-0.01282282368161624
182.816,0.03200000000001069,7.763360014559988e-05,-0.3494596085816196,-0.029008115017200832,0.028307476603534554
182.848,0.03200000000001069,-0.129479745839441,-0.9213538678297979,-0.06943118385926611,-0.04042306884206528
182.88,0.031999999999982265,-0.1148243290706156,-1.1690620208896676,-0.08998128402847415,-0.020550100169208038
182.912,0.03200000000001069,-0.011318844837303648,-0.3945524748441548,-0.03421001491443646,0.05577126911403769
182.94400000000002,0.03200000000001069,-0.12245651869263409,-0.918629014349249,-0.06953109840102085,-0.035321083486584394
182.976,0.031999999999982265,-0.02430560805237673,-0.5567504881132405,-0.04495752319150183,0.024573575209519027
183.008,0.03200000000001069,-0.07885522754429396,-0.7782513544302766,-0.05982813723603512,-0.014870614044533291
183.04,0.031999999999982265,-0.11482766604489439,-0.9333115363564767,-0.07208976497181675,-0.012261627735781634
183.072,0.03200000000001069,-0.06061614501306131,-0.7595261247665017,-0.06001739890199866,0.01207236606981809
183.104,0.03200000000001069,-0.05933424864840973,-0.41422400586377545,-0.033926876305474654,0.02609052259652401
183.136,0.031999999999982265,-0.13959415864231833,-0.9009994666958996,-0.06821827214264577,-0.03429139583717111
183.168,0.03200000000001069,-0.10903242952820688,-0.9600164372628393,-0.07453800418405766,-0.006319732041411896
183.20000000000002,0.03200000000001069,-0.01151178286137228,-0.48973954522205987,-0.04031856732655869,0.034219436857498974
183.232,0.031999999999982265,-0.12975544162097696,-0.9266270819008071,-0.07047191919783466,-0.03015335187127597
183.264,0.03200000000001069,-0.0033941873960008505,-0.40716992046971434,-0.034011647083395685,0.036460272114438974
183.296,0.031999999999982265,-0.12790292847113577,-1.1246381626908344,-0.0846696062399838,-0.05065795915658812
183.328,0.03200000000001069,0.0013708037553999313,-0.34483517906744043,-0.030247155461525788,0.05442245077845802
183.36,0.03200000000001069,-0.1290299278543959,-1.039983221877761,-0.07822674208817905,-0.04797958662665326
183.392,0.031999999999982265,-0.12105581062948806,-0.9928139686590883,-0.07752772181190681,0.0006990202762722358
183.424,0.03200000000001069,0.0009390593268487385,-0.5204901711899108,-0.04275256896692584,0.03477515284498097
183.45600000000002,0.03200000000001069,-0.058935623653568935,-0.7549324220264,-0.05798596769123671,-0.01523339872431087
183.488,0.031999999999982265,-0.06860713394314878,-0.4203846359807375,-0.03426265778926006,0.02372330990197665
183.52,0.03200000000001069,-0.13356040448958434,-0.975545263078602,-0.07371977124894626,-0.039457113459686194
183.552,0.031999999999982265,-0.13501350807535858,-0.7776887681305337,-0.061447182568095046,0.01227258868085121
183.584,0.03200000000001069,-0.10118814838262502,-0.8778005308000114,-0.06810093904368039,-0.006653756475585346
183.616,0.03200000000001069,-0.1322366228926424,-0.8708403613445705,-0.06797320183070008,0.0001277372129803167
183.648,0.031999999999982265,-0.025558146949861287,-0.36928847078750837,-0.031081588044168846,0.03689161378653123
183.68,0.03200000000001069,-0.24431334764634102,-1.5630905447738352,-0.11674434412329075,-0.08566275607912191
183.71200000000002,0.03200000000001069,-0.07114362720619026,-0.6675422809366033,-0.05583075386625875,0.060913590257032
183.744,0.031999999999982265,-0.032920793528243786,-0.5988550113124473,-0.047262991108799855,0.008567762757458894
183.776,0.03200000000001069,-0.03784373771492357,-0.49031990564107725,-0.038786685811257916,0.008476305297541939
183.808,0.031999999999982265,-0.02337075396900079,-0.5532324777860552,-0.04292396132871692,-0.004137275517459002
183.84,0.03200000000001069,-0.13756996472293945,-0.9979318081238028,-0.0758660919081369,-0.03294213057941998
183.872,0.03200000000001069,-0.0016608077257551249,-0.3601472075748178,-0.030864986742366908,0.04500110516576999
183.904,0.031999999999982265,-0.1292829185467775,-1.089861239397596,-0.08193044962423547,-0.05106546288186856
183.936,0.03200000000001069,0.0014959144240380467,-0.41616353483674606,-0.03533452991555897,0.0465959197086765
183.96800000000002,0.03200000000001069,-0.007075909882189346,-0.4066151543338043,-0.03194240037634344,0.003392129539215534
184.0,0.031999999999982265,-0.0022403526143187445,-0.3475668055752081,-0.02740414692385922,0.004538253452484219
184.032,0.03200000000001069,-0.12547436375687643,-0.9068583596209882,-0.06827258530344298,-0.04086843837958376
184.064,0.031999999999982265,-0.008473422218789677,-0.15538948730874114,-0.015368691481978518,0.05290389382146446
184.096,0.03200000000001069,-0.0019193762897307405,-0.4176506186678722,-0.031601341482661076,-0.01623265000068256
184.12800000000001,0.03200000000001069,-0.05300839846612201,-0.6775734897042156,-0.05165322420709696,-0.020051882724435886
184.16,0.031999999999982265,-0.0005826656252186532,-0.4124475569048367,-0.033313379754920415,0.018339844452176547
184.192,0.03200000000001069,-0.00037342003137821335,-0.4846239316576412,-0.0375625043951503,-0.004249124640229883
184.22400000000002,0.03200000000001069,-0.006024745426094099,-0.4570598383247832,-0.035780732775038696,0.0017817716201116024
184.256,0.031999999999982265,-0.001493278708059539,-0.38308956217268153,-0.03023808187976812,0.005542650895270576
184.288,0.03200000000001069,0.0019061227928518453,-0.1927028717074003,-0.01591702941484176,0.014321052464926359
184.32,0.031999999999982265,-0.003774266860131799,-0.3106634604485874,-0.02376513667739654,-0.00784810726255478
184.352,0.03200000000001069,-0.0020778458156131617,-0.1120414442125723,-0.009611492609525561,0.01415364406787098
184.38400000000001,0.03200000000001069,-0.00465059864948734,-0.34430659673763436,-0.025875247715554633,-0.016263755106029072
184.416,0.031999999999982265,-0.0032496465363033595,-0.219939465389557,-0.017668152290503558,0.008207095425051075
184.448,0.03200000000001069,0.04737451646047568,-0.1690076531744737,-0.013448827233601924,0.004219325056901634
184.48,0.031999999999982265,0.06699214258776438,0.003017394000250152,-0.000554488555532237,0.012894338678069687
184.512,0.03200000000001069,0.09660535978200745,0.02945544827628923,0.002134150225047538,0.002688638780579775
184.544,0.03200000000001069,0.005012702737198578,-0.39310079093407463,-0.028785518679762635,-0.030919668904810172
184.576,0.031999999999982265,0.02981505272675612,-0.22649117070861025,-0.01831797344258155,0.010467545237181086
184.608,0.03200000000001069,0.08657613039145914,0.13886105981174698,0.009154394077020183,0.027472367519601734
184.64000000000001,0.03200000000001069,-0.001330915151308127,-0.317680052263055,-0.022833788271260053,-0.031988182348280235
184.672,0.031999999999982265,-0.0001516274933880004,-0.43028237985758955,-0.0329612372150705,-0.010127448943810447
184.704,0.03200000000001069,0.12360206669430751,0.33312334502194113,0.02259514441889328,0.05555638163396378
184.736,0.031999999999982265,0.002580329851766741,-0.13296527434208308,-0.00847389954208353,-0.03106904396097681
184.768,0.03200000000001069,0.04975907386128522,0.10387912955604053,0.007150104310597512,0.015624003852681043
184.8,0.03200000000001069,-0.002542161208073115,-0.25099524798642503,-0.0180454784602593,-0.02519558277085681
184.832,0.031999999999982265,-0.00416357763314909,-0.28104949657659534,-0.021710192467120082,-0.0036647140068607822
184.864,0.03200000000001069,0.0013045900096763073,-0.16206516668474202,-0.013171618456495901,0.00853857401062418
184.89600000000002,0.03200000000001069,-0.008901911666027863,-0.08173335151068417,-0.0067710745697185945,0.006400543886777307
184.928,0.031999999999982265,0.0014564990398432964,-0.1659319020989292,-0.012593557555240349,-0.005822482985521754
184.96,0.03200000000001069,0.027127236587780535,-0.07166463563763438,-0.005997248001066191,0.006596309554174158
184.992,0.031999999999982265,0.048046396925410524,0.22223727422233278,0.015997163887446375,0.021994411888512568
185.024,0.03200000000001069,2.695474309429312e-05,0.09307108468940521,0.007767970167748979,-0.008229193719697396
185.056,0.03200000000001069,0.004308894817233004,0.09300773201806557,0.0072882474334276005,-0.00047972273432137814
185.088,0.031999999999982265,-0.0018001675433465913,0.04012743104490056,0.0033717241712120333,-0.003916523262215567
185.12,0.03200000000001069,0.002991100480511263,-0.22100760888094664,-0.016058303089170847,-0.01943002726038288
185.15200000000002,0.03200000000001069,0.0005279082738652654,-0.05217107841325556,-0.0047637039519234205,0.011294599137247428
185.184,0.031999999999982265,-0.0008794969812241578,-0.08591970688990687,-0.006593558941915483,-0.0018298549899920628
185.216,0.03200000000001069,0.009835987788442992,-0.03327635757263252,-0.002827790950289467,0.0037657679916260163
185.248,0.031999999999982265,0.047627094596374604,0.163273883917159,0.011843952641651842,0.01467174359194131
185.28,0.03200000000001069,0.0005536549810242565,0.11906598680727241,0.009439880102292183,-0.0024040725393596595
185.312,0.03200000000001069,0.0047588928800267735,0.15563257866915434,0.011990210659615655,0.002550330557323472
185.344,0.031999999999982265,-0.0013449659361445673,-0.055264739014229604,-0.0033719976207112305,-0.015362208280326885
185.376,0.03200000000001069,0.00016798020528014426,-0.08726735983040418,-0.006612323721331262,-0.0032403261006200314
185.40800000000002,0.03200000000001069,0.006732200335736435,0.32787564988753115,0.023730326207257398,0.03034264992858866
185.44,0.031999999999982265,0.0009038152575680951,0.17230688643831868,0.014041417304825396,-0.009688908902432002
185.472,0.03200000000001069,0.0028522080240380573,-0.17673347551641566,-0.012186421748207657,-0.026227839053033053
185.504,0.031999999999982265,-0.001751008600590685,0.03364921398678761,0.0017710599289928366,0.013957481677200493
185.536,0.03200000000001069,0.0012865004433386946,0.13094885035756798,0.009732249772159682,0.007961189843166846
185.568,0.03200000000001069,-0.0020268801139950313,0.04881094858617533,0.004151402019217582,-0.0055808477529421
185.6,0.031999999999982265,-0.10164492944450232,-0.5138890611223436,-0.037551861342642864,-0.04170326336186045
185.632,0.03200000000001069,0.002718679888031451,0.2893444706104174,0.01911062358114743,0.05666248492379029
185.66400000000002,0.03200000000001069,-0.014132820621304328,0.017345221637956633,0.0023788102036444597,-0.016731813377502968
185.696,0.031999999999982265,0.000394955543958208,-0.05401009632733887,-0.0038345881980789798,-0.006213398401723439
185.728,0.03200000000001069,-0.018269306123017196,0.032526612580657165,0.002170647216146872,0.006005235414225852
185.76,0.031999999999982265,0.0006037147080273054,-0.047126496982016326,-0.0033403838003633643,-0.005511031016510236
185.792,0.03200000000001069,-0.002500585602963664,0.04268527912343643,0.002946247818808,0.006286631619171364
185.824,0.03200000000001069,-0.0016078394950976326,-0.00703904217306303,-0.0003475685862111155,-0.0032938164050191157
185.856,0.031999999999982265,-0.003263644477222852,0.24585295991043646,0.01806001754451101,0.018407586130722124
185.888,0.03200000000001069,0.0017167289708684408,-0.10476989915774065,-0.006662213956853912,-0.024722231501364923
185.92000000000002,0.03200000000001069,-0.0052336496016614385,0.18772879137231946,0.013421014370950812,0.020083228327804722
185.952,0.031999999999982265,0.0028923318518282864,0.2415290786056741,0.018536885930789122,0.00511587155983831
185.984,0.03200000000001069,0.0008011272209955201,-0.0422525999818246,-0.0020371484428706533,-0.020574034373659775
186.016,0.031999999999982265,0.10402828863514911,0.28137096007133594,0.020574481434305226,0.022611629877175878
186.048,0.03200000000001069,0.09729986176066642,0.40001012263449093,0.030604580861922377,0.01003009942761715
186.08,0.03200000000001069,0.12730060040179839,0.6270043143167604,0.04787681352356005,0.01727223266163767
186.112,0.031999999999982265,0.06230120129285915,0.4889300600838952,0.0387199116561178,-0.009156901867442245
186.144,0.03200000000001069,0.1334951650281465,0.5214557062022772,0.04058323553848578,0.0018633238823679774
186.17600000000002,0.03200000000001069,0.13281386783120708,0.6609766801384457,0.05095120753317819,0.010367971994692408
186.208,0.031999999999982265,0.1323482274709879,0.5099279993338086,0.0404415867956577,-0.010509620737520486
186.24,0.03200000000001069,0.1393583333351241,0.6859201772786472,0.05277738071137215,0.012335793915714446
186.272,0.031999999999982265,0.13477706950208476,0.5897104816346391,0.04641423190859437,-0.006363148802777781
186.304,0.03200000000001069,0.41404066978171084,2.0199953337285654,0.1512303651843515,0.10481613327575715
186.336,0.03200000000001069,0.029166519434350578,0.13429346420406663,0.018606361293850755,-0.13262400389050075
186.368,0.031999999999982265,0.41430242263348954,2.1062882072205067,0.1559710399202956,0.13736467862644483
186.4,0.03200000000001069,0.11441279766620965,0.6555116062311112,0.057210536297142456,-0.09876050362315314
186.43200000000002,0.03200000000001069,0.16256180941193726,0.9974960772298342,0.0766587989574269,0.019448262660284446
186.464,0.031999999999982265,0.17137615585907867,1.1247819336716578,0.08714215993919973,0.010483360981772827
186.496,0.03200000000001069,0.33578030656173574,1.7595072149307882,0.13442519565252684,0.04728303571332711
186.528,0.031999999999982265,0.13577061907949806,0.9604182852859641,0.07838962081726707,-0.05603557483525977
186.56,0.03200000000001069,0.4193327480714625,2.680873836169571,0.2016774296595915,0.12328780884232445
186.592,0.03200000000001069,0.41579572778991186,2.449112595757684,0.1917509470540126,-0.009926482605578907
186.624,0.031999999999982265,0.4260934816028549,2.607738743380211,0.20284330319294092,0.011092356138928311
186.656,0.03200000000001069,0.39627324565004257,4.272950001973157,0.32594366781729783,0.12310036462435692
186.68800000000002,0.03200000000001069,0.4141128499847277,2.4530047583848833,0.19921095290641727,-0.12673271491088056
186.72,0.031999999999982265,0.4149259424116317,2.6423104585870383,0.20581637421816265,0.00660542131174538
186.752,0.03200000000001069,0.07090148083587393,0.684436596697324,0.06221521182957653,-0.1436011623885861
186.784,0.031999999999982265,0.2016853446582494,1.4250556831373242,0.1083905445229844,0.046175332693407865
186.816,0.03200000000001069,0.1351653681104042,0.9905365431705531,0.07910156792330458,-0.029288976599679814
186.848,0.03200000000001069,0.3192767472639721,1.9829207289271384,0.15039090011376177,0.07128933219045719
186.88,0.031999999999982265,0.4211418452295744,2.509269621729982,0.1932141843152879,0.04282328420152612
186.912,0.03200000000001069,0.40167648491794644,2.2082000662181716,0.17354560971508107,-0.019668574600206823
186.94400000000002,0.03200000000001069,0.40156740645816436,2.9329632448440806,0.22570940935949546,0.052163799644414394
186.976,0.031999999999982265,0.4012641625186068,2.9129335529599714,0.2272477893298408,0.0015383799703453382
187.008,0.03200000000001069,0.4206997399056297,2.577557205759391,0.20267294604966288,-0.02457484328017792
187.04,0.031999999999982265,0.16642991512985753,1.1870225096837976,0.09899402649895447,-0.1036789195507084
187.072,0.03200000000001069,0.13813250541985045,1.2923997879151237,0.10075820699491123,0.001764180495956752
187.104,0.03200000000001069,0.13548283412753795,0.8283712125401098,0.06673528497066591,-0.03402292202424531
187.136,0.031999999999982265,0.13531361452053237,1.172034520061741,0.09004425053417515,0.02330896556350924
187.168,0.03200000000001069,0.21200372055009248,1.255338647646872,0.0975160600320782,0.007471809497903048
187.20000000000002,0.03200000000001069,0.425103204841571,2.7639258891053844,0.20888924814168006,0.11137318810960185
187.232,0.031999999999982265,0.41850104124356574,2.63784135161849,0.20604643413808713,-0.0028428140035929306
187.264,0.03200000000001069,0.416466078476448,2.508666678937608,0.19638278641976809,-0.00966364771831904
187.296,0.031999999999982265,0.41212106950300015,2.2999978717968816,0.18047936160732456,-0.01590342481244353
187.328,0.03200000000001069,0.4180182056032345,2.3657080672514064,0.1843936142162933,0.0039142526089687435
187.36,0.03200000000001069,0.13658940391421504,0.8366793133432014,0.07217445951632531,-0.11221915469996799
187.392,0.031999999999982265,0.13413231579380364,1.0346219244851331,0.08025289566152732,0.008078436145202011
187.424,0.03200000000001069,0.2511967513926013,1.4512501707083747,0.11135819192547974,0.03110529626395242
187.45600000000002,0.03200000000001069,0.1364293970291918,0.8144300278301111,0.06632197444415448,-0.04503621748132526
187.488,0.031999999999982265,0.15417404843433766,1.2068850589755986,0.0925833070241403,0.02626133257998582
187.52,0.03200000000001069,0.41906678345219844,2.72315092986599,0.20560588512133693,0.11302257809719662
187.552,0.031999999999982265,0.4156660000963866,2.4264746762908147,0.19031293543984878,-0.015292949681488144
187.584,0.03200000000001069,0.41881054588022243,2.274845052423654,0.17827921067391783,-0.012033724765930953
187.616,0.03200000000001069,0.3966481113234132,4.440391757716493,0.3368393100526194,0.15856009937870158
187.648,0.031999999999982265,0.4183098592292202,2.1617498700746345,0.1784209978280586,-0.15841831222456082
187.68,0.03200000000001069,0.36950775303982014,2.3018623386441726,0.1795795574304455,0.0011585596023869216
187.71200000000002,0.03200000000001069,0.11838403304260188,0.6639085112876064,0.059190944541146207,-0.1203886128892993
187.744,0.031999999999982265,0.36544842693184953,2.4052853779584678,0.1803022701443791,0.1211113256032329
187.776,0.03200000000001069,0.42078349407259014,2.535978146839926,0.1969050911092266,0.016602820964847498
187.808,0.031999999999982265,0.4213752555703135,2.6429219249967457,0.20572822632133317,0.008823135212106564
187.84,0.03200000000001069,0.41223937479687567,2.3583987176756445,0.18531367666847265,-0.02041454965286052
187.872,0.03200000000001069,0.4000039002634218,3.0846978576936714,0.23754736680970895,0.0522336901412363
187.904,0.031999999999982265,0.39084475494829024,4.514734083865778,0.34572795755341956,0.10818059074371061
187.936,0.03200000000001069,0.4223621760051282,2.4132101801820656,0.1974265794132593,-0.14830137814016026
187.96800000000002,0.03200000000001069,0.14286991972656357,1.0595076094330322,0.08931368394414184,-0.10811289546911747
188.0,0.031999999999982265,0.2798920209373926,1.7377139946236175,0.1329478773731261,0.043634193428984266
188.032,0.03200000000001069,0.4236792794930266,2.642819594018302,0.2020285099100019,0.0690806325368758
188.064,0.031999999999982265,0.4155095118062547,2.1877303920943927,0.1725491081316182,-0.029479401778383707
188.096,0.03200000000001069,0.4176820726300737,2.7169160965969184,0.2097637260244329,0.037214617892814716
188.12800000000001,0.03200000000001069,0.4132896115526674,4.239862275199085,0.32390989852392005,0.11414617249948714
188.16,0.031999999999982265,0.41210752142711415,3.9709101901947896,0.31072065454743836,-0.01318924397648169
188.192,0.03200000000001069,0.42156562817232174,2.2545855774590424,0.1837403508809223,-0.12698030366651605
188.22400000000002,0.03200000000001069,0.42335043815262713,2.457115005828608,0.1913039550867872,0.007563604205864882
188.256,0.031999999999982265,0.1905066434905623,0.9887992504408781,0.0837603217520228,-0.10754363333476438
188.288,0.03200000000001069,0.42192643562257887,2.730334770288157,0.2056248435698996,0.1218645218178768
188.32,0.031999999999982265,0.41574775473752407,2.2515225957471805,0.17744801426309395,-0.02817682930680565
188.352,0.03200000000001069,0.42057076808781185,2.53698180731779,0.19681412696825407,0.019366112705160116
188.38400000000001,0.03200000000001069,0.4068084529060487,2.1677256182459557,0.17077693101309274,-0.026037195955161324
188.416,0.031999999999982265,0.3977052829425398,4.73002162623288,0.3577056564993497,0.18692872548625697
188.448,0.03200000000001069,0.3988966060770325,3.494646929384046,0.27764714441359284,-0.08005851208575687
188.48,0.031999999999982265,0.4194052944940331,2.262492465342097,0.1824125219669633,-0.09523462244662953
188.512,0.03200000000001069,0.23723941887840277,1.632417466386491,0.13057885690032042,-0.05183366506664289
188.544,0.03200000000001069,0.001908916816293739,0.38256429686303983,0.03567206203337192,-0.0949067948669485
188.576,0.031999999999982265,0.41777153773722586,2.680093487520868,0.19915399736851486,0.16348193533514294
188.608,0.03200000000001069,0.41787187497599826,2.2535867399267815,0.17722625590977095,-0.021927741458743905
188.64000000000001,0.03200000000001069,0.41539256459852764,2.4274257613729993,0.18874454862936973,0.011518292719598783
188.672,0.031999999999982265,0.40521932781815645,4.437573354076075,0.3372361983196154,0.14849164969024564
188.704,0.03200000000001069,0.4072515540730196,3.233508640484621,0.2572612925551933,-0.07997490576442207
188.736,0.031999999999982265,0.42044794825009413,2.4707032784368597,0.1965475358944467,-0.060713756660746604
188.768,0.03200000000001069,0.0023321514478914143,0.5375320959425701,0.05087674008087298,-0.14567079581357373
188.8,0.03200000000001069,0.4180807555430601,2.4890415117751536,0.18598174384017052,0.13510500375929754
188.832,0.031999999999982265,0.23408217075537763,1.5950206824316842,0.12803473682499028,-0.05794700701518024
188.864,0.03200000000001069,0.4236044772729848,2.633342742765653,0.20104794904936535,0.07301321222437507
188.89600000000002,0.03200000000001069,0.416184557825519,2.254270844460645,0.17738590119608744,-0.023662047853277912
188.928,0.031999999999982265,0.4205502628188877,3.7115410716915815,0.2831878955824761,0.10580199438638865
188.96,0.03200000000001069,0.41962915351695,3.0203064889850446,0.23846219936882543,-0.04472569621365066
188.992,0.031999999999982265,0.42012965218925186,2.1642231758139427,0.1729236654153898,-0.06553853395343562
189.024,0.03200000000001069,0.1784464145979752,0.9637172682372448,0.08085470992707205,-0.09206895548831776
189.056,0.03200000000001069,0.12978219408155747,1.1437891672674576,0.08878218227387918,0.00792747234680713
189.088,0.031999999999982265,0.05661169107323497,0.7432804882438047,0.05978632896961317,-0.028995853304266017
189.12,0.03200000000001069,0.41857743875070597,2.335760052198367,0.17522373293421925,0.11543740396460608
189.15200000000002,0.03200000000001069,0.42232978459883846,2.548393638930487,0.19752494993998007,0.02230121700576082
189.184,0.031999999999982265,0.4186223535699144,2.291327634134369,0.17990768641250574,-0.017617263527474336
189.216,0.03200000000001069,0.3939520402847942,2.382767893715341,0.18561519543676705,0.005707509024261315
189.248,0.031999999999982265,0.41525946575066525,2.5198983665768724,0.19602929070412814,0.01041409526736109
189.28,0.03200000000001069,0.19165336965306032,1.1181309624144355,0.0935441944122059,-0.10248509629192223
189.312,0.03200000000001069,0.14220428437975163,1.0956155464534654,0.08597203552486005,-0.007572158887345859
189.344,0.031999999999982265,0.1096905302301055,0.8510113667175652,0.06754665499371822,-0.01842538053114183
189.376,0.03200000000001069,0.41689049025909425,2.5527874883197565,0.19163197620898847,0.12408532121527026
189.40800000000002,0.03200000000001069,0.4114721108527,2.5773721320774725,0.20060326764241274,0.008971291433424261
189.44,0.031999999999982265,0.42260589243724256,2.5067520974312605,0.19592775867999368,-0.004675508962419056
189.472,0.03200000000001069,0.420749310694646,2.474338177406803,0.1932741188388438,-0.002653639841149885
189.504,0.031999999999982265,0.42196636582848224,2.4773940321145016,0.19334565490535327,7.153606650947553e-05
189.536,0.03200000000001069,0.42105453357759454,2.34018019267539,0.183259047784681,-0.010086607120672275
189.568,0.03200000000001069,0.001671744835169897,0.23502183274462585,0.02786293464153555,-0.15539611314314544
189.6,0.031999999999982265,0.1752005249505376,1.2140926919687725,0.09089315308592277,0.06303021844438722
189.632,0.03200000000001069,0.0838804660964092,0.6503430883745748,0.053073555930800424,-0.03781959715512235
189.66400000000002,0.03200000000001069,0.13656012585969163,0.8899995497900893,0.06851465591967698,0.015441099988876557
189.696,0.031999999999982265,0.41398244579474336,2.354256186084116,0.17708782107523624,0.10857316515555926
189.728,0.03200000000001069,0.4175972521788496,2.384804133868069,0.18560215277335854,0.008514331698122296
189.76,0.031999999999982265,0.42022903389774696,2.450977335692398,0.19096006954107103,0.005357916767712495
189.792,0.03200000000001069,0.41752893185326484,4.158324974371437,0.31682810920438137,0.12586803966331034
189.824,0.03200000000001069,0.41353286948612605,2.11615251409357,0.17391252977048163,-0.14291557943389974
189.856,0.031999999999982265,0.0012585959971262559,0.3201427698008191,0.033583181767219236,-0.1403293480032624
189.888,0.03200000000001069,0.4060813458926674,2.4995513151933926,0.18575629599063537,0.15217311422341612
189.92000000000002,0.03200000000001069,0.26168702671399335,1.7107726449185807,0.13653414746810041,-0.04922214852253495
189.952,0.031999999999982265,0.41806275212750543,2.3744379821768677,0.18249869745104622,0.0459645499829458
189.984,0.03200000000001069,0.4183352142976967,2.6569136668429603,0.20592551436549725,0.023426816914451032
190.016,0.031999999999982265,0.4189069471149612,2.6591442639920606,0.20744196152147196,0.0015164471559747095
190.048,0.03200000000001069,0.41049795889708524,2.4403890031171405,0.19144219318366643,-0.01599976833780553
190.08,0.03200000000001069,0.41670344980245155,2.4142757604089544,0.18859816752891106,-0.002844025654755361
190.112,0.031999999999982265,0.011257085750567648,0.4389435841964837,0.043167608891504554,-0.1454305586374065
190.144,0.03200000000001069,0.4212696740593575,2.457231276366463,0.18319737088882881,0.14002976199732425
190.17600000000002,0.03200000000001069,0.41882525837067813,2.4619020567975167,0.191624650165116,0.008427279276287197
190.208,0.031999999999982265,0.42234556706837867,2.344942411954021,0.18350991045253987,-0.008114739712576147
190.24,0.03200000000001069,0.4158928022264451,2.6358696179810654,0.20443630663967563,0.020926396187135765
190.272,0.031999999999982265,0.4193442288271304,2.7351627549024515,0.212946407972834,0.008510101333158382
190.304,0.03200000000001069,0.4156391856619349,2.3989941168477062,0.18871577048877636,-0.024230637484057654
190.336,0.03200000000001069,0.17947989440822407,0.9519435325023744,0.08090053039682776,-0.1078152400919486
190.368,0.031999999999982265,0.1272091591172937,0.9793865184348315,0.07669461941435073,-0.004205910982477037
190.4,0.03200000000001069,0.14432900779206592,1.2573144757907226,0.09689070098771789,0.020196081573367164
190.43200000000002,0.03200000000001069,0.001904050315490161,0.3775963601497464,0.033361932668414834,-0.06352876831930306
190.464,0.031999999999982265,0.13430130534864573,1.1191855700607003,0.08423111392891645,0.05086918126050162
190.496,0.03200000000001069,0.15805408088803416,1.1493377994242278,0.08938514662880036,0.005154032699883904
190.528,0.031999999999982265,0.41647030287984366,2.403214126120156,0.18189303325663805,0.0925078866278377
190.56,0.03200000000001069,0.41994339212447584,2.403502863154745,0.1872546620283281,0.005361628771690052
190.592,0.03200000000001069,0.4196724554514123,2.4098081644181932,0.18802787719594286,0.0007732151676147492
190.624,0.031999999999982265,0.4218536514016781,2.5090320959311176,0.19536946459258217,0.007341587396639315
190.656,0.03200000000001069,0.12622264969081243,1.0651893381502708,0.08961276421940342,-0.10575670037317875
190.68800000000002,0.03200000000001069,0.10065837995626561,1.0889783290425075,0.08525697521361517,-0.0043557890057882576
190.72,0.031999999999982265,-0.0002880400703665703,0.15237310864456796,0.01612735947839799,-0.06912961573521717
190.752,0.03200000000001069,0.11046366145803553,0.8186250637998234,0.061132890203733324,0.045005530725335335
190.784,0.031999999999982265,0.008493288076522797,0.550708355968192,0.04402836261053998,-0.017104527593193343
190.816,0.03200000000001069,0.10054729481818207,0.739044327105981,0.056891203982589705,0.012862841372049724
190.848,0.03200000000001069,0.03453640110982548,0.7398646767686629,0.05769409265296336,0.000802888670373654
190.88,0.031999999999982265,-0.002655008756122194,0.4168447682269646,0.033985485436059774,-0.023708607216903585
190.912,0.03200000000001069,0.019866989622944434,0.6780271799165085,0.051824223119857,0.017838737683797228
190.94400000000002,0.03200000000001069,0.0012337284063651207,0.5784935940674469,0.04553431454747276,-0.006289908572384241
190.976,0.031999999999982265,0.010950840028361702,0.6305052458744084,0.04899615258083354,0.0034618380333607812
191.008,0.03200000000001069,0.0015389185243651854,0.38113978327977677,0.03085760869655325,-0.01813854388428029
191.04,0.031999999999982265,0.0006678156812497275,0.5103542285645479,0.03931294685919564,0.008455338162642389
191.072,0.03200000000001069,0.002139604834177537,0.3322540384180064,0.026703537410095228,-0.012609409449100412
191.104,0.03200000000001069,0.01848367251764862,0.462385041129325,0.03554547124549564,0.008841933835400412
191.136,0.031999999999982265,0.0005465090175577214,0.49576233646230533,0.038510481790705944,0.0029650105452103045
191.168,0.03200000000001069,0.05230703154521839,0.4164537653700518,0.0328492788333399,-0.005661202957366045
191.20000000000002,0.03200000000001069,-0.00035346568527958033,0.34934569423722006,0.02758732005599293,-0.005261958777346969
191.232,0.031999999999982265,-0.0007543327438769435,0.33742262202817536,0.026406726597450345,-0.0011805934585425865
191.264,0.03200000000001069,0.006890733068527069,0.3576332287144877,0.027824864619318008,0.0014181380218676633
191.296,0.031999999999982265,0.0020397849241193112,0.15532755972979534,0.013029127699364611,-0.014795736919953397
191.328,0.03200000000001069,0.07853277095699708,0.5927933915144138,0.04434631980867884,0.03131719210931423
191.36,0.03200000000001069,0.007797919204886361,0.6832077939193506,0.05280332806068271,0.008457008252003871
191.392,0.031999999999982265,0.0060408854952546985,0.6097582484496793,0.047890047137616944,-0.004913280923065769
191.424,0.03200000000001069,-0.0020703452244630874,0.2652359070167182,0.022270156936295592,-0.02561989020132135
191.45600000000002,0.03200000000001069,-0.00036471721751995937,0.36744775083145137,0.028307826447010104,0.006037669510714511
191.488,0.031999999999982265,0.003196547848913118,0.3873348793283979,0.030118879474135964,0.0018110530271258606
191.52,0.03200000000001069,-0.0011503706319496538,0.4215089833784266,0.03273660124765578,0.0026177217735198176
191.552,0.031999999999982265,0.00019812322218390807,0.012423099440197684,0.002803451347228083,-0.0299331499004277
191.584,0.03200000000001069,0.0011058697607759156,0.30931580931807645,0.02290899533943598,0.0201055439922079
191.616,0.03200000000001069,-0.011235315177398699,0.37520203126022367,0.028914957537996833,0.006005962198560852
191.648,0.031999999999982265,-0.06747281328897362,8.585068020823539e-07,0.0016692969682401526,-0.02724566056975668
191.68,0.03200000000001069,-0.017488474489492156,0.24983071205725443,0.01846897412688064,0.01679967715864049
191.71200000000002,0.03200000000001069,-0.10587395388956249,-0.046981104865661635,-0.0023888042488645635,-0.020857778375745203
191.744,0.031999999999982265,-0.01131124371283303,0.04460902749583748,0.0031426545198175314,0.005531458768682095
191.776,0.03200000000001069,-0.0003856212802327198,0.19697296276144793,0.014666858843911213,0.011524204324093682
191.808,0.031999999999982265,-0.011432769635324622,0.34212040156712253,0.026006316058213918,0.011339457214302705
191.84,0.03200000000001069,-0.08934917338795019,-0.07863485404448717,-0.004281504334371911,-0.03028782039258583
191.872,0.03200000000001069,-0.035276687509359486,0.08915771188504074,0.006309511029751344,0.010591015364123255
191.904,0.031999999999982265,8.839989417589211e-05,0.28225352169312373,0.021121230169986654,0.01481171914023531
191.936,0.03200000000001069,-0.009983511683894103,0.10299362803701144,0.008793483874132296,-0.012327746295854359
191.96800000000002,0.03200000000001069,-0.09708484616660552,-0.10728846683058653,-0.007382378437225523,-0.01617586231135782
192.0,0.031999999999982265,0.004606744020878319,0.07271630729999048,0.004921395810175647,0.01230377424740117
192.032,0.03200000000001069,0.0012257682812070797,0.15102707552622724,0.011390672984057592,0.006469277173881944
192.064,0.031999999999982265,-0.0064622175473715016,0.3183164908248793,0.02406663988214182,0.012675966898084227
192.096,0.03200000000001069,-0.0020828943280211247,0.11587527949750392,0.009910839226723433,-0.014155800655418386
192.12800000000001,0.03200000000001069,0.001983047027265665,0.2693035967573698,0.020376791112689197,0.010465951885965764
192.16,0.031999999999982265,-0.06566444166709541,-0.1761695081692452,-0.011779212174274465,-0.032156003286963664
192.192,0.03200000000001069,-0.006762724739506891,0.028422962710853712,0.001410228059571132,0.013189440233845598
192.22400000000002,0.03200000000001069,-0.013814854152402663,0.07396344496743504,0.005520699661288306,0.004110471601717174
192.256,0.031999999999982265,-0.0011946021391924444,0.09668368259216606,0.0074288448173464765,0.0019081451560581707
192.288,0.03200000000001069,-0.00045658633681077267,-0.14776870546640702,-0.010438083709721286,-0.01786692852706776
192.32,0.031999999999982265,0.005217817471481108,0.0535901213620658,0.0033384487167182368,0.013776532426439524
192.352,0.03200000000001069,0.004137815223108124,-0.18533238363551344,-0.013436659905345611,-0.01677510862206385
192.38400000000001,0.03200000000001069,0.0013316845908867842,0.15578695352044908,0.010680921863123458,0.02411758176846907
192.416,0.031999999999982265,0.0012343871379313259,0.07153415066767774,0.005877237412136318,-0.00480368445098714
192.448,0.03200000000001069,-0.0017086629917244947,0.06940314638450379,0.005443210601046536,-0.0004340268110897818
192.48000000000002,0.03200000000001069,0.0021875949956957253,-0.043475448277275515,-0.002882962785369465,-0.008326173386416
192.512,0.031999999999982265,-0.0003742621799098262,-0.18145626135563114,-0.013510765343590686,-0.010627802558221221
192.544,0.03200000000001069,0.059299204446264325,0.5097802831452549,0.03670939346599031,0.05022015880958099
192.576,0.031999999999982265,-0.003132436963098612,0.13393596955838133,0.011968880969935557,-0.024740512496054752
192.608,0.03200000000001069,-0.0017015021514605103,0.18841766067940818,0.014547229904457094,0.0025783489345215377
192.64000000000001,0.03200000000001069,-0.0006092380358931472,-0.09127784329952876,-0.005872795104024853,-0.020420025008481946
192.672,0.031999999999982265,-1.7577809282234672e-05,-0.017807977880584927,-0.0016486337724109749,0.004224161331613878
192.704,0.03200000000001069,0.08807501444358866,0.18564253486329677,0.01355701995528417,0.015205653727695145
192.736,0.031999999999982265,-0.0004501121690976236,0.03753100200793806,0.003542672648392126,-0.010014347306892043
192.768,0.03200000000001069,0.007134890632974018,0.0874531003322874,0.006635836031863158,0.0030931633834710317
192.8,0.03200000000001069,0.03305900633252439,0.0799424262359399,0.006262064827250513,-0.0003737712046126447
192.832,0.031999999999982265,0.012157034473168796,-0.047534963923943546,-0.0031342287861856077,-0.009396293613436121
192.864,0.03200000000001069,0.0981466667432481,0.4399236380964849,0.032171147852576056,0.03530537663876166
192.89600000000002,0.03200000000001069,0.033696901637480896,0.3777039057214217,0.029633641475635672,-0.0025375063769403836
192.928,0.031999999999982265,0.0010533865336069146,0.1658428132679384,0.01390684084617682,-0.015726800629458852
192.96,0.03200000000001069,0.002163993184120394,0.04712958180083609,0.004268749217905934,-0.009638091628270885
192.992,0.031999999999982265,0.0030464741210232136,-0.006032067405763394,-0.00019716864757370463,-0.004465917865479639
193.024,0.03200000000001069,-0.0015367879211897345,0.13464621808504473,0.009890531011670787,0.010087699659244491
193.056,0.03200000000001069,0.0055665691402589515,0.0932910159118491,0.007431613675247144,-0.002458917336423643
193.088,0.031999999999982265,-0.03833811378027458,-0.284506292443278,-0.020493636983983602,-0.027925250659230745
193.12,0.03200000000001069,-0.17148930252187516,-0.8468504261405981,-0.0634606509172691,-0.0429670139332855
193.15200000000002,0.03200000000001069,-0.118470585073333,-0.270165951983487,-0.02353159015690125,0.039929060760367854
193.184,0.031999999999982265,-0.14750997739155905,-0.462661362878006,-0.03538267841970683,-0.011851088262805582
193.216,0.03200000000001069,-0.4096321791697633,-2.031091358279842,-0.15140952793346904,-0.11602684951376221
193.248,0.031999999999982265,-0.0011066336386073223,0.07219188966789267,-0.0034317245006530773,0.14797780343281597
193.28,0.03200000000001069,-0.21982281857635036,-1.1098721106362184,-0.08181835669725188,-0.0783866321965988
193.312,0.03200000000001069,0.001101740411488709,0.15255344412476557,0.006495516555186265,0.08831387325243814
193.344,0.031999999999982265,-0.4203333398988503,-2.4966578808100914,-0.18322980587691354,-0.1897253224320998
193.376,0.03200000000001069,-0.004593798246686714,-0.2417328016089353,-0.02835477270350878,0.15487503317340476
193.40800000000002,0.03200000000001069,-0.002378507710928647,0.10652308549869863,0.006196836955908533,0.03455160965941731
193.44,0.031999999999982265,-0.12584682068167552,-0.7106153756744328,-0.05190107800147408,-0.05809791495738261
193.472,0.03200000000001069,-0.08170804583564886,-0.9041172319912758,-0.0694851873968549,-0.01758410939538082
193.504,0.031999999999982265,-0.04423631419415747,-0.4488490905036293,-0.037019779571272275,0.032465407825582625
193.536,0.03200000000001069,-0.12251814248014596,-0.9359315060420123,-0.07096573268167826,-0.033945953110405984
193.568,0.03200000000001069,-0.0018884348234210959,-0.11270716825473623,-0.012385296985575353,0.058580435696102905
193.6,0.031999999999982265,-0.07849391504783518,-0.7279925027301297,-0.0542517253172383,-0.041866428331662944
193.632,0.03200000000001069,-0.05697916079976179,-0.469764957595335,-0.0376785234570795,0.0165732018601588
193.66400000000002,0.03200000000001069,-0.13429365720186714,-0.7888833362209913,-0.06018980564309447,-0.022511282186014975
193.696,0.031999999999982265,-0.0005022324311531418,-0.1898783491471312,-0.0174383987775379,0.04275140686555658
193.728,0.03200000000001069,-0.2523336173468296,-1.4464462322671214,-0.10737868622646628,-0.08994028744892837
193.76,0.031999999999982265,0.0002811130524419875,-0.4844719874727353,-0.041827052225364855,0.06555163400110142
193.792,0.03200000000001069,-0.0018561507465821138,-0.20971778842411895,-0.01783733081490148,0.023989721410463374
193.824,0.03200000000001069,-0.13322951985432768,-0.888287801740032,-0.06635461879906822,-0.04851728798416674
193.856,0.031999999999982265,0.002126457004238114,-0.14661293443363776,-0.014612539358060473,0.05174207944100775
193.888,0.03200000000001069,-0.129833878141164,-0.9073585735071314,-0.06757092343750618,-0.052958384079445704
193.92000000000002,0.03200000000001069,-0.012011669201139948,-0.41736514751303466,-0.03459393457945852,0.03297698885804765
193.952,0.031999999999982265,-0.04862488646469742,-0.5994386767925451,-0.046079932007458455,-0.011485997427999932
193.984,0.03200000000001069,-0.007480277938811341,-0.40687972896138624,-0.03258217940779829,0.013497752599660164
194.016,0.031999999999982265,-0.0779276526373332,-0.5812952861612481,-0.04462952618005367,-0.012047346772255378
194.048,0.03200000000001069,-0.0018991940116323829,-0.49857796596304116,-0.03924195793604819,0.005387568244005478
194.08,0.03200000000001069,-0.002518450342354291,-0.3011822958517034,-0.024414416298830798,0.014827541637217393
194.112,0.031999999999982265,-0.05698060024931728,-0.683670603537135,-0.051686712776269836,-0.027272296477439038
194.144,0.03200000000001069,-0.0006975796465692836,-0.37603827657184524,-0.030637766296603697,0.02104894647966614
194.17600000000002,0.03200000000001069,-0.019438512722157866,-0.6559358909151781,-0.05000636398426328,-0.019368597687659583
194.208,0.031999999999982265,0.002761455991648616,-0.4872496269598112,-0.03871926920778481,0.01128709477647847
194.24,0.03200000000001069,-0.05265529821951725,-0.6761360044432169,-0.05195842261886512,-0.013239153411080312
194.272,0.031999999999982265,-0.06806597395826823,-0.5918731449172492,-0.04652599696080734,0.0054324256580577795
194.304,0.03200000000001069,-0.10761187737573515,-0.6734218749439003,-0.05220950011458552,-0.005683503153778177
194.336,0.03200000000001069,-0.12627539404029386,-1.1130748704810116,-0.08486978438527439,-0.032660284270688865
194.368,0.031999999999982265,-0.09285002768124519,-0.769060424862081,-0.06145633222565976,0.02341345215961463
194.4,0.03200000000001069,-0.3416163209813402,-1.920853390476912,-0.14480781080115127,-0.08335147857549151
194.43200000000002,0.03200000000001069,-0.4044979413039952,-2.1618213971889495,-0.1673404565868402,-0.02253264578568895
194.464,0.031999999999982265,-0.28175360327137783,-1.8217815804323487,-0.1436346403039431,0.023705816282897113
194.496,0.03200000000001069,-0.42032725982165015,-4.783117625242037,-0.3600434488807642,-0.21640880857682113
194.528,0.031999999999982265,-0.3296612594506966,-1.8471514562466882,-0.15662491275320548,0.20341853612755875
194.56,0.03200000000001069,-0.4191901198973375,-4.791990806501426,-0.3614459010893288,-0.2048209883361233
194.592,0.03200000000001069,-0.4244173830246904,-4.676045458235893,-0.3647433806876758,-0.0032974795983470306
194.624,0.031999999999982265,-0.4162344748763117,-3.205161177251976,-0.25676457795939117,0.10797880272828464
194.656,0.03200000000001069,-0.4148644797258493,-4.701785731849878,-0.3605931699917635,-0.10382859203237232
194.68800000000002,0.03200000000001069,-0.41355391032584676,-2.941530838036088,-0.23713755526398161,0.12345561472778188
194.72,0.031999999999982265,-0.3449934521215544,-3.249292302084504,-0.25264342425111996,-0.01550586898713835
194.752,0.03200000000001069,-0.2788472929218058,-1.9519589662117407,-0.15813237639718117,0.0945110478539388
194.784,0.031999999999982265,-0.4124696489983412,-2.244862275748466,-0.17421651648920822,-0.01608414009202705
194.816,0.03200000000001069,-0.4145586641017406,-4.028633049429476,-0.30632394579155053,-0.13210742930234232
194.848,0.03200000000001069,-0.41835408248088324,-2.285106382032293,-0.18573103982046332,0.12059290597108721
194.88,0.031999999999982265,-0.41835777553819053,-4.563990966055132,-0.34635901105414,-0.1606279712336767
194.912,0.03200000000001069,-0.41618371886070815,-4.539966096486222,-0.35386512135341386,-0.007506110299273838
194.94400000000002,0.03200000000001069,-0.4201959383744053,-4.043830776591863,-0.3178125383772829,0.036052582976130954
194.976,0.031999999999982265,-0.37278659728974534,-2.0740367458102282,-0.17087215681985551,0.1469403815574274
195.008,0.03200000000001069,-0.275793481188615,-1.8728837483547047,-0.14759658710533102,0.02327556971452449
195.04,0.031999999999982265,-0.005770645340165961,-0.38652478567973436,-0.03694573514909687,0.11065085195623416
195.072,0.03200000000001069,-0.4145952915695883,-2.477198281417767,-0.18430656592953432,-0.14736083078043744
195.104,0.03200000000001069,-0.41990105449412163,-2.3430668067517195,-0.18294951176690716,0.0013570541626271582
195.136,0.031999999999982265,-0.39264541327754027,-4.412603305300581,-0.33506535314293295,-0.1521158413760258
195.168,0.03200000000001069,-0.40196485823888073,-2.3121934747146895,-0.18938224569288806,0.1456831074500449
195.20000000000002,0.03200000000001069,-0.40023086826192017,-4.580365545715839,-0.34777398209918786,-0.1583917364062998
195.232,0.031999999999982265,-0.42091750731278127,-2.2930413559109746,-0.18870745196785094,0.15906653013133693
195.264,0.03200000000001069,-0.021279974017448588,-0.34353472527350515,-0.03615752868570879,0.15254992328214215
195.296,0.031999999999982265,-0.42445412376517155,-2.603594989505315,-0.1935563060393879,-0.1573987773536791
195.328,0.03200000000001069,-0.4142440634424646,-2.446441240679359,-0.19108567001914095,0.0024706360202469413
195.36,0.03200000000001069,-0.41738714434941576,-3.1078240379633493,-0.23958128319814492,-0.04849561317900397
195.392,0.031999999999982265,-0.39488773318829196,-4.328840115586349,-0.33217468913788006,-0.09259340593973514
195.424,0.03200000000001069,-0.4174156996709646,-2.4239785789724966,-0.19743607221251158,0.13473861692536848
195.45600000000002,0.03200000000001069,-0.419074009087456,-2.4098639707405476,-0.1886197446262222,0.00881632758628939
195.488,0.031999999999982265,-0.4142442187538572,-2.3025898883702625,-0.18022182584952542,0.008397918776696767
195.52,0.03200000000001069,-0.13406289480919084,-0.8631478362271561,-0.07388012718922146,0.10634169866030396
195.552,0.031999999999982265,-0.4174149875643917,-2.5561353745800783,-0.19224380603203536,-0.1183636788428139
195.584,0.03200000000001069,-0.4144953509783343,-3.224587829864761,-0.2482349770260265,-0.055991170993991146
195.616,0.03200000000001069,-0.39903142578507994,-4.605608235818635,-0.3530278491531155,-0.10479287212708902
195.648,0.031999999999982265,-0.41144030213324256,-3.2323323490052345,-0.25808642525301,0.09494142390010551
195.68,0.03200000000001069,-0.40079163062699613,-4.612208705972333,-0.3540819642444437,-0.0959955389914337
195.71200000000002,0.03200000000001069,-0.41728833046103153,-2.1991109398758963,-0.1821639418890855,0.17191802235535822
195.744,0.031999999999982265,-0.4246722430796564,-2.366350812462076,-0.1845381311108257,-0.0023741892217402083
195.776,0.03200000000001069,-0.18874508195198755,-1.2963126101706786,-0.10598433910079988,0.07855379201002582
195.808,0.031999999999982265,-0.42419835925035854,-2.498195068141482,-0.18983620932016546,-0.08385187021936558
195.84,0.03200000000001069,-0.41932785458959865,-4.798999073874321,-0.36387854818286886,-0.1740423388627034
195.872,0.03200000000001069,-0.41794545708442354,-2.22214414584511,-0.1844233568295824,0.17945519135328644
195.904,0.031999999999982265,-0.41443659195388044,-4.856635947148585,-0.3678046979158558,-0.18338134108627338
195.936,0.03200000000001069,-0.4197788304666074,-2.8844151608492243,-0.23335357028336307,0.13445112763249273
195.96800000000002,0.03200000000001069,-0.421258278141283,-2.38710816892945,-0.1890197618474695,0.044333808435893574
196.0,0.031999999999982265,-0.42127337260233044,-2.458750414614255,-0.19172899894576545,-0.002709237098295958
196.032,0.03200000000001069,-0.3640402110261989,-2.0321435912290866,-0.16051263828515314,0.031216360660612313
196.064,0.031999999999982265,-0.42239335596573097,-2.6810356885057858,-0.20643021838208786,-0.045917580096934724
196.096,0.03200000000001069,-0.4246078915738442,-2.832476108215099,-0.22021796070341504,-0.013787742321327179
196.12800000000001,0.03200000000001069,-0.3977321037463534,-4.594603522079969,-0.3506011634969959,-0.13038320279358084
196.16,0.031999999999982265,-0.41656571639613116,-4.602919659481493,-0.3587396361837502,-0.008138472686754328
196.192,0.03200000000001069,-0.4167391242057215,-2.4604468507167487,-0.20165152707170117,0.15708810911204904
196.22400000000002,0.03200000000001069,-0.41799553496742714,-2.493576739318479,-0.1950193549102636,0.006632172161437577
196.256,0.031999999999982265,-0.4200867560189592,-2.4126021260215054,-0.18868159432461112,0.006337760585652469
196.288,0.03200000000001069,-0.42434683401414053,-2.539362803846684,-0.1976377302097002,-0.00895613588508909
196.32,0.031999999999982265,-0.41810819233720553,-2.35684859042234,-0.18473262307964075,0.012905107130059462
196.352,0.03200000000001069,-0.4172785762378845,-2.445777350445327,-0.19052746430084166,-0.005794841221200914
196.38400000000001,0.03200000000001069,-0.3969195419299945,-4.68761488156406,-0.35572723496398145,-0.1651997706631398
196.416,0.031999999999982265,-0.3982326733523599,-2.682353766036615,-0.21779670874270776,0.1379305262212737
196.448,0.03200000000001069,-0.4044098440118328,-3.641034015883142,-0.2803356693812448,-0.06253896063853706
196.48000000000002,0.03200000000001069,-0.42408719124819433,-2.344357753688263,-0.18858811988178703,0.09174754949945779
196.512,0.031999999999982265,-0.3686245886084747,-2.2694656487751006,-0.17778403609959578,0.010804083782191248
196.544,0.03200000000001069,-0.06315232241380031,-0.7760526086407408,-0.06733439307096069,0.1104496430286351
196.576,0.031999999999982265,-0.4085220745287846,-2.545122581776794,-0.19105604356063374,-0.12372165048967305
196.608,0.03200000000001069,-0.4150052668595829,-2.167027244361928,-0.17039316359442752,0.02066287996620622
196.64000000000001,0.03200000000001069,-0.41951656433782236,-2.5734113798281673,-0.19908589595894932,-0.0286927323645218
196.672,0.031999999999982265,-0.41952577971845395,-2.302059917996232,-0.18078705297279066,0.018298842986158664
196.704,0.03200000000001069,-0.3994449378578003,-4.139230286337535,-0.3148366026563595,-0.13404954968356883
196.736,0.031999999999982265,-0.4123229979253215,-2.274641436141668,-0.1854528731597963,0.12938372949656318
196.768,0.03200000000001069,-0.4119039060139686,-2.3784637261590125,-0.18561878449694458,-0.00016591133714827233
196.8,0.03200000000001069,-0.013441294936729685,-0.30973974039875446,-0.033493931918580376,0.1521248525783642
196.832,0.031999999999982265,-0.32456687376180654,-1.9712758930725915,-0.1469016494799733,-0.11340771756139292
196.864,0.03200000000001069,-0.2146956722254856,-1.175810764618246,-0.0949498867083413,0.05195176277163201
196.89600000000002,0.03200000000001069,-0.4192570485933363,-2.507916007837185,-0.1899140806665122,-0.09496419395817089
196.928,0.031999999999982265,-0.4194199966946118,-2.464694418045279,-0.19221775050511036,-0.0023036698385981713
196.96,0.03200000000001069,-0.4196300392872526,-2.374617571246787,-0.18572646752414312,0.006491282980967239
196.992,0.031999999999982265,-0.4126917129907366,-2.375208179345352,-0.18539516519722052,0.00033130232692260564
197.024,0.03200000000001069,-0.42208183086737905,-2.489981504241682,-0.19381649572889395,-0.008421330531673432
197.056,0.03200000000001069,-0.13905730240905148,-0.7344513489930562,-0.06520056612297676,0.1286159296059172
197.088,0.031999999999982265,-0.13700126475250718,-1.0847467001088338,-0.08353648658003901,-0.018335920457062255
197.12,0.03200000000001069,-0.15304610911490257,-1.040398095595748,-0.08133359593771719,0.0022028906423218197
197.15200000000002,0.03200000000001069,-0.14032463873010134,-1.1070390103494787,-0.08610721305784576,-0.004773617120128568
197.184,0.031999999999982265,-0.13445413956037122,-1.0332659179966839,-0.08095749965047012,0.0051497134073756334
197.216,0.03200000000001069,-0.060496932196293145,-0.8808013865747757,-0.06944793526992166,0.011509564380548468
197.248,0.031999999999982265,-0.13492403132033487,-1.00902463749762,-0.07821306564822093,-0.008765130378299277
197.28,0.03200000000001069,-0.164894386340587,-1.3163143299144529,-0.10131722212445259,-0.023104156476231652
197.312,0.03200000000001069,-0.10759596321532808,-0.9529801788298892,-0.0759313280039406,0.02538589412051198
197.344,0.031999999999982265,-0.1335738113006782,-1.2220510337185349,-0.09425335536120225,-0.01832202735726164
197.376,0.03200000000001069,-0.12463007817135512,-1.0150644127622714,-0.08008922611566519,0.01416412924553706
197.40800000000002,0.03200000000001069,-0.09796117143911573,-1.1388648512165023,-0.08837585628160753,-0.008286630165942346
197.44,0.031999999999982265,-0.11247229215875697,-1.2105097657387693,-0.09412301904102303,-0.005747162759415503
197.472,0.03200000000001069,-0.0440389253111802,-0.9200802912542502,-0.07309654811012305,0.021026470930899988
197.504,0.031999999999982265,-0.002037429684845226,-0.5405727948940539,-0.04397364209152084,0.029122906018602207
197.536,0.03200000000001069,-0.11236922340366144,-1.1424473486530877,-0.08655439459442062,-0.04258075250289978
197.568,0.03200000000001069,-0.08334387187923425,-0.9390045144835588,-0.07405131006325776,0.012503084531162861
197.6,0.031999999999982265,-0.06904041409294026,-0.8935943775365286,-0.06999004676689115,0.004061263296366607
197.632,0.03200000000001069,-0.06960899251096243,-0.9633535858020308,-0.07488570175864394,-0.00489565499175279
197.66400000000002,0.03200000000001069,-0.06535646269505055,-0.874837538700793,-0.0686588332535173,0.0062268685051266315
197.696,0.031999999999982265,-0.11516064513778927,-1.1583187816524725,-0.0891466366933728,-0.020487803439855498
197.728,0.03200000000001069,-0.004103624712884587,-0.5002501888204761,-0.04193486532025105,0.047211771373121755
197.76,0.031999999999982265,-0.131535943368226,-0.9503070432917855,-0.0723066563147656,-0.03037179099451455
197.792,0.03200000000001069,-0.07612165957697753,-0.7381372690769364,-0.058456978547141304,0.013849677767624295
197.824,0.03200000000001069,-0.13299011973663719,-1.1116164478134587,-0.08512319282048571,-0.026666214273344403
197.856,0.031999999999982265,-0.01876623800634987,-0.7178900454721705,-0.05770787997030826,0.027415312850177447
197.888,0.03200000000001069,-0.1184799971820666,-1.2223287079133818,-0.09322175273496645,-0.03551387276465819
197.92000000000002,0.03200000000001069,-0.06499131832758742,-1.1495932537786127,-0.08992295408703936,0.0032987986479270925
197.952,0.031999999999982265,-0.001967278103030794,-0.5533617107256408,-0.04588551475834437,0.04403743932869499
197.984,0.03200000000001069,-0.0003048857132584315,-0.5158907298754631,-0.040587649577935245,0.005297865180409124
198.016,0.031999999999982265,-0.0017066369052188607,-0.5213869141755397,-0.040685999345066844,-9.834976713159888e-05
198.048,0.03200000000001069,7.146444398764052e-05,-0.6812522777211995,-0.05244821203170149,-0.011762212686634646
198.08,0.03200000000001069,-0.033491918531699076,-0.5911178190232054,-0.046498725214597074,0.005949486817104416
198.112,0.031999999999982265,-0.02673168802875522,-0.8129187766317504,-0.0624665594885431,-0.015967834273946026
198.144,0.03200000000001069,-0.11104730566945994,-1.0036201097430553,-0.0774125870673306,-0.014946027578787505
198.17600000000002,0.03200000000001069,-0.002329561501771171,-0.45034017889093025,-0.03758707602138438,0.03982551104594623
198.208,0.031999999999982265,-0.06525536951901788,-0.8253836958233972,-0.06286877117959876,-0.02528169515821438
198.24,0.03200000000001069,-0.047831282180265756,-0.6913826892749316,-0.05447379575311933,0.008394975426479427
198.272,0.031999999999982265,-0.00015228668962793195,-0.315999036420501,-0.026383362706773026,0.028090433046346303
198.304,0.03200000000001069,-0.04171969456014425,-0.8159862787354684,-0.06153090296075049,-0.03514754025397747
198.336,0.03200000000001069,0.00020999840679278078,-0.31383487301521984,-0.02663160993082872,0.03489929302992177
198.368,0.031999999999982265,-0.03025661122209272,-0.49525003657454164,-0.0379582181475395,-0.011326608216710783
198.4,0.03200000000001069,-0.04373485087994181,-0.7464715696638285,-0.05708698124059766,-0.01912876309305816
198.43200000000002,0.03200000000001069,-0.04863753133273232,-0.8583397215275379,-0.06641807632015054,-0.009331095079552876
198.464,0.031999999999982265,-0.005154217162982195,-0.41405086014458986,-0.03428364833474835,0.03213442798540219
198.496,0.03200000000001069,-0.0017725112703861113,-0.6171089284533291,-0.04736149377821051,-0.01307784544346216
198.528,0.031999999999982265,-0.007308019125523125,-0.3734863338436614,-0.030200404946283028,0.01716108883192748
198.56,0.03200000000001069,-0.001375524741281172,-0.2839387237947365,-0.022624359587995933,0.0075760453582870944
198.592,0.03200000000001069,-0.015808354112384355,-0.2290973984957243,-0.018153957991785638,0.004470401596210295
198.624,0.031999999999982265,-0.07519504607178362,-0.8915305855439929,-0.06661137244944437,-0.048457414457658735
198.656,0.03200000000001069,0.0030561693739323066,-0.2807794605309701,-0.024493998227958808,0.042117374221485565
198.68800000000002,0.03200000000001069,-0.0007985092457850037,-0.27325474462062516,-0.021509231742136547,0.0029847664858222607
198.72,0.031999999999982265,-0.0046422073800481455,-0.5582586446167624,-0.04229617528565521,-0.020786943543518666
198.752,0.03200000000001069,-0.05111987083257979,-0.599900010824596,-0.046558501869674605,-0.004262326584019392
198.784,0.031999999999982265,0.0015748686777900245,-0.14708243235476476,-0.01350425476705834,0.033054247102616265
198.816,0.03200000000001069,0.001276628131296823,-0.4405078655769789,-0.03317463638543313,-0.01967038161837479
198.848,0.03200000000001069,-0.031611940718020634,-0.5031851362495549,-0.038919490058252675,-0.005744853672819544
198.88,0.031999999999982265,-0.08296035738166202,-0.49824235019211305,-0.03888764155668785,3.184850156482538e-05
198.912,0.03200000000001069,-0.0045224324759249755,-0.22525434433662106,-0.01881020318860281,0.020077438368085038
198.94400000000002,0.03200000000001069,-0.00435679217293405,-0.3274241994525174,-0.025164745474008723,-0.006354542285405912
198.976,0.031999999999982265,-0.0031761938468102715,-0.40399700759018725,-0.031162768994505374,-0.005998023520496651
199.008,0.03200000000001069,0.00028533897649648117,-0.2563268208049178,-0.02064933037693812,0.010513438617567254
199.04,0.031999999999982265,-0.0001978247572603993,-0.24216941993507046,-0.01900126079430555,0.0016480695826325692
199.072,0.03200000000001069,0.0011787910916905904,-0.30774025779883374,-0.023728213525692276,-0.004726952731386725
199.104,0.03200000000001069,-0.0043387251954151934,-0.30512860742577086,-0.02380903478772167,-8.082126202939299e-05
199.136,0.031999999999982265,-0.0018720332767577586,-0.2340125280659871,-0.018583807940458053,0.005225226847263616
199.168,0.03200000000001069,-0.00045390823409935567,-0.45464455551553173,-0.034507489685894344,-0.01592368174543629
199.20000000000002,0.03200000000001069,-0.002204970283587154,0.055211315460153794,0.0020681670875663137,0.036575656773460655
199.232,0.031999999999982265,-0.08716643906788234,-0.4757959782172279,-0.03487075062902547,-0.03693891771659178
199.264,0.03200000000001069,0.0014959788885885053,-0.3825338825656094,-0.03014468464549157,0.004726065983533898
199.296,0.031999999999982265,-0.0009576529628595428,-0.2376082643862064,-0.019213990427483254,0.010930694218008317
199.328,0.03200000000001069,0.003663309736481805,-0.32471032909965786,-0.02498847709848744,-0.005774486671004185
199.36,0.03200000000001069,-0.0034684663870136294,-0.3323699066591494,-0.025885119957454187,-0.000896642858966748
199.392,0.031999999999982265,-0.0020392875747333675,-0.33856606737967104,-0.02639254938566499,-0.0005074294282108038
199.424,0.03200000000001069,0.0009002478127277406,-0.24040458087862815,-0.01920302486736102,0.007189524518303972
199.45600000000002,0.03200000000001069,0.0015022353490087485,-0.22813721575388884,-0.017885835437179528,0.001317189430181491
199.488,0.031999999999982265,0.0023223972602033653,-0.26834019496294415,-0.020766331503245333,-0.0028804960660658054
199.52,0.03200000000001069,0.0024824883084575314,-0.15039725813024113,-0.012259069595549985,0.008507261907695348
199.552,0.031999999999982265,0.004995976520656922,-0.18187127998100144,-0.014082559906861905,-0.0018234903113119195
199.584,0.03200000000001069,-0.0010249605115065141,-0.16122557961398845,-0.012669538839599577,0.001413021067262328
199.616,0.03200000000001069,-0.08701964695186724,-0.4769304032260945,-0.03580497067327402,-0.02313543183367444
199.648,0.031999999999982265,0.004103490416379237,-0.1332249695492458,-0.011864382374449617,0.0239405882988244
199.68,0.03200000000001069,-0.0010284510199621575,-0.263072229312766,-0.020031311183755625,-0.008166928809306008
199.71200000000002,0.03200000000001069,1.5239318071885525e-05,-0.11472013536441376,-0.00959293386113119,0.010438377322624435
199.744,0.031999999999982265,-0.0017644221108972969,-0.18101805427243092,-0.013865899937742236,-0.004272966076611045
199.776,0.03200000000001069,0.0007916583684766086,-0.13208226106423235,-0.010513825012160612,0.0033520749255816235
199.808,0.031999999999982265,-0.003778846885288677,-0.27753346214701763,-0.021016827090863634,-0.010503002078703022
199.84,0.03200000000001069,-0.007072546029344855,-0.11760355315813853,-0.009861873983267133,0.011154953107596502
199.872,0.03200000000001069,-0.0008743009803488297,0.03567143861602928,0.0020539687850540216,0.011915842768321154
199.904,0.031999999999982265,0.0008446045997724158,0.05194638784678063,0.003938722852114137,0.001884754067060115
199.936,0.03200000000001069,-0.0021649912919921594,-0.29172036326890566,-0.021225802752610386,-0.02516452560472452
199.96800000000002,0.03200000000001069,-0.0006499718533303805,-0.10374307274643398,-0.00885463508657399,0.012371167666036395
200.0,0.031999999999982265,-0.003017480050540187,-0.2488443218475307,-0.018811237710728877,-0.009956602624154886
200.032,0.03200000000001069,-0.031143718358362694,-0.17340602518281795,-0.013838273774506553,0.004972963936222324
200.064,0.031999999999982265,0.0020462212669959414,0.006207287650581216,-0.000342385443624535,0.013495888330882017
200.096,0.03200000000001069,-0.11478814103557523,-0.678075226737461,-0.049885571356869114,-0.04954318591324458
200.12800000000001,0.03200000000001069,0.004391921696851998,-0.10727665623360169,-0.010768997628235324,0.039116573728633794
200.16,0.031999999999982265,-0.0024286556209938514,-0.2158400621631379,-0.01649461136206079,-0.005725613733825467
200.192,0.03200000000001069,0.002646007349327744,-0.1985420387307366,-0.015553045201496859,0.0009415661605639315
200.22400000000002,0.03200000000001069,0.00252487246648489,-0.2077496728363927,-0.016175820953049546,-0.0006227757515526872
200.256,0.031999999999982265,-0.0030481388931616364,-0.2281037139184231,-0.0177086140143085,-0.0015327930612589538
200.288,0.03200000000001069,-0.0023408647602065234,-0.24789451563118842,-0.019252520784852227,-0.0015439067705437272
200.32,0.031999999999982265,-0.002050056431576087,-0.20638309008370226,-0.01628888946167166,0.002963631323180567
200.352,0.03200000000001069,-0.001375585027498677,-0.23025617007360394,-0.017873433468231812,-0.001584544006560152
200.38400000000001,0.03200000000001069,0.0034956563243767934,-0.15424769926842777,-0.012375227573245311,0.005498205894986501
200.416,0.031999999999982265,0.004170452202183018,-0.13208163247811877,-0.010427723644882802,0.0019475039283625099
200.448,0.03200000000001069,-0.0004684139444020587,-0.35597323687353655,-0.026780335338635795,-0.016352611693752996
200.48000000000002,0.03200000000001069,0.08627450451157685,0.19443838106593153,0.01275303852221668,0.039533373860852476
200.512,0.031999999999982265,0.0006565216890852448,-0.14624104746605765,-0.010018378601714778,-0.022771417123931458
200.544,0.03200000000001069,0.054647468778323896,0.11469375000806147,0.007856252596390305,0.017874631198105083
200.576,0.031999999999982265,0.11315530885881996,0.31578580828135117,0.023676494085124098,0.015820241488733795
200.608,0.03200000000001069,-0.00032025813230495185,0.14216504595591606,0.011821671849738084,-0.011854822235386014
200.64000000000001,0.03200000000001069,0.0033437221103791805,-0.15638716318226104,-0.010818293188720152,-0.022639965038458235
200.672,0.031999999999982265,0.0019408692403037092,-0.04264664485682131,-0.003760774011616902,0.00705751917710325
200.704,0.03200000000001069,0.003971413662808832,-0.17900479113701748,-0.01338115890102491,-0.009620384889408008
200.736,0.031999999999982265,-0.0020486073033733395,-0.04071583934494552,-0.003766734011049424,0.009614424889975486
200.768,0.03200000000001069,0.10165821033960754,0.4751727543526175,0.03472686190277568,0.038493595913825104
200.8,0.03200000000001069,0.0438938339015891,0.20167235069910955,0.016835780062714256,-0.017891081840061423
200.832,0.031999999999982265,0.000902365224553115,0.07674304744471414,0.00661561514884136,-0.010220164913872894
200.864,0.03200000000001069,0.13029121687076792,0.7505564147410517,0.05557800210566938,0.048962386956828016
200.89600000000002,0.03200000000001069,0.002950298801918995,-0.05179775686509784,-0.0006007519644173687,-0.056178754070086746
200.928,0.031999999999982265,0.0038379520498835746,-0.11312317912688034,-0.008353785072727458,-0.0077530331083100895
200.96,0.03200000000001069,0.1269403080636001,0.6038444963068045,0.043924604723099975,0.05227838979582743
200.992,0.031999999999982265,0.002721800324274056,0.02135760139491629,0.004106369767800395,-0.03981823495529958
201.024,0.03200000000001069,0.1342790174997834,0.41268828864320983,0.030586247162151282,0.026479877394350888
201.056,0.03200000000001069,0.003844478949712425,0.3282603321762531,0.025906055022690236,-0.0046801921394610466
201.088,0.031999999999982265,0.008665527919720587,0.2279674958679294,0.018260313947693868,-0.007645741074996368
201.12,0.03200000000001069,-0.0011558896737897297,-0.02350569945181866,-0.0006744633771789215,-0.018934777324872788
201.15200000000002,0.03200000000001069,0.0002876784147001412,0.036213127293018364,0.0026241854347648854,0.003298648811943807
201.184,0.031999999999982265,0.007318329599502932,0.19772680463344058,0.014692365803774894,0.01206818036901001
201.216,0.03200000000001069,-0.006804708093182299,0.11386419279361623,0.009221775257359871,-0.0054705905464150235
201.248,0.031999999999982265,0.08953241780375407,0.6065963632190097,0.045141598528904044,0.03591982327154417
201.28,0.03200000000001069,0.0007042549064145147,0.2522689546673434,0.021157898919880354,-0.02398369960902369
201.312,0.03200000000001069,-0.0009325629966140024,0.14532175243869128,0.011908420583232632,-0.009249478336647722
201.344,0.031999999999982265,0.0019909197352379975,0.009461192323510061,0.001383240364858632,-0.010525180218374
201.376,0.03200000000001069,0.00012754461970211262,0.08069504524797995,0.006014185095925427,0.004630944731066795
201.40800000000002,0.03200000000001069,0.00023423175780617382,0.13345292757762198,0.010161351881006283,0.004147166785080855
201.44,0.031999999999982265,-0.002744706370872466,0.1423228596067503,0.011053060805511121,0.0008917089245048387
201.472,0.03200000000001069,0.004515718735753764,0.06345425852635558,0.005304523551896,-0.005748537253615122
201.504,0.031999999999982265,0.002229769819491453,0.04244559932141667,0.003427684241039493,-0.0018768393108565067
201.536,0.03200000000001069,0.1242574662348846,0.6200187764281194,0.045794198305437225,0.04236651406439773
201.568,0.03200000000001069,0.09106761413980256,0.3838579751027852,0.030872659271404132,-0.014921539034033093
201.6,0.031999999999982265,0.06995655095775176,0.6489273799256638,0.04950451665345757,0.01863185738205344
201.632,0.03200000000001069,-0.000861942950223275,0.04001311937723534,0.005800423955743457,-0.043704092697714116
201.66400000000002,0.03200000000001069,0.09652949020842266,0.8087759532189858,0.059812419916476275,0.05401199596073282
201.696,0.031999999999982265,0.004001159101457687,-0.17666708053444652,-0.009539221275188456,-0.06935164119166473
201.728,0.03200000000001069,0.1265752090055026,0.8874754278579481,0.06471445353411716,0.07425367480930561
201.76,0.031999999999982265,0.012966673545567098,0.13802973810730357,0.013886643927900098,-0.050827809606217064
201.792,0.03200000000001069,0.12872961364057522,0.7407170967459126,0.05527416621777571,0.041387522289875606
201.824,0.03200000000001069,0.1320294011052533,0.6088730923735871,0.04796759176750559,-0.007306574450270116
201.856,0.031999999999982265,0.12985451503150378,0.8836156828096111,0.06775042229350661,0.019782830526001022
201.888,0.03200000000001069,0.13038829769296556,0.6990948735366614,0.05532276474754111,-0.012427657545965504
201.92000000000002,0.03200000000001069,0.133882458136956,0.7332805322609129,0.05711934862389563,0.001796583876354521
201.952,0.031999999999982265,0.17962906100503678,0.9111077542417195,0.07030051793730531,0.01318116931340968
201.984,0.03200000000001069,0.2935566893913806,1.6010210331809962,0.1217978334874085,0.05149731555010319
202.016,0.031999999999982265,0.11115176792909692,0.9287634932163235,0.07533275426562282,-0.04646507922178568
202.048,0.03200000000001069,0.15674495934398727,0.8237050171170625,0.06492434396349289,-0.010408410302129925
202.08,0.03200000000001069,0.41202322144403386,2.2029572648172233,0.16575399873720878,0.10082965477371589
202.112,0.031999999999982265,0.4219874747901235,2.41638677885647,0.18727045652781135,0.021516457790602572
202.144,0.03200000000001069,0.01645302900530588,0.22196940794362632,0.027134631292687027,-0.16013582523512432
202.17600000000002,0.03200000000001069,0.4186253758496731,2.403019319471478,0.17828504228829514,0.1511504109956081
202.208,0.031999999999982265,0.4187038938923474,4.831355763420109,0.3655912282406545,0.18730618595235934
202.24,0.03200000000001069,0.42098859346120676,2.526873602807963,0.20693210155735228,-0.1586591266833022
202.272,0.031999999999982265,0.42239144575353393,4.689002222339483,0.35677628489939733,0.14984418334204505
202.304,0.03200000000001069,0.4142403088981396,4.56810583676537,0.35653590383963796,-0.00024038105975937585
202.336,0.03200000000001069,0.281633026804335,1.7029440620130687,0.14581738097714256,-0.2107185228624954
202.368,0.031999999999982265,0.2623840585657675,1.7519041869857073,0.13725333365588793,-0.008564047321254625
202.4,0.03200000000001069,0.2597449008889247,1.7293999534962727,0.1351039726736391,-0.002149360982248827
202.43200000000002,0.03200000000001069,0.012554447149758615,0.46545506935462166,0.042029098978042974,-0.09307487369559614
202.464,0.031999999999982265,0.3290737009031377,2.0851948260769646,0.1557720009394564,0.11374290196141343
202.496,0.03200000000001069,0.4155628273187479,2.4966933730966434,0.19259997013046892,0.03682796919101253
202.528,0.031999999999982265,0.41738766430098523,2.52156799616838,0.19655530024421222,0.0039553301137432995
202.56,0.03200000000001069,0.4147866398524558,4.692073632489155,0.35640311392711144,0.15984781368289921
202.592,0.03200000000001069,0.4176817130275367,2.280756751363166,0.1883021911895829,-0.16810092273752852
202.624,0.031999999999982265,0.043683079890420265,0.6497108374978361,0.05865039399776869,-0.12965179719181422
202.656,0.03200000000001069,0.23048321983069597,1.6043793815988943,0.1213722562793898,0.0627218622816211
202.68800000000002,0.03200000000001069,0.06143909310470418,0.6745852549403355,0.05661586087069102,-0.06475639540869878
202.72,0.031999999999982265,0.40669002674862403,2.446575771691377,0.18319011784636488,0.12657425697567387
202.752,0.03200000000001069,0.42257458263036546,2.359572291946465,0.18409887736842634,0.0009087595220614586
202.784,0.031999999999982265,0.4188468246570144,2.559360906870872,0.19884383921202284,0.014744961843596499
202.816,0.03200000000001069,0.4214871038099966,2.536099780553608,0.19798442376342446,-0.0008594154485983829
202.848,0.03200000000001069,0.41979464735903993,2.589588746945752,0.20186840120606267,0.0038839774426382145
202.88,0.031999999999982265,0.1604522084006332,0.956590887878976,0.08200158720589316,-0.1198668140001695
202.912,0.03200000000001069,0.4194007577368847,2.5053673051439747,0.1889791551037359,0.10697756789784273
202.94400000000002,0.03200000000001069,0.005479792005711207,0.4555820108682915,0.0444131966189678,-0.14456595848476808
202.976,0.031999999999982265,0.08390069698616599,0.7102394178848941,0.05479510054646152,0.010381903927493719
203.008,0.03200000000001069,0.23579155186878692,1.4455053038276091,0.10946605807887788,0.05467095753241636
203.04,0.031999999999982265,0.42090875655180704,2.550396640841308,0.19387612122615291,0.08441006314727503
203.072,0.03200000000001069,0.415274112643776,2.403055498587688,0.18791353535447994,-0.005962585871672976
203.104,0.03200000000001069,0.4179077427589159,2.3017024713896843,0.1801157961937749,-0.007797739160705031
203.136,0.031999999999982265,0.3999389646437933,2.4799709007155823,0.1927755405741797,0.012659744380404792
203.168,0.03200000000001069,0.4169981845494176,2.354799065457949,0.1843012108257597,-0.008474329748419995
203.20000000000002,0.03200000000001069,0.13589015719807354,1.1035186455497175,0.09179255008441967,-0.09250866074134004
203.232,0.031999999999982265,0.08444718201728561,0.8944671894258568,0.0710784189764764,-0.020714131107943262
203.264,0.03200000000001069,0.1266071519864506,1.1603727003028788,0.0894373627886022,0.0183589438121258
203.296,0.031999999999982265,0.0008183587437948861,0.47630246355263545,0.040190527529172536,-0.04924683525942967
203.328,0.03200000000001069,0.09383956612957078,0.8612512314093959,0.06565677272538581,0.025466245196213273
203.36,0.03200000000001069,0.039479157629099544,0.6847666621884463,0.05414820038078204,-0.01150857234460377
203.392,0.031999999999982265,0.127153957616119,1.0902431988205485,0.08330265745841024,0.029154457077628204
203.424,0.03200000000001069,0.003583971061664576,0.6122920827359142,0.0498370840447688,-0.033465573413641446
203.45600000000002,0.03200000000001069,0.004023685988542042,0.43025587099550466,0.034518163110063844,-0.015318920934704952
203.488,0.031999999999982265,0.2181761095252748,1.589571919133105,0.11889018070116966,0.08437201759110582
203.52,0.03200000000001069,0.1149966272705082,0.9434509127039664,0.07624501430757351,-0.042645166393596154
203.552,0.031999999999982265,0.09001718726204044,1.0012810179656033,0.07803598721849159,0.0017909729109180789
203.584,0.03200000000001069,0.19890920264466488,1.2833879272827957,0.09888558444251445,0.020849597224022867
203.616,0.03200000000001069,0.13147799577267213,1.071192130083071,0.08448428547363175,-0.014401298968882703
203.648,0.031999999999982265,0.13186036712357152,1.1511542232128058,0.08953334220544246,0.0050490567318107055
203.68,0.03200000000001069,0.02863133163188133,0.8614920650743128,0.06852299887524527,-0.02101034333019719
203.71200000000002,0.03200000000001069,0.11710022224194724,1.0780208269792464,0.08323366532551213,0.014710666450266863
203.744,0.031999999999982265,0.41863062708835597,2.5666498836683425,0.1935570165427908,0.11032335121727868
203.776,0.03200000000001069,0.42047032478780483,2.5261688018287467,0.1969488939413765,0.00339187739858568
203.808,0.031999999999982265,0.4180623334095764,2.433140185360427,0.1903033583692019,-0.0066455355721745935
203.84,0.03200000000001069,0.41750847886267745,4.709925315150474,0.35735501187456226,0.16705165350536036
203.872,0.03200000000001069,0.4134059216308954,3.4633872575231526,0.27532805867367877,-0.08202695320088349
203.904,0.031999999999982265,0.42192808964974204,2.37668918568581,0.19067669596592499,-0.08465136270775378
203.936,0.03200000000001069,0.2956474991920461,2.0502101410679665,0.16178050797185006,-0.028896187994074923
203.96800000000002,0.03200000000001069,0.29369485019732633,1.9884564048838334,0.15557097394041297,-0.006209534031437092
204.0,0.031999999999982265,0.41671573141020923,2.384553382678563,0.1843415647317096,0.028770590791296624
204.032,0.03200000000001069,0.41843479891852997,2.5290962684211973,0.1966321809630526,0.012290616231343005
204.064,0.031999999999982265,0.42229871863199664,4.856119544044203,0.3684715256729077,0.1718393447098551
204.096,0.03200000000001069,0.42042766322324254,3.0017444080934657,0.24202048505270612,-0.12645104062020157
204.12800000000001,0.03200000000001069,0.42069562197196736,4.535480486741643,0.34751188171113523,0.1054913966584291
204.16,0.031999999999982265,0.42070383804489947,2.200724463562331,0.18190331598070097,-0.16560856573043425
204.192,0.03200000000001069,0.41759636989209253,2.459925934555424,0.1914046210913571,0.009501305110656139
204.22400000000002,0.03200000000001069,0.3887886982459035,2.2043211745353326,0.17315589072599263,-0.01824873036536448
204.256,0.031999999999982265,0.4214636083736767,2.269482845513551,0.17689441239398848,0.0037385216679958477
204.288,0.03200000000001069,0.4204345858008095,2.447268147417402,0.19018460517331098,0.013290192779322502
204.32,0.031999999999982265,0.41978803465428305,4.683326787166622,0.35539209458947424,0.16520748941616326
204.352,0.03200000000001069,0.4213518725244811,4.598392276892974,0.3586832674765194,0.0032911728870451684
204.38400000000001,0.03200000000001069,0.41762429073158874,2.26551971320642,0.18731328711394965,-0.17136998036256976
204.416,0.031999999999982265,0.4218973572402112,3.657766692031979,0.2798064143562604,0.09249312724231076
204.448,0.03200000000001069,0.414825420002423,2.353027389099023,0.18919513342908426,-0.09061128092717616
204.48000000000002,0.03200000000001069,0.40240177666209215,2.4599358573674315,0.19182630071402137,0.0026311672849371193
204.512,0.031999999999982265,0.014687039229738956,0.5170116985442554,0.049095112855181804,-0.14273118785883956
204.544,0.03200000000001069,0.42076263066762265,2.593025510103264,0.19352589893326824,0.14443078607808643
204.576,0.031999999999982265,0.42380028181768864,4.761081420074089,0.36130307771265663,0.1677771787793884
204.608,0.03200000000001069,0.4223556445655526,2.2504462158397835,0.1863560179323591,-0.17494705978029754
204.64000000000001,0.03200000000001069,0.4186833647155433,4.6118873658647725,0.3499174025549106,0.16356138462255151
204.672,0.031999999999982265,0.41627521395671896,4.416980221919275,0.3450261349407912,-0.004891267614119399
204.704,0.03200000000001069,0.29645203478805154,1.9056294727421936,0.16005846364691237,-0.18496767129387884
204.73600000000002,0.03200000000001069,0.3390932790714088,1.7931492711535146,0.14110863105723936,-0.018949832589673005
204.768,0.031999999999982265,0.2618505336968184,1.8335024115808585,0.14298225378443824,0.001873622727198876
204.8,0.03200000000001069,-0.0004108938603035219,0.39582525066049185,0.03736331224307073,-0.1056189415413675
204.832,0.031999999999982265,0.4215034516538204,2.6159141094315124,0.1945318656818887,0.15716855343881797
204.864,0.03200000000001069,0.42195915206612616,2.3625915623658154,0.18497566384218986,-0.009556201839698852
204.89600000000002,0.03200000000001069,0.4157161151119144,2.2704017013022546,0.17764432985868314,-0.007331333983506716
204.928,0.031999999999982265,0.418539554569838,4.688486460042176,0.35504759957208726,0.17740326971340412
204.96,0.03200000000001069,0.4166295874782477,2.4482914745347775,0.20054448008522324,-0.15450311948686402
204.992,0.031999999999982265,0.41881934756062095,2.3742652301701104,0.1861812507013539,-0.01436322938386933
205.024,0.03200000000001069,0.0002578386919508051,0.2503880261042891,0.029161664061248118,-0.1570195866401058
205.056,0.03200000000001069,0.4187929689204626,2.432333235140458,0.18055781301871876,0.15139614895747064
205.088,0.031999999999982265,0.4207716916782424,2.462957179704628,0.19154986490103854,0.010992051882319775
205.12,0.03200000000001069,0.41761991549459204,2.499490673804069,0.19487110735044744,0.003321242449408901
205.15200000000002,0.03200000000001069,0.4163053086943676,2.4983497337319176,0.1949789346228871,0.00010782727243965895
205.184,0.031999999999982265,0.4226877970929634,3.5261704491941255,0.2705713276123762,0.07559239298948908
205.216,0.03200000000001069,0.405836121928709,2.2648720716886928,0.1821790383780268,-0.08839228923434939
205.248,0.031999999999982265,0.0030165112845667624,0.5003452427384891,0.04731253036220328,-0.1348665080158235
205.28,0.03200000000001069,0.005858448287945512,0.48462059068253366,0.03837041675370372,-0.008942113608499558
205.312,0.03200000000001069,0.1332426112870072,1.1889065478668899,0.08964754559630439,0.05127712884260067
205.344,0.031999999999982265,0.007836158840937095,0.3919572612658535,0.033999895908144756,-0.055647649688159634
205.376,0.03200000000001069,0.24649232215803002,1.709515542694247,0.1276809428579306,0.09368104694978585
205.40800000000002,0.03200000000001069,0.06757707270493331,0.7026339653566859,0.059042764046195136,-0.06863817881173548
205.44,0.031999999999982265,0.24124562215896045,1.5154266146135014,0.11485330080818977,0.055810536761994635
205.472,0.03200000000001069,0.03404884708425888,0.5552087165480103,0.04746054991046031,-0.06739275089772946
205.504,0.031999999999982265,0.09582612925812135,0.85321475304811,0.0654854599741007,0.01802491006364039
205.536,0.03200000000001069,0.13490536252352212,0.9463074842092616,0.07337208194506034,0.007886621970959642
205.568,0.03200000000001069,0.09345229217658846,0.9414855558595641,0.07347276365542259,0.00010068171036224649
205.6,0.031999999999982265,0.03734498817290631,0.9741288654225916,0.07587917229681558,0.002406408641392993
205.632,0.03200000000001069,-0.0038547719359956884,0.36333235386247287,0.031099978240584872,-0.04477919405623071
205.66400000000002,0.03200000000001069,-0.003561728087051829,0.5607999688187071,0.043036729793908386,0.011936751553323514
205.696,0.031999999999982265,0.004039836543604245,0.5445585187165682,0.04253142753381278,-0.0005053022600956039
205.728,0.03200000000001069,0.004757243948487507,0.46818854199485815,0.036885991514112454,-0.005645436019700328
205.76,0.031999999999982265,-0.0013543773057712288,0.5495915039758389,0.04254647796105435,0.0056604864469418995
205.792,0.03200000000001069,0.011653447438247545,0.6825989573903044,0.052654650874373585,0.010108172913319231
205.824,0.03200000000001069,0.09003015164986476,0.795536502827985,0.061543639047239904,0.008888988172866319
205.856,0.031999999999982265,0.05315522256284991,0.8119079749546784,0.06326075390548329,0.0017171148582433848
205.888,0.03200000000001069,-0.0006485028455919729,0.5394378604696018,0.04332236742796045,-0.019938386477522836
205.92000000000002,0.03200000000001069,0.0018910380271253229,0.4695567451150827,0.03703226971216588,-0.006290097715794571
205.952,0.031999999999982265,0.005577678323579699,0.19943591731124105,0.01680440131161136,-0.020227868400554523
205.984,0.03200000000001069,0.000675911975531674,0.5902853681692217,0.044379822267895025,0.027575420956283667
206.016,0.031999999999982265,-0.0020370079631132037,0.4194869426177326,0.03341117098823578,-0.010968651279659243
206.048,0.03200000000001069,-0.00032341526801253775,0.14792624307449664,0.012807325511123822,-0.02060384547711196
206.08,0.03200000000001069,0.0004747803366083231,0.5243453179156945,0.039299828536691186,0.026492503025567365
206.112,0.031999999999982265,0.007158589684891648,0.4594436540390687,0.036056333243151294,-0.003243495293539893
206.144,0.03200000000001069,0.0028371406454518284,0.3470158412745085,0.027601122434945013,-0.008455210808206281
206.17600000000002,0.03200000000001069,0.0003262553297132214,0.17675322678436986,0.014591859677585063,-0.01300926275735995
206.208,0.031999999999982265,-0.0008185242593312083,0.19205253775886752,0.014965961730090585,0.0003741020525055219
206.24,0.03200000000001069,-0.0024027881437467384,0.37995189189145423,0.028805719359433393,0.013839757629342808
206.272,0.031999999999982265,-0.0006630295160013742,0.2674125603089405,0.021328507869252517,-0.007477211490180876
206.304,0.03200000000001069,-0.06497067113130611,0.1697179495152824,0.013712371539391501,-0.007616136329861016
206.336,0.03200000000001069,-0.03711921945348785,0.19648012791929356,0.015240795674195904,0.0015284241348044025
206.368,0.031999999999982265,-0.11898945801842357,-0.2873936356633309,-0.0202551559831657,-0.0354959516573616
206.4,0.03200000000001069,-0.0008157604672248438,0.45937422567539565,0.03261317313050526,0.05286832911367096
206.43200000000002,0.03200000000001069,-0.0573317926863227,-0.03162165854476057,-0.00044273552267347696,-0.033055908653178735
206.464,0.031999999999982265,-0.03478098905914464,0.06613278514323014,0.004837861285331038,0.005280596808004515
206.496,0.03200000000001069,-0.002709742002552113,0.3329719236409198,0.024766115954545132,0.019928254669214093
206.528,0.031999999999982265,-0.12487344463274855,-0.5389346151143519,-0.03820364863141888,-0.06296976458596401
206.56,0.03200000000001069,-0.00376453428175544,0.2351945776733712,0.01509080111028882,0.0532944497417077
206.592,0.03200000000001069,0.0008887166458937586,0.1907851743815378,0.014901562969047986,-0.00018923814124083456
206.624,0.031999999999982265,-0.005181723639644217,-0.03444173568848293,-0.001672599555653792,-0.01657416252470178
206.656,0.03200000000001069,-0.06447659502871178,-0.10569758430105174,-0.007869581920300042,-0.006196982364646249
206.68800000000002,0.03200000000001069,-0.0006191932858081153,-0.0162958695167339,-0.0016527056423127984,0.006216876277987243
206.72,0.031999999999982265,0.0034435016400487842,0.15315998614971985,0.011168010900169459,0.012820716542482256
206.752,0.03200000000001069,-0.04040925272593172,-0.272475817052269,-0.019393214332669214,-0.030561225232838673
206.784,0.031999999999982265,0.0030036612600639655,-0.07910549001801229,-0.006936988032736993,0.012456226299932222
206.816,0.03200000000001069,0.0025272164486773133,-0.030762461895346344,-0.0026627443374794,0.0042742436952575924
206.848,0.03200000000001069,0.00015294447908544416,0.05787618046569498,0.0041025096455930025,0.006765253983072403
206.88,0.031999999999982265,-0.05075059714160314,0.15329734389174257,0.011510355490773134,0.007407845845180131
206.912,0.03200000000001069,-0.1936764145104659,-0.8509833335000508,-0.061917024888939104,-0.07342738037971223
206.94400000000002,0.03200000000001069,-0.1327070598919786,-0.4635385953130503,-0.037663146039922595,0.02425387884901651
206.976,0.031999999999982265,-0.3801764865094697,-1.6033735665546869,-0.12008671394293471,-0.08242356790301211
207.008,0.03200000000001069,-0.052572338576725566,-0.1592001905100084,-0.018640113322195333,0.10144660062073937
207.04,0.031999999999982265,-0.15900930500714067,-0.7221451554324787,-0.05418279485147831,-0.03554268152928298
207.072,0.03200000000001069,-0.13299578520435495,-0.5993999347798652,-0.04720792974983642,0.006974865101641893
207.104,0.03200000000001069,-0.07734309004817828,-0.4199884605716798,-0.03361131676903231,0.013596612980804106
207.136,0.031999999999982265,-0.06294106874887248,-0.4845241343172472,-0.037572364905202056,-0.003961048136169744
207.168,0.03200000000001069,-0.002304087788312293,-0.29154573147422236,-0.023609357105810115,0.013963007799391941
207.20000000000002,0.03200000000001069,-0.003493219272333163,-0.3884250807028968,-0.029927814827986298,-0.006318457722176183
207.232,0.031999999999982265,-0.0017176311744342202,-0.12831447085088005,-0.01116398040085669,0.01876383442712961
207.264,0.03200000000001069,0.003534787469039844,-0.27663844252270414,-0.020988540015985928,-0.009824559615129238
207.296,0.031999999999982265,-0.00026419499433800867,-0.4130331481325775,-0.03158620032689561,-0.010597660310909682
207.328,0.03200000000001069,-0.002665568409273401,-0.25053771587351764,-0.020248042589360988,0.011338157737534622
207.36,0.03200000000001069,-0.004713519946737004,-0.18291524044817162,-0.014620529039624944,0.005627513549736044
207.392,0.031999999999982265,-0.0009320403791231787,-0.29079161839570195,-0.02222891114074184,-0.007608382101116895
207.424,0.03200000000001069,-0.005926820537554101,-0.32544347341117646,-0.02521644128964986,-0.00298753014890802
207.45600000000002,0.03200000000001069,-2.3675038100305103e-05,-0.10645490726045974,-0.009284439893575148,0.01593200139607471
207.488,0.031999999999982265,-0.00108410673593761,-0.05673339530722382,-0.0047081688942256445,0.004576270999349504
207.52,0.03200000000001069,0.0009068876066409323,-0.3188552300085212,-0.02372048408519549,-0.019012315190969846
207.552,0.031999999999982265,-0.004621493333402092,-0.3178852602433298,-0.024746715711884706,-0.0010262316266892169
207.584,0.03200000000001069,-0.02183230756206623,-0.20598486452514023,-0.016576778670316938,0.008169937041567769
207.616,0.03200000000001069,-0.009071059237704699,-0.15908347830565364,-0.012655997173249922,0.003920781497067016
207.648,0.031999999999982265,-0.08567228420132425,-0.5563042168329407,-0.04164135715648933,-0.02898535998323941
207.68,0.03200000000001069,-0.029069700851789775,-0.30714506957186066,-0.024991435133086097,0.016649922023403235
207.71200000000002,0.03200000000001069,-0.15931879213224046,-0.8333357935468954,-0.06272643551451448,-0.03773500038142839
207.744,0.031999999999982265,-0.13473591364992665,-0.7411291543220246,-0.058123945153766614,0.00460249036074787
207.776,0.03200000000001069,-0.003303802570903015,-0.19106072564505888,-0.017406090792084546,0.04071785436168207
207.808,0.031999999999982265,-0.41623931680194576,-2.2196734776704434,-0.16424012788220543,-0.14683403709012088
207.84,0.03200000000001069,-0.0036250145334030745,-0.04733506296827396,-0.012962462373570027,0.15127766550863542
207.872,0.03200000000001069,-0.4184114550025725,-2.2548764903081184,-0.16657243883448822,-0.1536099764609182
207.904,0.031999999999982265,-0.01612869665395494,-0.30118433744026235,-0.03176523767652122,0.134807201157967
207.936,0.03200000000001069,-0.12869293557780068,-0.9897615370473768,-0.07462106549664994,-0.04285582782012872
207.96800000000002,0.03200000000001069,-0.0057884938010269145,-0.20616600453043066,-0.019469299966561323,0.05515176553008862
208.0,0.031999999999982265,-0.26837442148889146,-1.69734796653588,-0.12594729864756807,-0.10647799868100674
208.032,0.03200000000001069,-0.0013323265828912724,-0.19374717712532666,-0.02151903269331281,0.10442826595425525
208.064,0.031999999999982265,-0.0024181773898619948,-0.44951117426413145,-0.03429942748406986,-0.01278039479075705
208.096,0.03200000000001069,-0.007111636965294895,-0.4978528332381532,-0.03859228443985498,-0.004292856955785122
208.12800000000001,0.03200000000001069,-0.004183585014805307,-0.40231315594048067,-0.03181409760448351,0.006778186835371472
208.16,0.031999999999982265,-0.00037541305495541365,-0.3017999485574683,-0.024031035091703765,0.007783062512779746
208.192,0.03200000000001069,-0.04888045329276727,-0.8427240480353833,-0.06336140686736069,-0.03933037177565693
208.22400000000002,0.03200000000001069,-0.005842538061672953,-0.49025836582817695,-0.03971150685535042,0.02364990001201027
208.256,0.031999999999982265,-0.00011815821510490165,-0.409105542792159,-0.0323782229499639,0.007333283905386526
208.288,0.03200000000001069,-0.002493937504563013,-0.5531074631968523,-0.04254481307637696,-0.010166590126413064
208.32,0.031999999999982265,-0.004226191023733084,-0.35569147890455644,-0.02861370474845656,0.0139311083279204
208.352,0.03200000000001069,0.00034112097938660495,-0.2978145556860673,-0.02355319266903998,0.005060512079416581
208.38400000000001,0.03200000000001069,-0.04327080726604674,-0.5097258142283367,-0.038845055925395874,-0.015291863256355894
208.416,0.031999999999982265,-0.0016463182214586987,-0.21029936303851596,-0.017707952047356354,0.02113710387803952
208.448,0.03200000000001069,-0.0970950251016014,-0.7780218142817406,-0.05823816418877152,-0.04053021214141517
208.48000000000002,0.03200000000001069,-0.028168536292874146,-0.46131761712489616,-0.037287437565309736,0.020950726623461785
208.512,0.031999999999982265,-0.04541318807762223,-0.3098180897447434,-0.024936661879211026,0.01235077568609871
208.544,0.03200000000001069,-0.1323890880146911,-0.7818566197989782,-0.05893748340742454,-0.034000821528213515
208.576,0.031999999999982265,-0.03958594577159303,-0.59437715042771,-0.04711303683648612,0.011824446570938417
208.608,0.03200000000001069,-0.0786073434849387,-0.8782776067709923,-0.06730852630442961,-0.020195489467943493
208.64000000000001,0.03200000000001069,-0.015892582936102184,-0.4221259613648754,-0.03492889796395445,0.03237962834047516
208.672,0.031999999999982265,-0.09095475373981235,-0.7837552411548908,-0.05965395102637116,-0.024725053062416708
208.704,0.03200000000001069,0.002536603171501375,-0.17560877502008565,-0.016358076671259523,0.04329587435511163
208.73600000000002,0.03200000000001069,-0.2653832333311052,-1.6983646886122152,-0.12584246056766832,-0.1094843838964088
208.768,0.031999999999982265,0.0015827947747468576,-0.3314764794782215,-0.03164162457889698,0.09420083598877134
208.8,0.03200000000001069,0.0021922964169883135,-0.2803301119180173,-0.022442181733523418,0.009199442845373561
208.832,0.031999999999982265,-0.10754705649779975,-0.8251589029874508,-0.061977939082825895,-0.03953575734930248
208.864,0.03200000000001069,-0.07174616527748222,-0.8478023780476611,-0.06592550817970874,-0.003947569096882847
208.89600000000002,0.03200000000001069,-0.06094342585951298,-0.5967638587890686,-0.04769196813576555,0.01823354004394319
208.928,0.031999999999982265,-0.04999470873792231,-0.7167635318537471,-0.055464165821468084,-0.007772197685702531
208.96,0.03200000000001069,-0.07638257780918817,-0.7519149127552888,-0.05849788813981035,-0.003033722318342265
208.992,0.031999999999982265,-0.1085500959109731,-0.6126466972437468,-0.048431206018053966,0.010066682121756383
209.024,0.03200000000001069,-0.14239570470220886,-0.8322564771705652,-0.06400021870089259,-0.015569012682838626
209.056,0.03200000000001069,-0.0862212015973343,-0.669876965127298,-0.05295757735016169,0.011042641350730902
209.088,0.031999999999982265,-0.12788961853381536,-0.946025470109931,-0.07262811945358198,-0.019670542103420292
209.12,0.03200000000001069,-0.04571111948025927,-0.5325454331027385,-0.043356266132798964,0.02927185332078302
209.15200000000002,0.03200000000001069,-0.08009594041907298,-0.8494304801907048,-0.06497022717347786,-0.0216139610406789
209.184,0.031999999999982265,-0.004659838124438928,-0.45682316275588636,-0.03734555016083736,0.0276246770126405
209.216,0.03200000000001069,-0.005365795220040737,-0.3922052852388022,-0.030998789683413703,0.0063467604774236595
209.248,0.031999999999982265,-0.03249049837325612,-0.5054409173559964,-0.03895977108820975,-0.007960981404796046
209.28,0.03200000000001069,-0.09726765470568025,-0.8323608494092056,-0.06346111705496767,-0.024501345966757918
209.312,0.03200000000001069,-0.009928386045397608,-0.35804077785014754,-0.029993951664825498,0.03346716539014217
209.344,0.031999999999982265,-0.00018930279344706513,-0.3396754960386496,-0.02671133608586098,0.003282615578964518
209.376,0.03200000000001069,-0.005117449574854056,-0.508853251486339,-0.03896320417074127,-0.01225186808488029
209.40800000000002,0.03200000000001069,-0.061172034610641315,-0.6888952206418304,-0.05291082040857937,-0.0139476162378381
209.44,0.031999999999982265,-0.0013728469187724128,-0.3233986283002125,-0.026837301244370296,0.026073519164209073
209.472,0.03200000000001069,-0.0037189657255476075,-0.3389935269291956,-0.026478953405355662,0.000358347839014634
209.504,0.031999999999982265,-0.08845826525388054,-0.7450551900538294,-0.05632013299581067,-0.02984117959045501
209.536,0.03200000000001069,-0.0019446689494684723,-0.2134569897865641,-0.018948984717478707,0.03737114827833196
209.568,0.03200000000001069,-0.15263653959958073,-1.1696033449993717,-0.08710680232406182,-0.06815781760658311
209.6,0.031999999999982265,-0.0008322656633990577,-0.26989376477755367,-0.024876643962490234,0.062230158361571586
209.632,0.03200000000001069,0.00014889380804465412,-0.38348352342401343,-0.029637570887966484,-0.00476092692547625
209.66400000000002,0.03200000000001069,-3.7911666459217786e-05,-0.27491456692491173,-0.02192822915663814,0.007709341731328343
209.696,0.031999999999982265,-0.25745810027530186,-1.4021657421397533,-0.10438148272008488,-0.08245325356344674
209.728,0.03200000000001069,-0.0016477795758858152,-0.24058138735539414,-0.023718256456145077,0.0806632262639398
209.76,0.031999999999982265,0.0008417411909892869,-0.1150409931121111,-0.009829373763066994,0.013888882693078083
209.792,0.03200000000001069,-0.2521819277003662,-1.933443997508706,-0.14275335019213956,-0.13292397642907255
209.824,0.03200000000001069,0.0001824419769214689,-0.3183846595364962,-0.03165509923792659,0.11109825095421297
209.856,0.031999999999982265,-0.0007765917556810537,-0.24272798119362443,-0.01967769040266192,0.011977408835264668
209.888,0.03200000000001069,0.0036664804009613017,-0.5682980371345449,-0.04292874129288384,-0.023251050890221923
209.92000000000002,0.03200000000001069,0.00012085363278221838,-0.34393837513750564,-0.02777154265718631,0.015157198635697533
209.952,0.031999999999982265,0.0026856584936371694,-0.24456724506101232,-0.019588756144058212,0.008182786513128096
209.984,0.03200000000001069,0.003434066564760029,-0.4959325423887072,-0.03760183232547381,-0.018013076181415597
210.016,0.031999999999982265,-0.00395118124948321,-0.5119902686222896,-0.03982259942622345,-0.0022207671007496432
210.048,0.03200000000001069,-0.0010734511165001596,-0.40171715854207213,-0.031841292770382223,0.007981306655841229
210.08,0.03200000000001069,-0.0006238310831727463,-0.4344197825171598,-0.03378549767185688,-0.0019442049014746568
210.112,0.031999999999982265,-0.0017282142021664431,-0.4489008830980551,-0.03496267824462882,-0.0011771805727719409
210.144,0.03200000000001069,0.05869888929638303,0.1764946155035603,0.010961090828175223,0.045923769072804044
210.17600000000002,0.03200000000001069,-0.0018291478613970814,-0.3605206264894682,-0.02587999486610903,-0.03684108569428425
210.208,0.031999999999982265,0.06456783828832627,0.013697927953234422,-0.00048667951291816194,0.02539331535319087
210.24,0.03200000000001069,0.0010875955008342025,-0.31600682541826847,-0.023267309077504725,-0.02278062956458656
210.272,0.031999999999982265,0.07936945833057116,0.03595015531236925,0.0013005822684606589,0.024567891345965383
210.304,0.03200000000001069,-0.005452705471128817,-0.4780168335844433,-0.0350783847995074,-0.03637896706796806
210.336,0.03200000000001069,0.09300601180769165,0.06760716938751112,0.0029468037446608183,0.03802518854416822
210.368,0.031999999999982265,0.10066067720119819,0.14883279875340294,0.011115313994187505,0.008168510249526686
210.4,0.03200000000001069,0.0015079570291745344,-0.16603344637139084,-0.011568460426971145,-0.02268377442115865
210.43200000000002,0.03200000000001069,0.09927870648971085,0.3730717906500799,0.0267679474345424,0.038336407861513544
210.464,0.031999999999982265,0.0013645874879755122,0.019699659030912947,0.002994006307326719,-0.02377394112721568
210.496,0.03200000000001069,-0.0037878715134336167,-0.21230589782948045,-0.015440182591427341,-0.01843418889875406
210.528,0.031999999999982265,0.0012456474142148182,-0.07890680993643083,-0.006694172177577679,0.008746010413849661
210.56,0.03200000000001069,-0.004464517760531476,-0.13232082773914763,-0.010117352029603332,-0.0034231798520256524
210.592,0.03200000000001069,0.006955567431835876,-0.028404863419777795,-0.0026729654922059425,0.0074443865373973895
210.624,0.031999999999982265,-0.0004183300839965529,-0.16310159808109168,-0.01214883629890229,-0.009475870806696348
210.656,0.03200000000001069,-0.00024748448093943977,-0.16578966796962222,-0.012893550850438338,-0.0007447145515360482
210.68800000000002,0.03200000000001069,-0.0008031187963606771,0.046888028863272965,0.0027038234626914895,0.015597374313129828
210.72,0.031999999999982265,-0.0020809081500081975,0.014067928203823337,0.0011906478615999526,-0.0015131756010915369
210.752,0.03200000000001069,0.001622450191766406,-0.16515346231180286,-0.012076688023271576,-0.013267335884871528
210.784,0.031999999999982265,0.002520795453496671,-0.24569292035061058,-0.018765489075516895,-0.006688801052245319
210.816,0.03200000000001069,-0.001649810423558693,-0.04044178953829268,-0.004057412741768895,0.014708076333747998
210.848,0.03200000000001069,-0.004226063136090667,0.045257254323158816,0.003093998038010754,0.007151410779779649
210.88,0.031999999999982265,-0.00387363692731837,-0.1274122038142236,-0.009191308674392202,-0.012285306712402955
210.912,0.03200000000001069,0.0014574073569274188,0.05429410225162096,0.0034621948038110807,0.012653503478203283
210.94400000000002,0.03200000000001069,-0.005670839831445921,-0.13746670454156182,-0.009909463275523616,-0.013371658079334697
210.976,0.031999999999982265,0.002769841346784092,-0.15564213833765414,-0.012018022283346093,-0.0021085590078224765
211.008,0.03200000000001069,-0.001115120120638824,0.12952113613069122,0.008831224344628954,0.02084924662797505
211.04,0.031999999999982265,-0.06058244595896258,-0.3916217310168003,-0.028290132365514527,-0.03712135671014348
211.072,0.03200000000001069,0.00023315576104362837,-0.04931946036683293,-0.005260127538885264,0.023030004826629265
211.104,0.03200000000001069,0.009886572452412524,-0.0028526933219041916,-0.0005134500249984648,0.0047466775138868
211.136,0.031999999999982265,-0.0006544585119593227,-0.20059804270698442,-0.014781666493352566,-0.0142682164683541
211.168,0.03200000000001069,-0.002138474516998334,-0.09196832474344409,-0.007616703407907475,0.007164963085445091
211.20000000000002,0.03200000000001069,0.0022300224424767453,0.14204439122051615,0.010006271440308044,0.017622974848215518
211.232,0.031999999999982265,-0.006254123617668355,-0.3509796477070224,-0.025233469968111526,-0.03523974140841957
211.264,0.03200000000001069,-0.06406218095038768,-0.2213390832820426,-0.017734031269819837,0.007499438698291689
211.296,0.031999999999982265,0.003700456523237234,-0.1583013176986586,-0.01266528403040647,0.005068747239413368
211.328,0.03200000000001069,-0.04315683655068358,-0.19451071886501423,-0.015035517489989946,-0.0023702334595834765
211.36,0.03200000000001069,-0.002430689165761972,0.08601094465872636,0.005457277792990457,0.020492795282980404
211.392,0.031999999999982265,-0.011715484663438741,-0.04356723625779313,-0.002888900808228829,-0.008346178601219285
211.424,0.03200000000001069,-0.07770543253421903,-0.5742482245214127,-0.04239711808029654,-0.03950821727206771
211.45600000000002,0.03200000000001069,-0.003906164397878178,0.036276603553966606,0.0002202431137618639,0.0426173611940584
211.488,0.031999999999982265,-0.03732548750698544,-0.3121816004711734,-0.022945191177148865,-0.023165434290910728
211.52,0.03200000000001069,0.004250180078195571,0.0890963905695256,0.005227564016433575,0.02817275519358244
211.552,0.031999999999982265,-0.0058184723038534215,-0.07763398622013741,-0.005407438481191134,-0.01063500249762471
211.584,0.03200000000001069,-0.00407377166222596,-0.06589711580989774,-0.005158255259422913,0.000249183221768221
211.616,0.03200000000001069,-0.0641460396145251,-0.44378761128160477,-0.032934022772485055,-0.02777576751306214
211.648,0.031999999999982265,-0.0027091760284396324,-0.10324966159427124,-0.00949425426317635,0.023439768509308706
211.68,0.03200000000001069,-0.0059550892702093594,-0.21275710524314018,-0.016194300252958788,-0.006700045989782438
211.71200000000002,0.03200000000001069,0.0012322500830336128,0.06580986080898138,0.0039047900507728148,0.020099090303731602
211.744,0.031999999999982265,0.0010200811140191168,0.09397922092586722,0.00713667312220355,0.003231883071430735
211.776,0.03200000000001069,0.0013426153260215508,-0.18213220949910972,-0.01298205038227533,-0.02011872350447888
211.808,0.031999999999982265,-0.0010162229779290604,-0.11195670518940644,-0.008982763254853109,0.003999287127422221
211.84,0.03200000000001069,-0.002042552034811948,-0.17694822380421046,-0.013531379096872345,-0.004548615842019236
211.872,0.03200000000001069,0.002239597477934615,-0.08787202601186297,-0.007243282732968654,0.006288096363903691
211.904,0.031999999999982265,-0.002194013466995143,-0.07479011494697452,-0.00591823002591226,0.0013250527070563936
211.936,0.03200000000001069,0.004016688051169839,-0.14584794562295508,-0.01106734491787735,-0.00514911489196509
211.96800000000002,0.03200000000001069,0.006087318255261994,-0.031914224043941765,-0.0029858868807527196,0.008081458037124631
212.0,0.031999999999982265,-0.0022989219888746846,0.0067555111213319,0.0003244293219547738,0.0033103162027074934
212.032,0.03200000000001069,0.08237508737887324,0.4077552430166997,0.03000514193516945,0.02968071261321468
212.064,0.031999999999982265,-0.0027138602757294994,0.04124753380097691,0.004765522151793274,-0.025239619783376178
212.096,0.03200000000001069,0.002796308883582042,-0.09942938517634861,-0.007036950307926966,-0.011802472459720239
212.12800000000001,0.03200000000001069,2.050409692093862e-05,-0.014056413072566927,-0.001439948453029092,0.005597001854897874
212.16,0.031999999999982265,-0.005660396438999299,-0.1874120767254719,-0.013865453468237955,-0.012425505015208864
212.192,0.03200000000001069,0.00017526158771277253,0.04997097857621305,0.0028744372410388474,0.016739890709276804
212.22400000000002,0.03200000000001069,-0.056016835710747184,-0.4314048769760174,-0.031559673756567284,-0.034434110997606134
212.256,0.031999999999982265,-0.004644450071707891,0.07889482794139183,0.0039800326549850355,0.03553970641155232
212.288,0.03200000000001069,-0.07466516427930074,-0.40360017055609243,-0.029451084344898452,-0.033431116999883485
212.32,0.031999999999982265,-0.1208241309497224,-0.3545137182704887,-0.027771203079955436,0.0016798812649430166
212.352,0.03200000000001069,-0.12994007710196218,-0.6443624169434495,-0.04898976403597695,-0.021218560956021513
212.38400000000001,0.03200000000001069,0.006700899916244624,0.111111250528459,0.005343012631285269,0.05433277666726222
212.416,0.031999999999982265,-0.07186432882012718,-0.4841066605424817,-0.03529286627643203,-0.0406358789077173
212.448,0.03200000000001069,-0.0935291064430521,-0.34126567990028545,-0.02713418002112697,0.00815868625530506
212.48000000000002,0.03200000000001069,-0.07816131887770054,-0.49196493603135677,-0.037745644017351185,-0.010611463996224216
212.512,0.031999999999982265,0.0026473836385520508,-0.013543803497912725,-0.003175035597259406,0.03457060842009178
212.544,0.03200000000001069,-0.00018158708037118045,-0.11448739694809273,-0.008602720980433987,-0.00542768538317458
212.576,0.031999999999982265,-0.000899460064719208,-0.27965332093736117,-0.021062395713119714,-0.012459674732685727
212.608,0.03200000000001069,-0.008169452404997469,-0.1935236579707096,-0.015447686321922973,0.005614709391196741
212.64000000000001,0.03200000000001069,0.0007379736205634352,-0.4345735852669934,-0.032850420578739735,-0.017402734256816762
212.672,0.031999999999982265,0.0011419519447349695,0.07102389624265376,0.0033266889313386568,0.036177109510078395
212.704,0.03200000000001069,-3.100438653965247e-05,-0.36434639107991873,-0.026602069441742746,-0.029928758373081402
212.73600000000002,0.03200000000001069,0.0020781125698658867,0.019661284610477822,-8.981761297913196e-05,0.026512251828763614
212.768,0.031999999999982265,0.0017234372935685837,-0.3572738609139324,-0.026279185743500588,-0.026189368130521456
212.8,0.03200000000001069,-0.008439094826484379,-0.346579209370094,-0.02700458671707177,-0.000725400973571183
212.832,0.031999999999982265,0.01601523351094463,-0.019070292333983618,-0.002961383505433517,0.024043203211638255
212.864,0.03200000000001069,0.005835772421645605,-0.27785205096381127,-0.02060426070124846,-0.017642877195814945
212.89600000000002,0.03200000000001069,0.13495089097133736,0.4328312273509203,0.03064104152819828,0.051245302229446746
212.928,0.031999999999982265,-0.0027405132256227765,-0.1470199110674316,-0.009042998490057063,-0.039684040018255345
212.96,0.03200000000001069,-0.003260301795800843,-0.07907331417266225,-0.006337113398099503,0.0027058850919575595
212.99200000000002,0.03200000000001069,-0.0004862662179689534,-0.16418484825110596,-0.012440026641315933,-0.006102913243216429
213.024,0.031999999999982265,0.13001868726490806,0.5227536176002467,0.037725268178174266,0.0501652948194902
213.056,0.03200000000001069,-0.002041306340482245,-0.06783765232844294,-0.0028109513758329263,-0.04053621955400719
213.088,0.031999999999982265,-0.0011420798778869542,-0.13608367606364632,-0.010169897991886688,-0.007358946616053762
213.12,0.03200000000001069,-0.0008362188523452199,-0.09851512802963065,-0.007831923661807743,0.0023379743300789447
213.15200000000002,0.03200000000001069,0.03259198104609222,0.16445143951307897,0.011641666380244145,0.01947359004205189
213.184,0.031999999999982265,-0.0024378154421500486,0.09977799608819621,0.008009759096682443,-0.003631907283561702
213.216,0.03200000000001069,-0.0004839450286704966,-0.14507969554149103,-0.010206797665141588,-0.01821655676182403
213.248,0.031999999999982265,-0.002875792953736135,-0.094322162564192,-0.007525702215864696,0.0026810954492768914
213.28,0.03200000000001069,-0.0024392175016161323,0.13231347201692864,0.009295910852880928,0.016821613068745626
213.312,0.03200000000001069,0.002494370453867902,-0.08232596389017585,-0.0055176256707357195,-0.014813536523616649
213.344,0.031999999999982265,-0.004327365775523301,-0.12532750714531873,-0.009535140704283443,-0.004017515033547724
213.376,0.03200000000001069,0.00244581454305883,-0.0060379918981246375,-0.0009944901714213222,0.008540650532862121
213.40800000000002,0.03200000000001069,0.002770531214902366,-0.02286555848464284,-0.0017389493505815987,-0.0007444591791602765
213.44,0.031999999999982265,0.004796934493764036,-0.32394776069575626,-0.023923579639355996,-0.022184630288774397
213.472,0.03200000000001069,0.001020237091616163,0.09890068378986154,0.005892092496908889,0.029815672136264883
213.504,0.031999999999982265,0.00015829131203136162,-0.026278270311986807,-0.001592364884682551,-0.00748445738159144
213.536,0.03200000000001069,-1.435912647101663e-05,0.09402580894202363,0.006822753530485941,0.008415118415168493
213.568,0.03200000000001069,0.00021907061205490735,0.07519902620828445,0.005924024689639352,-0.0008987288408465891
213.6,0.031999999999982265,0.0013285761777663677,0.06768158623711308,0.005319307664250623,-0.0006047170253887287
213.632,0.03200000000001069,-0.07275717322426159,-0.3878253310647598,-0.02821368396443029,-0.03353299162868091
213.66400000000002,0.03200000000001069,-0.0008294322257945177,0.17847126637520858,0.011496067396906222,0.03970975136133651
213.696,0.031999999999982265,-0.0800320415000068,-0.4009334322166497,-0.028821078048983546,-0.04031714544588977
213.728,0.03200000000001069,0.00021782647359910637,0.023663968726968288,7.643936303251988e-05,0.028897517412016065
213.76,0.031999999999982265,-0.001775328016950935,0.054429741076358555,0.004007188261239821,0.003930748898207301
213.792,0.03200000000001069,-0.003931336162315229,-0.17664631453169263,-0.01275927869882478,-0.0167664669600646
213.824,0.03200000000001069,0.0008051486813877581,-0.12969584628236847,-0.01027444330496734,0.002484835393857439
213.856,0.031999999999982265,0.0016979080225319719,-0.0435883224105298,-0.00379862923995655,0.006475814065010791
213.888,0.03200000000001069,-0.005366051562128526,-0.13517997549928595,-0.010160457379956746,-0.006361828140000196
213.92000000000002,0.03200000000001069,-0.00030482766712764173,-0.1695110567608994,-0.013052435343739184,-0.002891977963782438
213.952,0.031999999999982265,0.03295799160557395,0.022277394711069584,0.0008847795974580324,0.013937214941197217
213.984,0.03200000000001069,0.06833550544112055,0.36544396958485964,0.02692590980797648,0.026041130210518446
214.016,0.031999999999982265,0.0008721330213003286,-0.03895919202304404,-0.0013106598634933448,-0.028236569671469824
214.048,0.03200000000001069,0.001333265935293071,0.18344365085453562,0.013414824449308232,0.014725484312801577
214.08,0.03200000000001069,0.022326505886882793,-0.022537875305908443,-0.0008830150105310692,-0.014297839459839302
214.112,0.031999999999982265,0.0009284137283183697,-0.07150230154828954,-0.0053092710936576285,-0.004426256083126559
214.144,0.03200000000001069,-0.001558035236316193,-0.22668560242539326,-0.016977009871592477,-0.011667738777934849
214.17600000000002,0.03200000000001069,0.04333810717090098,0.18973909666786978,0.012973389021817156,0.029950398893409634
214.208,0.031999999999982265,0.12037290052272492,0.6452532392330088,0.04820101114981139,0.03522762212799423
214.24,0.03200000000001069,-0.0047618098708572,-0.03383855147639073,0.000294105182836536,-0.047906905966974854
214.272,0.031999999999982265,-0.0017541203047433925,0.2166906990841217,0.01595246151291722,0.015658356330080683
214.304,0.03200000000001069,0.03684483769420133,0.21588916460965815,0.016797458957000893,0.0008449974440836727
214.336,0.03200000000001069,0.001105853503863355,0.13220339404005405,0.010691969357354005,-0.006105489599646888
214.368,0.031999999999982265,0.06673218256400835,0.3653874107249789,0.027487910477312968,0.01679594111995896
214.4,0.03200000000001069,0.005010048381148025,-0.007644760932665818,0.0010246542721006665,-0.026463256205212303
214.43200000000002,0.03200000000001069,0.00031931233928571924,0.2500694435910611,0.018449315869588184,0.01742466159748752
214.464,0.031999999999982265,0.0009900076742602405,0.10061578921475547,0.00846436992001634,-0.009984945949571843
214.496,0.03200000000001069,-0.0002729582686885413,0.18394711685328402,0.014016152907817095,0.005551782987800754
214.528,0.031999999999982265,0.0019111024346103796,0.38721478177142,0.02928500233887751,0.015268849431060416
214.56,0.03200000000001069,-0.0014071995862870428,-0.0192904037267744,0.0002719755191384357,-0.029013026819739076
214.592,0.03200000000001069,0.003709607285865396,0.08433292266262678,0.006217563130250805,0.005945587611112369
214.624,0.031999999999982265,0.07546705704798043,0.6714529488056188,0.049737736127582415,0.04352017299733161
214.656,0.03200000000001069,0.0018901256942900912,0.1707597051666098,0.015429021034472861,-0.03430871509310955
214.68800000000002,0.03200000000001069,0.0009318715113316602,0.1456474546169714,0.011601649958010928,-0.0038273710764619336
214.72,0.031999999999982265,-0.004190302689389287,0.15365872274316833,0.011969849827931086,0.0003681998699201581
214.752,0.03200000000001069,-0.00193353884978199,0.20862600294000058,0.016033411902847954,0.004063562074916868
214.784,0.031999999999982265,0.0014150961207528162,0.11157234329848506,0.00913064948096931,-0.006902762421878643
214.816,0.03200000000001069,0.0028895268471236064,0.2781152778201066,0.020979764499387224,0.011849115018417913
214.848,0.03200000000001069,0.0028602227317038277,0.20374089221854752,0.01619429381898562,-0.004785470680401603
214.88,0.031999999999982265,0.005190082649360462,0.078137333384311,0.006681118843375107,-0.009513174975610513
214.912,0.03200000000001069,0.001101716195491934,0.06615076621171773,0.005250437160153492,-0.0014306816832216152
214.94400000000002,0.03200000000001069,-0.0010713126964782764,0.21719761430917842,0.01627586464773488,0.01102542748758139
214.976,0.031999999999982265,-0.006779670237206486,-0.030436682643263963,-0.001298729879011037,-0.017574594526745917
215.008,0.03200000000001069,-0.004263825103516143,0.28075338091027574,0.020571692745642894,0.02187042262465393
215.04,0.031999999999982265,-0.0030963212836245062,0.2343823493381698,0.018424115909949954,-0.00214757683569294
215.072,0.03200000000001069,-0.0014813607293360296,0.1964046252014257,0.015507247844590118,-0.002916868065359835
215.104,0.03200000000001069,-0.002629265909458338,-0.08609015992220645,-0.005435870743065392,-0.02094311858765551
215.136,0.031999999999982265,0.002462950774041079,0.12591579981936507,0.008946068634068152,0.014381939377133543
215.168,0.03200000000001069,-0.002425753408513173,0.1261174874595212,0.009791156886105655,0.0008450882520375028
215.20000000000002,0.03200000000001069,0.0023830145826897746,0.10530924329486789,0.008309700062543082,-0.001481456823562573
215.232,0.031999999999982265,-0.005788880939505562,0.199441288426337,0.015146668846553413,0.006836968784010331
215.264,0.03200000000001069,0.0014404864946524335,0.03604031888813876,0.0035248164386441523,-0.01162185240790926
215.296,0.031999999999982265,0.0021868063899042043,0.06969513850892906,0.005328880674603965,0.0018040642359598126
215.328,0.03200000000001069,-0.00039998267645815436,0.036860386573870835,0.0030183525447444433,-0.0023105281298595216
215.36,0.03200000000001069,-0.0006422077282561335,-0.06701017181208463,-0.0047536965042256395,-0.007772049048970083
215.392,0.031999999999982265,0.001742886695536197,-0.03936640948220991,-0.003169441185323359,0.0015842553189022806
215.424,0.03200000000001069,-0.0038685849830789863,0.10107956710103894,0.007250445342738644,0.010419886528062004
215.45600000000002,0.03200000000001069,0.0011654542977191588,0.3175495372568475,0.02377122641939236,0.016520781076653716
215.488,0.031999999999982265,0.00010674359809595779,0.10697175225354544,0.00923901786974323,-0.014532208549649131
215.52,0.03200000000001069,0.0022175795628824107,0.032167906516639685,0.00289899511283925,-0.0063400227569039794
215.552,0.031999999999982265,0.004373856294291877,-0.008635589462714484,-0.0004677068906556606,-0.00336670200349491
215.584,0.03200000000001069,0.0017039760001213919,0.04620311612004428,0.0033707873371730834,0.003838494227828744
215.616,0.03200000000001069,-0.020993691512578874,0.08163037359416808,0.0061977086081665645,0.002826921270993481
215.648,0.031999999999982265,-0.08948345663544276,-0.4770215456782461,-0.03472248451396053,-0.040920193122127094
215.68,0.03200000000001069,0.0029396563869370385,-0.025630396402942113,-0.0038893621669658135,0.03083312234699472
215.71200000000002,0.03200000000001069,0.0015021279118886963,0.15742147445597438,0.01135228159691912,0.015241643763884934
215.744,0.031999999999982265,-0.07486189316764848,-0.5325257090940335,-0.03850670451834475,-0.049858986115263876
215.776,0.03200000000001069,-0.05985535383801472,-0.31726729425658406,-0.02555486522308315,0.012951839295261603
215.808,0.031999999999982265,0.0027834559872397164,-0.06766147524548885,-0.00645109901791507,0.019103766205168078
215.84,0.03200000000001069,-0.05822895263814524,-0.12417287060961543,-0.00950411702740688,-0.0030530180094918103
215.872,0.03200000000001069,-0.13180023121310838,-0.558397429976152,-0.04161333739098885,-0.03210922036358197
215.904,0.031999999999982265,-0.10383931137116495,-0.5015032451674148,-0.03928296183404479,0.002330375556944063
215.936,0.03200000000001069,-0.015741013669086465,0.22715957493378663,0.014437597433009373,0.053720559267054165
215.96800000000002,0.03200000000001069,-0.13498936371617554,-0.6342289301904988,-0.04580786999599841,-0.060245467429007785
216.0,0.031999999999982265,-0.13154247800912916,-0.5789384133932013,-0.0452197081438491,0.0005881618521493132
216.032,0.03200000000001069,-0.13920525690396338,-0.5378548393163118,-0.04216445875932,0.003055249384529099
216.064,0.031999999999982265,-0.12825503678202224,-0.8585977185780631,-0.06557558602030661,-0.02341112726098661
216.096,0.03200000000001069,-0.13219484167117793,-0.7140206388650361,-0.05629485761810389,0.009280728402202718
216.12800000000001,0.03200000000001069,-0.1375045026721594,-0.7781301862228182,-0.06047372035983451,-0.00417886274173062
216.16,0.031999999999982265,-0.13361188606816618,-0.7746123742081867,-0.06045626155983651,1.7458799998003316e-05
216.192,0.03200000000001069,-0.1219734347177499,-0.7022684314869849,-0.05513506374551085,0.005321197814325655
216.22400000000002,0.03200000000001069,-0.1313053421124193,-0.6147090239829511,-0.048388737242475145,0.006746326503035707
216.256,0.031999999999982265,-0.32653529350404775,-1.7702632001860434,-0.13297899389037993,-0.08459025664790479
216.288,0.03200000000001069,-0.2101983714452582,-1.3036424914147677,-0.10354691878355021,0.029432075106829714
216.32,0.031999999999982265,-0.14734471416141542,-1.0852900234983718,-0.08579014228147218,0.017756776502078034
216.352,0.03200000000001069,-0.4165214302349224,-2.2497497943923275,-0.170399695255426,-0.08460955297395382
216.38400000000001,0.03200000000001069,-0.05145333071212245,-0.4774910933894275,-0.044951820426896376,0.12544787482852962
216.416,0.031999999999982265,-0.4216658088372712,-2.406617400324291,-0.1795782158669955,-0.1346263954400991
216.448,0.03200000000001069,-0.4201594005814217,-2.386891490530624,-0.1858994256498173,-0.006321209782821802
216.48000000000002,0.03200000000001069,-0.41522180185220325,-4.752565801662145,-0.36023656793625913,-0.17433714228644184
216.512,0.031999999999982265,-0.42075388705815925,-2.898287065835753,-0.23393681215367823,0.1262997557825809
216.544,0.03200000000001069,-0.4161179824899613,-4.592334108601408,-0.35122624695852667,-0.11728943480484844
216.576,0.031999999999982265,-0.4144735184962563,-2.2918177000437665,-0.1888167601048838,0.16240948685364287
216.608,0.03200000000001069,-0.2362125128010723,-1.4749482336416349,-0.11936824461861807,0.06944851548626572
216.64000000000001,0.03200000000001069,-0.14664113685956875,-1.080010297912561,-0.08631522061613298,0.033053024002485096
216.672,0.031999999999982265,-0.3798635158515271,-2.3889099424357276,-0.18066387635088924,-0.09434865573475626
216.704,0.03200000000001069,-0.4229602874233376,-2.3636117783430057,-0.1842501045211394,-0.003586228170250172
216.73600000000002,0.03200000000001069,-0.4201223985077405,-3.1162809523316795,-0.23980859570383686,-0.055558491182697456
216.768,0.031999999999982265,-0.4207643515575613,-4.744096485312312,-0.36272585916604083,-0.12291726346220397
216.8,0.03200000000001069,-0.4179982508742681,-2.6548891507050794,-0.21618097883147677,0.14654488033456406
216.832,0.031999999999982265,-0.41799088412724916,-2.3267119480917913,-0.18358685221903961,0.03259412661243716
216.864,0.03200000000001069,-0.18913466371056623,-1.3706318119346288,-0.11139487357895093,0.07219197864008868
216.89600000000002,0.03200000000001069,-0.35621568454958663,-2.0818312428751207,-0.15952906446790682,-0.04813419088895589
216.928,0.031999999999982265,-0.42223784030871914,-2.6937266398918216,-0.20730673301214356,-0.047777668544236734
216.96,0.03200000000001069,-0.4185508956415242,-2.434897638760597,-0.19103055038793423,0.016276182624209323
216.99200000000002,0.03200000000001069,-0.4171577899053388,-4.733532090224864,-0.35913303958518844,-0.1681024891972542
217.024,0.031999999999982265,-0.42583727172165636,-2.479559525563917,-0.20307978832462784,0.1560532512605606
217.056,0.03200000000001069,-0.4192330516607467,-2.5694815691339037,-0.2006838654926266,0.0023959228320012405
217.088,0.031999999999982265,-0.22628346872999128,-1.4393240638916371,-0.11743351215644572,0.08325035333618087
217.12,0.03200000000001069,-0.17756589144335325,-1.1122087060742156,-0.08857140852456431,0.02886210363188141
217.15200000000002,0.03200000000001069,-0.3156601920081078,-1.957476581930298,-0.14906641694529202,-0.060495008420727706
217.184,0.031999999999982265,-0.4214722516674203,-2.6212683812497644,-0.2013741372666435,-0.052307720321351475
217.216,0.03200000000001069,-0.4132833717072651,-2.994772028066973,-0.23186135650987555,-0.030487219243232055
217.248,0.031999999999982265,-0.41497400097981174,-4.651425499850846,-0.35545202711509766,-0.12359067060522211
217.28,0.03200000000001069,-0.4201519158939095,-2.2286177870617108,-0.18441297458060465,0.171039052534493
217.312,0.03200000000001069,-0.41810577238892277,-2.415556119391953,-0.18828653511087862,-0.0038735605302739617
217.344,0.031999999999982265,-0.2662451741788815,-1.55929147213103,-0.12554025608126707,0.06274627902961155
217.376,0.03200000000001069,-0.13554049494633472,-1.1535358118121835,-0.09207860809207076,0.033461647989196305
217.40800000000002,0.03200000000001069,-0.11852263090188264,-0.9601430852253275,-0.07592475309439646,0.0161538549976743
217.44,0.031999999999982265,-0.41509075695095066,-2.4173374730156936,-0.18215461128068794,-0.10622985818629148
217.472,0.03200000000001069,-0.420648768546066,-2.529338067936875,-0.19652371214827288,-0.014369100867584944
217.504,0.031999999999982265,-0.41743675995392965,-2.314772458957224,-0.18157402360594338,0.014949688542329503
217.536,0.03200000000001069,-0.39054233338357297,-4.683451157661713,-0.3549041598905999,-0.17333013628465654
217.568,0.03200000000001069,-0.41873116662398674,-2.6300480234688797,-0.2139026172218709,0.14100154266872902
217.6,0.031999999999982265,-0.3341854177684437,-2.196980063499449,-0.1739148123267111,0.039987804895159795
217.632,0.03200000000001069,-0.0012892927903513426,-0.6288292507838229,-0.05628418726726659,0.11763062505944452
217.66400000000002,0.03200000000001069,-0.003748474239550063,-0.56600593969981,-0.04487343923405017,0.011410748033216421
217.696,0.031999999999982265,-0.030098377865158458,-0.5538473239302221,-0.04332055991535163,0.0015528793186985398
217.728,0.03200000000001069,-0.28871250743309484,-1.8079858143468317,-0.13546054227683355,-0.09213998236148191
217.76,0.031999999999982265,-0.4195400204634386,-2.3858658445897576,-0.1832771268037264,-0.04781658452689286
217.792,0.03200000000001069,-0.4188204538322521,-2.406449370865009,-0.18755125131680644,-0.004274124513080041
217.824,0.03200000000001069,-0.4183294826680971,-2.544554006290969,-0.197954238753836,-0.010402987437029554
217.856,0.031999999999982265,-0.4175270651135625,-2.211780136025864,-0.17408252783112407,0.023871710922711925
217.888,0.03200000000001069,-0.07200492149268857,-0.80239585797618,-0.06905799693510901,0.10502453089601506
217.92000000000002,0.03200000000001069,-0.007056799203238366,-0.7042190328029165,-0.055775081658845205,0.01328291527626381
217.952,0.031999999999982265,-0.008415013727824184,-0.5427879309510726,-0.043136591414418744,0.01263849024442646
217.984,0.03200000000001069,-0.04546635695985472,-0.7420247007149083,-0.05705890020409082,-0.013922308789672079
218.016,0.031999999999982265,-0.1231200470064212,-1.1204259535014265,-0.08569033609072199,-0.028631435886631168
218.048,0.03200000000001069,0.00014550278090718968,-0.3831907817318318,-0.03312676096213035,0.05256357512859164
218.08,0.03200000000001069,0.0002136074427093102,-0.5731855336053553,-0.04406457133112425,-0.010937810368993897
218.112,0.031999999999982265,-0.017617056154241615,-0.6052817968188691,-0.04705636750358888,-0.002991796172464631
218.144,0.03200000000001069,-0.12979210541530148,-0.9373189391700171,-0.07164716779381779,-0.024590800290228906
218.17600000000002,0.03200000000001069,0.002743463019604239,-0.5418521127204037,-0.043984052025191255,0.027663115768626532
218.208,0.031999999999982265,-0.10453042006477478,-0.8483425611761185,-0.06492646286335443,-0.02094241083816318
218.24,0.03200000000001069,-0.0008536557774932963,-0.3807949691130433,-0.03175189310639627,0.033174569756958164
218.272,0.031999999999982265,-0.05870301680600262,-0.6281944773865125,-0.04803057166311469,-0.01627867855671842
218.304,0.03200000000001069,-0.05223612992010827,-0.73638630933564,-0.05692677659149764,-0.008896204928382952
218.336,0.03200000000001069,-0.0008527785395626455,-0.41804133367984686,-0.03402918468187766,0.02289759190961998
218.368,0.031999999999982265,-0.009009334001061043,-0.47314053592475946,-0.036759335630242196,-0.0027301509483645334
218.4,0.03200000000001069,-0.0029069694612260124,-0.3085877562349351,-0.02481569603652561,0.011943639593716585
218.43200000000002,0.03200000000001069,0.0013782561038695933,-0.6572966568339714,-0.04977033227111663,-0.02495463623459102
218.464,0.031999999999982265,-0.13016065848724317,-0.8249343000625889,-0.06353905066152489,-0.01376871839040826
218.496,0.03200000000001069,-0.001010801234619645,-0.34303905010288455,-0.028895220243578584,0.0346438304179463
218.528,0.031999999999982265,0.0012449863948587386,-0.2892689836130016,-0.022941000993102718,0.005954219250475866
218.56,0.03200000000001069,-0.0004617019183134537,-0.5486419044749482,-0.0416716127558857,-0.01873061176278298
218.592,0.03200000000001069,-0.003761628532098589,-0.43258392251283023,-0.03421798341860571,0.007453629337279985
218.624,0.031999999999982265,0.0020455412840253936,-0.3096787012684617,-0.02474921446183756,0.009468768956768153
218.656,0.03200000000001069,0.002526193049468558,-0.2595449865776556,-0.020515746428165768,0.004233468033671792
218.68800000000002,0.03200000000001069,-0.07631692138310692,-0.7623057138090845,-0.05724448998052615,-0.03672874355236038
218.72,0.031999999999982265,0.0051665450152181295,-0.374123435801298,-0.03081779382526923,0.026426696155256918
218.752,0.03200000000001069,0.0013228626843790321,-0.4600531721748334,-0.03561149730310852,-0.004793703477839292
218.784,0.031999999999982265,-0.00332406950696915,-0.34081779266519946,-0.027119636567740815,0.008491860735367708
218.816,0.03200000000001069,-0.0029481972011574857,-0.3114332151723547,-0.024468460794089663,0.0026511757736511522
218.848,0.03200000000001069,-0.0045279938004123416,-0.4727692219376209,-0.036180097342328375,-0.011711636548238712
218.88,0.031999999999982265,-0.0036498582845600662,-0.13789045435824374,-0.0122291389007186,0.023950958441609778
218.912,0.03200000000001069,-0.00023369593436618644,-0.36421366165503843,-0.027490332085020042,-0.015261193184301443
218.94400000000002,0.03200000000001069,-0.021165300283948217,-0.36995036352091903,-0.028793225048364447,-0.0013028929633444042
218.976,0.031999999999982265,-0.07421274280791484,-0.630503983979529,-0.048029612122554424,-0.019236387074189978
219.008,0.03200000000001069,-0.016242323338590305,-0.42727960065215115,-0.034194943827647914,0.01383466829490651
219.04,0.031999999999982265,0.001452061685414052,-0.09718317018985867,-0.009120914920912066,0.025074028906735848
219.072,0.03200000000001069,-0.13658389530066328,-0.7875571244995234,-0.05844367132758048,-0.04932275640666842
219.104,0.03200000000001069,-0.12665385902809667,-0.8585666696304187,-0.06651308660263049,-0.008069415275050007
219.136,0.031999999999982265,-0.0012289710500871006,-0.3931847799236756,-0.03275463692504343,0.03375844967758706
219.168,0.03200000000001069,-0.0023149516594264353,-0.3056437489704745,-0.02436800551232781,0.008386631412715617
219.20000000000002,0.03200000000001069,-0.0035326380376209977,-0.3016312226626726,-0.023588770921448,0.0007792345908798105
219.232,0.031999999999982265,0.003179467110253881,-0.0037758350439438086,-0.0016394337562347762,0.021949337165213224
219.264,0.03200000000001069,-0.0025696238511785587,-0.4036279265363347,-0.02977753213965135,-0.028138098383416573
219.296,0.031999999999982265,-0.03759836168707592,-0.4200643307227684,-0.03261065549730804,-0.002833123357656689
219.328,0.03200000000001069,0.000451578714998315,-0.2600933052634947,-0.021009903649719188,0.01160075184758885
219.36,0.03200000000001069,0.0015217404690412422,-0.12197368740891659,-0.010182854962049282,0.010827048687669906
219.392,0.031999999999982265,0.0023012990639119935,-0.13324471962393372,-0.010386693687979292,-0.00020383872593001014
219.424,0.03200000000001069,-0.04552318516427425,-0.3194249770921986,-0.024090199414418468,-0.013703505726439176
219.45600000000002,0.03200000000001069,-0.09341042321012508,-0.6086000272080445,-0.04614728884750426,-0.022057089433085795
219.488,0.031999999999982265,0.002560970565811966,0.06742580825813262,0.0022944687831182352,0.0484417576306225
219.52,0.03200000000001069,-0.00025292351687028627,-0.2099272520282687,-0.015305640096596624,-0.01760010887971486
219.552,0.031999999999982265,0.0026166060633206084,-0.12736812803155015,-0.01025026147281795,0.005055378623778674
219.584,0.03200000000001069,0.0010594308250019007,-0.25195847054330545,-0.01912082113542194,-0.00887055966260399
219.616,0.03200000000001069,-0.0010675541024828103,-0.29390812268675987,-0.022717897284752615,-0.003597076149330674
219.648,0.031999999999982265,0.002949684657526049,-0.08063822913236265,-0.007241636895197342,0.015476260389555272
219.68,0.03200000000001069,0.0008353861450924456,-0.04664223549397341,-0.0038481335826373968,0.003393503312559945
219.71200000000002,0.03200000000001069,-0.02826115308689846,-0.3526708888773632,-0.026157646252370464,-0.022309512669733068
219.744,0.031999999999982265,-0.0002646959223338023,-0.18226242101165432,-0.014913676520059208,0.011243969732311256
219.776,0.03200000000001069,-0.0005682854471455746,0.04890541787880094,0.0027355627158813403,0.01764923923594055
219.808,0.031999999999982265,-0.001971219363583671,0.036769660666569795,0.0028619706867581,0.00012640797087675988
219.84,0.03200000000001069,-0.0011896166119629578,-0.016315811553807152,-0.0010346495488087987,-0.003896620235566899
219.872,0.03200000000001069,0.00277778828997668,-0.20919158380846345,-0.015443725820288157,-0.014409076271479358
219.904,0.031999999999982265,-0.0013366017556424423,-0.019521921996386575,-0.0023271986148928354,0.013116527205395322
219.936,0.03200000000001069,-0.0003101088882753205,-0.016842748002415565,-0.001372966532953849,0.0009542320819389864
219.96800000000002,0.03200000000001069,0.0038912928696750917,0.009021929853388223,0.0005842146731151235,0.0019571812060689723
220.0,0.031999999999982265,-0.003359242095611743,-0.014707478459052636,-0.0010478651228605135,-0.001632079795975637
220.032,0.03200000000001069,-0.0031647123214941183,0.0662897095085633,0.004814467964929975,0.005862333087790488
220.064,0.031999999999982265,-0.0004990649227443953,-0.21494792136743096,-0.015529384028163033,-0.020343851993093007
220.096,0.03200000000001069,0.002646509748067349,0.013204922528504645,7.459597487841335e-05,0.015603980003041446
220.12800000000001,0.03200000000001069,-0.001520358423790018,0.1540205910681539,0.011331015510253969,0.011256419535375557
220.16,0.031999999999982265,-0.0024597386281862603,-0.09338146932998556,-0.006213165329786453,-0.017544180840040422
220.192,0.03200000000001069,-0.0036796370406855937,-0.2788709879982994,-0.020866915927502703,-0.01465375059771625
220.22400000000002,0.03200000000001069,5.8327294327494606e-05,-0.09525645174051871,-0.008209808850096215,0.012657107077406488
220.256,0.031999999999982265,0.0017899761543874832,-0.13580212857669344,-0.01046086398911744,-0.002251055139021225
220.288,0.03200000000001069,-0.0031392381346660057,-0.10817609226003623,-0.008559190358250729,0.0019016736308667109
220.32,0.031999999999982265,-0.0022632845044820863,-0.06166728161035783,-0.005029140023649408,0.0035300503346013213
220.352,0.03200000000001069,0.03870257225341072,0.08145965709989857,0.005700234018336062,0.01072937404198547
220.38400000000001,0.03200000000001069,0.0002599699999732677,-0.06656369109342218,-0.00456603966679132,-0.010266273685127381
220.416,0.031999999999982265,0.0037675354545112197,-0.11268235135463486,-0.008550278900799091,-0.003984239234007771
220.448,0.03200000000001069,0.00342484357963256,0.08010851979621576,0.005397598974782208,0.0139478778755813
220.48000000000002,0.03200000000001069,0.11096402547353026,0.29917288684076226,0.022312840273273,0.016915241298490792
220.512,0.031999999999982265,0.0012887999925066914,-0.18670388706854163,-0.012442146451979871,-0.03475498672525287
220.544,0.03200000000001069,0.09305648176870912,0.24913401680515304,0.01760309838508228,0.03004524483706215
220.576,0.031999999999982265,-0.0023195714292308673,0.013454337515006664,0.0020056456646048134,-0.015597452720477467
220.608,0.03200000000001069,0.11931312048498142,0.4756387027678305,0.035094362010188646,0.03308871634558383
220.64000000000001,0.03200000000001069,0.004007933828661425,0.006317280300055614,0.002490539379177357,-0.03260382263101129
220.672,0.031999999999982265,0.015712852696115373,-0.057188836956841745,-0.004061903481702274,-0.006552442860879631
220.704,0.03200000000001069,0.13195340547759282,0.7054436737747383,0.051643997613002056,0.05570590109470433
220.73600000000002,0.03200000000001069,0.004841828967756062,-0.014377301796646043,0.0019240503257508877,-0.04971994728725117
220.768,0.031999999999982265,0.0048780685155782,0.1897535715990184,0.014065594286272454,0.012141543960521566
220.8,0.03200000000001069,-0.004145162921336257,-0.04108967822627649,-0.002209750456798986,-0.016275344743071442
220.832,0.031999999999982265,0.01627039360770792,0.004112599582568816,0.00017487464877052596,0.002384625105569512
220.864,0.03200000000001069,0.09011803891458277,0.4540631016483271,0.03340199869448536,0.03322712404571483
220.89600000000002,0.03200000000001069,-0.0034455005801911705,0.17796769995150674,0.015016051546306643,-0.01838594714817872
220.928,0.031999999999982265,0.03784784959255423,0.3061286934043203,0.023379636260344977,0.008363584714038334
220.96,0.03200000000001069,0.10629186064668467,0.4523349641530362,0.034614500560185835,0.011234864299840858
220.99200000000002,0.03200000000001069,0.039054263851346686,0.32609565937423707,0.0259794118483588,-0.008635088711827034
221.024,0.031999999999982265,-0.0015095022113276472,-0.015727773274287545,0.00034314347894352966,-0.02563626836941527
221.056,0.03200000000001069,0.06955640564829535,0.5889950789865439,0.043334640874945915,0.04299149739600239
221.088,0.031999999999982265,0.0027006312487937133,-0.06667298686553425,-0.0024014777010370417,-0.045736118575982955
221.12,0.03200000000001069,0.08666366421103347,0.5481803515048473,0.04017467212160121,0.04257614982263825
221.15200000000002,0.03200000000001069,0.002831351076388004,0.09359847173554742,0.009202499584571582,-0.03097217253702963
221.184,0.031999999999982265,0.0030384887806675313,-0.09931421800774635,-0.006772338272823772,-0.015974837857395355
221.216,0.03200000000001069,0.09278970571807219,0.4753315811492536,0.034565031299094495,0.04133736957191827
221.248,0.031999999999982265,0.061057952650976875,0.3925378755018902,0.0308627316569848,-0.0037022996421096944
221.28,0.03200000000001069,0.021601023165059255,0.44566808189120793,0.03455620872495521,0.003693477067970411
221.312,0.03200000000001069,-0.0004492267442602703,-0.014639435722626873,0.0009183106432168678,-0.033637898081738345
221.344,0.031999999999982265,-9.487461739784718e-05,0.3067387594706775,0.02261065107557014,0.021692340432353272
221.376,0.03200000000001069,0.07451769129898224,0.5874368514320781,0.044505531146227434,0.021894880070657294
221.40800000000002,0.03200000000001069,-0.0008284272987297587,0.06773663184196141,0.007550630518587288,-0.03695490062764015
221.44,0.031999999999982265,0.002484166165750974,0.08426859106299839,0.006633022210625783,-0.0009176083079615047
221.472,0.03200000000001069,-0.000668091474498864,0.37096452987213246,0.02766373380699174,0.021030711596365957
221.504,0.031999999999982265,-0.0023893945277418055,0.10540387913969199,0.009348426987658516,-0.018315306819333223
221.536,0.03200000000001069,0.0020305550375438203,0.27670399828054404,0.02088855077701544,0.011540123789356925
221.568,0.03200000000001069,0.0007085562854014574,0.015831983366808418,0.0023701644158527382,-0.0185183863611627
221.6,0.031999999999982265,0.09164669476237332,0.6837300393237569,0.05041848936536265,0.04804832494950991
221.632,0.03200000000001069,-0.001752704424601035,0.30724217098371187,0.02550527174110322,-0.024913217624259427
221.66400000000002,0.03200000000001069,0.0029164446298045456,0.21211452500644856,0.017071346030534975,-0.008433925710568245
221.696,0.031999999999982265,0.058844013195607885,0.44831599986001586,0.03395477323826929,0.016883427207734312
221.728,0.03200000000001069,0.005781390034643159,0.10238056108132905,0.009489267397659247,-0.02446550584061004
221.76,0.031999999999982265,0.06463662950556488,0.3313424432996183,0.02491480498652602,0.015425537588866773
221.792,0.03200000000001069,0.13223039309236395,0.8535360295252017,0.0642075416560983,0.039292736669572274
221.824,0.03200000000001069,0.14443548036765133,0.7504017927545257,0.05889135997606728,-0.005316181680031014
221.856,0.031999999999982265,0.038922293324183455,0.5299692223896885,0.042373800556765796,-0.016517559419301484
221.888,0.03200000000001069,0.02309503445285483,0.18530673738953785,0.016073699869583687,-0.02630010068718211
221.92000000000002,0.03200000000001069,0.12326130607648784,0.9288123181747717,0.06923298812857735,0.053159288258993666
221.952,0.031999999999982265,-0.004174869959136356,0.2960627546907958,0.02576927859771503,-0.04346370953086232
221.984,0.03200000000001069,0.12189871324458486,0.7000743444824835,0.05297126255197012,0.02720198395425509
222.016,0.031999999999982265,0.005115054279027483,0.012427741915331712,0.003971921092706888,-0.04899934145926323
222.048,0.03200000000001069,0.1002900506809612,0.7253053585901426,0.053568415697008195,0.04959649460430131
222.08,0.03200000000001069,0.0028103105745017716,0.14309262969649517,0.01361551963661175,-0.039952896060396446
222.112,0.031999999999982265,0.04882689772982969,0.41152168573512776,0.03104940937269216,0.017433889736080406
222.144,0.03200000000001069,0.0009098899466264351,0.16519469992386213,0.01394090941913704,-0.017108499953555116
222.17600000000002,0.03200000000001069,3.5025773022262545e-06,0.2151913510638443,0.016630016543452482,0.0026891071243154412
222.208,0.031999999999982265,0.03653778481442961,0.4094923536718714,0.031074195959588293,0.014444179416135811
222.24,0.03200000000001069,0.0028605518549087165,0.394392041428894,0.030797564734311722,-0.0002766312252765711
222.272,0.031999999999982265,0.005504815412195856,0.06838317538249859,0.006806829217453544,-0.023990735516858177
222.304,0.03200000000001069,0.004832239126763489,0.16280115601160777,0.012365385861693542,0.005558556644239998
222.336,0.03200000000001069,-0.004144463117305868,0.19794451893797071,0.015270727080408893,0.00290534121871535
222.368,0.031999999999982265,0.0036593539973108122,0.3607600400387304,0.027411940049775804,0.012141212969366912
222.4,0.03200000000001069,-0.0004956556576498289,0.301524783060787,0.023756666862763714,-0.0036552731870120904
222.43200000000002,0.03200000000001069,-0.0630034939102593,-0.07172159490770535,-0.003902971865012196,-0.02765963872777591
222.464,0.031999999999982265,0.001542122499700276,0.2919529689882383,0.021244972501412246,0.02514794436642444
222.496,0.03200000000001069,0.003998826976311532,0.20404242133587358,0.01623177855195486,-0.005013193949457387
222.528,0.031999999999982265,-0.1352387936626798,-0.3505657122681307,-0.02484363627775012,-0.041075414829704976
222.56,0.03200000000001069,0.0066831652393778375,0.16507982795262133,0.010705807727208963,0.03554944400495908
222.592,0.03200000000001069,-0.10800870052535076,-0.32884405809003014,-0.02356523010914628,-0.03427103783635524
222.624,0.031999999999982265,-0.05989751300894949,-0.021463898191780018,-0.002938858937156923,0.020626371171989354
222.656,0.03200000000001069,-0.001311772015407876,0.08914540947396907,0.00638611598825569,0.009324974925412614
222.68800000000002,0.03200000000001069,-0.00431139200630164,0.048693503779078745,0.003949595883943187,-0.0024365201043125033
222.72,0.031999999999982265,-0.0004043754069820987,0.11667236002919129,0.008808118311375695,0.0048585224274325075
222.752,0.03200000000001069,0.002128549325701448,0.023563052654169983,0.002241316776628909,-0.006566801534746786
222.784,0.031999999999982265,-0.06263017926307876,-0.1274604797934771,-0.009244083403722857,-0.011485400180351766
222.816,0.03200000000001069,6.557200100588239e-05,-0.038123459627648806,-0.0033372602661840894,0.005906823137538768
222.848,0.03200000000001069,0.0030345107011296086,-0.00023595438427477652,-0.00021000909642809876,0.0031272511697559907
222.88,0.031999999999982265,-0.01712664508181616,-0.08358111965978206,-0.006158698102697317,-0.005948689006269218
222.912,0.03200000000001069,-0.0008968080968655397,0.20824190822817118,0.014958621136752006,0.021117319239449324
222.94400000000002,0.03200000000001069,-0.0022298792071881865,0.22380618176931322,0.017322304703755224,0.002363683567003219
222.976,0.031999999999982265,-0.0009988688314989621,-0.035211629498525285,-0.001589470532878176,-0.0189117752366334
223.008,0.03200000000001069,0.0012112365401455818,-0.05780258882615466,-0.004342574142849245,-0.0027531036099710687
223.04,0.031999999999982265,0.0027490382255818953,0.2505097843635778,0.01817185348297111,0.022514427625820354
223.072,0.03200000000001069,-0.0030248963449502867,-0.13559831434156255,-0.008922886406635551,-0.02709473988960666
223.104,0.03200000000001069,-0.00021535639595997484,-0.09037712653316665,-0.0071614643596393255,0.0017614220469962258
223.136,0.031999999999982265,-0.0017032535464710224,-0.0070662283104041745,-0.0009330767636947378,0.006228387595944587
223.168,0.03200000000001069,-0.007872780288237635,0.03282301009144954,0.0023599459355750233,0.003293022699269761
223.20000000000002,0.03200000000001069,-0.10959739490326122,-0.5613204098912742,-0.04114339258213324,-0.04350333851770826
223.232,0.031999999999982265,-0.004736646539308678,0.12138763439928626,0.006551704016937172,0.04769509659907041
223.264,0.03200000000001069,-0.00016914631265008067,-0.14909652708712615,-0.010586368541979,-0.017138072558916174
223.296,0.031999999999982265,-0.005525460821987496,0.07092454443830382,0.00460466576944038,0.01519103431141938
223.328,0.03200000000001069,-0.1233341435183309,-0.43717262491878633,-0.03188395074935841,-0.03648861651879879
223.36,0.03200000000001069,-0.04675661017652891,-0.3920101830807538,-0.030669148729151354,0.0012148020202070557
223.392,0.031999999999982265,-0.004916204250112904,0.12090204322223275,0.007120661970131558,0.03778981069928291
223.424,0.03200000000001069,-0.11817626917544663,-0.5597349501152121,-0.04075196576471972,-0.04787262773485128
223.45600000000002,0.03200000000001069,-0.05259388532765588,-0.4781625147980899,-0.03751675304628584,0.003235212718433876
223.488,0.031999999999982265,-0.0026923789914665808,-0.2061197028430395,-0.017323897189614197,0.020192855856671646
223.52,0.03200000000001069,-0.0839674905738967,-0.1276065328233799,-0.010384305935963158,0.00693959125365104
223.552,0.031999999999982265,-0.12045700154996836,-0.7271249209576495,-0.054072407789188155,-0.043688101853225
223.584,0.03200000000001069,-0.10350279048940063,-0.6659765519050681,-0.052097616709779436,0.0019747910794087192
223.616,0.03200000000001069,0.0028770151792806395,-0.19482488729700456,-0.017335013708941124,0.03476260300083831
223.648,0.031999999999982265,-0.0034458199998700237,-0.11812899051516984,-0.00968796707432627,0.007647046634614855
223.68,0.03200000000001069,-0.06131352030455746,-0.5140008839043744,-0.03835901883054276,-0.02867105175621649
223.71200000000002,0.03200000000001069,-0.08354367102237571,-0.4564673462399372,-0.035783142816731374,0.0025758760138113873
223.744,0.031999999999982265,-0.08282973755775516,-0.6683381112577386,-0.05121546391887576,-0.015432321102144389
223.776,0.03200000000001069,-0.0019921998711367175,-0.10465471174378727,-0.010652952707758843,0.04056251121111692
223.808,0.031999999999982265,-0.05104662762232307,-0.5833347532263689,-0.04351355501558755,-0.0328606023078287
223.84,0.03200000000001069,-0.08610453722645947,-0.42735020763597614,-0.03393942846912872,0.009574126546458825
223.872,0.03200000000001069,-0.1298528738068505,-0.7811820491496071,-0.05940759674201155,-0.025468168272882827
223.904,0.031999999999982265,-0.11124891229987251,-0.5082072613877031,-0.04080322288793809,0.018604373854073458
223.936,0.03200000000001069,-0.1307045352685219,-0.8966958526815509,-0.06829874854012224,-0.027495525652184154
223.96800000000002,0.03200000000001069,-0.0034149644570188207,-0.4142866443097606,-0.03440955742857454,0.03388919111154771
224.0,0.031999999999982265,-0.01136506638815168,-0.12272040337506757,-0.011011318278901205,0.02339823914967333
224.032,0.03200000000001069,-0.11869428033181706,-0.7809619386687737,-0.0580677911102891,-0.04705647283138789
224.064,0.031999999999982265,-0.03317317302359731,-0.4404381019853211,-0.03574211781195014,0.022325673298338955
224.096,0.03200000000001069,-0.004622646463543981,-0.19725155947033796,-0.016569283861797235,0.019172833950152908
224.12800000000001,0.03200000000001069,-0.051442739167523434,-0.5048802836684662,-0.03808553989557118,-0.021516256033773946
224.16,0.031999999999982265,-0.13492880162344648,-0.9655247561024766,-0.07320355235479481,-0.03511801245922363
224.192,0.03200000000001069,-0.0010337868352956576,-0.2474470208210721,-0.02242328352842962,0.05078026882636519
224.22400000000002,0.03200000000001069,0.0029182349322822584,-0.30526208383357434,-0.02374351826764168,-0.0013202347392120596
224.256,0.031999999999982265,-0.004339304309640289,-0.4163605849405436,-0.0319899431372733,-0.008246424869631615
224.288,0.03200000000001069,-0.001887657822865605,-0.35647139341848905,-0.028061736930522763,0.003928206206750533
224.32,0.031999999999982265,-0.003993661766544861,-0.41040430030148944,-0.03180120339696645,-0.0037394664664436895
224.352,0.03200000000001069,-0.005304920222409458,-0.25456537730942536,-0.020556649652599207,0.011244553744367246
224.38400000000001,0.03200000000001069,-0.001866483518182939,-0.21094602676930888,-0.01669973501592876,0.0038569146366704485
224.416,0.031999999999982265,-0.00011359573710432351,-0.15670567035770538,-0.01248823079461755,0.0042115042213112085
224.448,0.03200000000001069,-0.06069723380095514,-0.5826389549741923,-0.04356833476599257,-0.03108010397137502
224.48000000000002,0.03200000000001069,-0.013637734504168888,-0.37300523035863986,-0.02994604891527754,0.013622285850715028
224.512,0.031999999999982265,-0.0750928644365602,-0.7370448334606088,-0.05593120178401983,-0.025985152868742287
224.544,0.03200000000001069,-0.06395597348085966,-0.633889725778593,-0.049845250711799426,0.0060859510722204024
224.576,0.031999999999982265,-0.00264312212284162,-0.35475271585024065,-0.02896611543307863,0.020879135278720796
224.608,0.03200000000001069,0.0016627057771389168,-0.157764651369237,-0.01327423532756315,0.015691880105515477
224.64000000000001,0.03200000000001069,-0.017252643473666715,-0.3799942001597304,-0.02871116891394819,-0.01543693358638504
224.672,0.031999999999982265,-0.06824087032707583,-0.4679220194218395,-0.03606856059856514,-0.007357391684616951
224.704,0.03200000000001069,-0.10628145666037013,-0.806649175618786,-0.06140336782531693,-0.025334807226751792
224.73600000000002,0.03200000000001069,-0.028410992004305507,-0.2146757153433547,-0.019332060529947674,0.04207130729536926
224.768,0.031999999999982265,-0.10936598182423474,-0.8238825211642486,-0.061704529245496215,-0.04237246871554854
224.8,0.03200000000001069,-0.07508988408011161,-0.5899229172176843,-0.04694521052179723,0.014759318723698983
224.832,0.031999999999982265,-0.04387276747943555,-0.49354544492963975,-0.03900554752090385,0.007939663000893382
224.864,0.03200000000001069,-0.07198880612481053,-0.5486782008506043,-0.042601673455987185,-0.0035961259350833358
224.89600000000002,0.03200000000001069,-0.06416357112258303,-0.409253756720934,-0.03255596928841623,0.010045704167570953
224.928,0.031999999999982265,-0.12686870581289195,-0.8724217447093695,-0.06603751879693898,-0.033481549508522744
224.96,0.03200000000001069,-0.11084931403092725,-0.6833050113315585,-0.05406269036528575,0.011974828431653227
224.99200000000002,0.03200000000001069,-0.06649720922377639,-0.8162268940646091,-0.06314649992655967,-0.009083809561273921
225.024,0.031999999999982265,-0.00941597016776992,-0.3195708670622786,-0.027146703155216056,0.035999796771343615
225.056,0.03200000000001069,-0.1167190582126976,-0.8303869752043191,-0.06263400038102396,-0.0354872972258079
225.088,0.031999999999982265,-0.10243750570272576,-0.6919866073845973,-0.05450465492599654,0.008129345455027415
225.12,0.03200000000001069,-0.12355360983969597,-0.7276857949109679,-0.0566606816464094,-0.0021560267204128597
225.15200000000002,0.03200000000001069,-0.02895015302297406,-0.4415727607385655,-0.03574432974194711,0.02091635190446229
225.184,0.031999999999982265,-0.13253360634937855,-1.0776922898092953,-0.0813172222868601,-0.045572892544912987
225.216,0.03200000000001069,-0.003941426222840007,-0.5004807716903572,-0.041499837563284486,0.03981738472357561
225.24800000000002,0.03200000000001069,-0.1247695587296762,-0.9423110512399011,-0.07169351549691715,-0.03019367793363266
225.28,0.031999999999982265,-0.0025799811826196484,-0.31072568388244937,-0.026989637707569444,0.0447038777893477
225.312,0.03200000000001069,-0.11598941378468089,-1.0070332746109678,-0.07561554200701645,-0.048625904299447006
225.344,0.031999999999982265,-0.004719906929431282,-0.2993467818318593,-0.02637924564696038,0.04923629636005607
225.376,0.03200000000001069,-0.11597570729879701,-0.883746562288408,-0.06651377188713574,-0.040134526240175356
225.40800000000002,0.03200000000001069,-0.001175585736250881,-0.29162227424078646,-0.02528574681366289,0.041228025073472854
225.44,0.031999999999982265,-0.09493242729919188,-0.6963500364223446,-0.05266946224967421,-0.027383715436011324
225.472,0.03200000000001069,-0.0008041489455772677,-0.4170468138244615,-0.03371027663556815,0.01895918561410606
225.504,0.031999999999982265,-0.004764114287382447,-0.30485720171448233,-0.024365330848169095,0.009344945787399056
225.536,0.03200000000001069,-0.004286875694861798,-0.3045720468867889,-0.02380488539510234,0.000560445453066754
225.568,0.03200000000001069,-0.11705935883840642,-0.9369612143890589,-0.07027857401266467,-0.046473688617562334
225.6,0.031999999999982265,0.003122694421664697,-0.36357249449872886,-0.030794320863264498,0.03948425314940017
225.632,0.03200000000001069,-0.00516241248309314,-0.38929760211733927,-0.03040676158221811,0.0003875592810463867
225.66400000000002,0.03200000000001069,-0.0021254891553122357,-0.5004529431158657,-0.03855877709647793,-0.00815201551425982
225.696,0.031999999999982265,0.0043647670543879805,-0.2574198640183775,-0.021156677749603812,0.01740209934687412
225.728,0.03200000000001069,-0.0016081223556346923,-0.37304169537347837,-0.02865492626907761,-0.0074982485194738
225.76,0.031999999999982265,0.002614422664634445,-0.34852086331867393,-0.027284525697889386,0.001370400571188226
225.792,0.03200000000001069,-0.006051267737245876,-0.24997187287734696,-0.019958098657904846,0.00732642703998454
225.824,0.03200000000001069,-0.003393214726277618,-0.3525073494147681,-0.027075632950523856,-0.007117534292619011
225.856,0.031999999999982265,-0.0027172583318956192,-0.26229921129653433,-0.020852594731776402,0.006223038218747454
225.888,0.03200000000001069,-0.005613103642404714,-0.1505904073449417,-0.012278253729179745,0.008574341002596656
225.92000000000002,0.03200000000001069,-0.013838180630868039,-0.5194621098790058,-0.03891017348554286,-0.026631919756363115
225.952,0.031999999999982265,-0.004090554015954008,-0.15213608487039326,-0.013434370573359642,0.02547580291218322
225.984,0.03200000000001069,-0.0823657221034802,-0.7291521804324466,-0.05439757032891115,-0.0409631997555515
226.016,0.031999999999982265,-0.0009447763320515961,-0.42080185349760424,-0.03408618518942488,0.02031138513948627
226.048,0.03200000000001069,0.003986956280054692,-0.2607277575427866,-0.021141742382444855,0.012944442806980021
226.08,0.03200000000001069,-0.0029260293709219213,-0.2218775307622247,-0.017537417159320775,0.00360432522312408
226.112,0.031999999999982265,-0.0008471451583668214,-0.020082796768721323,-0.0024893123429024955,0.01504810481641828
226.144,0.03200000000001069,-0.0009550143093826118,-7.4333813708471395,-0.5467962554078775,-0.544306943064975
226.17600000000002,0.03200000000001069,0.40366388588044083,1.940837965103953,0.11116361998887843,0.6579598753967559
226.208,0.031999999999982265,0.29957270549065146,-12.288937381799126,-0.8973138652822368,-1.0084774852711151
226.24,0.03200000000001069,0.0007501720806581449,6.077263600254138,0.395122239741696,1.2924361050239328
226.272,0.031999999999982265,0.40300261060569453,-20.719947737777808,-1.500939607264346,-1.896061847006042
226.304,0.03200000000001069,0.0032996522806111295,4.3905090509446545,0.2362311707046729,1.7371707779690189
226.336,0.03200000000001069,-0.009295478932084997,-18.606648038022474,-1.3546997035607666,-1.5909308742654396
226.368,0.031999999999982265,-0.005317027359046635,5.65820686663344,0.33790024998810403,1.6925999535488707
226.4,0.03200000000001069,0.0011883757949868205,-11.527671174051862,-0.8282408793801442,-1.1661411293682482
226.43200000000002,0.03200000000001069,-0.007202643295955218,6.443805016553213,0.4260652982967936,1.2543061776769378
226.464,0.031999999999982265,-0.004476849331025382,-15.409056140555643,-1.108589122032112,-1.5346544203289056
226.496,0.03200000000001069,-0.01900353626249403,5.517451649820024,0.3417568163718794,1.4503459384039914
226.528,0.031999999999982265,-0.01302791296474749,-13.48561910300837,-0.9720061775376118,-1.3137629939094913
226.56,0.03200000000001069,-0.00968657736311352,9.329505954556204,0.6299809608169715,1.6019871383545832
226.592,0.03200000000001069,-0.011066503294186382,-13.096161798683912,-0.9267264851038821,-1.5567074459208536
226.624,0.031999999999982265,-0.00915730681811016,7.576010728264956,0.5036424795895285,1.4303689646934106
226.656,0.03200000000001069,-0.007142143762271542,-12.533493323482887,-0.8926411220036112,-1.3962836015931397
226.68800000000002,0.03200000000001069,-0.008907267550197088,7.557149114017661,0.5042231087839996,1.3968642307876107
226.72,0.031999999999982265,-0.00844724516503029,-13.138794945279454,-0.9371216211857637,-1.4413447299697633
226.752,0.03200000000001069,-0.007968865374937318,7.274043687418379,0.4808356533892892,1.4179572745750528
226.784,0.031999999999982265,-2.7836017749399565e-05,-10.658720259837677,-0.7560865033039479,-1.2369221566932371
226.816,0.03200000000001069,-0.009284827750319129,6.3622442364132406,0.4242327056419798,1.1803192089459276
226.848,0.03200000000001069,-0.007972801537281577,-14.722940761574057,-1.0582378355379543,-1.482470541179934
226.88,0.031999999999982265,-0.0204025251854625,-6.594428676130524,-0.5460468728509941,0.5121909626869602
226.912,0.03200000000001069,-0.011664994875769427,0.4176672964451106,-0.000807434824453584,0.5452394380265405
226.94400000000002,0.03200000000001069,0.0002684332888392499,-4.742200858046238,-0.3487891376955018,-0.34798170287104824
226.976,0.031999999999982265,-0.001335249697920055,-3.811367515088676,-0.30042410561697636,0.04836503207852544
227.008,0.03200000000001069,-0.02434777712894365,-5.973026641620361,-0.45660093870640445,-0.1561768330894281
227.04,0.031999999999982265,-0.01501375791208584,-4.284627680708695,-0.34145164124086064,0.11514929746554381
227.072,0.03200000000001069,-0.6526310652925633,-27.54349065519914,-2.045266229855362,-1.7038145886145015
227.104,0.03200000000001069,0.2089525825608188,-8.660091327588239,-0.7549364110916825,1.2903298187636796
227.136,0.031999999999982265,0.03160022266387713,3.5973076937624846,0.22096503978934504,0.9759014508810275
227.168,0.03200000000001069,-0.3858680137847117,-8.091754681369277,-0.582313364107563,-0.803278403896908
227.20000000000002,0.03200000000001069,-0.3910510115104349,-9.691214977268897,-0.7463105580301025,-0.16399719392253953
227.232,0.031999999999982265,-0.40236954915591755,-12.13945631183747,-0.9358221870783276,-0.18951162904822516
227.264,0.03200000000001069,-0.2560712054313232,-4.470932504126161,-0.38281754088708986,0.5530046461912378
227.296,0.031999999999982265,-0.16565908954460726,-5.200828759971316,-0.40456982861947943,-0.021752287732389575
227.328,0.03200000000001069,-0.030441808909897276,-1.6729737624224201,-0.14638631253777845,0.258183516081701
227.36,0.03200000000001069,-0.2590039366794586,-6.986814373146736,-0.5222626583680609,-0.3758763458302824
227.392,0.031999999999982265,0.0015152113641211462,-1.432607210612708,-0.1355040003994437,0.38675865796861714
227.424,0.03200000000001069,-0.25137654464107073,-3.490059155185882,-0.26448226176639544,-0.12897826136695173
227.45600000000002,0.03200000000001069,-0.25873579473224434,-3.5089343071704375,-0.2733161408043137,-0.008833879037918269
227.488,0.031999999999982265,-0.2591883917631286,-3.5265880014161306,-0.2751243691680774,-0.0018082283637637087
227.52,0.03200000000001069,-0.2591640807635275,-3.713445327960938,-0.28897028664199725,-0.013845917473919833
227.552,0.031999999999982265,-0.2626904112282212,-3.5174431960217647,-0.27535555751108487,0.013614729130912384
227.584,0.03200000000001069,-0.276020952358298,-3.8211079196400464,-0.29690116430991675,-0.021545606798831884
227.616,0.03200000000001069,-0.2760059069245219,-4.253787694921551,-0.3299643409990319,-0.033063176689115126
227.648,0.031999999999982265,-0.26085685414183063,-3.5733808131101727,-0.2818357714953973,0.04812856950363459
227.68,0.03200000000001069,-0.2619004344085962,-1.6635860353955838,-0.13861061303276,0.14322515846263728
227.71200000000002,0.03200000000001069,-0.2587620911263523,-1.625593684753945,-0.1275483906445552,0.011062222388204812
227.744,0.031999999999982265,-0.3735658267019003,-2.331853150351395,-0.17884825981816227,-0.05129986917360707
227.776,0.03200000000001069,-0.4203006581974272,-2.360950776207506,-0.18394959995328453,-0.0051013401351222565
227.808,0.031999999999982265,-0.4243936597618344,-4.755576521998165,-0.3603454153523675,-0.176395815399083
227.84,0.03200000000001069,-0.421012963639758,-4.557174686928758,-0.35593806721432314,0.004407348138044387
227.872,0.03200000000001069,-0.419145696181767,-3.826870595805012,-0.30197690679278244,0.0539611604215407
227.904,0.031999999999982265,-0.2578899753412819,-1.6927188728211386,-0.1419157776624116,0.16006112913037085
227.936,0.03200000000001069,-0.0025189811332690416,-0.6480555968587557,-0.05585082235062132,0.08606495531179027
227.96800000000002,0.03200000000001069,-0.03500333880450199,-0.6291074463294927,-0.049488920567343025,0.006361901783278293
228.0,0.031999999999982265,-0.03642801379926963,-0.535283115738109,-0.04222179132103789,0.007267129246305133
228.032,0.03200000000001069,-0.028946309241596305,-0.633849451397508,-0.049050857301406285,-0.006829065980368393
228.064,0.031999999999982265,-0.07871885248731329,-0.8167110211638724,-0.06289277424220299,-0.013841916940796707
228.096,0.03200000000001069,0.15419310439181366,0.32383435001469313,0.020184109592187364,0.08307688383439035
228.12800000000001,0.03200000000001069,-0.2621327988023698,-1.754474075480895,-0.12785921087299806,-0.14804332046518542
228.16,0.031999999999982265,-0.00195417922473596,-0.2906762754032052,-0.0287575934651058,0.09910161740789226
228.192,0.03200000000001069,-0.0059723900981794855,-2.3679528975041313,-0.17579994178366223,-0.14704234831855645
228.22400000000002,0.03200000000001069,-0.0047794437526535475,-2.442639275116338,-0.18978101407681372,-0.013981072293151486
228.256,0.031999999999982265,-0.0032118852518694804,-1.6910918220998092,-0.1353191585637673,0.054461855513046414
228.288,0.03200000000001069,-0.001080333567619494,-0.2906579777707116,-0.029186903753733562,0.10613225481003374
228.32,0.031999999999982265,-0.002131180131679274,-2.4503284424160223,-0.18188264170191962,-0.15269573794818606
228.352,0.03200000000001069,-0.25292972837353034,-3.864259742581885,-0.2946784539136558,-0.11279581221173621
228.38400000000001,0.03200000000001069,-0.25070688782719824,-3.749592041944511,-0.2927573634554148,0.0019210904582410149
228.416,0.031999999999982265,-0.26155521260659187,-3.870266216281998,-0.3015208667888291,-0.008763503333414302
228.448,0.03200000000001069,-0.2591759068199702,-3.859094107598975,-0.3012051763515374,0.00031569043729173796
228.48000000000002,0.03200000000001069,-0.0033778059347885675,-0.08656523757736406,-0.023754324239838278,0.2774508521116991
228.512,0.031999999999982265,-0.2656088855219424,-1.76240946764834,-0.13097930667573268,-0.1072249824358944
228.544,0.03200000000001069,-0.0006438146216118733,-0.2023480107783408,-0.02244203313125393,0.10853727354447876
228.576,0.031999999999982265,-0.0050078621747778355,-0.4064266958822484,-0.031184269149160372,-0.00874223601790644
228.608,0.03200000000001069,-0.24805531683969995,-1.9890897135114691,-0.14807834716822768,-0.11689407801906732
228.64000000000001,0.03200000000001069,-0.006146075810667997,-0.31255747536915457,-0.03153397395912732,0.11654437320910035
228.672,0.031999999999982265,-0.00039543179945656406,-0.3232858322711057,-0.025594940566923123,0.005939033392204196
228.704,0.03200000000001069,-0.22930474283197877,-1.6295287254774606,-0.12131348388163665,-0.09571854331471352
228.73600000000002,0.03200000000001069,-0.0030446886537472983,-0.5157591092030468,-0.04493235726210704,0.07638112661952962
228.768,0.031999999999982265,-0.004097814314718561,-0.42640806330226283,-0.033952049106708106,0.010980308155398931
228.8,0.03200000000001069,-0.0017723191371716474,-0.2666084442733972,-0.021566465864256732,0.012385583242451374
228.832,0.031999999999982265,-0.11187707378685936,-0.8590866907702784,-0.06442244201159876,-0.04285597614734203
228.864,0.03200000000001069,-0.10690033420709436,-1.0521430988785772,-0.08109388997335507,-0.016671447961756306
228.89600000000002,0.03200000000001069,-0.00164535470097837,-0.26852818306812803,-0.02442909888933753,0.056664791084017535
228.928,0.031999999999982265,-0.0014858844960820286,-2.5235507402399193,-0.18699276238182447,-0.16256366349248694
228.96,0.03200000000001069,-0.0003566607726757666,0.5472108700989506,0.029447091603854857,0.21643985398567933
228.99200000000002,0.03200000000001069,-0.004370528085774002,-2.689479206312739,-0.19608495656741526,-0.22553204817127012
229.024,0.031999999999982265,-0.0031733606045278445,1.895559066476216,0.12808003938599757,0.32416499595341286
229.056,0.03200000000001069,-0.0034538243840559367,-2.589963782480226,-0.18307258064143386,-0.31115262002743144
229.088,0.031999999999982265,-0.0007294404552225242,-0.24911745828483461,-0.028888765560255932,0.15418381508117793
229.12,0.03200000000001069,-0.0010788334257154366,-0.33314323806344953,-0.026167150980162555,0.002721614580093377
229.15200000000002,0.03200000000001069,0.0005281153490547828,-0.4135929184742792,-0.03192632239989019,-0.005759171419727635
229.184,0.031999999999982265,-0.0019137210596540664,-2.4139460806922446,-0.17936521869217223,-0.14743889629228205
229.216,0.03200000000001069,0.0822319053572898,0.22744724806920774,0.006371933475206099,0.18573715216737832
229.24800000000002,0.03200000000001069,-0.3956768901918109,-2.4047794371468107,-0.1764801786563299,-0.182852112131536
229.28,0.031999999999982265,-0.4162279895202644,-2.3923003300269783,-0.18611834610032335,-0.009638167443993456
229.312,0.03200000000001069,-0.12890811160582377,-0.7254843701212441,-0.06409672538682144,0.12202162071350191
229.344,0.031999999999982265,-0.00525597964934181,-0.46093034458453025,-0.03759716679020334,0.0264995585966181
229.376,0.03200000000001069,-0.0013813876307295799,-0.4828267770966575,-0.03767764031673534,-8.047352653199613e-05
229.40800000000002,0.03200000000001069,0.1299187737801611,0.2325058446016681,0.01492343704611199,0.05260107736284733
229.44,0.031999999999982265,0.1266256858346603,-0.11249747253957275,-0.0074115733533148135,-0.022335010399426803
229.472,0.03200000000001069,0.41285505949280227,1.437094406373957,0.10525638485744998,0.1126679582107648
229.504,0.031999999999982265,0.12790968942784556,-0.20302446911203598,-0.008854111413365034,-0.11411049627081502
229.536,0.03200000000001069,0.41421792010332564,1.7199509927471701,0.12597444589554924,0.13482855730891427
229.568,0.03200000000001069,0.09600115859112476,-0.00519102607633809,0.006890639355174883,-0.11908380654037436
229.6,0.031999999999982265,0.14327855678373744,0.1873684867894974,0.014176911213657132,0.007286271858482249
229.632,0.03200000000001069,0.2819157074611601,0.9076802863630916,0.06756943386276014,0.053392522649103005
229.66400000000002,0.03200000000001069,0.20697489696310653,0.5280927095431476,0.04273677857960099,-0.02483265528315915
229.696,0.031999999999982265,0.16003568957765646,0.5757364845504886,0.044806946296181455,0.0020701677165804663
229.728,0.03200000000001069,0.2048318384217669,0.9717154039099286,0.0740468345898243,0.02923988829364285
229.76,0.031999999999982265,0.12968820874903156,0.7298437784366877,0.05794753225398586,-0.016099302335838443
229.792,0.03200000000001069,0.13190760293031747,0.4787047638710674,0.038549314361703654,-0.01939821789228221
229.824,0.03200000000001069,0.1289715240702604,0.5804735425693255,0.04491357216820583,0.006364257806502176
229.856,0.031999999999982265,0.130047813558748,0.6981138396158333,0.053932268993078014,0.009018696824872184
229.888,0.03200000000001069,0.1336070199957538,0.7229987246588078,0.056282950126369614,0.0023506811332916003
229.92000000000002,0.03200000000001069,0.13521894404281484,0.8162107596423198,0.06327348694598617,0.006990536819616554
229.952,0.031999999999982265,0.13164064380634974,0.8755340364497991,0.06803969140332389,0.004766204457337719
229.984,0.03200000000001069,0.12657397438722465,0.7229348097128375,0.057092658292722955,-0.010947033110600933
230.016,0.031999999999982265,0.03424336842309213,0.31408226220705093,0.026393587216269925,-0.03069907107645303
230.048,0.03200000000001069,0.13627338466390387,0.9814779975932025,0.07370179170157187,0.047308204485301944
230.08,0.03200000000001069,0.11213981165063358,0.883179572362293,0.06920396226268767,-0.004497829438884202
230.112,0.031999999999982265,0.065265728056247,0.6782402004890774,0.0538730188899314,-0.01533094337275627
230.144,0.03200000000001069,0.045209262456343706,0.486712229159093,0.03890296727369386,-0.014970051616237538
230.17600000000002,0.03200000000001069,0.13296947197293055,0.8382343950970355,0.06388977970340382,0.024986812429709952
230.208,0.031999999999982265,0.132510478392991,0.9049705032222987,0.07024003384979192,0.00635025414638811
230.24,0.03200000000001069,0.1357468581291176,0.9598680121512301,0.0746438034066272,0.004403769556835274
230.272,0.031999999999982265,0.13102760446933115,1.0418127886691582,0.08092426638795121,0.006280462981324009
230.304,0.03200000000001069,0.13211117013487983,1.1712860684027897,0.09080832604186877,0.00988405965391756
230.336,0.03200000000001069,0.018060758143335583,0.37039984354701955,0.03248156931091973,-0.05832675673094904
230.368,0.031999999999982265,0.1361977832957849,0.910215223722449,0.06881256476184151,0.036330995450921784
230.4,0.03200000000001069,0.13180145182758785,0.8906989964016443,0.06947469184730769,0.0006621270854661743
230.43200000000002,0.03200000000001069,0.13319593861952062,1.0972602831263805,0.08470347964601536,0.015228787798707677
230.464,0.031999999999982265,0.14150898842956997,0.8577633257865352,0.0679699630319648,-0.016733516614050564
230.496,0.03200000000001069,0.1332371239139401,1.0095124206785564,0.07816361535951233,0.010193652327547528
230.528,0.031999999999982265,0.13018340316786478,0.9872819511849183,0.07711725174600202,-0.0010463636135103066
230.56,0.03200000000001069,0.13428976800533005,1.1363044403408133,0.08801599374624393,0.010898742000241907
230.592,0.03200000000001069,0.13638196580401485,1.308065068204888,0.10127648354873434,0.013260489802490408
230.624,0.031999999999982265,0.12487654282782734,1.0964571046642015,0.08648030182747153,-0.014796181721262805
230.656,0.03200000000001069,0.10883477837323272,1.0528631611940302,0.08242022342466505,-0.004060078402806477
230.68800000000002,0.03200000000001069,0.0020459179788561424,0.7216095817002961,0.0578253755764567,-0.024594847848208354
230.72,0.031999999999982265,0.0004958972021142425,0.5385963567286103,0.042946703673785024,-0.014878671902671677
230.752,0.03200000000001069,0.009474435005729882,0.452465561532401,0.03575369347818225,-0.007193010195602777
230.784,0.031999999999982265,0.14017461863039593,1.0857519669852966,0.0819104733317892,0.04615677985360696
230.816,0.03200000000001069,0.13691818257618404,0.9490969766604185,0.0745254227258327,-0.007385050605956511
230.848,0.03200000000001069,0.09688526677664243,1.1915647680100334,0.0919302268605539,0.017404804134721202
230.88,0.031999999999982265,0.03193661241919471,0.5769231484724947,0.047734106233124685,-0.04419612062742921
230.912,0.03200000000001069,0.013493714147272698,0.5705709945975482,0.04471556611196875,-0.0030185401211559326
230.94400000000002,0.03200000000001069,0.13691944285860783,1.0670583010677788,0.08105309754858613,0.036337531436617374
230.976,0.031999999999982265,0.1279988299869733,1.021948601420358,0.07983345219855846,-0.001219645350027665
231.008,0.03200000000001069,0.13199579764984246,1.2183856008088436,0.09420906462602675,0.014375612427468293
231.04,0.031999999999982265,0.067738843273431,0.8455208728382889,0.06761839892408589,-0.026590665701940866
231.072,0.03200000000001069,0.10455674291512952,0.9572052779019229,0.07429664076020961,0.006678241836123727
231.104,0.03200000000001069,0.025307234645429597,0.7255727708764445,0.0576478624704522,-0.016648778289757415
231.136,0.031999999999982265,0.0029295349996313075,0.5581491523955158,0.04437437302800564,-0.013273489442446558
231.168,0.03200000000001069,0.13599188630856787,1.2411179592477846,0.09383378747424392,0.04945941444623828
231.20000000000002,0.03200000000001069,0.08513688237349903,1.0104955427867672,0.07972900911560882,-0.014104778358635106
231.232,0.031999999999982265,0.004357194316405637,0.5830297498568854,0.04747882203358128,-0.03225018708202754
231.264,0.03200000000001069,0.00183991588939298,0.44980651799339305,0.035819781827456564,-0.011659040206124717
231.296,0.031999999999982265,0.0666404215065499,1.001599527240623,0.07572569907156762,0.03990591724411106
231.328,0.03200000000001069,0.006955712963183972,0.5655909388984643,0.04596526052872812,-0.029760438542839503
231.36,0.03200000000001069,-0.0012152725661717066,0.4521097342101099,0.0359017843598442,-0.010063476168883916
231.392,0.031999999999982265,0.08464133806277643,0.9191234886203268,0.06966512644085927,0.03376334208101507
231.424,0.03200000000001069,0.02939620622332752,0.6586922312273598,0.052462079385456266,-0.017203047055403008
231.45600000000002,0.03200000000001069,0.002560630811212303,0.42192486575704696,0.03405703765808429,-0.01840504172737198
231.488,0.031999999999982265,-0.003949376878184424,0.35850879727929247,0.028330899532349508,-0.005726138125734779
231.52,0.03200000000001069,0.09214955145256445,0.9571815637176764,0.07202686570455734,0.043695966172207834
231.552,0.031999999999982265,0.000970306130703484,0.47077473864431363,0.03877892544656502,-0.03324794025799232
231.584,0.03200000000001069,-0.0005542062370315937,0.49973549791220145,0.0389893333128221,0.0002104078662570827
231.616,0.03200000000001069,0.03600747095316796,0.4977350458747571,0.03885436626896032,-0.000134967043861782
231.648,0.031999999999982265,0.0035183541295562733,0.527781029898976,0.04105616321665759,0.002201796947697267
231.68,0.03200000000001069,-0.004842496771965254,0.22564662115062778,0.018964238069988527,-0.02209192514666906
231.71200000000002,0.03200000000001069,0.11961240615820676,0.8718873485500662,0.06521358107332013,0.04624934300333161
231.744,0.031999999999982265,0.00298948509276244,0.3798173845111185,0.031696576382826504,-0.03351700469049363
231.776,0.03200000000001069,0.09771511400364029,1.16718031148285,0.08766451860151264,0.05596794221868614
231.808,0.031999999999982265,0.002631598689277064,0.2899662289047514,0.026384973967270096,-0.061279544634242546
231.84,0.03200000000001069,0.00038917667531423994,0.41549792694383747,0.03207899187440392,0.005694017907133822
231.872,0.03200000000001069,0.0016691315857546593,0.35362362091959704,0.02785745179739698,-0.004221540077006938
231.904,0.031999999999982265,0.006282646923379305,0.4333215643384521,0.033474750992749575,0.005617299195352594
231.936,0.03200000000001069,0.0014529271571920804,0.24059042603732492,0.019625540930036278,-0.013849210062713297
231.96800000000002,0.03200000000001069,0.0020462068320166596,0.423667880772405,0.03228959629375522,0.01266405536371894
232.0,0.031999999999982265,-0.019843111042495202,0.3305494269802357,0.02617272834761241,-0.006116867946142808
232.032,0.03200000000001069,0.0010705272754665271,0.4590116667412967,0.035266749411249625,0.009094021063637214
232.064,0.031999999999982265,-0.04719137925210036,0.32022571259207255,0.025585388357104243,-0.009681361054145382
232.096,0.03200000000001069,-0.05886564725317034,0.05624107422621299,0.005613002212570953,-0.01997238614453329
232.12800000000001,0.03200000000001069,0.0005903202307591546,0.2301558394275974,0.01724974600415249,0.011636743791581538
232.16,0.031999999999982265,0.00017374772886296142,0.14915797005820802,0.01196492283214206,-0.005284823172010431
232.192,0.03200000000001069,0.004722646393034941,0.5294920296028071,0.03962968775011314,0.027664764917971083
232.22400000000002,0.03200000000001069,0.0031228665453036605,0.5038919697702846,0.039344114917938176,-0.00028557283217496565
232.256,0.031999999999982265,-0.06912582228088071,-0.12168124760805106,-0.006677167039084394,-0.04602128195702257
232.288,0.03200000000001069,0.001677819344161684,0.32910093579085953,0.023816690665184458,0.03049385770426885
232.32,0.031999999999982265,0.001806047039976975,0.30861520149642174,0.02407054740907424,0.0002538567438897833
232.352,0.03200000000001069,0.0035027824239319424,0.24237733298501615,0.019214054471329563,-0.0048564929377446775
232.38400000000001,0.03200000000001069,0.001243913148824081,0.49649417060766315,0.037621503409887985,0.018407448938558422
232.416,0.031999999999982265,0.001963291330089586,-0.07756017259025406,-0.0035319379624571255,-0.04115344137234511
232.448,0.03200000000001069,-0.001894333217669747,0.2463533383000149,0.017912984777135318,0.021444922739592445
232.48000000000002,0.03200000000001069,0.0031243429911591756,0.23068383654306684,0.017998641682094283,8.565690495896533e-05
232.512,0.031999999999982265,0.012633638046100137,0.12147651543409343,0.009972455445987457,-0.008026186236106826
232.544,0.03200000000001069,0.10576823713304466,0.47819649815167004,0.035742379443798364,0.025769923997810907
232.576,0.031999999999982265,0.07454813307869802,0.4678813977088414,0.036471478568335276,0.0007290991245369124
232.608,0.03200000000001069,0.132217181572207,0.7649284999445188,0.05835847996916179,0.021887001400826514
232.64000000000001,0.03200000000001069,0.0006510324269999415,-0.04940453785955889,-0.00026423967375841146,-0.0586227196429202
232.672,0.031999999999982265,0.08037573975070074,0.7039709487746004,0.05175492871236211,0.05201916838612052
232.704,0.03200000000001069,0.0004513279614341249,0.17036559760549336,0.015516488942837007,-0.03623843976952511
232.73600000000002,0.03200000000001069,0.12817453809609358,0.6694805696953272,0.05012950533280293,0.034613016389965924
232.768,0.031999999999982265,0.006143274690930448,-0.015261642304592229,0.0017715854818104186,-0.04835791985099251
232.8,0.03200000000001069,0.10954578533570374,0.5655136092322908,0.04169027091009795,0.03991868542828753
232.832,0.031999999999982265,-0.004650719027950327,0.3216068050245893,0.026057778179807044,-0.015632492730290905
232.864,0.03200000000001069,0.035991940414855664,0.3501758981944115,0.027256306373404912,0.0011985281935978677
232.89600000000002,0.03200000000001069,0.04650907564664445,0.36312349543713945,0.028277665534656736,0.0010213591612518239
232.928,0.031999999999982265,0.04451957155038362,0.44170957663757066,0.034115865868677465,0.0058382003340207295
232.96,0.03200000000001069,0.06157680535023179,0.3910342183277878,0.030726222461736986,-0.003389643406940479
232.99200000000002,0.03200000000001069,-0.0006318681913080943,-0.0021127435202824944,0.001618424850138332,-0.029107797611598655
233.024,0.031999999999982265,0.10951390152758753,0.7883919144443263,0.05807195013617332,0.056453525286034985
233.056,0.03200000000001069,-0.0009043316737678545,0.2952116160141776,0.025062369235996005,-0.03300958090017732
233.088,0.031999999999982265,0.00594738926578432,0.1288266905096051,0.010920771463440357,-0.014141597772555648
233.12,0.03200000000001069,0.12648716049419545,0.8669006496716808,0.0643825161987411,0.053461744735300736
233.15200000000002,0.03200000000001069,0.0043803150785103025,0.14514272024810435,0.014390571809392272,-0.04999194438934882
233.184,0.031999999999982265,0.0747829552729801,0.5350434601257388,0.04017797168672685,0.025787399877334576
233.216,0.03200000000001069,0.010953769170237066,0.2009129501969686,0.017094621118624,-0.02308335056810285
233.24800000000002,0.03200000000001069,0.0017926169030457006,0.2509883758419821,0.019444598721878356,0.002349977603254356
233.28,0.031999999999982265,0.11372713784162955,0.7153984125509121,0.05373308005203607,0.034288481330157716
233.312,0.03200000000001069,0.00700780986282242,0.2743559668438016,0.023278161103445355,-0.030454918948590717
233.344,0.031999999999982265,0.003315867115285302,0.22244235752373392,0.01770228812986752,-0.0055758729735778355
233.376,0.03200000000001069,-0.0005983851690955674,0.12290601248622239,0.010060472765713221,-0.0076418153641542984
233.40800000000002,0.03200000000001069,0.0019397111664138573,0.31971635589233577,0.024092795044375687,0.014032322278662466
233.44,0.031999999999982265,-0.0013359931505572597,0.24162788430112725,0.019160224180832634,-0.004932570863543054
233.472,0.03200000000001069,-0.0017738705072712383,0.22670657829410532,0.01777815519017936,-0.0013820689906532749
233.504,0.031999999999982265,-0.0003406230146177227,0.20754736259980747,0.01628939656008959,-0.0014887586300897683
233.536,0.03200000000001069,0.0019768242158312676,0.29235054419357015,0.02243989707995591,0.00615050051986632
233.568,0.03200000000001069,0.005086884752016176,0.5341340378445433,0.04057577269100667,0.01813587561105076
233.6,0.031999999999982265,-0.0027575858848586468,0.12567366252102305,0.011584471546070252,-0.02899130114493642
233.632,0.03200000000001069,-0.07602021981934685,-0.28782725146401206,-0.02049812040743837,-0.03208259195350862
233.66400000000002,0.03200000000001069,-0.0014711423089863102,0.292879008295894,0.02035505102044822,0.04085317142788659
233.696,0.031999999999982265,-0.001361551191134371,0.35344501786613625,0.027167504994645396,0.006812453974197177
233.728,0.03200000000001069,-0.000916779740544885,0.13849674874338166,0.0117534372822605,-0.015414067712384896
233.76,0.031999999999982265,-0.003670613134710579,0.08970068662970064,0.007275123907653709,-0.004478313374606791
233.792,0.03200000000001069,0.0050931360828136134,-0.034668939664157086,-0.0021295754814420445,-0.009404699389095753
233.824,0.03200000000001069,0.10662583850555654,0.7030012651300307,0.051575933841528074,0.05370550932297012
233.856,0.031999999999982265,0.0012920848101919578,0.13066568006763557,0.012586614806091712,-0.038989319035436364
233.888,0.03200000000001069,0.0033399975727787354,0.06561794013137037,0.005552171845429648,-0.007034442960662064
233.92000000000002,0.03200000000001069,0.0528358288903332,0.2515870874655784,0.018822293158129184,0.013270121312699536
233.952,0.031999999999982265,-0.0015587358485776228,0.038290114331373463,0.0039024573069940337,-0.01491983585113515
233.984,0.03200000000001069,0.11568231647669458,0.6772177772173447,0.05002803399053794,0.04612557668354391
234.016,0.031999999999982265,0.05687421637110333,0.5219143943335316,0.0412697750416314,-0.008758258948906542
234.048,0.03200000000001069,0.01521037917432798,0.03919098471502688,0.005264579947250149,-0.03600519509438125
234.08,0.03200000000001069,0.13216852351080027,0.6979803124448888,0.05163354961784675,0.046368969670596595
234.112,0.031999999999982265,-0.0018433981334258843,-0.029168146143585615,0.000835725129167825,-0.05079782448867892
234.144,0.03200000000001069,0.11810384193348608,0.44094273703997056,0.0324752743981738,0.03163954926900597
234.17600000000002,0.03200000000001069,0.11096250429853612,0.5151234629370013,0.03975706378434826,0.007281789386174464
234.208,0.031999999999982265,0.11197512600172448,0.7708064568310135,0.058980420054546755,0.019223356270198493
234.24,0.03200000000001069,0.0022468071782248975,0.17589132689443673,0.0163399732782215,-0.04264044677632525
234.272,0.031999999999982265,0.0034094490919975014,0.3653450883540477,0.027810852138362374,0.011470878860140876
234.304,0.03200000000001069,0.02738104398962719,0.39151521703971087,0.030397612587757413,0.002586760449395039
234.336,0.03200000000001069,0.08739905649097722,0.94378250302237,0.07116080518486244,0.04076319259710502
234.368,0.031999999999982265,0.0036012834269132637,0.08919582309410717,0.01066752869276542,-0.060493276492097015
234.4,0.03200000000001069,0.0004709461413557129,0.31555640416634456,0.02382191603104614,0.01315438733828072
234.43200000000002,0.03200000000001069,0.11302398101604934,0.7788519194889651,0.05865216381624771,0.034830247785201565
234.464,0.031999999999982265,0.020944475454838178,0.24172759014263512,0.021162637059743312,-0.037489526756504396
234.496,0.03200000000001069,0.1142174271587238,0.8209526594554148,0.06159474404672108,0.040432106986977766
234.528,0.031999999999982265,0.1177816563140857,0.6327346381008544,0.050087256374285224,-0.011507487672435854
234.56,0.03200000000001069,0.0015271642028496584,0.34568777261797873,0.02831344821825214,-0.021773808156033084
234.592,0.03200000000001069,0.060994164799511516,0.5734487143088953,0.04380605759378021,0.015492609375528068
234.624,0.031999999999982265,0.11236133807848707,0.47285649274539643,0.037302856887521246,-0.006503200706258962
234.656,0.03200000000001069,0.03166255980925027,0.697896198348392,0.053476904030379184,0.016174047142857938
234.68800000000002,0.03200000000001069,0.0004809053080797412,0.23471961056894408,0.020348505679716997,-0.03312839835066218
234.72,0.031999999999982265,0.016799171961407594,0.5935816567727811,0.04482682995524039,0.024478324275523395
234.752,0.03200000000001069,0.12861663412712485,0.709739159614027,0.05478219011096416,0.00995536015572377
234.784,0.031999999999982265,0.013686744623990027,0.35065287007439616,0.028949616804787692,-0.02583257330617647
234.816,0.03200000000001069,-0.002347429381720654,0.43207259154838623,0.03344595092955909,0.004496334124771399
234.848,0.03200000000001069,0.023465424292397154,0.4984643333032873,0.03858798387873152,0.005142032949172426
234.88,0.031999999999982265,-0.001686039514394324,0.3499216106398173,0.02796096322875581,-0.010627020649975706
234.912,0.03200000000001069,0.04197871843630385,0.5207501765286986,0.03991024655561641,0.011949283326860599
234.94400000000002,0.03200000000001069,-0.0027632626954739504,0.29172101682444695,0.02375721138186541,-0.016153035173751
234.976,0.031999999999982265,0.004214072167900416,0.24776924805386835,0.01959248852688871,-0.0041647228549767
235.008,0.03200000000001069,0.09431379773014165,0.7605340101573533,0.05706089966546264,0.03746841113857393
235.04,0.031999999999982265,0.0013020207196529799,0.2593340469182574,0.022365557666983792,-0.034695341998478846
235.072,0.03200000000001069,0.0004765210104546578,0.2519497434140538,0.019819584216990444,-0.002545973449993348
235.104,0.03200000000001069,0.003867115316113371,0.2604916522470223,0.020300781427957038,0.00048119721096659407
235.136,0.031999999999982265,0.02097817127089025,0.23946685013390318,0.01878239178959034,-0.0015183896383666982
235.168,0.03200000000001069,0.10830112751478685,0.904930926001658,0.06763311542553951,0.048850723635949174
235.20000000000002,0.03200000000001069,9.108665488801669e-05,0.11766214227353369,0.012557297976362862,-0.05507581744917665
235.232,0.031999999999982265,0.0006351337010160878,0.3085165966894164,0.023413301632656362,0.0108560036562935
235.264,0.03200000000001069,0.0009750576312354728,0.4309684863812055,0.03304514841615243,0.009631846783496066
235.296,0.031999999999982265,0.002026795094220182,0.10411170139355636,0.009564064046200619,-0.02348108436995181
235.328,0.03200000000001069,0.0004734700459351698,0.08305181281924415,0.0066597737237469945,-0.002904290322453624
235.36,0.03200000000001069,0.0008502259717136961,0.3999360238633519,0.02979584837744472,0.023136074653697727
235.392,0.031999999999982265,0.0015660730452971953,0.3855326186605607,0.030072242950202586,0.0002763945727578647
235.424,0.03200000000001069,-0.0002060622232464713,0.13527967088685025,0.011684540491451631,-0.018387702458750953
235.45600000000002,0.03200000000001069,-0.00029816549286288687,0.17903363549441692,0.01384071185322889,0.0021561713617772593
235.488,0.031999999999982265,0.0021432203096385825,0.07029066935593228,0.005968203277005218,-0.007872508576223673
235.52,0.03200000000001069,-0.0009265101593729883,0.27304213062114835,0.02042411900232368,0.014455915725318461
235.552,0.031999999999982265,0.00425751775648715,0.3796363528848837,0.029097608935263107,0.008673489932939427
235.584,0.03200000000001069,0.0008888509490483174,0.3984343639653267,0.030980731503126063,0.0018831225678629555
235.616,0.03200000000001069,-0.02345218545189763,0.17028885886468542,0.014311570311416338,-0.016669161191709726
235.648,0.031999999999982265,-0.12572002386132478,-0.47974328750299255,-0.034454236270667064,-0.048765806582083404
235.68,0.03200000000001069,-0.04532903893479279,0.03779244071720134,0.0007902533640776359,0.0352444896347447
235.71200000000002,0.03200000000001069,-0.13041044034145421,-0.5755698222752181,-0.0422819145009867,-0.043072167865064334
235.744,0.031999999999982265,-0.005448213212476382,0.09920893461779062,0.004854951591007212,0.04713686609199391
235.776,0.03200000000001069,-0.00353519879481772,0.13064349780722853,0.009887824298144521,0.0050328727071373095
235.808,0.031999999999982265,-0.12679875996830925,-0.41363243872399763,-0.029847808254887052,-0.03973563255303157
235.84,0.03200000000001069,-0.0013823494963996284,0.21525209975487994,0.014106601726341638,0.04395440998122869
235.872,0.03200000000001069,-0.12242957649323662,-0.4489385311965486,-0.032200680161889275,-0.04630728188823091
235.904,0.031999999999982265,-0.10194342883195867,-0.36132784150633984,-0.0284310468769983,0.003769633284890977
235.936,0.03200000000001069,-0.0003876096284932866,0.16933237537939305,0.010811443122587834,0.039242489999586135
235.96800000000002,0.03200000000001069,-0.10689335098534834,-0.5629265003329595,-0.04077360769831799,-0.05158505082090582
236.0,0.031999999999982265,-0.00549313336620096,0.04632747871943031,0.0010531105071518378,0.04182671820546983
236.032,0.03200000000001069,-0.03926127499954708,-0.24252830721991858,-0.01777479154815446,-0.018827902055306298
236.064,0.031999999999982265,-0.028086327147413236,0.014512777529704372,4.115062247412271e-05,0.017815942170628582
236.096,0.03200000000001069,-0.014965453682431157,-0.07453738113739226,-0.005479120304364617,-0.00552027092683874
236.12800000000001,0.03200000000001069,-0.10262376346227811,-0.8173471745163203,-0.060424200908607624,-0.05494508060424301
236.16,0.031999999999982265,-0.00498144626337954,-0.1451075512423142,-0.014159475581377494,0.04626472532723013
236.192,0.03200000000001069,-0.04733448266638093,-0.3173408850700608,-0.02415473403452288,-0.009995258453145387
236.22400000000002,0.03200000000001069,0.0026824726773913947,-0.1069536967075701,-0.009259829601755446,0.014894904432767435
236.256,0.031999999999982265,-0.12364312019231712,-0.444529358799308,-0.033225351157279454,-0.023965521555524005
236.288,0.03200000000001069,-0.06822551486285913,-0.5472602789572902,-0.042163713753180954,-0.0089383625959015
236.32,0.031999999999982265,-0.007158965689932886,-0.32170299846739353,-0.02609218368610388,0.016071530067077074
236.352,0.03200000000001069,0.0027611543642115854,-0.22323467524018334,-0.017923006282819155,0.008169177403284725
236.38400000000001,0.03200000000001069,-0.009088364756870651,-0.1907857835639235,-0.015065108361224924,0.0028578979215942314
236.416,0.031999999999982265,-0.08637907112228742,-0.4558758470520175,-0.0343949078625959,-0.019329799501370974
236.448,0.03200000000001069,0.0012108270538102302,0.03410189056862924,0.0005222744445132708,0.03491718230710917
236.48000000000002,0.03200000000001069,-0.136307388986364,-0.7027910051793926,-0.051653259283751266,-0.052175533728264535
236.512,0.031999999999982265,-0.003318233477935594,-0.25946197820550615,-0.022062787670484692,0.029590471613266573
236.544,0.03200000000001069,-0.08657976469515773,-0.38122114996443823,-0.02930875410249807,-0.007245966432013376
236.576,0.031999999999982265,-0.003575976645298405,-0.34182916901539606,-0.026830161860998458,0.00247859224149961
236.608,0.03200000000001069,0.0013837905479574767,-0.07251091021204922,-0.006881349262607223,0.019948812598391236
236.64000000000001,0.03200000000001069,0.0007185934870987535,-0.2349482862485765,-0.017675404134411175,-0.010794054871803953
236.672,0.031999999999982265,0.0007536574095508825,-0.17415500273161663,-0.01382778312819013,0.0038476210062210452
236.704,0.03200000000001069,-0.0037447103615493413,-0.1979109651265671,-0.015352682371098424,-0.0015248992429082939
236.73600000000002,0.03200000000001069,-0.01748850122313464,-0.34147067167640494,-0.025998126734646063,-0.010645444363547639
236.768,0.031999999999982265,-0.015343128498454624,-0.14922071184314464,-0.01247457282908088,0.013523553905565183
236.8,0.03200000000001069,-0.0316903242851489,-0.42820870709148967,-0.032210710895890435,-0.019736138066809555
236.832,0.031999999999982265,-0.05194110893909371,-0.5067511135325866,-0.03912608630577001,-0.006915375409879576
236.864,0.03200000000001069,0.0011341572063252438,-0.0889971512497872,-0.008803583541683825,0.030322502764086184
236.89600000000002,0.03200000000001069,-0.10583129307973917,-0.683932422965036,-0.050804768057453875,-0.04200118451577005
236.928,0.031999999999982265,0.00042715777159903933,-0.2101578463415294,-0.018387968029609552,0.03241680002784432
236.96,0.03200000000001069,5.675722211414917e-05,-0.17788562433276556,-0.014143269542286294,0.004244698487323258
236.99200000000002,0.03200000000001069,-3.706737869603949e-05,-0.3229923814505697,-0.024569410798739845,-0.010426141256453551
237.024,0.031999999999982265,-0.003036100522871884,-0.15441260877022106,-0.012773907651656995,0.01179550314708285
237.056,0.03200000000001069,-0.0015247074362746058,-0.08189070845070635,-0.006759687156733129,0.006014220494923866
237.088,0.031999999999982265,-0.09680603238242612,-0.6721026213379621,-0.04981680951286936,-0.043057122356136235
237.12,0.03200000000001069,-0.003563459253864815,-0.053138692362084315,-0.006783709944821794,0.043033099568047566
237.15200000000002,0.03200000000001069,-0.08058272812929201,-0.5154371466992438,-0.03829698183600007,-0.03151327189117827
237.184,0.031999999999982265,-0.0016397384254376553,-0.2011887501635203,-0.017006315701189906,0.021290666134810163
237.216,0.03200000000001069,-0.00490955896653407,-0.24309465554011353,-0.018858994952606824,-0.001852679251416918
237.24800000000002,0.03200000000001069,-0.006533275417104204,-0.10567177538321819,-0.008859838683704555,0.009999156268902269
237.28,0.031999999999982265,-0.09101170399607456,-0.7517784279197763,-0.055797426186680724,-0.04693758750297617
237.312,0.03200000000001069,-0.11514435367886622,-0.6100337450598644,-0.04808315374440423,0.007714272442276494
237.344,0.031999999999982265,-0.001018758917302587,-0.23483376570069725,-0.0200455244440399,0.02803762930036433
237.376,0.03200000000001069,-0.0778644449984355,-0.5874977063358572,-0.0443619240347425,-0.024316399590702597
237.40800000000002,0.03200000000001069,-0.12738114438997364,-0.9379640987811837,-0.07153906524109843,-0.027177141206355934
237.44,0.031999999999982265,-0.003258307552552695,-0.12450171089824102,-0.013285768283019802,0.058253296958078626
237.472,0.03200000000001069,-0.00016504936724307778,-0.25087904007396405,-0.019216676583036812,-0.00593090830001701
237.50400000000002,0.03200000000001069,-0.09639659863198183,-0.6449644331531914,-0.04854019151867005,-0.029323514935633236
237.536,0.031999999999982265,-0.06522018724356474,-0.4813888350642063,-0.03820362445994722,0.01033656705872283
237.568,0.03200000000001069,-0.06270145053197661,-0.5836233946950105,-0.045125256647747386,-0.006921632187800168
237.6,0.031999999999982265,-0.13768775472607486,-0.8442396274037572,-0.0646906128748521,-0.019565356227104716
237.632,0.03200000000001069,-0.03198789424787972,-0.35025526561668274,-0.02949238099157535,0.035198231883276754
237.66400000000002,0.03200000000001069,-0.07750897090059412,-0.5340654406497808,-0.04097786143022264,-0.011485480438647288
237.696,0.031999999999982265,-0.10510251421244587,-0.7155360453652411,-0.05498629699867376,-0.01400843556845112
237.728,0.03200000000001069,-0.0140689938877777,-0.2625674684564279,-0.022483579320516756,0.032502717678157
237.76,0.031999999999982265,-0.12800147660090777,-0.6818351938912921,-0.051440270897036164,-0.02895669157651941
237.792,0.03200000000001069,-0.13650023512692022,-0.8998460747326307,-0.06914448355543491,-0.01770421265839875
237.824,0.03200000000001069,-0.1296124287456856,-0.7343347712995258,-0.05799479268205193,0.01114969087338298
237.856,0.031999999999982265,-0.13595149001975576,-0.7880630753119902,-0.06130232295686137,-0.003307530274809435
237.888,0.03200000000001069,-0.06971724839261137,-0.8549931710944414,-0.06641531803320912,-0.00511299507634775
237.92000000000002,0.03200000000001069,-0.0028308185239320077,-0.41552328545748335,-0.03439177159240715,0.032023546440801964
237.952,0.031999999999982265,2.4051247253467094e-05,-0.21352756179249618,-0.017688270517174275,0.016703501075232878
237.984,0.03200000000001069,0.0025674957761575856,-0.22988253133311987,-0.01792674096845872,-0.00023847045128444488
238.016,0.031999999999982265,-0.06778574968957195,-0.6796619664310874,-0.05101738918159491,-0.03309064821313619
238.048,0.03200000000001069,-0.00010680473683497315,-0.3995204874213613,-0.0323260139674153,0.018691375214179608
238.08,0.03200000000001069,-0.004008187767763334,-0.4014554637086479,-0.03138927670782975,0.0009367372595855544
238.112,0.031999999999982265,0.0005344606303953462,-0.20435396893762128,-0.016840311159969673,0.014548965547860074
238.144,0.03200000000001069,-0.07215536235945746,-0.6206496646691533,-0.04661489255256136,-0.02977458139259169
238.17600000000002,0.03200000000001069,-0.06284143348391508,-0.6099766743118734,-0.04754885755005399,-0.0009339649974926256
238.208,0.031999999999982265,-0.06978372534832983,-0.6827881546198888,-0.05295734724199744,-0.005408489691943449
238.24,0.03200000000001069,-0.005390094642679332,-0.5486368360631924,-0.04340405601177823,0.00955329123021921
238.272,0.031999999999982265,0.002809055269098698,-0.4907003629253654,-0.03859189196165696,0.004812164050121269
238.304,0.03200000000001069,-0.005065024138443489,-0.08848282973671873,-0.00873492167426235,0.029856970287394608
238.336,0.03200000000001069,-0.13015460438187632,-0.8125417605766069,-0.060258764089638386,-0.05152384241537604
238.368,0.031999999999982265,-0.07714635288706113,-0.8411027371528929,-0.06533356868386961,-0.005074804594231222
238.4,0.03200000000001069,-0.006472830170439028,-0.2911266726867761,-0.025181168120577566,0.04015240056329204
238.43200000000002,0.03200000000001069,-0.07312862289478024,-0.5570429832009598,-0.04241875277067313,-0.01723758465009556
238.464,0.031999999999982265,-0.006279215377730382,-0.3662832844772259,-0.029385351184159754,0.013033401586513373
238.496,0.03200000000001069,-0.07939817835174173,-0.7065499512626332,-0.05365623267702593,-0.02427088149286618
238.528,0.031999999999982265,-0.0008979274989606662,-0.18949612222602025,-0.01703311258107704,0.0366231200959489
238.56,0.03200000000001069,-0.13316529468953178,-1.175733154490167,-0.08744698837081279,-0.07041387578973575
238.592,0.03200000000001069,0.0020398962134288903,-0.29218207464615453,-0.02653536994537745,0.06091161842543534
238.624,0.031999999999982265,-0.0854235877798305,-0.7147382135618788,-0.054093872552507735,-0.027558502607130286
238.656,0.03200000000001069,-0.0049106062031348974,-0.4241173466667023,-0.034312475115489106,0.01978139743701863
238.68800000000002,0.03200000000001069,-0.04316638563272231,-0.5710081613215265,-0.04397289706480258,-0.00966042194931347
238.72,0.031999999999982265,-0.09806824614193682,-0.9522183157957541,-0.07256486542076954,-0.02859196835596696
238.752,0.03200000000001069,-0.009347289894608604,-0.2974341499562806,-0.026062477519604697,0.04650238790116484
238.784,0.031999999999982265,0.0006413943870445712,-0.2480355145860291,-0.019745150716202295,0.006317326803402402
238.816,0.03200000000001069,0.004727127539170817,-0.22826022144146738,-0.017926177728613484,0.0018189729875888114
238.848,0.03200000000001069,-0.1380581501645539,-0.9379919131788736,-0.07001499946285007,-0.05208882173423659
238.88,0.031999999999982265,-0.10541414937963821,-0.7415153489469039,-0.05857310806921908,0.011441891393630992
238.912,0.03200000000001069,-0.009900958273896011,-0.38367526746938224,-0.03159693758668328,0.026976170482535804
238.94400000000002,0.03200000000001069,-0.047332956026014006,-0.6070654460847121,-0.04646779247611844,-0.01487085488943516
238.976,0.031999999999982265,-0.0024774816459480153,-0.4857317312911608,-0.038403364346588746,0.008064428129529691
239.008,0.03200000000001069,-0.0016629683025715957,-0.44613882395468707,-0.03502614097416967,0.0033772233724190734
239.04,0.031999999999982265,-0.006719006997316747,-0.3637756099129567,-0.028774167567118685,0.006251973407050988
239.072,0.03200000000001069,0.001744030181254018,-0.32030813031311633,-0.02521663861253894,0.003557528954579746
239.104,0.03200000000001069,0.0021136165887167477,-0.2334600987140058,-0.018624441831508225,0.006592196781030714
239.136,0.031999999999982265,-0.13338706871297448,-1.165458958287603,-0.08678328762504316,-0.06815884579353493
239.168,0.03200000000001069,0.0006630351204291142,-0.22563561707144209,-0.02160321355030894,0.06518007407473422
239.20000000000002,0.03200000000001069,0.00414756911068574,-0.23602154058052974,-0.018604211149986928,0.0029990024003220123
239.232,0.031999999999982265,-0.0024653923496303462,-0.4146415852812289,-0.031566840052505415,-0.012962628902518487
239.264,0.03200000000001069,-0.11822423829756433,-0.8816190343193157,-0.06665678803945671,-0.035089947986951295
239.296,0.031999999999982265,-0.0005458323351289892,-0.24691682196199302,-0.022006353917706025,0.04465043412175068
239.328,0.03200000000001069,-0.0023084288890170028,-0.5898973078293318,-0.044651588149340414,-0.02264523423163439
239.36,0.03200000000001069,-0.00045288533798543785,-0.3550972790492777,-0.0286916293386167,0.015959958810723714
239.392,0.031999999999982265,-0.00023188358858669707,-0.3668361075574528,-0.02863355174204051,5.8077596576191354e-05
239.424,0.03200000000001069,0.001040056213083943,-0.3272397298961668,-0.02571827239400416,0.0029152793480363495
239.45600000000002,0.03200000000001069,-0.0020613103192415744,-0.3447143728600437,-0.02683506520733468,-0.0011167928133305194
239.488,0.031999999999982265,-3.51872891419645e-05,-0.18556763847938373,-0.01519584973283876,0.01163921547449592
239.52,0.03200000000001069,-0.02358904415535933,-0.5380126766490746,-0.04044281649428982,-0.025246966761451058
239.552,0.031999999999982265,-0.01332424156338405,-0.4197774695916385,-0.03320525669507692,0.007237559799212895
239.584,0.03200000000001069,-0.0029887792963569663,-0.46367376386503384,-0.036015582465853006,-0.0028103257707760843
239.616,0.03200000000001069,-0.0010539983715351833,-0.143798001896071,-0.012654083992628741,0.023361498473224267
239.648,0.031999999999982265,0.0024487456482224132,-0.11621845883770264,-0.009277240386227107,0.0033768436064016347
239.68,0.03200000000001069,-0.12523054481090215,-0.7329394064251669,-0.054436096494216435,-0.04515885610798933
239.71200000000002,0.03200000000001069,0.0003894068913669915,-0.03155976707096891,-0.005463458068754876,0.04897263842546156
239.744,0.031999999999982265,-0.004024567083699641,-0.2032014831718369,-0.015258883494323392,-0.009795425425568516
239.776,0.03200000000001069,-0.07963104952123669,-0.34515883763502214,-0.02626394037197132,-0.01100505687764793
239.808,0.031999999999982265,-0.08473454406093875,-0.726451218902932,-0.05493958023936825,-0.028675639867396928
239.84,0.03200000000001069,-0.0028637439707106496,-0.191946876884988,-0.017287428105081045,0.0376521521342872
239.872,0.03200000000001069,0.0007599294117829623,-0.13039030646487723,-0.010586919953475942,0.006700508151605103
239.904,0.031999999999982265,-0.0066423594468255145,-0.2380115643684463,-0.018114597479917997,-0.007527677526442055
239.936,0.03200000000001069,0.0007359836203283574,-0.15942860526873148,-0.012770154749997582,0.005344442729920415
239.96800000000002,0.03200000000001069,-0.06695907111059637,-0.5759352223377334,-0.04309161595944121,-0.030321461209443623
240.0,0.031999999999982265,0.001344379131877062,-0.22923703249484872,-0.019345782543242394,0.023745833416198812
240.032,0.03200000000001069,0.001421452710098453,-0.1712163582018998,-0.01370810394898846,0.005637678594253934
240.064,0.031999999999982265,-0.07130727450633045,-0.4664338140412412,-0.0350930045331076,-0.021384900584119137
